strategy,window_start,window_end,profitable,number_of_trades,total_deployed,gross_profit,net_profit,return_on_deployed_capital,average_net_profit_per_trade,median_net_profit_per_trade,win_rate,best_trade,worst_trade,profit_factor,max_drawdown
buy_after_first_green_after_red,2014-05-01,2015-04-30,False,61,6100.0,-2.401310689051771,-3.6213106890517737,-0.0005936574900084875,-0.05936574900084875,0.051787508973431,0.5245901639344263,2.5250031036623244,-2.068346055979644,0.8411827264148687,-8.12821204770592
buy_after_first_green_after_red,2014-06-01,2015-05-31,False,60,6000.0,-2.0484144699715707,-3.2484144699715722,-0.0005414024116619287,-0.05414024116619287,0.05716733939238107,0.5333333333333333,2.5250031036623244,-2.068346055979644,0.8534489235493039,-8.12821204770592
buy_after_first_green_after_red,2014-07-01,2015-06-30,False,64,6400.0,-3.9881349453539596,-5.26813494535396,-0.0008231460852115563,-0.08231460852115563,0.010659798871723873,0.5,2.5250031036623244,-2.068346055979644,0.7818749096629716,-7.99298793637055
buy_after_first_green_after_red,2014-08-01,2015-07-31,False,61,6100.0,-0.9775008140493702,-2.1975008140493717,-0.00036024603509006095,-0.036024603509006096,0.051787508973431,0.5245901639344263,2.5250031036623244,-1.8808208004078475,0.9005684905832539,-6.130706412123881
buy_after_first_green_after_red,2014-09-01,2015-08-31,False,60,6000.0,-2.877205797538784,-4.0772057975387845,-0.0006795342995897974,-0.06795342995897974,-0.025958765343822007,0.48333333333333334,2.5250031036623244,-1.8808208004078475,0.8227965693395513,-6.13070641212388
buy_after_first_green_after_red,2014-10-01,2015-09-30,False,61,6100.0,-5.4231990479994945,-6.6431990479994925,-0.001089049024262212,-0.10890490242622118,-0.03191753068764401,0.47540983606557374,2.5250031036623244,-2.2909475332811313,0.746365177765684,-9.464868207577611
buy_after_first_green_after_red,2014-11-01,2015-10-31,False,59,5900.0,-2.1333882475547914,-3.313388247554791,-0.0005615912283991172,-0.056159122839911715,0.051787508973431,0.5254237288135594,2.5250031036623244,-2.2909475332811313,0.8502715759465374,-9.46486820757761
buy_after_first_green_after_red,2014-12-01,2015-11-30,False,59,5900.0,-2.9058997488010894,-4.085899748801088,-0.0006925253811527268,-0.06925253811527268,0.041042607740202644,0.5084745762711864,2.5250031036623244,-2.2909475332811313,0.8184892005280167,-9.464868207577611
buy_after_first_green_after_red,2015-01-01,2015-12-31,False,60,6000.0,-5.780964397049704,-6.980964397049705,-0.0011634940661749509,-0.11634940661749509,-0.025958765343822007,0.48333333333333334,1.6874981440237558,-2.2909475332811313,0.7140999860173524,-10.021996351812941
buy_after_first_green_after_red,2015-02-01,2016-01-31,False,63,6300.0,-4.118562386567203,-5.378562386567205,-0.0008537400613598739,-0.08537400613598739,-0.03191753068764401,0.47619047619047616,2.707877578176985,-2.2909475332811313,0.7966339537239367,-11.01532433053811
buy_after_first_green_after_red,2015-03-01,2016-02-29,False,63,6300.0,-4.045812776890281,-5.30581277689028,-0.0008421925042682983,-0.08421925042682983,-0.02,0.47619047619047616,2.707877578176985,-2.2909475332811313,0.8038862180318244,-10.716122944030106
buy_after_first_green_after_red,2015-04-01,2016-03-31,False,62,6200.0,0.346467163544816,-0.8935328364551816,-0.0001441181994282551,-0.01441181994282551,0.04641505835681682,0.5161290322580645,2.707877578176985,-2.2909475332811313,0.9608648983324057,-10.716122944030106
buy_after_first_green_after_red,2015-05-01,2016-04-30,False,64,6400.0,-1.994953206171047,-3.274953206171047,-0.0005117114384642261,-0.05117114384642261,-0.025958765343822007,0.484375,2.707877578176985,-2.2909475332811313,0.8666809498193933,-10.716122944030108
buy_after_first_green_after_red,2015-06-01,2016-05-31,False,64,6400.0,-4.93580815440935,-6.21580815440935,-0.000971220024126461,-0.0971220024126461,-0.06378786964412407,0.453125,2.707877578176985,-2.2909475332811313,0.7659698638815747,-10.314260482968034
buy_after_first_green_after_red,2015-07-01,2016-06-30,False,63,6300.0,-5.345890377597419,-6.605890377597419,-0.0010485540281900665,-0.10485540281900664,0.016096739261215482,0.5079365079365079,2.707877578176985,-4.61647879002718,0.773539705908702,-8.206971243308157
buy_after_first_green_after_red,2015-08-01,2016-07-31,False,65,6500.0,-5.951925028564644,-7.251925028564643,-0.0011156807736253298,-0.11156807736253296,-0.02,0.47692307692307695,2.707877578176985,-4.61647879002718,0.7422060491543523,-7.494516611025444
buy_after_first_green_after_red,2015-09-01,2016-08-31,False,68,6800.0,-5.81905563536498,-7.179055635364975,-0.0010557434757889669,-0.1055743475788967,-0.03238083446824523,0.47058823529411764,2.707877578176985,-4.61647879002718,0.7418834559049177,-7.3001892077210035
buy_after_first_green_after_red,2015-10-01,2016-09-30,False,68,6800.0,-2.284731672914674,-3.644731672914673,-0.0005359899518992166,-0.053598995189921665,-0.02,0.4852941176470588,2.707877578176985,-4.61647879002718,0.8487237888203844,-8.212921282486683
buy_after_first_green_after_red,2015-11-01,2016-10-31,False,68,6800.0,-5.2708044808417185,-6.630804480841716,-0.0009751183060061347,-0.09751183060061347,-0.08034222036106485,0.4411764705882353,2.707877578176985,-4.61647879002718,0.7334411524253852,-8.212921282486679
buy_after_first_green_after_red,2015-12-01,2016-11-30,False,70,7000.0,-5.972148661959089,-7.372148661959087,-0.0010531640945655838,-0.10531640945655839,-0.1010233045730191,0.4142857142857143,2.707877578176985,-4.61647879002718,0.7113785630373728,-8.212921282486679
buy_after_first_green_after_red,2016-01-01,2016-12-31,False,68,6800.0,-3.383318223410315,-4.743318223410315,-0.0006975467975603404,-0.06975467975603404,-0.08034222036106485,0.4411764705882353,2.707877578176985,-4.61647879002718,0.7839876409523601,-8.21292128248668
buy_after_first_green_after_red,2016-02-01,2017-01-31,False,68,6800.0,-4.177838872288707,-5.537838872288708,-0.0008143880694542218,-0.08143880694542217,-0.08578310942819688,0.4264705882352941,1.8781880931837835,-4.61647879002718,0.7016892304049954,-8.493659274488397
buy_after_first_green_after_red,2016-03-01,2017-02-28,False,67,6700.0,-3.8925603337265358,-5.232560333726534,-0.0007809791542875424,-0.07809791542875423,-0.08281407035175768,0.44776119402985076,1.8781880931837835,-4.61647879002718,0.702581857264256,-8.4936592744884
buy_after_first_green_after_red,2016-04-01,2017-03-31,False,67,6700.0,-5.5018426018792805,-6.8418426018792795,-0.0010211705375939224,-0.10211705375939223,-0.11329446064140213,0.43283582089552236,1.8781880931837835,-4.61647879002718,0.6225913551472908,-8.158736793868247
buy_after_first_green_after_red,2016-05-01,2017-04-30,False,67,6700.0,-6.044291792859392,-7.384291792859389,-0.0011021331034118491,-0.11021331034118491,-0.1473750132682272,0.40298507462686567,1.8781880931837835,-4.61647879002718,0.5784833565572621,-7.079191396699416
buy_after_first_green_after_red,2016-06-01,2017-05-31,False,67,6700.0,-3.5872114073404946,-4.927211407340494,-0.0007354046876627602,-0.07354046876627603,-0.11606147934678733,0.40298507462686567,1.8781880931837835,-4.61647879002718,0.6850170089447596,-6.727551598147022
buy_after_first_green_after_red,2016-07-01,2017-06-30,False,66,6600.0,-1.6839334614559553,-3.0039334614559565,-0.0004551414335539328,-0.04551414335539328,-0.138766746941662,0.3787878787878788,0.90719780219781,-1.2953623188405783,0.7515386936289737,-3.969260901303626
buy_after_first_green_after_red,2016-08-01,2017-07-31,False,64,6400.0,-0.6575907598407427,-1.9375907598407438,-0.00030274855622511624,-0.030274855622511622,-0.11467796999409473,0.40625,0.90719780219781,-1.2953623188405783,0.824851868653809,-3.0539220939199208
buy_after_first_green_after_red,2016-09-01,2017-08-31,False,64,6400.0,-1.817960108507799,-3.0979601085078,-0.0004840562669543438,-0.04840562669543438,-0.10704718992074146,0.40625,0.90719780219781,-1.5300841187797753,0.7634129340902437,-3.7223044874856015
buy_after_first_green_after_red,2016-10-01,2017-09-30,False,62,6200.0,-1.0479308534291798,-2.287930853429181,-0.0003690211053918034,-0.036902110539180334,-0.04058178233301789,0.41935483870967744,0.90719780219781,-1.5300841187797753,0.8020279653894031,-3.7223044874856015
buy_after_first_green_after_red,2016-11-01,2017-10-31,False,61,6100.0,0.0016736773934433735,-1.2183263226065577,-0.00019972562665681275,-0.019972562665681273,-0.02,0.4426229508196721,0.90719780219781,-1.5300841187797753,0.8896261266489466,-3.7223044874856015
buy_after_first_green_after_red,2016-12-01,2017-11-30,False,61,6100.0,0.3273529569973843,-0.8926470430026168,-0.00014633558082010112,-0.01463355808201011,-0.02,0.45901639344262296,0.90719780219781,-1.5300841187797753,0.9167811408096025,-3.7223044874856015
buy_after_first_green_after_red,2017-01-01,2017-12-31,False,63,6300.0,0.32630117180888485,-0.933698828191116,-0.00014820616320493905,-0.014820616320493906,-0.02,0.4444444444444444,0.8810853983207001,-1.5300841187797753,0.910905852851114,-3.722304487485601
buy_after_first_green_after_red,2017-02-01,2018-01-31,True,59,5900.0,1.7859460149829642,0.6059460149829632,0.00010270271440389206,0.010270271440389207,-0.009882638607840982,0.4745762711864407,1.0944793152639165,-1.5300841187797753,1.0645812184390566,-3.7223044874856015
buy_after_first_green_after_red,2017-03-01,2018-02-28,True,60,6000.0,1.7572498164988182,0.5572498164988171,9.287496941646952e-05,0.009287496941646952,-0.02,0.45,1.3070666298037081,-1.5300841187797753,1.0541756591390743,-3.529759392862848
buy_after_first_green_after_red,2017-04-01,2018-03-31,True,58,5800.0,1.6758858695246515,0.5158858695246504,8.894583957321559e-05,0.00889458395732156,-0.03010509296685558,0.4482758620689655,1.3070666298037081,-1.6650460612897122,1.0451843729495924,-3.529759392862848
buy_after_first_green_after_red,2017-05-01,2018-04-30,True,57,5700.0,4.947479820298451,3.8074798202984494,0.0006679789158418332,0.06679789158418332,0.008835063437138153,0.5087719298245614,1.4029777480660788,-2.2970398481973486,1.311983928851184,-4.22200417605386
buy_after_first_green_after_red,2017-06-01,2018-05-31,True,58,5800.0,3.2232262288422575,2.0632262288422565,0.00035572866014521663,0.03557286601452166,-0.014941319303920491,0.4827586206896552,1.4029777480660788,-2.2970398481973486,1.1481879197997797,-4.22200417605386
buy_after_first_green_after_red,2017-07-01,2018-06-30,True,61,6100.0,1.6134463264395387,0.3934463264395367,6.449939777697323e-05,0.006449939777697323,-0.02,0.47540983606557374,1.4029777480660788,-2.2970398481973486,1.0247476583840935,-4.22200417605386
buy_after_first_green_after_red,2017-08-01,2018-07-31,True,61,6100.0,3.098283274554692,1.8782832745546902,0.000307915290910605,0.030791529091060497,0.008835063437138153,0.5081967213114754,1.4029777480660788,-2.2970398481973486,1.1189717357196107,-4.22200417605386
buy_after_first_green_after_red,2017-09-01,2018-08-31,True,60,6000.0,5.045629720270894,3.8456297202708933,0.0006409382867118156,0.06409382867118156,0.046442443997316576,0.5333333333333333,1.4029777480660788,-2.2970398481973486,1.2742035152537605,-4.222004176053859
buy_after_first_green_after_red,2017-10-01,2018-09-30,True,61,6100.0,4.534147612210148,3.3141476122101476,0.0005433028872475652,0.054330288724756516,0.031639555899818386,0.5245901639344263,1.4029777480660788,-2.2970398481973486,1.2295149416324271,-4.222004176053859
buy_after_first_green_after_red,2017-11-01,2018-10-31,True,63,6300.0,2.778741489070269,1.5187414890702677,0.00024107007763020123,0.024107007763020123,-0.04560382350430546,0.47619047619047616,1.4029777480660788,-2.2970398481973486,1.094915720718486,-4.222004176053859
buy_after_first_green_after_red,2017-12-01,2018-11-30,True,60,6000.0,3.826536939322844,2.6265369393228433,0.0004377561565538072,0.04377561565538072,-0.03280191175215273,0.48333333333333334,1.4029777480660788,-2.2970398481973486,1.169322335675236,-4.222004176053859
buy_after_first_green_after_red,2018-01-01,2018-12-31,True,57,5700.0,3.976164125559822,2.836164125559821,0.0004975726536069861,0.04975726536069861,-0.04560382350430546,0.47368421052631576,1.4029777480660788,-2.2970398481973486,1.1835644101219147,-4.22200417605386
buy_after_first_green_after_red,2018-02-01,2019-01-31,True,59,5900.0,2.686042510095399,1.5060425100953978,0.0002552614423890505,0.02552614423890505,-0.04560382350430546,0.4745762711864407,1.4029777480660788,-2.2970398481973486,1.0945089754428488,-4.22200417605386
buy_after_first_green_after_red,2018-03-01,2019-02-28,True,61,6100.0,1.3423844154365594,0.12238441543655831,2.0063018924025952e-05,0.0020063018924025952,-0.04560382350430546,0.47540983606557374,1.4029777480660788,-2.2970398481973486,1.0078204280317256,-4.22200417605386
buy_after_first_green_after_red,2018-04-01,2019-03-31,False,64,6400.0,-0.26002664095550143,-1.540026640955503,-0.00024062916264929734,-0.024062916264929735,-0.03280191175215273,0.484375,1.4029777480660788,-2.2970398481973486,0.9110197371511792,-4.4297696392219255
buy_after_first_green_after_red,2018-05-01,2019-04-30,False,64,6400.0,-2.7837475123939193,-4.06374751239392,-0.0006349605488115501,-0.063496054881155,-0.05177724382046332,0.46875,1.16742281751687,-1.7248435041091104,0.7362216419871163,-4.4297696392219255
buy_after_first_green_after_red,2018-06-01,2019-05-31,False,64,6400.0,-4.7673574863302814,-6.047357486330283,-0.0009448996072391067,-0.09448996072391067,-0.03280191175215273,0.484375,0.9819228822993664,-1.8216442189959792,0.6579044585948216,-6.97135519181185
buy_after_first_green_after_red,2018-07-01,2019-06-30,False,61,6100.0,0.28061353096691155,-0.9393864690330904,-0.00015399778180870334,-0.015399778180870335,0.031639555899818386,0.5081967213114754,1.83185185185186,-1.8216442189959792,0.9364015144208963,-6.237167568682638
buy_after_first_green_after_red,2018-08-01,2019-07-31,False,62,6200.0,-0.3493708361263166,-1.5893708361263186,-0.00025635013485908367,-0.025635013485908364,-0.024136333553939054,0.4838709677419355,1.83185185185186,-1.8216442189959792,0.8988267983236613,-6.237167568682637
buy_after_first_green_after_red,2018-09-01,2019-08-31,False,62,6200.0,-0.7561322972440832,-1.9961322972440843,-0.0003219568221361426,-0.03219568221361426,-0.024136333553939054,0.4838709677419355,1.83185185185186,-3.099153872398499,0.888748037517398,-6.237167568682637
buy_after_first_green_after_red,2018-10-01,2019-09-30,False,61,6100.0,-0.5551484340643342,-1.7751484340643353,-0.00029100794001054675,-0.029100794001054676,-0.02,0.4918032786885246,1.83185185185186,-3.099153872398499,0.89972736237724,-6.237167568682638
buy_after_first_green_after_red,2018-11-01,2019-10-31,False,64,6400.0,-0.10129090927281093,-1.381290909272812,-0.00021582670457387688,-0.02158267045738769,-0.003273444461062685,0.5,1.83185185185186,-3.099153872398499,0.9273529098302956,-6.237167568682638
buy_after_first_green_after_red,2018-12-01,2019-11-30,False,65,6500.0,-0.10862752006201015,-1.4086275200620113,-0.00021671192616338635,-0.021671192616338635,0.043017644940588365,0.5230769230769231,1.83185185185186,-3.099153872398499,0.9249374605855448,-6.237167568682638
buy_after_first_green_after_red,2019-01-01,2019-12-31,False,67,6700.0,-0.04655221911034069,-1.3865522191103419,-0.00020694809240452865,-0.020694809240452864,0.04942636466198415,0.5373134328358209,1.83185185185186,-3.099153872398499,0.9251879515708933,-6.237167568682638
buy_after_first_green_after_red,2019-02-01,2020-01-31,False,70,7000.0,-2.086096025854778,-3.486096025854779,-0.0004980137179792541,-0.04980137179792542,0.03237171156317055,0.5142857142857142,1.83185185185186,-3.099153872398499,0.8379391637354491,-6.014888015213961
buy_after_first_green_after_red,2019-03-01,2020-02-29,False,68,6800.0,-1.3842688796246838,-2.744268879624685,-0.0004035689528859831,-0.04035689528859831,0.03557607142386844,0.5147058823529411,1.83185185185186,-3.099153872398499,0.875156106271078,-4.8299504005530185
buy_after_first_green_after_red,2019-04-01,2020-03-31,False,68,6800.0,-14.612832715028556,-15.972832715028556,-0.0023489459875041994,-0.23489459875041993,-0.018506336931936023,0.4852941176470588,5.669655172413799,-9.650668536699394,0.5965472564324206,-21.191888997488775
buy_after_first_green_after_red,2019-05-01,2020-04-30,False,70,7000.0,-17.180704887184596,-18.580704887184595,-0.002654386412454942,-0.2654386412454942,-0.03196718711697909,0.4714285714285714,5.669655172413799,-9.650668536699394,0.5876893286554595,-24.118340185057733
buy_after_first_green_after_red,2019-06-01,2020-05-31,False,69,6900.0,-11.301201233842129,-12.681201233842128,-0.0018378552512814679,-0.18378552512814678,-0.00874000675599394,0.4927536231884058,5.669655172413799,-9.650668536699394,0.6975554646634705,-24.118340185057743
buy_after_first_green_after_red,2019-07-01,2020-06-30,False,70,7000.0,-8.951760967517641,-10.351760967517642,-0.001478822995359663,-0.14788229953596632,0.006492885714879399,0.5,5.669655172413799,-9.650668536699394,0.7642434318178665,-24.118340185057733
buy_after_first_green_after_red,2019-08-01,2020-07-31,False,71,7100.0,-11.311779821682205,-12.731779821682197,-0.0017932084255890418,-0.17932084255890418,-0.011216512955638507,0.4788732394366197,5.669655172413799,-9.650668536699394,0.7225001346044734,-24.118340185057733
buy_after_first_green_after_red,2019-09-01,2020-08-31,False,69,6900.0,-9.714927278028942,-11.094927278028939,-0.0016079604750766578,-0.16079604750766577,-0.00874000675599394,0.4927536231884058,5.669655172413799,-9.650668536699394,0.7349245484548482,-24.118340185057736
buy_after_first_green_after_red,2019-10-01,2020-09-30,False,70,7000.0,-10.291157142412409,-11.691157142412408,-0.0016701653060589153,-0.16701653060589153,-0.009978259855816223,0.4857142857142857,5.669655172413799,-9.650668536699394,0.7432131778989757,-24.118340185057733
buy_after_first_green_after_red,2019-11-01,2020-10-31,False,66,6600.0,-9.52526312197931,-10.84526312197931,-0.0016432216851483801,-0.16432216851483802,0.05437241473765565,0.5,5.669655172413799,-9.650668536699394,0.7524528643389794,-24.118340185057736
buy_after_first_green_after_red,2019-12-01,2020-11-30,False,69,6900.0,-8.355312701524653,-9.735312701524652,-0.001410914884278935,-0.1410914884278935,-0.02,0.463768115942029,5.669655172413799,-9.650668536699394,0.7884983362120294,-24.118340185057736
buy_after_first_green_after_red,2020-01-01,2020-12-31,False,69,6900.0,-9.581998961606864,-10.961998961606865,-0.0015886955016821544,-0.15886955016821544,-0.02,0.463768115942029,5.669655172413799,-9.650668536699394,0.7664379657552484,-24.118340185057733
buy_after_first_green_after_red,2020-02-01,2021-01-31,False,67,6700.0,-8.854304134767832,-10.194304134767835,-0.0015215379305623634,-0.15215379305623633,-0.011216512955638507,0.47761194029850745,5.669655172413799,-9.650668536699394,0.7810423576462665,-24.11834018505774
buy_after_first_green_after_red,2020-03-01,2021-02-28,False,66,6600.0,-7.209057437186774,-8.529057437186774,-0.0012922814298767839,-0.1292281429876784,0.02619520519478781,0.5,5.669655172413799,-9.650668536699394,0.8124270081704945,-24.118340185057733
buy_after_first_green_after_red,2020-04-01,2021-03-31,True,65,6500.0,6.016565454692237,4.716565454692238,0.0007256254545680366,0.07256254545680366,0.14387845681120617,0.5230769230769231,2.661480243922807,-2.43758241758242,1.1658161090323589,-3.7360777080584264
buy_after_first_green_after_red,2020-05-01,2021-04-30,True,63,6300.0,9.409886564250625,8.149886564250625,0.0012936327879762898,0.12936327879762896,0.2093408300658495,0.5555555555555556,2.661480243922807,-2.214475974271659,1.3429216040584666,-3.736077708058426
buy_after_first_green_after_red,2020-06-01,2021-05-31,True,64,6400.0,7.7117820995660775,6.431782099566078,0.0010049659530571998,0.10049659530571997,0.16683642914887334,0.546875,2.661480243922807,-2.214475974271659,1.2728137441917973,-3.7360777080584264
buy_after_first_green_after_red,2020-07-01,2021-06-30,True,65,6500.0,1.5531019886304005,0.25310198863039934,3.89387674815999e-05,0.00389387674815999,0.12309563558312366,0.5230769230769231,1.7203147699757815,-2.214475974271659,1.0110080881076098,-3.7360777080584273
buy_after_first_green_after_red,2020-08-01,2021-07-31,True,64,6400.0,3.1865289678147946,1.9065289678147934,0.00029789515122106145,0.029789515122106147,0.13565075099081006,0.546875,1.7203147699757815,-2.214475974271659,1.0892744393855638,-3.7360777080584273
buy_after_first_green_after_red,2020-09-01,2021-08-31,True,65,6500.0,3.6541960430641076,2.3541960430641065,0.00036218400662524716,0.03621840066252471,0.14387845681120617,0.5538461538461539,1.7203147699757815,-2.214475974271659,1.1085084156439946,-3.7360777080584273
buy_after_first_green_after_red,2020-10-01,2021-09-30,True,65,6500.0,2.611653027007366,1.311653027007365,0.00020179277338574846,0.020179277338574844,0.12309563558312366,0.5230769230769231,1.7203147699757815,-1.7440236058616798,1.064489051586643,-3.7360777080584273
buy_after_first_green_after_red,2020-11-01,2021-10-31,True,64,6400.0,3.6397473793246755,2.359747379324676,0.00036871052801948064,0.036871052801948065,0.13565075099081006,0.546875,1.7203147699757815,-1.7440236058616798,1.1164188717406662,-3.7360777080584273
buy_after_first_green_after_red,2020-12-01,2021-11-30,False,63,6300.0,-0.13308691026663322,-1.393086910266634,-0.0002211249063915292,-0.02211249063915292,0.12742304517041395,0.5396825396825397,1.6850347321889925,-1.9739427773900942,0.9325521140147427,-3.7217420912253885
buy_after_first_green_after_red,2021-01-01,2021-12-31,False,64,6400.0,0.1896837019384927,-1.0903162980615084,-0.0001703619215721107,-0.01703619215721107,0.1252593403767688,0.515625,1.9552952059639783,-1.9739427773900942,0.952159223667009,-3.7217420912253885
buy_after_first_green_after_red,2021-02-01,2022-01-31,True,63,6300.0,1.4978077200352828,0.23780772003528083,3.7747257148457275e-05,0.0037747257148457274,0.12309563558312366,0.5079365079365079,1.9552952059639783,-1.9739427773900942,1.0111286775816903,-4.392133856165903
buy_after_first_green_after_red,2021-03-01,2022-02-28,True,63,6300.0,3.2099342275947573,1.9499342275947562,0.0003095133694594851,0.03095133694594851,0.12309563558312366,0.5079365079365079,2.63424503427667,-1.9739427773900942,1.0912509876516405,-4.392133856165903
buy_after_first_green_after_red,2021-04-01,2022-03-31,True,62,6200.0,6.081206110244575,4.841206110244574,0.0007808396952007378,0.07808396952007378,0.1252593403767688,0.5161290322580645,2.63424503427667,-1.9739427773900942,1.2500967646801908,-4.392133856165903
buy_after_first_green_after_red,2021-05-01,2022-04-30,True,62,6200.0,1.955086702553988,0.7150867025539864,0.00011533656492806233,0.011533656492806233,-0.03947947927608551,0.4838709677419355,2.63424503427667,-2.8961061946902644,1.030356863864554,-6.118701018364419
buy_after_first_green_after_red,2021-06-01,2022-05-31,False,62,6200.0,-3.189789919502706,-4.429789919502706,-0.0007144822450810816,-0.07144822450810817,-0.10616682386548557,0.46774193548387094,2.63424503427667,-4.138545676749163,0.8473818026197016,-10.408569879079039
buy_after_first_green_after_red,2021-07-01,2022-06-30,False,61,6100.0,-3.2434216275529453,-4.463421627552947,-0.00073170846353327,-0.07317084635332699,-0.1129306339196856,0.45901639344262296,3.440801796446744,-4.138545676749163,0.8633531744249655,-12.62216950711343
buy_after_first_green_after_red,2021-08-01,2022-07-31,False,61,6100.0,-3.7267532586573555,-4.946753258657356,-0.0008109431571569437,-0.08109431571569437,-0.1129306339196856,0.45901639344262296,3.440801796446744,-4.138545676749163,0.8522776091880698,-12.62216950711343
buy_after_first_green_after_red,2021-09-01,2022-08-31,False,62,6200.0,-5.68032490887933,-6.92032490887933,-0.0011161814369160209,-0.1116181436916021,-0.127834653637362,0.43548387096774194,3.440801796446744,-4.138545676749163,0.806156571040482,-12.62216950711343
buy_after_first_green_after_red,2021-10-01,2022-09-30,False,62,6200.0,-9.445227691531354,-10.685227691531356,-0.0017234238212147349,-0.1723423821214735,-0.19049315228488403,0.43548387096774194,3.440801796446744,-4.138545676749163,0.7260959590740136,-15.552308635839607
buy_after_first_green_after_red,2021-11-01,2022-10-31,False,63,6300.0,-9.080720012491437,-10.340720012491438,-0.001641384128966895,-0.16413841289668948,-0.23824763121472967,0.42857142857142855,3.440801796446744,-4.138545676749163,0.7458037264035482,-15.552308635839607
buy_after_first_green_after_red,2021-12-01,2022-11-30,False,62,6200.0,-5.45445047837958,-6.694450478379581,-0.001079750077157997,-0.1079750077157997,-0.19161132063079345,0.45161290322580644,3.440801796446744,-4.138545676749163,0.828656504856312,-15.552308635839605
buy_after_first_green_after_red,2022-01-01,2022-12-31,False,62,6200.0,-4.9926595452628115,-6.232659545262813,-0.0010052676685907763,-0.10052676685907762,-0.1795217159520268,0.45161290322580644,3.440801796446744,-4.138545676749163,0.8349600741737669,-15.552308635839605
buy_after_first_green_after_red,2022-02-01,2023-01-31,False,62,6200.0,-3.4517351897873176,-4.691735189787318,-0.000756731482223761,-0.0756731482223761,-0.12707524422792768,0.46774193548387094,3.440801796446744,-4.138545676749163,0.8734568422873844,-15.552308635839605
buy_after_first_green_after_red,2022-03-01,2023-02-28,False,65,6500.0,-9.18212400138356,-10.482124001383564,-0.0016126344617513175,-0.16126344617513175,-0.2702920073419013,0.4307692307692308,3.440801796446744,-4.138545676749163,0.7433824801784703,-15.552308635839605
buy_after_first_green_after_red,2022-04-01,2023-03-31,False,67,6700.0,-8.895472627684796,-10.2354726276848,-0.001527682481744,-0.1527682481744,-0.15123733161398697,0.44776119402985076,3.440801796446744,-4.138545676749163,0.7534720364546572,-13.462539616420647
buy_after_first_green_after_red,2022-05-01,2023-04-30,False,66,6600.0,-4.378470025087145,-5.698470025087145,-0.0008634045492556281,-0.0863404549255628,-0.09968590164213474,0.4696969696969697,3.440801796446744,-4.138545676749163,0.8424345899475556,-11.639909884498902
buy_after_first_green_after_red,2022-06-01,2023-05-31,False,66,6600.0,-0.24912884867827056,-1.5691288486782722,-0.00023774679525428367,-0.023774679525428367,-0.06509495385642826,0.48484848484848486,3.440801796446744,-3.340814390195692,0.9505219424549445,-6.494600321803445
buy_after_first_green_after_red,2022-07-01,2023-06-30,False,66,6600.0,0.8274303703170731,-0.4925696296829285,-7.463176207317099e-05,-0.007463176207317099,-0.010795111164021416,0.5,2.867866901122682,-2.2684885537667254,0.9823046583594012,-6.494600321803445
buy_after_first_green_after_red,2022-08-01,2023-07-31,True,65,6500.0,2.891342656319873,1.5913426563198718,0.00024482194712613413,0.02448219471261341,0.028189868080239506,0.5230769230769231,2.867866901122682,-2.2684885537667254,1.0618253662557324,-6.4922434559136
buy_after_first_green_after_red,2022-09-01,2023-08-31,True,64,6400.0,1.332943074090276,0.05294307409027432,8.272355326605363e-06,0.0008272355326605363,0.03699019887676071,0.515625,2.867866901122682,-2.2684885537667254,1.0019809058668692,-4.718380279432573
buy_after_first_green_after_red,2022-10-01,2023-09-30,True,65,6500.0,5.176013784490795,3.8760137844907945,0.0005963098129985838,0.059630981299858374,0.05182188173329162,0.5230769230769231,2.867866901122682,-2.2684885537667254,1.1641811792909704,-4.038850156161715
buy_after_first_green_after_red,2022-11-01,2023-10-31,True,65,6500.0,3.9316933383243162,2.631693338324315,0.0004048758982037408,0.04048758982037408,0.022158516020229797,0.5076923076923077,1.7200000000000082,-1.9464448336252183,1.1187045934165418,-4.0996982847879675
buy_after_first_green_after_red,2022-12-01,2023-11-30,True,65,6500.0,1.7439422519339494,0.4439422519339482,6.829880798983818e-05,0.006829880798983818,-0.03129752019431996,0.49230769230769234,1.6558724579462702,-1.9464448336252183,1.0205700558936968,-4.0996982847879675
buy_after_first_green_after_red,2023-01-01,2023-12-31,True,64,6400.0,3.042891934490532,1.7628919344905318,0.0002754518647641456,0.02754518647641456,0.055557519933255875,0.53125,1.6558724579462702,-1.9464448336252183,1.0879259704559,-4.0996982847879675
buy_after_first_green_after_red,2023-02-01,2024-01-31,True,65,6500.0,3.454368041737399,2.154368041737398,0.0003314412371903689,0.03314412371903689,0.022158516020229797,0.5076923076923077,1.6558724579462702,-1.9464448336252183,1.1115465383149814,-4.0996982847879675
buy_after_first_green_after_red,2023-03-01,2024-02-29,True,64,6400.0,8.429633668359182,7.149633668359181,0.0011171302606811221,0.1117130260681122,0.06117021985943884,0.546875,1.6558724579462702,-1.9464448336252183,1.453828295781393,-4.0996982847879675
buy_after_first_green_after_red,2023-04-01,2024-03-31,True,62,6200.0,9.592376691899148,8.352376691899149,0.0013471575309514756,0.13471575309514758,0.06117021985943884,0.5483870967741935,1.6097846889952172,-1.9101688849122023,1.636920414122267,-4.0996982847879675
buy_after_first_green_after_red,2023-05-01,2024-04-30,True,64,6400.0,3.964115278406022,2.6841152784060207,0.0004193930122509407,0.041939301225094074,0.00865463299117632,0.5,1.6097846889952172,-1.9101688849122023,1.1434082027298225,-4.7610885528136695
buy_after_first_green_after_red,2023-06-01,2024-05-31,True,61,6100.0,4.550033877410287,3.330033877410286,0.0005459071930180797,0.05459071930180797,0.03637243387983659,0.5245901639344263,1.6097846889952172,-1.9101688849122023,1.1997315322374205,-4.7610885528136695
buy_after_first_green_after_red,2023-07-01,2024-06-30,True,60,6000.0,5.754701165985742,4.554701165985742,0.0007591168609976237,0.07591168609976237,0.04970985773274707,0.5333333333333333,1.6097846889952172,-1.9101688849122023,1.294892788597484,-4.7610885528136695
buy_after_first_green_after_red,2023-08-01,2024-07-31,True,60,6000.0,4.408954720375435,3.2089547203754343,0.000534825786729239,0.05348257867292391,0.02105799285010203,0.5166666666666667,1.6097846889952172,-1.9101688849122023,1.2054802257843065,-4.7610885528136695
buy_after_first_green_after_red,2023-09-01,2024-08-31,True,62,6200.0,4.19911111117729,2.9591111111772883,0.0004772759856737562,0.047727598567375615,0.005177909746065818,0.5,1.6097846889952172,-1.7151432799677147,1.1872731243299892,-5.356626087681668
buy_after_first_green_after_red,2023-10-01,2024-09-30,True,60,6000.0,5.573993375890208,4.373993375890206,0.000728998895981701,0.07289988959817009,0.02105799285010203,0.5166666666666667,1.6097846889952172,-1.7151432799677147,1.3211529726106708,-5.356626087681668
buy_after_first_green_after_red,2023-11-01,2024-10-31,True,62,6200.0,5.0367151288306715,3.7967151288306704,0.0006123734078759146,0.06123734078759146,0.03164167502501593,0.532258064516129,1.6097846889952172,-1.7151432799677147,1.2707132968499282,-6.424128012823461
buy_after_first_green_after_red,2023-12-01,2024-11-30,True,60,6000.0,4.8821113963553815,3.6821113963553813,0.0006136852327258969,0.06136852327258969,0.03164167502501593,0.55,1.6097846889952172,-1.7151432799677147,1.2575677534191267,-6.424128012823463
buy_after_first_green_after_red,2024-01-01,2024-12-31,True,61,6100.0,3.086300804886854,1.8663008048868535,0.00030595095162079566,0.030595095162079564,0.0061244394130777376,0.5081967213114754,1.6097846889952172,-1.7151432799677147,1.121129608906583,-6.581418460408347
buy_after_first_green_after_red,2024-02-01,2025-01-31,False,62,6200.0,0.7278863147783032,-0.5121136852216979,-8.259898148737062e-05,-0.008259898148737062,-0.002227908401977157,0.5,1.6097846889952172,-1.7151432799677147,0.9689399313558639,-6.581418460408351
buy_after_first_green_after_red,2024-03-01,2025-02-28,False,61,6100.0,-2.4488712519630362,-3.668871251963037,-0.0006014543036004979,-0.06014543036004978,-0.015922860521058162,0.47540983606557374,1.1298586239396813,-1.7151432799677147,0.7764397855819104,-6.581418460408351
buy_after_first_green_after_red,2024-04-01,2025-03-31,False,64,6400.0,-12.812000055246976,-14.092000055246977,-0.0022018750086323403,-0.22018750086323402,-0.11189618550120016,0.4375,1.1298586239396813,-2.3188006257604776,0.4522719634277871,-12.67751160483669
buy_after_first_green_after_red,2024-05-01,2025-04-30,False,63,6300.0,-15.062136311547336,-16.322136311547336,-0.0025908152875471963,-0.2590815287547196,-0.10492929636078062,0.4603174603174603,1.1298586239396813,-3.6637982735120445,0.41254156804300773,-19.543007486651625
buy_after_first_green_after_red,2024-06-01,2025-05-31,False,63,6300.0,-15.322888930320303,-16.582888930320298,-0.002632204592114333,-0.2632204592114333,-0.1188630746416197,0.4444444444444444,1.1298586239396813,-3.6637982735120445,0.4169981976494373,-19.543007486651625
buy_after_first_green_after_red,2024-07-01,2025-06-30,False,64,6400.0,-17.558523274306328,-18.838523274306326,-0.0029435192616103635,-0.29435192616103634,-0.13525161398832083,0.421875,0.9778882861993332,-3.6637982735120445,0.38053621308054786,-19.72802648919697
buy_after_first_green_after_red,2024-08-01,2025-07-31,False,66,6600.0,-17.689455446794348,-19.009455446794348,-0.002880220522241568,-0.2880220522241568,-0.13525161398832083,0.3939393939393939,0.9778882861993332,-3.6637982735120445,0.39050868044045384,-18.04381473190446
buy_after_first_green_after_red,2024-09-01,2025-08-31,False,66,6600.0,-17.01366236360694,-18.33366236360694,-0.0027778276308495363,-0.27778276308495364,-0.12275174567977995,0.3939393939393939,0.9778882861993332,-3.6637982735120445,0.3849598409392862,-18.73670483965082
buy_after_first_green_after_red,2024-10-01,2025-09-30,False,67,6700.0,-15.683469489900936,-17.023469489900936,-0.002540816341776259,-0.2540816341776259,-0.10312866049499102,0.417910447761194,0.9778882861993332,-3.6637982735120445,0.4207688086739992,-18.306903055350315
buy_after_first_green_after_red,2024-11-01,2025-10-31,False,66,6600.0,-15.555449319112524,-16.875449319112526,-0.0025568862604715948,-0.2556886260471595,-0.10402897842788582,0.3939393939393939,0.9778882861993332,-3.6637982735120445,0.41814935314066953,-18.345639388989724
buy_after_first_green_after_red,2024-12-01,2025-11-30,False,68,6800.0,-18.52309462649994,-19.88309462649994,-0.00292398450389705,-0.292398450389705,-0.11189618550120016,0.38235294117647056,0.9792862241256173,-3.6637982735120445,0.39487822055229593,-21.202313355953304
buy_after_first_green_after_red,2025-01-01,2025-12-31,False,65,6500.0,-17.331040896458653,-18.63104089645865,-0.0028663139840705617,-0.28663139840705615,-0.09063255375922007,0.4153846153846154,0.9792862241256173,-3.6637982735120445,0.4056902662675607,-21.20231335595331
buy_after_first_green_after_red,2025-02-01,2026-01-31,False,62,6200.0,-16.174290822182137,-17.41429082218214,-0.0028087565842229256,-0.28087565842229256,-0.04148848497182665,0.45161290322580644,0.9792862241256173,-3.6637982735120445,0.41800435600921454,-20.35663168139443
buy_after_first_green_after_red,2025-03-01,2026-02-28,False,63,6300.0,-16.650875047926505,-17.910875047926506,-0.0028429960393534137,-0.28429960393534137,-0.059038101186761324,0.4603174603174603,0.9792862241256173,-3.6637982735120445,0.4346399599997086,-18.531852515888026
buy_after_first_green_after_red,2025-04-01,2026-03-31,False,61,6100.0,-7.408460665649344,-8.628460665649342,-0.0014145017484671052,-0.14145017484671052,-0.023938868756891978,0.47540983606557374,2.8851329235347145,-3.6637982735120445,0.6470221872884417,-12.497579023758489
buy_after_every_green,2014-05-01,2015-04-30,False,139,13900.0,2.44058817380024,-0.3394118261997624,-2.4418116992788662e-05,-0.002441811699278866,0.00602133749673996,0.5035971223021583,2.5250031036623244,-2.068346055979644,0.9900156453230938,-9.450776290808385
buy_after_every_green,2014-06-01,2015-05-31,False,136,13600.0,0.836346380693632,-1.8836536193063709,-0.00013850394259605668,-0.013850394259605669,-0.0005881022156506259,0.5,2.5250031036623244,-2.068346055979644,0.9456292088205196,-9.450776290808385
buy_after_every_green,2014-07-01,2015-06-30,False,128,12800.0,-5.1269439800474945,-7.686943980047497,-0.0006005424984412106,-0.06005424984412107,-0.038173748007899175,0.4453125,2.5250031036623244,-2.068346055979644,0.7948848454530062,-9.450776290808385
buy_after_every_green,2014-08-01,2015-07-31,False,129,12900.0,0.05303520834796238,-2.52696479165204,-0.00019588874353891782,-0.019588874353891783,-0.03191753068764401,0.4728682170542636,2.5250031036623244,-1.8808208004078475,0.9290431106618436,-10.558350131604268
buy_after_every_green,2014-09-01,2015-08-31,False,126,12600.0,-0.4919790956397616,-3.0119790956397603,-0.00023904595997140956,-0.023904595997140954,-0.032207370215594486,0.4603174603174603,2.5250031036623244,-1.8808208004078475,0.9187170875034922,-10.558350131604268
buy_after_every_green,2014-10-01,2015-09-30,False,122,12200.0,-3.2580546538370956,-5.698054653837094,-0.00046705366015058143,-0.04670536601505815,-0.04413976719856104,0.4426229508196721,2.5250031036623244,-2.2909475332811313,0.8560337445315271,-11.291916300231826
buy_after_every_green,2014-11-01,2015-10-31,False,126,12600.0,-0.20382657671467186,-2.7238265767146745,-0.00021617671243767258,-0.021617671243767258,-0.03195109516165527,0.46825396825396826,2.5250031036623244,-2.2909475332811313,0.9260933791268992,-11.291916300231827
buy_after_every_green,2014-12-01,2015-11-30,False,124,12400.0,-0.4020192968134384,-2.882019296813439,-0.00023242091103334184,-0.023242091103334184,-0.03195109516165527,0.47580645161290325,2.5250031036623244,-2.2909475332811313,0.9236371904334328,-11.291916300231826
buy_after_every_green,2015-01-01,2015-12-31,False,125,12500.0,-2.7518208093875502,-5.251820809387552,-0.00042014566475100416,-0.042014566475100414,-0.04372760707082256,0.48,2.452633612363162,-2.2909475332811313,0.8727995841118882,-11.291916300231826
buy_after_every_green,2015-02-01,2016-01-31,False,126,12600.0,-5.254484971045262,-7.774484971045261,-0.0006170226167496239,-0.06170226167496239,-0.06169366945657172,0.46825396825396826,2.707877578176985,-2.2909475332811313,0.8290640173030968,-12.538815445919802
buy_after_every_green,2015-03-01,2016-02-29,False,125,12500.0,-6.485683724346382,-8.985683724346384,-0.0007188546979477107,-0.07188546979477108,-0.093072707343802,0.464,2.707877578176985,-2.2909475332811313,0.812654038359561,-11.784247668477736
buy_after_every_green,2015-04-01,2016-03-31,False,130,13000.0,-0.5572720727668674,-3.1572720727668693,-0.0002428670825205284,-0.02428670825205284,-0.008035415171094833,0.5,2.707877578176985,-2.2909475332811313,0.9277801348999614,-10.694752098738562
buy_after_every_green,2015-05-01,2016-04-30,False,129,12900.0,-4.894855217698369,-7.47485521769837,-0.0005794461409068504,-0.05794461409068504,-0.04476166893649046,0.4728682170542636,2.707877578176985,-2.2909475332811313,0.8382237024104772,-10.032699354230354
buy_after_every_green,2015-06-01,2016-05-31,False,129,12900.0,-5.166653477811744,-7.746653477811743,-0.0006005157734737785,-0.06005157734737786,-0.04476166893649046,0.4728682170542636,2.707877578176985,-2.2909475332811313,0.8340735563189857,-8.369481435865142
buy_after_every_green,2015-07-01,2016-06-30,False,132,13200.0,-3.2162483856195685,-5.856248385619567,-0.0004436551807287551,-0.04436551807287551,0.010012954459512908,0.5075757575757576,2.707877578176985,-4.61647879002718,0.8786716155556493,-11.75590211382637
buy_after_every_green,2015-08-01,2016-07-31,False,131,13100.0,-5.477905959101468,-8.097905959101471,-0.0006181607602367535,-0.06181607602367535,-0.02,0.48091603053435117,2.707877578176985,-4.61647879002718,0.8298563690677286,-11.755902113826366
buy_after_every_green,2015-09-01,2016-08-31,False,134,13400.0,-6.575990457476355,-9.255990457476354,-0.0006907455565280862,-0.06907455565280861,-0.03148897058823595,0.4701492537313433,2.707877578176985,-4.61647879002718,0.802132507686433,-11.71896744844949
buy_after_every_green,2015-10-01,2016-09-30,False,135,13500.0,-3.224936805101806,-5.924936805101806,-0.00043888420778531896,-0.043888420778531896,-0.02,0.4740740740740741,2.707877578176985,-4.61647879002718,0.8630452203360501,-11.718967448449495
buy_after_every_green,2015-11-01,2016-10-31,False,127,12700.0,-8.21711021081455,-10.757110210814545,-0.0008470165520326414,-0.08470165520326414,-0.054321015902072375,0.4409448818897638,2.707877578176985,-4.61647879002718,0.7456092847026714,-12.431085502796625
buy_after_every_green,2015-12-01,2016-11-30,False,126,12600.0,-8.668852818710135,-11.188852818710135,-0.0008880041919611219,-0.08880041919611219,-0.06728829909684818,0.42063492063492064,2.707877578176985,-4.61647879002718,0.7338644213662786,-10.959798079683944
buy_after_every_green,2016-01-01,2016-12-31,False,130,13000.0,-4.6859111120712384,-7.28591111207124,-0.0005604547009285569,-0.05604547009285569,-0.043184877020981935,0.45384615384615384,2.707877578176985,-4.61647879002718,0.8077849444538652,-9.261699646177998
buy_after_every_green,2016-02-01,2017-01-31,False,131,13100.0,-2.0260137309980326,-4.646013730998035,-0.00035465753671740726,-0.03546575367174073,-0.0429779411764719,0.44274809160305345,1.8781880931837835,-4.61647879002718,0.8504952198266374,-8.853855337646696
buy_after_every_green,2016-03-01,2017-02-28,False,137,13700.0,1.2386011256466771,-1.5013988743533253,-0.00010959115871192155,-0.010959115871192155,-0.00910081743870304,0.48175182481751827,1.8781880931837835,-4.61647879002718,0.9468673690021729,-8.853855337646694
buy_after_every_green,2016-04-01,2017-03-31,False,137,13700.0,-0.2279554244628681,-2.9679554244628683,-0.00021663908207758163,-0.021663908207758164,-0.009506820566642631,0.4744525547445255,1.8781880931837835,-4.61647879002718,0.8954525184265009,-8.304333002976428
buy_after_every_green,2016-05-01,2017-04-30,False,133,13300.0,0.8102208515459739,-1.8497791484540267,-0.00013908113898150577,-0.013908113898150576,-0.031039964672110436,0.46616541353383456,1.8781880931837835,-4.61647879002718,0.9287417724323256,-6.636798261042738
buy_after_every_green,2016-06-01,2017-05-31,True,135,13500.0,3.7969064795002283,1.09690647950023,8.125233181483185e-05,0.008125233181483185,-0.02,0.4740740740740741,1.8781880931837835,-4.61647879002718,1.046946125832925,-5.468832506271632
buy_after_every_green,2016-07-01,2017-06-30,True,134,13400.0,4.304992350671966,1.6249923506719641,0.0001212680858710421,0.01212680858710421,-0.04183387278467675,0.4552238805970149,1.1331938948558418,-1.2953623188405783,1.0796132163806027,-4.70324300812462
buy_after_every_green,2016-08-01,2017-07-31,True,134,13400.0,4.563752739748683,1.883752739748681,0.000140578562667812,0.014057856266781202,-0.02046130163997571,0.47761194029850745,1.1331938948558418,-1.2953623188405783,1.0971150644818937,-3.915824815653721
buy_after_every_green,2016-09-01,2017-08-31,True,135,13500.0,4.435481607510949,1.735481607510947,0.00012855419314895903,0.012855419314895903,-0.009506820566642631,0.4888888888888889,1.1331938948558418,-1.5300841187797753,1.0822855443806203,-4.531173609364098
buy_after_every_green,2016-10-01,2017-09-30,True,138,13800.0,6.59631409013598,3.8363140901359776,0.00027799377464753463,0.02779937746475346,0.011012713283540271,0.5072463768115942,1.1331938948558418,-1.5300841187797753,1.2039144147041148,-4.531173609364094
buy_after_every_green,2016-11-01,2017-10-31,True,148,14800.0,9.324249196263201,6.364249196263199,0.00043001683758535125,0.04300168375853512,0.030534904775012542,0.5337837837837838,1.1331938948558418,-1.5300841187797753,1.3384933029372872,-4.531173609364093
buy_after_every_green,2016-12-01,2017-11-30,True,151,15100.0,10.011693932324617,6.991693932324614,0.00046302608823341814,0.04630260882334181,0.03869692819409078,0.543046357615894,1.1331938948558418,-1.5300841187797753,1.3798109990028167,-4.531173609364093
buy_after_every_green,2017-01-01,2017-12-31,True,150,15000.0,7.635911343951407,4.635911343951404,0.00030906075626342694,0.030906075626342695,0.014634582668024993,0.5266666666666666,0.8926717263906236,-1.5300841187797753,1.2515924684048343,-4.531173609364098
buy_after_every_green,2017-02-01,2018-01-31,True,156,15600.0,12.792167869065231,9.672167869065227,0.0006200107608375146,0.06200107608375145,0.04147839412387057,0.5769230769230769,1.1146644383850801,-1.5300841187797753,1.535179222953968,-4.531173609364098
buy_after_every_green,2017-03-01,2018-02-28,True,152,15200.0,12.57679404489297,9.536794044892966,0.0006274206608482215,0.06274206608482215,0.03930353149594669,0.5592105263157895,1.4083064366536813,-1.5300841187797753,1.467795421780059,-4.531173609364099
buy_after_every_green,2017-04-01,2018-03-31,True,147,14700.0,15.38715426819355,12.447154268193545,0.000846745188312486,0.0846745188312486,0.0399101347978026,0.564625850340136,1.7157938973140863,-1.6650460612897122,1.5998494513751353,-4.531173609364099
buy_after_every_green,2017-05-01,2018-04-30,True,151,15100.0,15.989743963049152,12.96974396304915,0.0008589234412615331,0.0858923441261533,0.05773782917110949,0.5827814569536424,1.7157938973140863,-2.2970398481973486,1.5174429498602808,-4.531173609364099
buy_after_every_green,2017-06-01,2018-05-31,True,152,15200.0,15.480128736035216,12.440128736035213,0.0008184295221075798,0.08184295221075798,0.058824962932377836,0.5789473684210527,1.7157938973140863,-2.2970398481973486,1.4602019192328874,-4.531173609364099
buy_after_every_green,2017-07-01,2018-06-30,True,153,15300.0,14.901815293181684,11.841815293181682,0.0007739748557635086,0.07739748557635086,0.05991209669364618,0.5816993464052288,1.7157938973140863,-2.2970398481973486,1.4175673617543425,-4.507122365087675
buy_after_every_green,2017-08-01,2018-07-31,True,154,15400.0,16.264785202834997,13.184785202834997,0.0008561548833009738,0.08561548833009738,0.0801687217277114,0.5844155844155844,1.7157938973140863,-2.2970398481973486,1.4472029924314052,-4.507122365087675
buy_after_every_green,2017-09-01,2018-08-31,True,158,15800.0,18.003658806131874,14.843658806131868,0.00093947207633746,0.093947207633746,0.09485940215022472,0.5949367088607594,1.7157938973140863,-2.2970398481973486,1.5242288168126361,-4.507122365087673
buy_after_every_green,2017-10-01,2018-09-30,True,156,15600.0,17.687943037195353,14.56794303719535,0.0009338425023843174,0.09338425023843173,0.09485940215022472,0.5897435897435898,1.7157938973140863,-2.2970398481973486,1.503273734081102,-4.507122365087675
buy_after_every_green,2017-11-01,2018-10-31,True,145,14500.0,14.683583536142521,11.783583536142515,0.00081266093352707,0.081266093352707,0.06433283358320054,0.5655172413793104,1.7157938973140863,-2.2970398481973486,1.3990223818802117,-4.507122365087675
buy_after_every_green,2017-12-01,2018-11-30,True,145,14500.0,20.175713007828055,17.275713007828053,0.0011914284832984863,0.11914284832984864,0.10307109722615727,0.5793103448275863,2.1474072730570426,-2.2970398481973486,1.5660364479061004,-4.507122365087673
buy_after_every_green,2018-01-01,2018-12-31,True,137,13700.0,20.570129864884738,17.830129864884732,0.001301469333203265,0.1301469333203265,0.11750114584287764,0.5693430656934306,2.1474072730570426,-2.2970398481973486,1.6089890989567528,-4.507122365087673
buy_after_every_green,2018-02-01,2019-01-31,True,136,13600.0,17.44223020569259,14.722230205692586,0.0010825169268891609,0.10825169268891607,0.08276205578433339,0.5514705882352942,2.1474072730570426,-2.2970398481973486,1.4615724478167522,-4.507122365087673
buy_after_every_green,2018-03-01,2019-02-28,True,136,13600.0,13.352563331225252,10.63256333122525,0.0007818061272959742,0.07818061272959742,0.05019853100782569,0.5294117647058824,2.1474072730570426,-2.2970398481973486,1.349200054433455,-4.507122365087673
buy_after_every_green,2018-04-01,2019-03-31,True,137,13700.0,8.664273375746824,5.92427337574682,0.00043242871355816205,0.043242871355816205,0.03514705882352366,0.5182481751824818,2.1474072730570426,-2.2970398481973486,1.1816525377238227,-4.62394390597493
buy_after_every_green,2018-05-01,2019-04-30,True,139,13900.0,10.572303322812015,7.792303322812014,0.0005605973613533822,0.05605973613533823,0.043017644940588365,0.5251798561151079,2.1474072730570426,-1.7248435041091104,1.2781189482772628,-4.62394390597493
buy_after_every_green,2018-06-01,2019-05-31,True,137,13700.0,5.455521655190509,2.7155216551905066,0.00019821325950295667,0.01982132595029567,0.031639555899818386,0.5109489051094891,2.1474072730570426,-1.8216442189959792,1.0847668690162955,-6.816211176673519
buy_after_every_green,2018-07-01,2019-06-30,True,138,13800.0,13.147614832921716,10.387614832921715,0.0007527257125305591,0.0752725712530559,0.04924058845960701,0.5289855072463768,2.1474072730570426,-1.8216442189959792,1.349339491136083,-6.816211176673518
buy_after_every_green,2018-08-01,2019-07-31,True,137,13700.0,12.404210910022773,9.66421091002277,0.0007054168547461876,0.07054168547461877,0.043017644940588365,0.5182481751824818,2.1474072730570426,-1.8216442189959792,1.326360453433996,-6.816211176673519
buy_after_every_green,2018-09-01,2019-08-31,True,132,13200.0,13.079053060395143,10.439053060395139,0.0007908373530602378,0.07908373530602378,0.031476153559248946,0.5151515151515151,2.1474072730570426,-3.099153872398499,1.325237704660761,-6.816211176673519
buy_after_every_green,2018-10-01,2019-09-30,True,135,13500.0,14.459305274910628,11.759305274910627,0.0008710596499933797,0.08710596499933798,0.031312751218679505,0.5185185185185185,2.1474072730570426,-3.099153872398499,1.3613275983280797,-6.816211176673519
buy_after_every_green,2018-11-01,2019-10-31,True,143,14300.0,14.317463687630294,11.457463687630295,0.0008012212368972234,0.08012212368972234,0.031312751218679505,0.5174825174825175,2.1474072730570426,-3.099153872398499,1.3226275070809388,-6.816211176673519
buy_after_every_green,2018-12-01,2019-11-30,True,145,14500.0,9.710114055130802,6.810114055130802,0.00046966303828488285,0.046966303828488286,0.031312751218679505,0.5241379310344828,2.0987912469607495,-3.099153872398499,1.1979830443221553,-6.816211176673526
buy_after_every_green,2019-01-01,2019-12-31,True,152,15200.0,11.893577202740069,8.853577202740066,0.0005824721843907939,0.05824721843907938,0.04467356834543025,0.5328947368421053,2.0987912469607495,-3.099153872398499,1.2569592693781289,-6.816211176673526
buy_after_every_green,2019-02-01,2020-01-31,True,149,14900.0,7.186461480266559,4.206461480266556,0.0002823128510246011,0.028231285102460108,0.004222850222033187,0.5033557046979866,2.0987912469607495,-3.099153872398499,1.1181141486788684,-5.8097904264304345
buy_after_every_green,2019-03-01,2020-02-29,True,147,14700.0,9.479668372026971,6.539668372026968,0.0004448753994576169,0.04448753994576169,0.031312751218679505,0.5170068027210885,2.0987912469607495,-3.099153872398499,1.1815815833857979,-4.593495637144149
buy_after_every_green,2019-04-01,2020-03-31,True,149,14900.0,5.098064439724548,2.118064439724547,0.0001421519758204394,0.01421519758204394,0.021725778185752737,0.5100671140939598,9.14825254673681,-9.650668536699394,1.0354872194021651,-22.127230102624697
buy_after_every_green,2019-05-01,2020-04-30,False,146,14600.0,-2.9815673352956473,-5.9015673352956455,-0.00040421694077367434,-0.04042169407736743,-0.011968083252980027,0.4863013698630137,9.14825254673681,-9.650668536699394,0.9133583086910995,-22.1272301026247
buy_after_every_green,2019-06-01,2020-05-31,True,148,14800.0,4.74732508541819,1.78732508541819,0.00012076520847420203,0.012076520847420202,0.012974314203892962,0.5067567567567568,9.14825254673681,-9.650668536699394,1.0268428423859106,-22.127230102624697
buy_after_every_green,2019-07-01,2020-06-30,True,149,14900.0,5.606243896973979,2.626243896973983,0.00017625797966268344,0.017625797966268345,0.004222850222033187,0.5033557046979866,9.14825254673681,-9.650668536699394,1.0372082374330513,-22.1272301026247
buy_after_every_green,2019-08-01,2020-07-31,True,150,15000.0,3.51926142039523,0.5192614203952326,3.461742802634884e-05,0.003461742802634884,-0.002258578266980376,0.5,9.14825254673681,-9.650668536699394,1.0069628186920982,-22.1272301026247
buy_after_every_green,2019-09-01,2020-08-31,True,155,15500.0,6.07172356157193,2.9717235615719297,0.00019172410074657612,0.01917241007465761,0.04847556278353206,0.5225806451612903,9.14825254673681,-9.650668536699394,1.0419438728297206,-22.127230102624697
buy_after_every_green,2019-10-01,2020-09-30,False,151,15100.0,1.3644196062260825,-1.6555803937739157,-0.00010964108568039177,-0.010964108568039177,0.04847556278353206,0.5165562913907285,9.14825254673681,-9.650668536699394,0.9786090019687423,-22.127230102624697
buy_after_every_green,2019-11-01,2020-10-31,True,146,14600.0,3.710146465041479,0.7901464650414898,5.411962089325273e-05,0.005411962089325272,0.07350803625333137,0.5273972602739726,9.14825254673681,-9.650668536699394,1.0104361478510608,-22.127230102624697
buy_after_every_green,2019-12-01,2020-11-30,True,143,14300.0,6.304273821466577,3.444273821466581,0.0002408583091934672,0.02408583091934672,-0.00874000675599394,0.4965034965034965,9.14825254673681,-9.650668536699394,1.0440517993146998,-22.127230102624697
buy_after_every_green,2020-01-01,2020-12-31,True,142,14200.0,3.7449663219264213,0.9049663219264259,6.373002267087507e-05,0.006373002267087507,0.0005832676500428131,0.5,9.14825254673681,-9.650668536699394,1.0113335820071665,-22.127230102624697
buy_after_every_green,2020-02-01,2021-01-31,True,142,14200.0,5.888796688177821,3.0487966881778212,0.00021470399212519868,0.021470399212519867,0.05480298996455081,0.5140845070422535,9.14825254673681,-9.650668536699394,1.0383059031479172,-22.127230102624697
buy_after_every_green,2020-03-01,2021-02-28,True,141,14100.0,3.9990112631350834,1.1790112631350786,8.361782008050204e-05,0.008361782008050203,0.04847556278353206,0.5106382978723404,9.14825254673681,-9.650668536699394,1.0146150013771253,-22.127230102624694
buy_after_every_green,2020-04-01,2021-03-31,True,140,14000.0,9.286029666541518,6.486029666541517,0.0004632878333243941,0.04632878333243941,0.06998860231248517,0.5214285714285715,3.0659340851473016,-3.29628361858191,1.113208979242846,-7.334508058711959
buy_after_every_green,2020-05-01,2021-04-30,True,143,14300.0,17.475330825850662,14.615330825850663,0.0010220511067028436,0.10220511067028436,0.1076367056294525,0.5454545454545454,3.0659340851473016,-3.29628361858191,1.2941432576702931,-6.89830109981655
buy_after_every_green,2020-06-01,2021-05-31,True,140,14000.0,14.126930379513116,11.326930379513112,0.000809066455679508,0.0809066455679508,0.1041358131321868,0.5285714285714286,2.661480243922807,-3.29628361858191,1.2411426737236377,-6.89830109981655
buy_after_every_green,2020-07-01,2021-06-30,True,138,13800.0,6.335173638318036,3.575173638318036,0.000259070553501307,0.025907055350130697,0.06432505453812577,0.5217391304347826,2.1285391420712263,-3.29628361858191,1.0820332481619719,-6.898301099816551
buy_after_every_green,2020-08-01,2021-07-31,True,138,13800.0,8.643904660137592,5.883904660137593,0.00042636990290852123,0.04263699029085212,0.07542459912262879,0.5289855072463768,2.1285391420712263,-3.29628361858191,1.147483263897812,-6.898301099816551
buy_after_every_green,2020-09-01,2021-08-31,True,137,13700.0,6.533773621728734,3.793773621728731,0.0002769177826079366,0.027691778260793658,0.06113041714556956,0.5182481751824818,2.1285391420712263,-3.29628361858191,1.0939020008725322,-6.89830109981655
buy_after_every_green,2020-10-01,2021-09-30,True,136,13600.0,9.044685055605285,6.324685055605282,0.0004650503717356825,0.04650503717356825,0.038086526175871174,0.5147058823529411,2.1285391420712263,-2.4540512297693406,1.1801003118810574,-5.197531889545605
buy_after_every_green,2020-11-01,2021-10-31,True,142,14200.0,12.440381539199265,9.600381539199264,0.0006760832069858636,0.06760832069858637,0.09888833107107643,0.5422535211267606,2.1285391420712263,-2.4540512297693406,1.282241533333333,-5.197531889545606
buy_after_every_green,2020-12-01,2021-11-30,True,142,14200.0,4.496321525959036,1.6563215259590347,0.00011664236098303062,0.011664236098303062,0.09888833107107643,0.5422535211267606,1.6850347321889925,-2.4540512297693406,1.0460456631326962,-5.197531889545606
buy_after_every_green,2021-01-01,2021-12-31,True,142,14200.0,5.697334972599122,2.857334972599121,0.00020122077271824795,0.020122077271824797,0.09023562391090369,0.5352112676056338,1.9552952059639783,-2.4540512297693406,1.0763433871307533,-6.489101794998437
buy_after_every_green,2021-02-01,2022-01-31,True,136,13600.0,5.191147838297861,2.4711478382978584,0.00018170204693366605,0.018170204693366606,0.07542459912262879,0.5294117647058824,1.9552952059639783,-2.4540512297693406,1.0686486847260357,-7.124300585195013
buy_after_every_green,2021-03-01,2022-02-28,True,137,13700.0,6.884332954384932,4.144332954384929,0.00030250605506459337,0.030250605506459333,0.10063492063492109,0.5401459854014599,2.63424503427667,-2.2484863312413528,1.1074093202620805,-7.970905410778773
buy_after_every_green,2021-04-01,2022-03-31,True,138,13800.0,9.570006693817188,6.810006693817188,0.0004934787459287817,0.04934787459287818,0.11587530317168417,0.5434782608695652,2.63424503427667,-2.2484863312413528,1.1765291149096313,-7.970905410778773
buy_after_every_green,2021-05-01,2022-04-30,False,132,13200.0,-0.051215476658706294,-2.6912154766587086,-0.00020387996035293248,-0.020387996035293246,0.0636938217919747,0.5227272727272727,2.63424503427667,-2.8961061946902644,0.9419762398067993,-10.394731227008862
buy_after_every_green,2021-06-01,2022-05-31,False,132,13200.0,-2.9226416019323525,-5.562641601932353,-0.0004214122425706328,-0.04214122425706328,0.0636938217919747,0.5227272727272727,2.952729997003287,-4.138545676749163,0.8980140611295173,-16.820379404075076
buy_after_every_green,2021-07-01,2022-06-30,False,127,12700.0,-4.211906132839626,-6.75190613283963,-0.0005316461521920968,-0.053164615219209684,0.013474670832411845,0.5039370078740157,3.440801796446744,-4.138545676749163,0.8855751806173839,-18.103285941662556
buy_after_every_green,2021-08-01,2022-07-31,False,125,12500.0,-3.9615711245747027,-6.461571124574705,-0.0005169256899659764,-0.051692568996597646,0.05986795165326743,0.512,3.440801796446744,-4.138545676749163,0.8929592775951445,-18.103285941662556
buy_after_every_green,2021-09-01,2022-08-31,False,121,12100.0,-10.744799349305657,-13.164799349305659,-0.0010879999462236082,-0.10879999462236081,-0.04374873834827263,0.4793388429752066,3.440801796446744,-4.138545676749163,0.7995693478133717,-18.757664743046085
buy_after_every_green,2021-10-01,2022-09-30,False,121,12100.0,-17.85272993705047,-20.272729937050475,-0.0016754322262025187,-0.16754322262025187,-0.04374873834827263,0.4793388429752066,3.440801796446744,-4.560763673890612,0.7232058680631476,-26.31692110358979
buy_after_every_green,2021-11-01,2022-10-31,False,115,11500.0,-20.658838398318302,-22.9588383983183,-0.0019964207302885476,-0.19964207302885478,-0.1427386733550384,0.4434782608695652,3.440801796446744,-4.560763673890612,0.6974808372744792,-26.643065826603145
buy_after_every_green,2021-12-01,2022-11-30,False,112,11200.0,-17.70922884947713,-19.949228849477134,-0.001781181147274744,-0.1781181147274744,-0.16059796891744413,0.44642857142857145,3.440801796446744,-4.560763673890612,0.7317006267969002,-24.953581735910987
buy_after_every_green,2022-01-01,2022-12-31,False,109,10900.0,-20.86523099568174,-23.04523099568174,-0.0021142413757506183,-0.21142413757506184,-0.2041620626151008,0.43119266055045874,3.440801796446744,-4.560763673890612,0.6912181043438189,-25.340849169012845
buy_after_every_green,2022-02-01,2023-01-31,False,113,11300.0,-18.669555820377756,-20.92955582037776,-0.0018521730814493593,-0.18521730814493595,-0.17475085112968133,0.4424778761061947,3.440801796446744,-4.560763673890612,0.7171868732479405,-26.587059981957697
buy_after_every_green,2022-03-01,2023-02-28,False,113,11300.0,-21.59795502844293,-23.857955028442923,-0.0021113234538445063,-0.21113234538445064,-0.2041620626151008,0.415929203539823,3.440801796446744,-4.560763673890612,0.6731185181472524,-26.587059981957694
buy_after_every_green,2022-04-01,2023-03-31,False,113,11300.0,-24.160746140785175,-26.42074614078517,-0.0023381191275031123,-0.23381191275031124,-0.17475085112968133,0.415929203539823,3.440801796446744,-4.560763673890612,0.6466178944264679,-27.324435108311206
buy_after_every_green,2022-05-01,2023-04-30,False,115,11500.0,-17.034867422357024,-19.33486742235702,-0.0016812928193353932,-0.16812928193353932,-0.13994002998501062,0.43478260869565216,3.440801796446744,-4.560763673890612,0.713692290319051,-23.93492668680208
buy_after_every_green,2022-06-01,2023-05-31,False,115,11500.0,-15.676960610728099,-17.976960610728096,-0.001563213966150269,-0.15632139661502692,-0.13994002998501062,0.4260869565217391,3.440801796446744,-4.560763673890612,0.7015968788112429,-18.40837687012378
buy_after_every_green,2022-07-01,2023-06-30,False,122,12200.0,-9.400483185717622,-11.84048318571762,-0.0009705314086653787,-0.09705314086653787,-0.09967171808994645,0.4672131147540984,2.867866901122682,-4.560763673890612,0.7881027028201811,-18.408376870123785
buy_after_every_green,2022-08-01,2023-07-31,False,122,12200.0,-8.29139531514792,-10.731395315147921,-0.0008796225668154034,-0.08796225668154034,-0.08351026416240857,0.4672131147540984,2.867866901122682,-4.560763673890612,0.7982463730759165,-18.24079609346961
buy_after_every_green,2022-09-01,2023-08-31,False,121,12100.0,-4.655797969081165,-7.075797969081163,-0.0005847766916596003,-0.058477669165960026,-0.08644116936458389,0.47107438016528924,2.867866901122682,-4.560763673890612,0.8596384796255129,-14.570782860205643
buy_after_every_green,2022-10-01,2023-09-30,False,121,12100.0,0.6169798773085069,-1.80302012269149,-0.00014900992749516446,-0.014900992749516445,-0.112902266815309,0.4628099173553719,2.867866901122682,-2.2684885537667254,0.958684223513152,-9.222969716245665
buy_after_every_green,2022-11-01,2023-10-31,False,120,12000.0,-0.726761874627448,-3.1267618746274453,-0.0002605634895522871,-0.026056348955228712,-0.09967171808994645,0.4666666666666667,1.7200000000000082,-2.0291324200913197,0.9245192112162499,-9.222969716245661
buy_after_every_green,2022-12-01,2023-11-30,True,127,12700.0,3.200776233817955,0.6607762338179564,5.20296247100753e-05,0.00520296247100753,-0.03129752019431996,0.4881889763779528,1.7940190207819762,-1.9464448336252183,1.016901336874284,-7.567920063318693
buy_after_every_green,2023-01-01,2023-12-31,True,134,13400.0,7.300432695379934,4.620432695379932,0.00034480841010298005,0.034480841010298004,0.035664880658179424,0.5223880597014925,1.7940190207819762,-1.9464448336252183,1.1220751176028487,-7.567920063318694
buy_after_every_green,2023-02-01,2024-01-31,True,135,13500.0,7.566002414335571,4.86600241433557,0.0003604446232841163,0.03604446232841163,0.02548038658329645,0.5111111111111111,1.7940190207819762,-1.9464448336252183,1.1314090094459421,-7.567920063318693
buy_after_every_green,2023-03-01,2024-02-29,True,138,13800.0,11.79621070253829,9.036210702538288,0.0006547978769955281,0.0654797876995528,0.035664880658179424,0.5289855072463768,1.7940190207819762,-1.9464448336252183,1.2664309174385897,-5.703287352963489
buy_after_every_green,2023-04-01,2024-03-31,True,136,13600.0,14.905191774880999,12.185191774880996,0.000895969983447132,0.08959699834471321,0.035664880658179424,0.5294117647058824,1.7940190207819762,-1.9101688849122023,1.421608369014942,-4.694844761769908
buy_after_every_green,2023-05-01,2024-04-30,True,135,13500.0,10.63862590123258,7.938625901232578,0.0005880463630542651,0.058804636305426504,0.019874395653693994,0.5037037037037037,1.7940190207819762,-1.9101688849122023,1.2449069086459084,-5.584518573788959
buy_after_every_green,2023-06-01,2024-05-31,True,140,14000.0,15.05432156751778,12.254321567517778,0.000875308683394127,0.0875308683394127,0.06117021985943884,0.5428571428571428,1.7940190207819762,-1.9101688849122023,1.4049460678709442,-5.584518573788959
buy_after_every_green,2023-07-01,2024-06-30,True,139,13900.0,13.478299991339048,10.698299991339047,0.000769661869880507,0.0769661869880507,0.03637243387983659,0.539568345323741,1.7940190207819762,-1.9101688849122023,1.3662189663172783,-5.584518573788957
buy_after_every_green,2023-08-01,2024-07-31,True,139,13900.0,10.827378497335093,8.047378497335094,0.00057894809333346,0.057894809333346,0.02691091617019527,0.539568345323741,1.7940190207819762,-1.9101688849122023,1.2595612669185678,-5.584518573788955
buy_after_every_green,2023-09-01,2024-08-31,True,143,14300.0,14.180579024404349,11.32057902440435,0.000791648882825479,0.07916488828254789,0.04219181733375656,0.5524475524475524,1.7940190207819762,-1.7151432799677147,1.3715144566239565,-5.584518573788957
buy_after_every_green,2023-10-01,2024-09-30,True,147,14700.0,16.693041719008438,13.753041719008436,0.0009355810693203018,0.09355810693203018,0.07541074324967979,0.5714285714285714,1.7940190207819762,-2.044309392265189,1.458014555718828,-5.584518573788957
buy_after_every_green,2023-11-01,2024-10-31,True,151,15100.0,14.59987569956045,11.579875699560448,0.0007668791854013541,0.07668791854013542,0.052245123454162115,0.5629139072847682,1.7940190207819762,-2.044309392265189,1.368490493051454,-5.584518573788957
buy_after_every_green,2023-12-01,2024-11-30,True,149,14900.0,14.81187992829859,11.831879928298589,0.0007940859012280932,0.07940859012280932,0.04817794443496616,0.5637583892617449,2.35103217215755,-2.044309392265189,1.3750836680906002,-5.584518573788953
buy_after_every_green,2024-01-01,2024-12-31,True,142,14200.0,12.407389653351752,9.56738965335175,0.000673759834743081,0.0673759834743081,0.020631610335473134,0.5352112676056338,2.35103217215755,-2.044309392265189,1.3170198973199012,-5.584518573788955
buy_after_every_green,2024-02-01,2025-01-31,True,142,14200.0,10.459502452018521,7.6195024520185175,0.0005365846797196139,0.05365846797196139,0.020631610335473134,0.5352112676056338,2.35103217215755,-2.044309392265189,1.243117221622655,-5.584518573788956
buy_after_every_green,2024-03-01,2025-02-28,True,139,13900.0,6.9120745920623,4.132074592062299,0.0002972715533857769,0.029727155338577692,0.015205069530008792,0.5251798561151079,2.35103217215755,-2.044309392265189,1.132031581138461,-5.584518573788957
buy_after_every_green,2024-04-01,2025-03-31,False,139,13900.0,-5.898521697092818,-8.67852169709282,-0.0006243540789275411,-0.062435407892754105,0.0061244394130777376,0.5035971223021583,2.35103217215755,-2.3188006257604776,0.793354762405737,-13.289835977298344
buy_after_every_green,2024-05-01,2025-04-30,False,143,14300.0,-5.753843605633779,-8.613843605633782,-0.0006023666857086561,-0.06023666857086561,0.02691091617019527,0.5384615384615384,2.35103217215755,-3.6637982735120445,0.8112895566162682,-22.11122573373646
buy_after_every_green,2024-06-01,2025-05-31,False,140,14000.0,-5.549351433297467,-8.349351433297468,-0.0005963822452355334,-0.05963822452355334,0.018296947273630532,0.5285714285714286,2.35103217215755,-3.6637982735120445,0.8191330945845757,-22.111225733736454
buy_after_every_green,2024-07-01,2025-06-30,False,143,14300.0,-3.7723954787803766,-6.632395478780378,-0.00046380387963499146,-0.046380387963499144,0.016616623947272053,0.5244755244755245,2.35103217215755,-3.6637982735120445,0.8615490808332826,-22.11122573373646
buy_after_every_green,2024-08-01,2025-07-31,False,144,14400.0,-3.093790091775096,-5.973790091775098,-0.00041484653415104844,-0.04148465341510485,0.007572999142688736,0.5069444444444444,2.35103217215755,-3.6637982735120445,0.8730697701941484,-22.11122573373646
buy_after_every_green,2024-09-01,2025-08-31,False,141,14100.0,-7.238423418248729,-10.058423418248731,-0.0007133633629963639,-0.07133633629963639,-0.01167499167498363,0.48936170212765956,2.35103217215755,-3.6637982735120445,0.7835385017181365,-22.11122573373646
buy_after_every_green,2024-10-01,2025-09-30,False,141,14100.0,-5.2242051970677,-8.044205197067702,-0.0005705110068842342,-0.05705110068842342,-0.0032775919732519303,0.49645390070921985,2.35103217215755,-3.6637982735120445,0.8192081767269307,-22.11122573373646
buy_after_every_green,2024-11-01,2025-10-31,False,142,14200.0,-2.5735434322810136,-5.413543432281015,-0.0003812354529775363,-0.03812354529775363,0.0014234237199129036,0.5,2.35103217215755,-3.6637982735120445,0.872649583457486,-22.11122573373646
buy_after_every_green,2024-12-01,2025-11-30,False,138,13800.0,-9.67699074271471,-12.436990742714707,-0.0009012312132401962,-0.09012312132401962,-0.009558929098110163,0.4927536231884058,1.8747015425888613,-3.6637982735120445,0.7367705976784116,-21.797852712665794
buy_after_every_green,2025-01-01,2025-12-31,False,142,14200.0,-9.107936448460741,-11.94793644846074,-0.0008414039752437141,-0.08414039752437141,0.022324643078783808,0.5140845070422535,1.8747015425888613,-3.6637982735120445,0.7496342533462718,-21.562558883188828
buy_after_every_green,2025-02-01,2026-01-31,False,141,14100.0,-6.342192890827926,-9.162192890827928,-0.0006498009142431154,-0.06498009142431155,0.08235870048953543,0.5319148936170213,1.8747015425888613,-3.6637982735120445,0.7983226436923884,-20.34821189678566
buy_after_every_green,2025-03-01,2026-02-28,False,140,14000.0,-7.230332771468605,-10.03033277146861,-0.0007164523408191864,-0.07164523408191864,0.07358490151692988,0.5285714285714286,1.8747015425888613,-3.6637982735120445,0.7872608136167351,-17.72936097144011
buy_after_every_green,2025-04-01,2026-03-31,True,137,13700.0,2.894357801389369,0.1543578013893665,1.126699280214354e-05,0.001126699280214354,0.09013215859030367,0.5401459854014599,2.8851329235347145,-3.6637982735120445,1.0039568257996263,-10.026959650047164
buy_after_red,2014-05-01,2015-04-30,True,107,10700.0,8.973206857242655,6.8332068572426525,0.0006386174632937059,0.06386174632937058,0.1716626736943039,0.5607476635514018,2.0448593868761056,-2.229673459366557,1.2286234391888837,-6.84817850958467
buy_after_red,2014-06-01,2015-05-31,True,109,10900.0,9.409018003512948,7.229018003512946,0.0006632126608727474,0.06632126608727473,0.1716626736943039,0.5504587155963303,2.0448593868761056,-2.229673459366557,1.2371039598926814,-6.848178509584671
buy_after_red,2014-07-01,2015-06-30,True,118,11800.0,10.816531810758677,8.456531810758676,0.0007166552381998878,0.07166552381998878,0.10405117428240242,0.5423728813559322,2.0448593868761056,-2.229673459366557,1.2696349377539766,-6.848178509584671
buy_after_red,2014-08-01,2015-07-31,True,116,11600.0,8.42559121575437,6.105591215754366,0.0005263440703236523,0.05263440703236522,0.0701626623166396,0.5172413793103449,2.0448593868761056,-2.229673459366557,1.1879183484674551,-6.848178509584672
buy_after_red,2014-09-01,2015-08-31,False,120,12000.0,-3.549088309450477,-5.949088309450479,-0.0004957573591208732,-0.049575735912087325,-0.014069505396754316,0.49166666666666664,2.0448593868761056,-4.766754899465511,0.8647468494335243,-10.843055482162066
buy_after_red,2014-10-01,2015-09-30,False,124,12400.0,-2.14092077224215,-4.620920772242153,-0.0003726549009872704,-0.03726549009872704,-0.014069505396754316,0.49193548387096775,2.5364105908438828,-4.766754899465511,0.9053067246498696,-13.38149862640017
buy_after_red,2014-11-01,2015-10-31,False,119,11900.0,1.2881199346569945,-1.0918800653430059,-9.175462733974839e-05,-0.00917546273397484,-0.02,0.48739495798319327,2.5364105908438828,-4.766754899465511,0.9756392240054811,-13.38149862640017
buy_after_red,2014-12-01,2015-11-30,False,122,12200.0,0.10896651670135826,-2.3310334832986417,-0.00019106831830316735,-0.019106831830316737,-0.02,0.47540983606557374,2.5364105908438828,-4.766754899465511,0.9514924125789287,-13.38149862640017
buy_after_red,2015-01-01,2015-12-31,True,122,12200.0,2.4461751142366945,0.006175114236689705,5.061569046466971e-07,5.0615690464669715e-05,-0.02,0.48360655737704916,2.5364105908438828,-4.766754899465511,1.0001307851278884,-13.38149862640017
buy_after_red,2015-02-01,2016-01-31,True,120,12000.0,3.7157530592993973,1.315753059299397,0.00010964608827494974,0.010964608827494974,0.040638408714752675,0.5166666666666667,2.5364105908438828,-4.766754899465511,1.029382470875552,-13.38149862640017
buy_after_red,2015-03-01,2016-02-29,False,122,12200.0,1.5664456315409354,-0.8735543684590668,-7.160281708680875e-05,-0.007160281708680875,0.023816005312169448,0.5081967213114754,2.5364105908438828,-4.766754899465511,0.9815995692868169,-13.38149862640017
buy_after_red,2015-04-01,2016-03-31,True,118,11800.0,5.811889714112551,3.4518897141125495,0.00029253302661970756,0.029253302661970758,0.023816005312169448,0.5169491525423728,2.573360995850613,-4.766754899465511,1.0761273538959606,-13.38149862640017
buy_after_red,2015-05-01,2016-04-30,True,119,11900.0,9.573866440406952,7.193866440406952,0.0006045265916308363,0.06045265916308363,0.053538423826446926,0.5294117647058824,2.573360995850613,-4.766754899465511,1.16179105812883,-13.38149862640017
buy_after_red,2015-06-01,2016-05-31,True,120,12000.0,10.305982365001185,7.905982365001185,0.0006588318637500987,0.06588318637500987,0.040638408714752675,0.525,2.573360995850613,-4.766754899465511,1.1777357001851647,-13.38149862640017
buy_after_red,2015-07-01,2016-06-30,True,118,11800.0,10.559732108084361,8.199732108084364,0.0006948925515325732,0.06948925515325732,0.058775932988595084,0.5254237288135594,2.573360995850613,-4.766754899465511,1.1785161987545467,-13.38149862640017
buy_after_red,2015-08-01,2016-07-31,True,117,11700.0,12.742775840942842,10.402775840942844,0.0008891261402515252,0.08891261402515252,0.1482085786375076,0.5555555555555556,2.573360995850613,-4.766754899465511,1.2370135422159676,-13.38149862640017
buy_after_red,2015-09-01,2016-08-31,True,117,11700.0,22.54962717617627,20.20962717617627,0.0017273185620663477,0.17273185620663478,0.15382002941570552,0.5811965811965812,2.573360995850613,-2.774370519431515,1.607262798617017,-6.380298882221103
buy_after_red,2015-10-01,2016-09-30,True,116,11600.0,21.62457474704066,19.30457474704066,0.0016641874781931603,0.16641874781931604,0.15245321402350467,0.5862068965517241,2.573360995850613,-2.774370519431515,1.6155292868748952,-6.380298882221103
buy_after_red,2015-11-01,2016-10-31,True,122,12200.0,15.261053096762579,12.821053096762576,0.001050905991537916,0.10509059915379161,0.0682441502743081,0.5573770491803278,2.573360995850613,-2.774370519431515,1.3900554650488735,-6.380298882221103
buy_after_red,2015-12-01,2016-11-30,True,122,12200.0,18.03183057224712,15.59183057224712,0.001278018899364518,0.1278018899364518,0.12797842726704814,0.5737704918032787,2.573360995850613,-2.774370519431515,1.5151674943121376,-6.380298882221103
buy_after_red,2016-01-01,2016-12-31,True,117,11700.0,17.82134582740965,15.481345827409651,0.0013231919510606539,0.1323191951060654,0.0833295063145756,0.5811965811965812,2.573360995850613,-2.774370519431515,1.5844915172240106,-4.085359416926997
buy_after_red,2016-02-01,2017-01-31,True,117,11700.0,21.5735008306497,19.233500830649692,0.0016438889598845892,0.1643888959884589,0.13907283263265627,0.5811965811965812,2.573360995850613,-2.523157653002641,1.899534888721548,-2.863597112833265
buy_after_red,2016-03-01,2017-02-28,True,111,11100.0,20.496777529049737,18.27677752904974,0.001646556534148625,0.16465565341486252,0.10793176972281106,0.6036036036036037,2.573360995850613,-2.523157653002641,2.0138327336831194,-2.863597112833265
buy_after_red,2016-04-01,2017-03-31,True,112,11200.0,16.225235777751703,13.9852357777517,0.0012486817658706876,0.12486817658706875,0.08087197021578786,0.5982142857142857,2.3003026481714905,-2.523157653002641,1.7522020813643826,-2.863597112833265
buy_after_red,2016-05-01,2017-04-30,True,114,11400.0,14.586902914701227,12.306902914701224,0.0010795528872544933,0.10795528872544934,0.06896334246533133,0.5877192982456141,2.3003026481714905,-2.523157653002641,1.6728860760962536,-2.8635971128332645
buy_after_red,2016-06-01,2017-05-31,True,113,11300.0,11.699344360671613,9.439344360671614,0.0008353402089089924,0.08353402089089923,0.07247485839787295,0.6017699115044248,2.3003026481714905,-2.523157653002641,1.5166154219493557,-2.863597112833265
buy_after_red,2016-07-01,2017-06-30,True,112,11200.0,11.245476077329531,9.00547607732953,0.0008040603640472794,0.08040603640472795,0.05719282503110269,0.5892857142857143,1.7120607988688508,-2.523157653002641,1.5749743089898665,-2.863597112833265
buy_after_red,2016-08-01,2017-07-31,True,113,11300.0,10.595124884928543,8.335124884928542,0.0007376216712326142,0.07376216712326143,0.043031831074700225,0.5575221238938053,1.7120607988688508,-2.523157653002641,1.5188043549264878,-2.863597112833265
buy_after_red,2016-09-01,2017-08-31,True,110,11000.0,11.702285215986198,9.502285215986195,0.0008638441105441996,0.08638441105441995,0.036811878301687986,0.5727272727272728,1.7120607988688508,-2.523157653002641,1.6405626982201176,-2.863597112833265
buy_after_red,2016-10-01,2017-09-30,True,105,10500.0,11.119128338935324,9.019128338935323,0.000858964603708126,0.0858964603708126,0.03059192552867575,0.5619047619047619,1.2064749418481768,-1.6473732526601248,1.8331450078110583,-2.413427408296007
buy_after_red,2016-11-01,2017-10-31,True,97,9700.0,13.01017735214096,11.07017735214096,0.001141255397127934,0.11412553971279339,0.07557183816502057,0.6082474226804123,1.2064749418481768,-1.6473732526601248,2.3554101222152375,-1.6473732526601248
buy_after_red,2016-12-01,2017-11-30,True,96,9600.0,12.186657600203688,10.266657600203686,0.0010694435000212174,0.10694435000212173,0.07051183234890514,0.6145833333333334,1.2064749418481768,-1.6473732526601248,2.3153708708417593,-1.6473732526601248
buy_after_red,2017-01-01,2017-12-31,True,96,9600.0,12.427178903455381,10.50717890345538,0.0010944978024432688,0.10944978024432687,0.0753732418197295,0.6145833333333334,1.2064749418481768,-1.6473732526601248,2.419417492502106,-1.6473732526601248
buy_after_red,2017-02-01,2018-01-31,True,91,9100.0,11.253441088302072,9.433441088302072,0.0010366418778353925,0.10366418778353925,0.06855042946958047,0.6153846153846154,1.2064749418481768,-1.6473732526601248,2.1763704983082808,-1.6473732526601248
buy_after_red,2017-03-01,2018-02-28,True,95,9500.0,2.9470213428498533,1.047021342849852,0.00011021277293156338,0.011021277293156337,0.0654518265327897,0.5894736842105263,2.657210365853666,-5.433492927094665,1.0516037006960461,-9.286961564401686
buy_after_red,2017-04-01,2018-03-31,False,97,9700.0,-1.649204622539679,-3.5892046225396803,-0.0003700210951071835,-0.037002109510718355,0.04782288537932057,0.5670103092783505,2.657210365853666,-5.433492927094665,0.8665078109658318,-16.656766868793756
buy_after_red,2017-05-01,2018-04-30,False,95,9500.0,-3.3306311685020744,-5.230631168502077,-0.000550592754579166,-0.0550592754579166,0.04782288537932057,0.5578947368421052,2.657210365853666,-5.433492927094665,0.8207260688940593,-16.656766868793753
buy_after_red,2017-06-01,2018-05-31,False,94,9400.0,-2.063884584223608,-3.943884584223609,-0.00041956218981102227,-0.041956218981102224,0.05581457328803553,0.5638297872340425,2.657210365853666,-5.433492927094665,0.8638719322710648,-16.656766868793756
buy_after_red,2017-07-01,2018-06-30,False,94,9400.0,-0.6976123759258486,-2.5776123759258485,-0.000274214082545303,-0.027421408254530304,0.1015930176112212,0.6063829787234043,2.657210365853666,-5.433492927094665,0.9112243296011397,-16.656766868793753
buy_after_red,2017-08-01,2018-07-31,False,94,9400.0,0.6206884496515728,-1.2593115503484262,-0.00013396931386685384,-0.013396931386685386,0.14397659162336043,0.6276595744680851,2.657210365853666,-5.433492927094665,0.9570106520274072,-16.656766868793753
buy_after_red,2017-09-01,2018-08-31,False,92,9200.0,1.1987986040632435,-0.6412013959367537,-6.969580390616889e-05,-0.006969580390616888,0.16589328789677674,0.6195652173913043,2.657210365853666,-5.433492927094665,0.9783272604095034,-16.656766868793753
buy_after_red,2017-10-01,2018-09-30,False,94,9400.0,0.3872764206267574,-1.4927235793732416,-0.0001588003807843874,-0.01588003807843874,0.16589328789677674,0.6170212765957447,2.657210365853666,-5.433492927094665,0.9514351146116884,-16.656766868793753
buy_after_red,2017-11-01,2018-10-31,False,105,10500.0,-4.435339462949886,-6.535339462949883,-0.0006224132821857031,-0.06224132821857032,0.11802622498275685,0.5714285714285714,2.657210365853666,-5.433492927094665,0.8407016978995971,-16.656766868793753
buy_after_red,2017-12-01,2018-11-30,False,105,10500.0,-9.676159415804918,-11.776159415804921,-0.001121538991981421,-0.1121538991981421,0.06855042946958047,0.5428571428571428,2.657210365853666,-5.433492927094665,0.7478875126726683,-16.656766868793753
buy_after_red,2018-01-01,2018-12-31,False,112,11200.0,-18.66735359070103,-20.90735359070103,-0.001866727999169735,-0.1866727999169735,0.0303770880451837,0.5089285714285714,5.196095380029806,-5.433492927094665,0.6620643391782933,-28.33282709697639
buy_after_red,2018-02-01,2019-01-31,False,112,11200.0,-14.175927078058082,-16.415927078058083,-0.0014657077748266144,-0.14657077748266145,0.0303770880451837,0.5089285714285714,5.196095380029806,-5.433492927094665,0.7302684001657809,-24.886038383408778
buy_after_red,2018-03-01,2019-02-28,False,112,11200.0,-2.4413961104468913,-4.681396110446893,-0.0004179817955756154,-0.04179817955756154,0.12688759714552858,0.5357142857142857,5.196095380029806,-3.6832891660171474,0.9054174009343275,-22.42787628666738
buy_after_red,2018-04-01,2019-03-31,True,112,11200.0,4.495559870878328,2.2555598708783267,0.00020138927418556488,0.02013892741855649,0.15382009329087734,0.5535714285714286,5.196095380029806,-3.6832891660171474,1.0525749811947767,-22.427876286667377
buy_after_red,2018-05-01,2019-04-30,True,110,11000.0,7.260103797612304,5.060103797612305,0.00046000943614657317,0.04600094361465732,0.188267294452269,0.5727272727272728,5.196095380029806,-3.6832891660171474,1.1281152051630112,-22.427876286667377
buy_after_red,2018-06-01,2019-05-31,True,112,11200.0,6.364215039767809,4.124215039767806,0.00036823348569355415,0.036823348569355416,0.17173809679424726,0.5625,5.196095380029806,-3.6832891660171474,1.100007656950491,-22.427876286667374
buy_after_red,2018-07-01,2019-06-30,True,110,11000.0,4.701663689204905,2.5016636892049067,0.0002274239717459006,0.022742397174590062,0.09168979395262956,0.5454545454545454,5.196095380029806,-3.6832891660171474,1.0605715523003652,-22.427876286667377
buy_after_red,2018-08-01,2019-07-31,False,112,11200.0,2.015856545061978,-0.22414345493801946,-2.001280847660888e-05,-0.002001280847660888,0.044297368134258455,0.5357142857142857,5.196095380029806,-3.6832891660171474,0.9948207177206756,-22.427876286667377
buy_after_red,2018-09-01,2019-08-31,False,116,11600.0,-0.17573751025917872,-2.495737510259179,-0.0002151497853671706,-0.02151497853671706,0.02309650490168515,0.5258620689655172,5.196095380029806,-3.6832891660171474,0.9511835053887263,-22.427876286667377
buy_after_red,2018-10-01,2019-09-30,False,114,11400.0,0.7324122388157628,-1.5475877611842357,-0.00013575331238458208,-0.013575331238458208,0.06467936963328925,0.543859649122807,5.196095380029806,-3.6832891660171474,0.9692180776851949,-22.40601972103031
buy_after_red,2018-11-01,2019-10-31,True,107,10700.0,7.999128513895983,5.859128513895982,0.0005475821041024282,0.05475821041024282,0.23107604017216013,0.5981308411214953,5.196095380029806,-3.4082393104036846,1.13915468087951,-16.704392993295222
buy_after_red,2018-12-01,2019-11-30,True,104,10400.0,12.379600172944352,10.299600172944352,0.0009903461704754185,0.09903461704754185,0.21450565266336377,0.625,5.196095380029806,-3.4082393104036846,1.2853957745330455,-11.043813743379262
buy_after_red,2019-01-01,2019-12-31,True,99,9900.0,20.724840287673196,18.7448402876732,0.0018934182108760807,0.18934182108760808,0.2498422033563519,0.6767676767676768,3.222581829305591,-3.4082393104036846,1.8241551397631388,-6.16241646335286
buy_after_red,2019-02-01,2020-01-31,True,103,10300.0,18.80255801071364,16.74255801071364,0.0016254910690013244,0.16254910690013244,0.24377270329338566,0.6796116504854369,2.1016156236129713,-3.4082393104036846,1.7054065798267326,-6.16241646335286
buy_after_red,2019-03-01,2020-02-29,True,105,10500.0,5.760159391927534,3.6601593919275337,0.00034858660875500323,0.03485866087550032,0.1979352651545674,0.6571428571428571,2.1016156236129713,-4.64059511329731,1.1062857321932076,-11.737790586775898
buy_after_red,2019-04-01,2020-03-31,True,104,10400.0,17.039000005369353,14.95900000536936,0.0014383653851316692,0.1438365385131669,0.23210662621428793,0.6538461538461539,10.949335254167522,-9.844689554419286,1.2927846352409895,-20.32015502080541
buy_after_red,2019-05-01,2020-04-30,True,107,10700.0,29.73823267066018,27.598232670660188,0.002579274081370111,0.2579274081370111,0.2498422033563519,0.6542056074766355,10.949335254167522,-9.844689554419286,1.4749658821180058,-20.32015502080541
buy_after_red,2019-06-01,2020-05-31,True,103,10300.0,33.53683717722723,31.47683717722723,0.003056003609439537,0.3056003609439537,0.3504923431582463,0.6699029126213593,10.949335254167522,-9.844689554419286,1.5481014077725765,-20.32015502080541
buy_after_red,2019-07-01,2020-06-30,True,104,10400.0,34.12509185036487,32.04509185036487,0.0030812588317658527,0.3081258831765853,0.4265077456929811,0.6730769230769231,10.949335254167522,-9.844689554419286,1.5072577211082399,-20.32015502080541
buy_after_red,2019-08-01,2020-07-31,True,103,10300.0,38.970818475226835,36.910818475226826,0.003583574609245323,0.3583574609245323,0.49329518680578444,0.6893203883495146,10.949335254167522,-9.844689554419286,1.5996300508560277,-20.32015502080541
buy_after_red,2019-09-01,2020-08-31,True,96,9600.0,41.050838290192715,39.13083829019272,0.004076128988561742,0.4076128988561742,0.4887869577060755,0.71875,10.949335254167522,-9.844689554419286,1.733950810778347,-20.32015502080541
buy_after_red,2019-10-01,2020-09-30,True,101,10100.0,40.02502238488574,38.00502238488575,0.0037628735034540345,0.37628735034540345,0.5067234701781476,0.693069306930693,10.949335254167522,-9.844689554419286,1.6450592353817983,-20.32015502080541
buy_after_red,2019-11-01,2020-10-31,True,105,10500.0,33.447031755540095,31.347031755540105,0.0029854315957657243,0.2985431595765724,0.43225385527876137,0.6285714285714286,10.949335254167522,-9.844689554419286,1.4840312151841932,-20.32015502080541
buy_after_red,2019-12-01,2020-11-30,True,108,10800.0,36.44173812570082,34.28173812570083,0.0031742350116389655,0.31742350116389656,0.4960287760772819,0.6388888888888888,10.949335254167522,-9.844689554419286,1.5224471787246998,-20.32015502080541
buy_after_red,2020-01-01,2020-12-31,True,110,11000.0,39.25264228439097,37.05264228439097,0.0033684220258537244,0.33684220258537245,0.51801999094375,0.6272727272727273,10.949335254167522,-9.844689554419286,1.572057191029681,-20.32015502080541
buy_after_red,2020-02-01,2021-01-31,True,108,10800.0,35.47929759610746,33.31929759610746,0.003085120147787728,0.30851201477877277,0.49402064902568155,0.6111111111111112,10.949335254167522,-9.844689554419286,1.495444721322656,-20.32015502080541
buy_after_red,2020-03-01,2021-02-28,True,108,10800.0,45.7855431810166,43.62554318101661,0.004039402146390427,0.40394021463904267,0.49402064902568155,0.5925925925925926,10.949335254167522,-9.844689554419286,1.7551587290355581,-12.809509622741807
buy_after_red,2020-04-01,2021-03-31,True,110,11000.0,34.36593908917222,32.16593908917224,0.0029241762808338402,0.292417628083384,0.45087618647942973,0.5909090909090909,6.398511066398392,-5.469548488417743,1.7343830666470588,-7.430151702435424
buy_after_red,2020-05-01,2021-04-30,True,107,10700.0,21.95301566416844,19.81301566416844,0.0018516837069316298,0.185168370693163,0.3884967320261423,0.5794392523364486,2.543909207450421,-5.469548488417743,1.528489653969071,-7.430151702435426
buy_after_red,2020-06-01,2021-05-31,True,110,11000.0,18.356801544752653,16.156801544752653,0.0014688001404320594,0.14688001404320594,0.23355426201589813,0.5727272727272728,2.543909207450421,-5.469548488417743,1.4199352190711876,-7.4301517024354276
buy_after_red,2020-07-01,2021-06-30,True,112,11200.0,19.80889533375371,17.5688953337537,0.0015686513690851519,0.1568651369085152,0.1672109258251431,0.5714285714285714,2.543909207450421,-3.1514930246363893,1.5283397447489202,-7.430151702435426
buy_after_red,2020-08-01,2021-07-31,True,111,11100.0,16.476107904292498,14.2561079042925,0.0012843340454317567,0.12843340454317567,0.16458973442896377,0.5675675675675675,2.543909207450421,-3.1514930246363893,1.4127851418838915,-7.4301517024354276
buy_after_red,2020-09-01,2021-08-31,True,114,11400.0,15.416394873124117,13.136394873124118,0.0011523153397477296,0.11523153397477297,0.14799778969917024,0.5614035087719298,2.543909207450421,-3.1514930246363893,1.3658179926608778,-7.4301517024354276
buy_after_red,2020-10-01,2021-09-30,True,115,11500.0,11.255203654082536,8.955203654082533,0.000778713361224568,0.07787133612245681,0.08163816812149839,0.5391304347826087,2.1150448621389795,-3.1514930246363893,1.2550464705024256,-7.430151702435428
buy_after_red,2020-11-01,2021-10-31,True,108,10800.0,17.26048339056302,15.100483390563019,0.0013981929065336129,0.1398192906533613,0.14799778969917024,0.5740740740740741,2.1150448621389795,-2.6466172550549416,1.5386531745384655,-4.316312127787082
buy_after_red,2020-12-01,2021-11-30,True,109,10900.0,15.062310403897271,12.882310403897273,0.0011818633398070894,0.11818633398070894,0.09938872970391756,0.5596330275229358,2.1150448621389795,-2.6466172550549416,1.4572478046921722,-4.31631212778708
buy_after_red,2021-01-01,2021-12-31,True,109,10900.0,14.033395322421113,11.853395322421116,0.0010874674607725795,0.10874674607725796,0.08163816812149839,0.5596330275229358,2.1150448621389795,-2.6466172550549416,1.375103336114764,-4.3163121277870795
buy_after_red,2021-02-01,2022-01-31,True,116,11600.0,9.71825534075601,7.398255340756011,0.000637780632823794,0.06377806328237941,0.04766087538352394,0.5344827586206896,2.1150448621389795,-2.0506472353193272,1.2008186981322384,-8.28314549632853
buy_after_red,2021-03-01,2022-02-28,True,116,11600.0,6.099933725905337,3.779933725905339,0.00032585635568149475,0.032585635568149474,0.04766087538352394,0.5344827586206896,2.1150448621389795,-2.07880647219161,1.091328455415328,-10.109104362269491
buy_after_red,2021-04-01,2022-03-31,True,115,11500.0,4.304809952661005,2.004809952661004,0.00017433130023139168,0.017433130023139166,0.03335040546308178,0.5217391304347826,2.923655189019978,-2.5787467362924277,1.0444488312236586,-10.77153983032572
buy_after_red,2021-05-01,2022-04-30,False,120,12000.0,0.8163933905402718,-1.5836066094597312,-0.0001319672174549776,-0.01319672174549776,0.02691944663239855,0.5083333333333333,2.923655189019978,-2.721932394687334,0.9686335309809139,-10.771539830325722
buy_after_red,2021-06-01,2022-05-31,True,121,12100.0,4.000177467911169,1.5801774679111698,0.00013059317916621239,0.013059317916621238,0.0317538815411056,0.5041322314049587,2.923655189019978,-2.721932394687334,1.0311049865486608,-11.614051412889495
buy_after_red,2021-07-01,2022-06-30,False,125,12500.0,-5.965255235862397,-8.465255235862397,-0.0006772204188689918,-0.06772204188689918,-0.04563773875143838,0.48,2.923655189019978,-3.1564511521023486,0.8671646120361065,-13.482890660923896
buy_after_red,2021-08-01,2022-07-31,False,126,12600.0,-0.9234890400479872,-3.4434890400479845,-0.00027329278095618927,-0.027329278095618924,-0.052087752881554414,0.47619047619047616,2.923655189019978,-3.1564511521023486,0.9454068199188195,-13.482890660923893
buy_after_red,2021-09-01,2022-08-31,False,131,13100.0,-0.8896754084674843,-3.509675408467483,-0.0002679141533181285,-0.026791415331812847,-0.06305705059203247,0.46564885496183206,2.923655189019978,-3.1564511521023486,0.947050178495203,-13.482890660923893
buy_after_red,2021-10-01,2022-09-30,False,131,13100.0,0.06402028823897421,-2.5559797117610277,-0.00019511295509626165,-0.019511295509626166,-0.06305705059203247,0.4732824427480916,2.923655189019978,-3.1564511521023486,0.9628781260860766,-13.482890660923895
buy_after_red,2021-11-01,2022-10-31,True,136,13600.0,4.7037519376991295,1.983751937699128,0.00014586411306611235,0.014586411306611235,-0.08994751353157636,0.4632352941176471,2.955054301322988,-3.1564511521023486,1.0267873648851287,-13.482890660923896
buy_after_red,2021-12-01,2022-11-30,True,139,13900.0,8.990863571506836,6.210863571506836,0.0004468247173745925,0.044682471737459255,-0.20285117220662172,0.45323741007194246,5.4098642533936685,-3.1564511521023486,1.0787110975416923,-13.482890660923891
buy_after_red,2022-01-01,2022-12-31,True,141,14100.0,3.056369252240719,0.23636925224072236,1.676377675466116e-05,0.001676377675466116,-0.21083969465648608,0.4397163120567376,5.4098642533936685,-3.1564511521023486,1.0028506099315369,-13.060712136322056
buy_after_red,2022-02-01,2023-01-31,True,137,13700.0,11.45265533184947,8.712655331849469,0.0006359602432006911,0.06359602432006911,-0.19331022530329142,0.45985401459854014,5.4098642533936685,-3.1564511521023486,1.1116737848267493,-9.3186283901435
buy_after_red,2022-03-01,2023-02-28,True,137,13700.0,12.928678522647958,10.188678522647965,0.0007436991622370777,0.07436991622370777,-0.08586313640255526,0.4744525547445255,5.4098642533936685,-3.1564511521023486,1.136114108311129,-9.318628390143498
buy_after_red,2022-04-01,2023-03-31,True,137,13700.0,14.548769765914878,11.808769765914878,0.0008619539975120349,0.0861953997512035,-0.05853776701167045,0.48905109489051096,5.4098642533936685,-3.1564511521023486,1.168937485914038,-9.3186283901435
buy_after_red,2022-05-01,2023-04-30,True,134,13400.0,17.150444595740943,14.470444595740943,0.0010798839250552943,0.10798839250552943,-0.05698221358255927,0.4925373134328358,5.4098642533936685,-3.1564511521023486,1.2209929992591033,-9.318628390143498
buy_after_red,2022-06-01,2023-05-31,True,135,13500.0,14.702093319555518,12.002093319555518,0.000889043949596705,0.08890439495967051,-0.06904966278357348,0.4888888888888889,5.4098642533936685,-3.1564511521023486,1.1847400271982051,-9.3186283901435
buy_after_red,2022-07-01,2023-06-30,True,128,12800.0,23.89782009552843,21.33782009552843,0.0016670171949631585,0.16670171949631585,0.03829910009879091,0.515625,5.4098642533936685,-2.698404195542239,1.4108196005543934,-8.364358737265174
buy_after_red,2022-08-01,2023-07-31,True,128,12800.0,17.939764534965505,15.379764534965503,0.00120154410429418,0.12015441042941799,0.03129737815682267,0.5078125,5.4098642533936685,-2.698404195542239,1.2957495480179584,-8.364358737265174
buy_after_red,2022-09-01,2023-08-31,True,129,12900.0,15.612996747159976,13.032996747159977,0.0010103098253612386,0.10103098253612386,-0.052849712565019566,0.49612403100775193,5.4098642533936685,-2.698404195542239,1.2510237355873688,-7.816121575100073
buy_after_red,2022-10-01,2023-09-30,True,128,12800.0,15.628198461858112,13.068198461858113,0.001020953004832665,0.10209530048326651,0.023576570597747554,0.5078125,5.4098642533936685,-2.698404195542239,1.2723243469720233,-6.012754539281189
buy_after_red,2022-11-01,2023-10-31,True,131,13100.0,4.964984309879728,2.3449843098797256,0.00017900643586868134,0.017900643586868135,-0.052849712565019566,0.4961832061068702,5.4098642533936685,-2.698404195542239,1.046826651993718,-9.339942626238166
buy_after_red,2022-12-01,2023-11-30,True,125,12500.0,3.7062401314733373,1.2062401314733355,9.649921051786684e-05,0.009649921051786685,0.024449383264799635,0.52,2.1323610748760857,-2.698404195542239,1.0274327895092914,-9.33994262623817
buy_after_red,2023-01-01,2023-12-31,True,117,11700.0,9.793474805114188,7.453474805114189,0.0006370491286422383,0.06370491286422383,0.04615347606446775,0.5470085470085471,2.1323610748760857,-1.9119911829537117,1.2104020202285097,-9.339942626238164
buy_after_red,2023-02-01,2024-01-31,True,117,11700.0,6.420669680040269,4.080669680040269,0.0003487751863282281,0.03487751863282281,0.03989099838294986,0.5470085470085471,1.8716934891862969,-1.9119911829537117,1.1191042102192343,-9.33994262623817
buy_after_red,2023-03-01,2024-02-29,True,115,11500.0,9.279846843462401,6.979846843462401,0.0006069432037793392,0.060694320377933916,0.05850614030169289,0.5652173913043478,1.8716934891862969,-1.6622947131608523,1.2153830366801097,-9.339942626238166
buy_after_red,2023-04-01,2024-03-31,True,114,11400.0,5.910989757125618,3.6309897571256156,0.00031850787343207156,0.031850787343207156,0.043022237223708806,0.543859649122807,1.8716934891862969,-1.6622947131608523,1.1114392208335835,-9.33994262623817
buy_after_red,2023-05-01,2024-04-30,True,118,11800.0,3.199730722689476,0.8397307226894739,7.116362056690457e-05,0.007116362056690457,0.03530142966463369,0.5423728813559322,1.8716934891862969,-1.6622947131608523,1.024187378841086,-9.33994262623817
buy_after_red,2023-06-01,2024-05-31,True,113,11300.0,3.3275546714425235,1.0675546714425215,9.447386472942668e-05,0.009447386472942668,0.05600950118764604,0.5486725663716814,1.8716934891862969,-1.6622947131608523,1.0326627095463512,-9.33994262623817
buy_after_red,2023-07-01,2024-06-30,False,112,11200.0,1.4176908571404856,-0.8223091428595164,-7.34204591838854e-05,-0.007342045918388539,0.024092174685095297,0.5357142857142857,1.8716934891862969,-1.6622947131608523,0.9746031207092513,-9.339942626238166
buy_after_red,2023-08-01,2024-07-31,False,114,11400.0,1.4686644138803495,-0.8113355861196525,-7.116978825610986e-05,-0.007116978825610987,0.024092174685095297,0.5350877192982456,1.8728456849534703,-2.0432766338406427,0.9770127226449321,-8.386536512701053
buy_after_red,2023-09-01,2024-08-31,True,109,10900.0,4.115706837021405,1.9357068370214017,0.00017758778321297263,0.017758778321297262,0.05850614030169289,0.5688073394495413,2.6680430086881457,-2.130694183864914,1.056004938310578,-7.950074974954756
buy_after_red,2023-10-01,2024-09-30,True,105,10500.0,8.905952876308564,6.805952876308561,0.0006481859882198629,0.0648185988219863,0.11131657020573062,0.580952380952381,2.6680430086881457,-2.130694183864914,1.2081122972895164,-5.122429585491233
buy_after_red,2023-11-01,2024-10-31,True,101,10100.0,12.562513439981469,10.54251343998147,0.0010438132118793535,0.10438132118793535,0.14922859963333093,0.6138613861386139,2.6680430086881457,-2.130694183864914,1.3858336340394728,-5.069337197623561
buy_after_red,2023-12-01,2024-11-30,True,100,10000.0,7.626092309325739,5.626092309325738,0.0005626092309325738,0.056260923093257385,0.10828353560386807,0.6,2.6680430086881457,-2.130694183864914,1.1966599868879069,-5.069337197623565
buy_after_red,2024-01-01,2024-12-31,False,108,10800.0,1.199158511317798,-0.9608414886822008,-8.896680450761118e-05,-0.008896680450761118,0.0773385444257846,0.5648148148148148,2.6680430086881457,-3.0141356240191675,0.9728168364037119,-7.503428172949606
buy_after_red,2024-02-01,2025-01-31,True,108,10800.0,3.1618426504575363,1.0018426504575353,9.276320837569771e-05,0.009276320837569772,0.10828353560386807,0.5740740740740741,2.6680430086881457,-3.0141356240191675,1.0282180833796843,-8.217942194160614
buy_after_red,2024-03-01,2025-02-28,False,110,11000.0,1.612781844849509,-0.5872181551504916,-5.338346865004469e-05,-0.005338346865004469,0.061194489660429965,0.5545454545454546,2.6680430086881457,-3.0141356240191675,0.9848261207855622,-8.217942194160614
buy_after_red,2024-04-01,2025-03-31,True,111,11100.0,5.258638237842117,3.038638237842116,0.0002737511925983888,0.027375119259838883,0.14922859963333093,0.5855855855855856,2.6680430086881457,-3.0141356240191675,1.078469440737883,-8.217942194160614
buy_after_red,2024-05-01,2025-04-30,True,106,10600.0,14.333406241488888,12.21340624148889,0.0011522081359895179,0.1152208135989518,0.17763462576426473,0.5943396226415094,9.662896379525597,-5.78710307947631,1.2875096366299352,-8.217942194160614
buy_after_red,2024-06-01,2025-05-31,True,108,10800.0,14.775470288328606,12.615470288328606,0.0011680991007711672,0.11680991007711672,0.15197398753151517,0.5833333333333334,9.662896379525597,-5.78710307947631,1.2847710085465827,-8.217942194160614
buy_after_red,2024-07-01,2025-06-30,True,106,10600.0,17.799204574922936,15.679204574922936,0.001479170242917258,0.14791702429172582,0.21891315073976128,0.6037735849056604,9.662896379525597,-5.78710307947631,1.3592657935791104,-8.217942194160614
buy_after_red,2024-08-01,2025-07-31,True,106,10600.0,18.09356715580048,15.973567155800481,0.0015069402977170266,0.15069402977170265,0.17763462576426473,0.6132075471698113,9.662896379525597,-5.78710307947631,1.3900685949430318,-8.217942194160614
buy_after_red,2024-09-01,2025-08-31,True,108,10800.0,20.380413556391872,18.220413556391875,0.001687075329295544,0.1687075329295544,0.15197398753151517,0.6111111111111112,9.662896379525597,-5.78710307947631,1.4618479220582152,-8.217942194160614
buy_after_red,2024-10-01,2025-09-30,True,109,10900.0,18.545192733798753,16.365192733798757,0.001501393828788877,0.15013938287888767,0.13169660678642228,0.6055045871559633,9.662896379525597,-5.78710307947631,1.4165774319238111,-8.217942194160614
buy_after_red,2024-11-01,2025-10-31,True,109,10900.0,17.520521401992035,15.340521401992028,0.0014073872845864245,0.14073872845864246,0.1534304543877796,0.6055045871559633,9.662896379525597,-5.78710307947631,1.3747854488781859,-6.717746982253249
buy_after_red,2024-12-01,2025-11-30,True,113,11300.0,18.13940385939224,15.87940385939225,0.0014052569787072788,0.14052569787072788,0.15051752067525073,0.5929203539823009,9.662896379525597,-5.78710307947631,1.379003258320096,-6.717746982253249
buy_after_red,2025-01-01,2025-12-31,True,110,11000.0,21.0075768872698,18.807576887269796,0.001709779717024527,0.17097797170245269,0.13821761075885955,0.5909090909090909,9.662896379525597,-5.78710307947631,1.494707736586531,-6.396557122002385
buy_after_red,2025-02-01,2026-01-31,True,110,11000.0,18.23513623409954,16.03513623409955,0.0014577396576454136,0.14577396576454135,0.12275319722586443,0.5636363636363636,9.662896379525597,-5.78710307947631,1.4224935532021323,-6.396557122002385
buy_after_red,2025-03-01,2026-02-28,True,111,11100.0,19.195795509383295,16.975795509383303,0.0015293509467912887,0.15293509467912886,0.09674571324333804,0.5585585585585585,9.662896379525597,-5.78710307947631,1.4586292694567644,-5.78710307947631
buy_after_red,2025-04-01,2026-03-31,True,115,11500.0,15.260426048307618,12.960426048307623,0.0011269935694180541,0.11269935694180541,0.049060773480655864,0.5217391304347826,9.662896379525597,-5.78710307947631,1.3091757247776528,-4.647297075087039
buy_after_first_green_after_two_reds,2014-05-01,2015-04-30,False,27,2700.0,-5.019550074801971,-5.559550074801971,-0.002059092620297026,-0.2059092620297026,-0.2749719530851591,0.48148148148148145,2.5250031036623244,-1.8808208004078475,0.6050766130792901,-8.371948517977096
buy_after_first_green_after_two_reds,2014-06-01,2015-05-31,False,30,3000.0,-3.2196731637858855,-3.819673163785885,-0.0012732243879286283,-0.12732243879286284,0.04655355335843937,0.5333333333333333,2.5250031036623244,-1.8808208004078475,0.7190362826607427,-8.371948517977096
buy_after_first_green_after_two_reds,2014-07-01,2015-06-30,False,31,3100.0,-4.001984618565247,-4.621984618565247,-0.0014909627801823378,-0.14909627801823377,-0.03191753068764401,0.4838709677419355,2.5250031036623244,-1.8808208004078475,0.6768043079433095,-7.85639578608383
buy_after_first_green_after_two_reds,2014-08-01,2015-07-31,False,31,3100.0,-4.006333109072846,-4.6263331090728474,-0.0014923655190557572,-0.14923655190557572,0.04131959774344775,0.5161290322580645,2.5250031036623244,-1.8808208004078475,0.6901688005404167,-6.4026139765182
buy_after_first_green_after_two_reds,2014-09-01,2015-08-31,False,32,3200.0,-4.766271223155638,-5.406271223155638,-0.001689459757236137,-0.1689459757236137,0.004701033527901868,0.5,2.5250031036623244,-1.8808208004078475,0.655908463792597,-6.188930515952546
buy_after_first_green_after_two_reds,2014-10-01,2015-09-30,False,33,3300.0,-8.320839129271695,-8.980839129271697,-0.002721466402809605,-0.27214664028096053,-0.09702182284980986,0.45454545454545453,2.5250031036623244,-2.2909475332811313,0.531783333477273,-8.91769137797221
buy_after_first_green_after_two_reds,2014-11-01,2015-10-31,False,34,3400.0,-2.751624234136663,-3.431624234136664,-0.001009301245334313,-0.1009301245334313,0.05716733939238107,0.5588235294117647,2.5250031036623244,-2.2909475332811313,0.7761214443932943,-8.917691377972208
buy_after_first_green_after_two_reds,2014-12-01,2015-11-30,False,34,3400.0,-3.583732429602071,-4.263732429602071,-0.001254038949882962,-0.1254038949882962,0.04641505835681682,0.5294117647058824,2.5250031036623244,-2.2909475332811313,0.7285845277812373,-8.917691377972208
buy_after_first_green_after_two_reds,2015-01-01,2015-12-31,False,35,3500.0,-7.269588929408155,-7.969588929408156,-0.00227702540840233,-0.22770254084023303,-0.03191753068764401,0.4857142857142857,1.6874981440237558,-2.2909475332811313,0.5456787079954118,-10.138471563153928
buy_after_first_green_after_two_reds,2015-02-01,2016-01-31,False,34,3400.0,-8.24554596674556,-8.92554596674556,-0.0026251605784545764,-0.2625160578454576,-0.06446967676872693,0.47058823529411764,1.6348173571953928,-2.2909475332811313,0.48257068174635714,-11.331957097258025
buy_after_first_green_after_two_reds,2015-03-01,2016-02-29,False,35,3500.0,-8.061811696585798,-8.761811696585797,-0.0025033747704530846,-0.25033747704530845,-0.09702182284980986,0.45714285714285713,1.6348173571953928,-2.2909475332811313,0.518595037251571,-11.331957097258023
buy_after_first_green_after_two_reds,2015-04-01,2016-03-31,False,34,3400.0,-5.763260379105229,-6.4432603791052285,-0.0018950765820897732,-0.1895076582089773,0.004562538526279317,0.5,1.6348173571953928,-2.2909475332811313,0.5912144710060183,-11.331957097258021
buy_after_first_green_after_two_reds,2015-05-01,2016-04-30,False,33,3300.0,-8.691467381455631,-9.351467381455633,-0.0028337779943804946,-0.28337779943804947,-0.09702182284980986,0.45454545454545453,1.2398847339498675,-2.2909475332811313,0.44938121027240663,-11.331957097258023
buy_after_first_green_after_two_reds,2015-06-01,2016-05-31,False,32,3200.0,-12.222683775477062,-12.862683775477063,-0.004019588679836582,-0.4019588679836582,-0.3954054440657129,0.375,1.2398847339498675,-2.2909475332811313,0.3222547817853717,-12.83076624478942
buy_after_first_green_after_two_reds,2015-07-01,2016-06-30,False,32,3200.0,-9.622411644902563,-10.262411644902564,-0.003207003639032051,-0.3207003639032051,-0.2560042379714711,0.4375,1.8781880931837835,-2.2909475332811313,0.43837324759572294,-11.135172948229329
buy_after_first_green_after_two_reds,2015-08-01,2016-07-31,False,30,3000.0,-8.640888115784332,-9.24088811578433,-0.0030802960385947764,-0.30802960385947764,-0.2560042379714711,0.43333333333333335,1.8781880931837835,-2.2909475332811313,0.44414304032712576,-10.422718315946616
buy_after_first_green_after_two_reds,2015-09-01,2016-08-31,False,31,3100.0,-7.54258728605186,-8.16258728605186,-0.0026330926729199546,-0.2633092672919955,-0.13082379017361975,0.45161290322580644,1.8781880931837835,-2.2909475332811313,0.4781686332152541,-9.306053508448462
buy_after_first_green_after_two_reds,2015-10-01,2016-09-30,False,31,3100.0,-2.950019121012648,-3.5700191210126486,-0.0011516190712944029,-0.11516190712944027,0.016096739261215482,0.5161290322580645,1.8781880931837835,-2.0192685602828186,0.6967699760028637,-5.82185757587685
buy_after_first_green_after_two_reds,2015-11-01,2016-10-31,False,30,3000.0,-5.0429868497615224,-5.642986849761521,-0.0018809956165871738,-0.18809956165871738,-0.1518375270679961,0.43333333333333335,1.8781880931837835,-2.0192685602828186,0.5405061924565505,-5.4817154978477305
buy_after_first_green_after_two_reds,2015-12-01,2016-11-30,False,29,2900.0,-4.437537115555801,-5.0175371155558,-0.0017301852122606207,-0.1730185212260621,-0.13082379017361975,0.4482758620689655,1.8781880931837835,-2.0192685602828186,0.5783473169582619,-4.92401684806878
buy_after_first_green_after_two_reds,2016-01-01,2016-12-31,False,26,2600.0,-1.0707705677001411,-1.590770567700142,-0.0006118348337308239,-0.06118348337308239,-0.04859886069009332,0.5,1.8781880931837835,-1.2953623188405783,0.8119240889167866,-3.5497042996343064
buy_after_first_green_after_two_reds,2016-02-01,2017-01-31,False,26,2600.0,-0.23869446781821235,-0.7586944678182128,-0.0002918055645454665,-0.029180556454546647,-0.04859886069009332,0.5,1.8781880931837835,-1.2953623188405783,0.8993179499573842,-3.5497042996343064
buy_after_first_green_after_two_reds,2016-03-01,2017-02-28,False,25,2500.0,0.1797156997261684,-0.32028430027383203,-0.0001281137201095328,-0.012811372010953281,0.016096739261215482,0.52,1.8781880931837835,-1.2953623188405783,0.9513603143914157,-3.5497042996343064
buy_after_first_green_after_two_reds,2016-04-01,2017-03-31,False,24,2400.0,-0.6342851480930611,-1.1142851480930616,-0.000464285478372109,-0.0464285478372109,-0.04859886069009332,0.5,1.8781880931837835,-1.2953623188405783,0.8303998731148082,-2.197278373279108
buy_after_first_green_after_two_reds,2016-05-01,2017-04-30,False,26,2600.0,-0.5056594196921393,-1.0256594196921398,-0.00039448439218928453,-0.039448439218928454,-0.11467796999409473,0.46153846153846156,1.8781880931837835,-1.2953623188405783,0.8417545590324983,-1.9374601473287067
buy_after_first_green_after_two_reds,2016-06-01,2017-05-31,True,26,2600.0,2.5627357903422077,2.042735790342207,0.0007856676116700797,0.07856676116700798,-0.04859886069009332,0.5,1.8781880931837835,-1.2953623188405783,1.4474883178838174,-1.9374601473287067
buy_after_first_green_after_two_reds,2016-07-01,2017-06-30,True,25,2500.0,0.6695778343109415,0.16957783431094112,6.783113372437644e-05,0.006783113372437644,-0.11329446064140213,0.48,0.90719780219781,-1.2953623188405783,1.037148269582858,-1.9374601473287067
buy_after_first_green_after_two_reds,2016-08-01,2017-07-31,True,26,2600.0,0.5887779151108608,0.06877791511086033,2.6453044273407818e-05,0.002645304427340782,-0.10704718992074146,0.46153846153846156,0.90719780219781,-1.2953623188405783,1.0147412040951023,-1.9374601473287067
buy_after_first_green_after_two_reds,2016-09-01,2017-08-31,True,25,2500.0,1.3747216809019691,0.8747216809019687,0.00034988867236078746,0.03498886723607875,-0.04021018593371116,0.48,0.90719780219781,-1.2953623188405783,1.2211020374445283,-1.4086567794819804
buy_after_first_green_after_two_reds,2016-10-01,2017-09-30,True,22,2200.0,2.1594666779984006,1.7194666779984003,0.0007815757627265456,0.07815757627265456,-0.009541654759989122,0.5,0.90719780219781,-0.5393428722840454,1.6749535705352425,-1.2490378871274443
buy_after_first_green_after_two_reds,2016-11-01,2017-10-31,True,19,1900.0,2.4761053038381053,2.096105303838105,0.001103213317809529,0.1103213317809529,0.021126876413732915,0.5263157894736842,0.90719780219781,-0.5393428722840454,2.027522741142383,-1.2490378871274443
buy_after_first_green_after_two_reds,2016-12-01,2017-11-30,True,20,2000.0,1.7740292222341858,1.3740292222341854,0.0006870146111170927,0.06870146111170927,-0.07050505256689597,0.45,0.90719780219781,-0.5393428722840454,1.5547758895191994,-1.2490378871274443
buy_after_first_green_after_two_reds,2017-01-01,2017-12-31,True,21,2100.0,1.16105693063846,0.7410569306384596,0.0003528842526849807,0.035288425268498076,-0.04791476691169637,0.42857142857142855,0.7275813544415066,-0.5393428722840454,1.2935293704970694,-1.2490378871274443
buy_after_first_green_after_two_reds,2017-02-01,2018-01-31,True,19,1900.0,0.9588718843991262,0.578871884399126,0.00030466941284164523,0.030466941284164523,-0.04791476691169637,0.42105263157894735,0.7275813544415066,-0.5393428722840454,1.2635619269900495,-1.2490378871274443
buy_after_first_green_after_two_reds,2017-03-01,2018-02-28,True,22,2200.0,1.7023725618474206,1.2623725618474202,0.0005738057099306456,0.05738057099306455,-0.07435734305588858,0.4090909090909091,1.3070666298037081,-0.6623384844535418,1.4072661951599523,-1.2490378871274443
buy_after_first_green_after_two_reds,2017-04-01,2018-03-31,True,24,2400.0,1.0676608523713327,0.5876608523713323,0.0002448586884880551,0.02448586884880551,-0.07855701815655201,0.375,1.3070666298037081,-1.6650460612897122,1.119722419124127,-1.924964327856511
buy_after_first_green_after_two_reds,2017-05-01,2018-04-30,True,23,2300.0,0.8548180293434742,0.3948180293434733,0.00017166001275803187,0.01716600127580319,-0.04791476691169637,0.43478260869565216,1.3070666298037081,-2.2970398481973486,1.0650163986871297,-4.22200417605386
buy_after_first_green_after_two_reds,2017-06-01,2018-05-31,False,22,2200.0,-1.885163425871439,-2.3251634258714393,-0.0010568924663051998,-0.10568924663051997,-0.07855701815655201,0.36363636363636365,1.3070666298037081,-2.2970398481973486,0.6940512534863396,-5.099648177124701
buy_after_first_green_after_two_reds,2017-07-01,2018-06-30,False,22,2200.0,-2.6207973826495645,-3.060797382649565,-0.001391271537567984,-0.1391271537567984,-0.10400038591532267,0.3181818181818182,1.3070666298037081,-2.2970398481973486,0.6318658504549481,-5.814155257489093
buy_after_first_green_after_two_reds,2017-08-01,2018-07-31,False,22,2200.0,-2.1663984597134918,-2.606398459713492,-0.001184726572597042,-0.11847265725970418,-0.08175748487179389,0.36363636363636365,1.3070666298037081,-2.2970398481973486,0.682671027075641,-5.814155257489093
buy_after_first_green_after_two_reds,2017-09-01,2018-08-31,False,22,2200.0,-3.557934917559591,-3.9979349175595913,-0.0018172431443452687,-0.18172431443452688,-0.20791191454382016,0.3181818181818182,1.3070666298037081,-2.2970398481973486,0.57526309795469,-6.699945733006678
buy_after_first_green_after_two_reds,2017-10-01,2018-09-30,False,23,2300.0,-3.5016645285627312,-3.9616645285627317,-0.0017224628385055355,-0.17224628385055354,-0.20360414945377545,0.30434782608695654,1.3070666298037081,-2.2970398481973486,0.5849029790604934,-6.699945733006678
buy_after_first_green_after_two_reds,2017-11-01,2018-10-31,False,26,2600.0,-3.8246100403694925,-4.344610040369492,-0.0016710038616805738,-0.1671003861680574,-0.20791191454382016,0.3076923076923077,1.3070666298037081,-2.2970398481973486,0.5924178999532321,-7.619432829443465
buy_after_first_green_after_two_reds,2017-12-01,2018-11-30,False,26,2600.0,-3.243678477977807,-3.7636784779778076,-0.0014475686453760798,-0.144756864537608,-0.20791191454382016,0.34615384615384615,1.3070666298037081,-2.2970398481973486,0.640539880169658,-7.619432829443465
buy_after_first_green_after_two_reds,2018-01-01,2018-12-31,False,26,2600.0,-2.659990183436345,-3.179990183436345,-0.0012230731474755173,-0.12230731474755173,-0.20791191454382016,0.34615384615384615,1.3070666298037081,-2.2970398481973486,0.6984779213066565,-7.619432829443465
buy_after_first_green_after_two_reds,2018-02-01,2019-01-31,False,26,2600.0,-2.659990183436345,-3.179990183436345,-0.0012230731474755173,-0.12230731474755173,-0.20791191454382016,0.34615384615384615,1.3070666298037081,-2.2970398481973486,0.6984779213066565,-7.619432829443465
buy_after_first_green_after_two_reds,2018-03-01,2019-02-28,False,24,2400.0,-4.6189348559503856,-5.098934855950386,-0.0021245561899793275,-0.21245561899793275,-0.20791191454382016,0.2916666666666667,1.293705394577469,-2.2970398481973486,0.4976932213431863,-7.619432829443463
buy_after_first_green_after_two_reds,2018-04-01,2019-03-31,False,23,2300.0,-5.972594359294858,-6.432594359294858,-0.0027967801562151554,-0.27967801562151556,-0.24766078542970635,0.30434782608695654,0.9819228822993664,-2.2970398481973486,0.3833394733311126,-5.106775128486339
buy_after_first_green_after_two_reds,2018-05-01,2019-04-30,False,22,2200.0,-4.559191561249798,-4.999191561249798,-0.00227235980056809,-0.227235980056809,-0.2299402325317856,0.3181818181818182,0.9819228822993664,-1.7248435041091104,0.3854182016057786,-4.032359764148175
buy_after_first_green_after_two_reds,2018-06-01,2019-05-31,False,23,2300.0,-7.0433162686243005,-7.503316268624301,-0.0032623114211410005,-0.32623114211410004,-0.2730761846583518,0.30434782608695654,0.9819228822993664,-1.8216442189959792,0.2946965544348037,-7.1424081919959
buy_after_first_green_after_two_reds,2018-07-01,2019-06-30,False,24,2400.0,-6.0689967697413305,-6.548996769741331,-0.002728748654058888,-0.2728748654058888,-0.18998590027424986,0.3333333333333333,0.9819228822993664,-1.8216442189959792,0.3487620226725897,-7.274719207114693
buy_after_first_green_after_two_reds,2018-08-01,2019-07-31,False,25,2500.0,-6.821790374966574,-7.321790374966575,-0.00292871614998663,-0.292871614998663,-0.24766078542970635,0.32,0.9819228822993664,-1.8216442189959792,0.33236645366250056,-6.897569018816061
buy_after_first_green_after_two_reds,2018-09-01,2019-08-31,False,26,2600.0,-9.065056992517917,-9.585056992517917,-0.0036865603817376603,-0.368656038173766,-0.18998590027424986,0.34615384615384615,0.9819228822993664,-3.099153872398499,0.28708770755177127,-10.400225115620977
buy_after_first_green_after_two_reds,2018-10-01,2019-09-30,False,25,2500.0,-9.009718393944542,-9.509718393944544,-0.0038038873575778178,-0.38038873575778176,-0.24766078542970635,0.36,0.9819228822993664,-3.099153872398499,0.2857201954539097,-10.400225115620978
buy_after_first_green_after_two_reds,2018-11-01,2019-10-31,False,24,2400.0,-8.880016866080542,-9.360016866080542,-0.0039000070275335592,-0.3900007027533559,-0.18998590027424986,0.375,1.3366889919285563,-3.099153872398499,0.3201676477933982,-11.69878280011701
buy_after_first_green_after_two_reds,2018-12-01,2019-11-30,False,23,2300.0,-8.822556291704707,-9.282556291704708,-0.004035894039871612,-0.4035894039871612,-0.13231101511879337,0.391304347826087,1.3366889919285563,-3.099153872398499,0.3134439704197734,-11.69878280011701
buy_after_first_green_after_two_reds,2019-01-01,2019-12-31,False,22,2200.0,-9.503498062132717,-9.943498062132722,-0.0045197718464239645,-0.45197718464239645,-0.2026935998885726,0.4090909090909091,1.3366889919285563,-3.099153872398499,0.25775155497465896,-11.586557401242166
buy_after_first_green_after_two_reds,2019-02-01,2020-01-31,False,25,2500.0,-10.097751899190621,-10.597751899190621,-0.004239100759676248,-0.42391007596762487,-0.2730761846583518,0.4,1.3366889919285563,-3.099153872398499,0.2795717716819614,-11.586557401242166
buy_after_first_green_after_two_reds,2019-03-01,2020-02-29,False,23,2300.0,-9.629889258566383,-10.089889258566384,-0.004386908373289732,-0.4386908373289732,-0.2730761846583518,0.43478260869565216,1.3366889919285563,-3.099153872398499,0.2895688973635512,-11.431266689701937
buy_after_first_green_after_two_reds,2019-04-01,2020-03-31,False,24,2400.0,-15.82503368765136,-16.305033687651356,-0.006793764036521399,-0.6793764036521398,-0.2026935998885726,0.4166666666666667,5.669655172413799,-9.650668536699394,0.3691696978929315,-16.4126172548879
buy_after_first_green_after_two_reds,2019-05-01,2020-04-30,False,25,2500.0,-17.53523430886027,-18.035234308860268,-0.007214093723544107,-0.7214093723544107,-0.30186181153347924,0.36,5.669655172413799,-9.650668536699394,0.3434465097052083,-16.21359008986429
buy_after_first_green_after_two_reds,2019-06-01,2020-05-31,False,23,2300.0,-12.148049398351734,-12.608049398351735,-0.005481760607979015,-0.5481760607979015,-0.011216512955638507,0.43478260869565216,5.669655172413799,-9.650668536699394,0.4548527154327343,-15.472335092094658
buy_after_first_green_after_two_reds,2019-07-01,2020-06-30,False,23,2300.0,-7.427493323625901,-7.887493323625899,-0.003429344923315608,-0.3429344923315608,-0.00874000675599394,0.4782608695652174,5.669655172413799,-9.650668536699394,0.6569980162954939,-15.472335092094657
buy_after_first_green_after_two_reds,2019-08-01,2020-07-31,False,22,2200.0,-7.72836054593881,-8.168360545938805,-0.0037128911572449114,-0.37128911572449114,-0.009978259855816223,0.45454545454545453,5.669655172413799,-9.650668536699394,0.6415024471046304,-15.472335092094657
buy_after_first_green_after_two_reds,2019-09-01,2020-08-31,False,20,2000.0,-4.004613512417333,-4.404613512417333,-0.0022023067562086667,-0.22023067562086665,0.09411601397977035,0.5,5.669655172413799,-9.650668536699394,0.7689981939413715,-15.472335092094657
buy_after_first_green_after_two_reds,2019-10-01,2020-09-30,False,22,2200.0,-7.3627933628539814,-7.802793362853979,-0.003546724255842718,-0.35467242558427176,-0.009978259855816223,0.45454545454545453,5.669655172413799,-9.650668536699394,0.6598043450250882,-15.472335092094657
buy_after_first_green_after_two_reds,2019-11-01,2020-10-31,False,22,2200.0,-7.3847476971134345,-7.824747697113437,-0.0035567034986879256,-0.3556703498687926,-0.06533285868100201,0.4090909090909091,5.669655172413799,-9.650668536699394,0.6381026940798789,-15.472335092094657
buy_after_first_green_after_two_reds,2019-12-01,2020-11-30,False,22,2200.0,-7.78788826238622,-8.227888262386221,-0.003739949210175555,-0.3739949210175555,-0.12759915910110717,0.36363636363636365,5.669655172413799,-9.650668536699394,0.6226254440981263,-15.472335092094657
buy_after_first_green_after_two_reds,2020-01-01,2020-12-31,False,23,2300.0,-7.659161668844313,-8.119161668844313,-0.0035300702908018754,-0.35300702908018755,-0.11944920440636551,0.391304347826087,5.669655172413799,-9.650668536699394,0.6276122218282241,-15.472335092094658
buy_after_first_green_after_two_reds,2020-02-01,2021-01-31,False,23,2300.0,-9.025276763177802,-9.4852767631778,-0.004124033375294696,-0.4124033375294696,-0.11944920440636551,0.391304347826087,5.669655172413799,-9.650668536699394,0.6007925994484727,-15.472335092094658
buy_after_first_green_after_two_reds,2020-03-01,2021-02-28,False,24,2400.0,-8.365907964765407,-8.845907964765406,-0.003685794985318919,-0.3685794985318919,-0.06533285868100201,0.4166666666666667,5.669655172413799,-9.650668536699394,0.6277017516409339,-15.472335092094658
buy_after_first_green_after_two_reds,2020-04-01,2021-03-31,False,24,2400.0,-1.4892720101806316,-1.969272010180632,-0.00082053000424193,-0.082053000424193,-0.12759915910110717,0.4166666666666667,2.661480243922807,-2.214475974271659,0.8444383877623927,-7.826350192156455
buy_after_first_green_after_two_reds,2020-05-01,2021-04-30,False,25,2500.0,-0.1759141037006806,-0.6759141037006811,-0.00027036564148027244,-0.027036564148027242,-0.11944920440636551,0.44,2.661480243922807,-2.214475974271659,0.9455652442418141,-7.826350192156456
buy_after_first_green_after_two_reds,2020-06-01,2021-05-31,False,25,2500.0,0.06568908520589956,-0.43431091479410044,-0.00017372436591764017,-0.017372436591764018,-0.11944920440636551,0.44,2.661480243922807,-2.214475974271659,0.9650982179111749,-7.826350192156456
buy_after_first_green_after_two_reds,2020-07-01,2021-06-30,False,26,2600.0,-6.0963885668843485,-6.616388566884347,-0.0025447648334170564,-0.25447648334170564,-0.1586329838642175,0.38461538461538464,1.4451311580294202,-2.214475974271659,0.5203059918146865,-7.387379305070852
buy_after_first_green_after_two_reds,2020-08-01,2021-07-31,False,26,2600.0,-4.681160317611854,-5.201160317611855,-0.0020004462760045594,-0.20004462760045597,-0.12759915910110717,0.4230769230769231,1.4451311580294202,-2.214475974271659,0.6027487621912188,-7.387379305070851
buy_after_first_green_after_two_reds,2020-09-01,2021-08-31,False,27,2700.0,-4.547368272318621,-5.087368272318619,-0.001884210471229118,-0.1884210471229118,-0.13574911379584884,0.4074074074074074,1.4451311580294202,-2.214475974271659,0.6218421720557753,-6.475050720281146
buy_after_first_green_after_two_reds,2020-10-01,2021-09-30,False,28,2800.0,-2.5552176236002255,-3.115217623600226,-0.0011125777227143664,-0.11125777227143664,-0.12759915910110717,0.39285714285714285,1.4451311580294202,-1.7440236058616798,0.7363177147969101,-4.129558202132126
buy_after_first_green_after_two_reds,2020-11-01,2021-10-31,False,27,2700.0,-0.6349845732090187,-1.1749845732090192,-0.000435179471558896,-0.0435179471558896,-0.06959497437593275,0.4444444444444444,1.6850347321889925,-1.7440236058616798,0.8983497033785058,-4.129558202132126
buy_after_first_green_after_two_reds,2020-12-01,2021-11-30,False,28,2800.0,-0.3241338399507576,-0.8841338399507581,-0.00031576208569669933,-0.03157620856966993,-0.05382819158290751,0.4642857142857143,1.6850347321889925,-1.7440236058616798,0.9232543249651368,-4.129558202132126
buy_after_first_green_after_two_reds,2021-01-01,2021-12-31,False,29,2900.0,-1.7084103316638455,-2.288410331663846,-0.0007891070109185676,-0.07891070109185676,-0.1427386733550384,0.41379310344827586,1.6850347321889925,-1.7440236058616798,0.8311409258835997,-3.8532128766024187
buy_after_first_green_after_two_reds,2021-02-01,2022-01-31,False,29,2900.0,-0.7293501750266995,-1.3093501750267,-0.0004515000603540345,-0.04515000603540345,-0.06959497437593275,0.41379310344827586,1.6850347321889925,-1.4477522935779774,0.8867610900085607,-2.7485580691531353
buy_after_first_green_after_two_reds,2021-03-01,2022-02-28,True,31,3100.0,2.8179053151624944,2.197905315162494,0.0007090017145685464,0.07090017145685464,-0.04089754976228875,0.45161290322580644,2.63424503427667,-1.4477522935779774,1.1900854384873143,-2.139886638209889
buy_after_first_green_after_two_reds,2021-04-01,2022-03-31,True,29,2900.0,5.8935761185034075,5.313576118503407,0.0018322676270701404,0.18322676270701405,-0.038061408789882276,0.4827586206896552,2.63424503427667,-1.4477522935779774,1.5687554745122065,-2.139886638209889
buy_after_first_green_after_two_reds,2021-05-01,2022-04-30,True,31,3100.0,0.9901938980255043,0.37019389802550373,0.00011941738645983992,0.01194173864598399,-0.04089754976228875,0.45161290322580644,2.63424503427667,-2.8961061946902644,1.0273384522956812,-5.272641367970321
buy_after_first_green_after_two_reds,2021-06-01,2022-05-31,False,32,3200.0,-2.663230326544608,-3.3032303265446084,-0.00103225947704519,-0.10322594770451901,-0.20651534034846986,0.40625,2.63424503427667,-2.8961061946902644,0.7917349919297705,-7.630266818959493
buy_after_first_green_after_two_reds,2021-07-01,2022-06-30,False,32,3200.0,-6.608761494309512,-7.248761494309512,-0.0022652379669717226,-0.22652379669717226,-0.20651534034846986,0.375,2.63424503427667,-3.340814390195692,0.631646450686284,-12.797507145570233
buy_after_first_green_after_two_reds,2021-08-01,2022-07-31,False,33,3300.0,-8.354065093988563,-9.014065093988563,-0.0027315348769662313,-0.2731534876966231,-0.2702920073419013,0.36363636363636365,2.63424503427667,-3.340814390195692,0.5677248916367423,-13.847644319778945
buy_after_first_green_after_two_reds,2021-09-01,2022-08-31,False,34,3400.0,-7.485091459674044,-8.165091459674045,-0.002401497488139425,-0.2401497488139425,-0.127834653637362,0.38235294117647056,2.63424503427667,-3.340814390195692,0.602405054056138,-13.86320319004698
buy_after_first_green_after_two_reds,2021-10-01,2022-09-30,False,34,3400.0,-10.171844380950912,-10.851844380950913,-0.003191718935573798,-0.3191718935573798,-0.20651534034846986,0.38235294117647056,2.63424503427667,-3.340814390195692,0.5233794189213923,-16.465194535074474
buy_after_first_green_after_two_reds,2021-11-01,2022-10-31,False,36,3600.0,-10.223180956714739,-10.943180956714743,-0.0030397724879763174,-0.30397724879763177,-0.20651534034846986,0.3888888888888889,2.867866901122682,-3.340814390195692,0.5629160960224541,-16.46519453507448
buy_after_first_green_after_two_reds,2021-12-01,2022-11-30,False,36,3600.0,-8.997524275939718,-9.717524275939716,-0.0026993122988721433,-0.26993122988721435,-0.2874880040505312,0.3888888888888889,2.867866901122682,-3.340814390195692,0.6155900849463851,-16.46519453507448
buy_after_first_green_after_two_reds,2022-01-01,2022-12-31,False,37,3700.0,-7.957914793661149,-8.697914793661147,-0.00235078778207058,-0.23507877820705803,-0.2702920073419013,0.3783783783783784,2.867866901122682,-3.340814390195692,0.6459012184675882,-16.465194535074477
buy_after_first_green_after_two_reds,2022-02-01,2023-01-31,False,37,3700.0,-6.346507253054923,-7.086507253054922,-0.0019152722305553842,-0.19152722305553843,-0.2702920073419013,0.40540540540540543,2.867866901122682,-3.340814390195692,0.7094120761586888,-16.465194535074477
buy_after_first_green_after_two_reds,2022-03-01,2023-02-28,False,37,3700.0,-11.389524891025195,-12.129524891025195,-0.00327824997054735,-0.327824997054735,-0.33139333251923864,0.35135135135135137,2.867866901122682,-3.340814390195692,0.538668337775198,-16.465194535074477
buy_after_first_green_after_two_reds,2022-04-01,2023-03-31,False,38,3800.0,-11.731575220946986,-12.49157522094699,-0.003287256637091313,-0.3287256637091313,-0.3180386666391999,0.3684210526315789,2.867866901122682,-3.340814390195692,0.528476380272296,-15.221485166049616
buy_after_first_green_after_two_reds,2022-05-01,2023-04-30,False,36,3600.0,-5.841918280464065,-6.561918280464065,-0.0018227550779066847,-0.18227550779066848,-0.1930264139846893,0.3888888888888889,2.867866901122682,-3.340814390195692,0.689584959198172,-9.66271730693626
buy_after_first_green_after_two_reds,2022-06-01,2023-05-31,False,36,3600.0,-2.757685441937152,-3.4776854419371515,-0.000966023733871431,-0.0966023733871431,-0.09968590164213474,0.4444444444444444,2.867866901122682,-3.340814390195692,0.8208324465767382,-7.1214324136196225
buy_after_first_green_after_two_reds,2022-07-01,2023-06-30,True,36,3600.0,2.9277176216928047,2.207717621692804,0.0006132548949146678,0.06132548949146678,-0.010795111164021416,0.5,2.867866901122682,-2.2684885537667254,1.146270701194315,-3.84140683161984
buy_after_first_green_after_two_reds,2022-08-01,2023-07-31,True,37,3700.0,4.937654358685163,4.1976543586851625,0.001134501178023017,0.11345011780230169,0.028189868080239506,0.5405405405405406,2.867866901122682,-2.2684885537667254,1.301564898885162,-3.84140683161984
buy_after_first_green_after_two_reds,2022-09-01,2023-08-31,True,37,3700.0,2.7272000849216993,1.9872000849216986,0.0005370811040328915,0.053708110403289155,0.022158516020229797,0.5135135135135135,2.867866901122682,-2.2684885537667254,1.12798383271878,-3.3583044260823858
buy_after_first_green_after_two_reds,2022-10-01,2023-09-30,True,36,3600.0,5.173215824590006,4.453215824590004,0.0012370043957194456,0.12370043957194457,0.04072583707672496,0.5277777777777778,2.867866901122682,-2.2684885537667254,1.3420407381892696,-2.3619887493906884
buy_after_first_green_after_two_reds,2022-11-01,2023-10-31,True,37,3700.0,2.6696283834612307,1.929628383461231,0.0005215211847192516,0.052152118471925156,-0.03747640685074714,0.4864864864864865,1.7200000000000082,-1.5546873573710673,1.1564970676538855,-3.941054111049544
buy_after_first_green_after_two_reds,2022-12-01,2023-11-30,True,35,3500.0,1.2946378233605333,0.5946378233605336,0.00016989652096015246,0.016989652096015245,-0.03747640685074714,0.4857142857142857,1.6558724579462702,-1.5546873573710673,1.0497808353243148,-3.9410541110495445
buy_after_first_green_after_two_reds,2023-01-01,2023-12-31,True,31,3100.0,1.2936062045376118,0.6736062045376112,0.00021729232404439072,0.02172923240443907,0.022158516020229797,0.5161290322580645,1.6558724579462702,-1.5546873573710673,1.0633757166648816,-3.9410541110495445
buy_after_first_green_after_two_reds,2023-02-01,2024-01-31,True,30,3000.0,3.2573081760634337,2.657308176063433,0.0008857693920211444,0.08857693920211444,0.04072583707672496,0.5333333333333333,1.6558724579462702,-1.5546873573710673,1.2790181181454812,-3.9410541110495445
buy_after_first_green_after_two_reds,2023-03-01,2024-02-29,True,29,2900.0,6.301463294646559,5.721463294646558,0.0019729183774643303,0.19729183774643302,0.10476267968537513,0.5862068965517241,1.6558724579462702,-1.5546873573710673,1.7510297888035873,-3.9410541110495445
buy_after_first_green_after_two_reds,2023-04-01,2024-03-31,True,30,3000.0,6.083032616042672,5.48303261604267,0.00182767753868089,0.182767753868089,0.08202791890929763,0.5666666666666667,1.6097846889952172,-1.5546873573710673,1.7749344237777314,-3.9410541110495445
buy_after_first_green_after_two_reds,2023-05-01,2024-04-30,True,29,2900.0,5.070320911472582,4.49032091147258,0.0015483865211974412,0.15483865211974412,0.10476267968537513,0.5862068965517241,1.6097846889952172,-1.5546873573710673,1.5433864320696862,-3.9410541110495445
buy_after_first_green_after_two_reds,2023-06-01,2024-05-31,True,28,2800.0,5.21088484240937,4.6508848424093685,0.0016610303008604888,0.16610303008604888,0.16780395953948982,0.6071428571428571,1.6097846889952172,-1.5546873573710673,1.6091614929716491,-3.9410541110495445
buy_after_first_green_after_two_reds,2023-07-01,2024-06-30,True,28,2800.0,5.009208955218259,4.44920895521826,0.0015890031982922356,0.15890031982922356,0.18220672087114534,0.6071428571428571,1.6097846889952172,-1.5546873573710673,1.6498055246134946,-3.9410541110495445
buy_after_first_green_after_two_reds,2023-08-01,2024-07-31,True,28,2800.0,4.452387982355843,3.8923879823558427,0.0013901385651270866,0.13901385651270867,0.11591263751565609,0.5714285714285714,1.6097846889952172,-1.5546873573710673,1.5545848755142764,-3.5337619313744684
buy_after_first_green_after_two_reds,2023-09-01,2024-08-31,True,26,2600.0,5.11188652694562,4.591886526945619,0.001766110202671392,0.1766110202671392,0.11591263751565609,0.5769230769230769,1.6097846889952172,-1.5546873573710673,1.812073327835549,-3.5337619313744684
buy_after_first_green_after_two_reds,2023-10-01,2024-09-30,True,24,2400.0,6.714254341896286,6.2342543418962855,0.002597605975790119,0.2597605975790119,0.18947184268931275,0.625,1.6097846889952172,-1.4194612952336394,2.685013090216105,-1.5415889548081085
buy_after_first_green_after_two_reds,2023-11-01,2024-10-31,True,21,2100.0,7.440280815341195,7.020280815341193,0.003342990864448187,0.3342990864448187,0.2453754830299393,0.6666666666666666,1.6097846889952172,-1.4144884504102806,4.099977822650612,-1.4250687066273127
buy_after_first_green_after_two_reds,2023-12-01,2024-11-30,True,23,2300.0,7.800076483002284,7.340076483002283,0.0031913376013053404,0.31913376013053407,0.2453754830299393,0.6956521739130435,1.6097846889952172,-1.4144884504102806,4.2411914725893345,-1.4250687066273127
buy_after_first_green_after_two_reds,2024-01-01,2024-12-31,True,26,2600.0,7.9759496240706325,7.455949624070632,0.0028676729323348586,0.2867672932334858,0.18947184268931275,0.6538461538461539,1.6097846889952172,-1.4144884504102806,3.384653893097339,-1.4250687066273127
buy_after_first_green_after_two_reds,2024-02-01,2025-01-31,True,27,2700.0,5.349224121966234,4.809224121966233,0.001781194119246753,0.17811941192467529,0.09825707268262597,0.5925925925925926,1.6097846889952172,-1.4144884504102806,2.323654088753811,-1.4250687066273127
buy_after_first_green_after_two_reds,2024-03-01,2025-02-28,True,25,2500.0,3.1414623527517893,2.641462352751789,0.0010565849411007155,0.10565849411007155,0.03637243387983659,0.56,1.0787923183527925,-1.4144884504102806,1.7270159083539829,-1.4250687066273127
buy_after_first_green_after_two_reds,2024-04-01,2025-03-31,False,25,2500.0,-2.625105285259277,-3.1251052852592776,-0.0012500421141037111,-0.1250042114103711,0.0061244394130777376,0.52,1.0787923183527925,-1.8088563049853423,0.6195945938103579,-5.273698526102411
buy_after_first_green_after_two_reds,2024-05-01,2025-04-30,False,25,2500.0,-6.275642549759308,-6.775642549759309,-0.0027102570199037234,-0.27102570199037235,-0.06245683555051949,0.48,0.9778882861993332,-2.0925641275724183,0.3718662162718794,-9.047693835613664
buy_after_first_green_after_two_reds,2024-06-01,2025-05-31,False,25,2500.0,-7.111501975606804,-7.611501975606805,-0.0030446007902427217,-0.3044600790242722,-0.10492929636078062,0.44,0.9778882861993332,-2.0925641275724183,0.3350420622899095,-9.047693835613664
buy_after_first_green_after_two_reds,2024-07-01,2025-06-30,False,23,2300.0,-6.665780730499548,-7.1257807304995495,-0.003098165534999804,-0.30981655349998044,-0.14386281125870146,0.43478260869565216,0.9778882861993332,-2.0925641275724183,0.3740604052635654,-9.047693835613664
buy_after_first_green_after_two_reds,2024-08-01,2025-07-31,False,21,2100.0,-6.546737636747301,-6.966737636747304,-0.0033174941127368115,-0.3317494112736811,-0.14386281125870146,0.42857142857142855,0.9778882861993332,-2.0925641275724183,0.3786665721077001,-9.047693835613664
buy_after_first_green_after_two_reds,2024-09-01,2025-08-31,False,22,2200.0,-7.559695346352058,-7.999695346352059,-0.003636225157432754,-0.3636225157432754,-0.2727945998172576,0.4090909090909091,0.9778882861993332,-2.0925641275724183,0.34672455050679973,-9.047693835613664
buy_after_first_green_after_two_reds,2024-10-01,2025-09-30,False,24,2400.0,-6.532008361483288,-7.012008361483288,-0.002921670150618037,-0.2921670150618037,-0.12439605380974103,0.4583333333333333,0.9778882861993332,-2.0925641275724183,0.427381579438903,-9.047693835613664
buy_after_first_green_after_two_reds,2024-11-01,2025-10-31,False,25,2500.0,-5.756187885186736,-6.256187885186737,-0.002502475154074695,-0.2502475154074695,-0.08725452099836105,0.48,0.9778882861993332,-2.0925641275724183,0.48673107239575536,-9.04769383561366
buy_after_first_green_after_two_reds,2024-12-01,2025-11-30,False,26,2600.0,-9.193306048533879,-9.713306048533878,-0.0037358869417437996,-0.37358869417437995,-0.2533278423682972,0.4230769230769231,0.9778882861993332,-2.1103322135125024,0.37390221849756483,-10.242910109612227
buy_after_first_green_after_two_reds,2025-01-01,2025-12-31,False,25,2500.0,-8.7164768074804,-9.216476807480399,-0.0036865907229921596,-0.36865907229921596,-0.08725452099836105,0.48,0.8022080949353616,-2.1103322135125024,0.370975897442655,-10.242910109612229
buy_after_first_green_after_two_reds,2025-02-01,2026-01-31,False,26,2600.0,-7.721522186026718,-8.24152218602672,-0.0031698162253948918,-0.3169816225394892,0.15169397999385884,0.5384615384615384,0.8022080949353616,-2.1103322135125024,0.4240120376960147,-7.92739811989029
buy_after_first_green_after_two_reds,2025-03-01,2026-02-28,False,29,2900.0,-7.824389993253231,-8.404389993253233,-0.0028980655149149076,-0.28980655149149076,0.18780925298042875,0.5517241379310345,0.8022080949353616,-2.1103322135125024,0.44783565853637836,-7.92739811989029
buy_after_first_green_after_two_reds,2025-04-01,2026-03-31,False,30,3000.0,-1.6088993090710657,-2.208899309071064,-0.0007362997696903547,-0.07362997696903546,0.2070941143205807,0.5666666666666667,2.8851329235347145,-2.1103322135125024,0.8159686679063798,-3.1373224956860524
buy_after_first_green_after_red_above_200dma,2014-05-01,2015-04-30,False,14,1400.0,-1.3356207714669504,-1.6156207714669506,-0.0011540148367621076,-0.11540148367621075,-0.09150518412584738,0.42857142857142855,1.6348173571953928,-1.7287845968712379,0.6918764533746855,-4.6667445488663795
buy_after_first_green_after_red_above_200dma,2014-06-01,2015-05-31,False,19,1900.0,0.07831724927537254,-0.30168275072462775,-0.00015878039511822513,-0.01587803951182251,0.051787508973431,0.5263157894736842,1.6348173571953928,-1.7287845968712379,0.9450136438829073,-4.6667445488663795
buy_after_first_green_after_red_above_200dma,2014-07-01,2015-06-30,False,25,2500.0,-1.745079069457156,-2.2450790694571565,-0.0008980316277828626,-0.08980316277828626,-0.03191753068764401,0.44,1.6348173571953928,-1.7287845968712379,0.700362494465814,-4.6667445488663795
buy_after_first_green_after_red_above_200dma,2014-08-01,2015-07-31,False,28,2800.0,-3.236262430269121,-3.7962624302691217,-0.0013558080108104005,-0.13558080108104006,-0.09746394946966938,0.42857142857142855,1.6348173571953928,-1.7287845968712379,0.6074342181756199,-4.6667445488663795
buy_after_first_green_after_red_above_200dma,2014-09-01,2015-08-31,False,32,3200.0,-4.5697714873424,-5.209771487342399,-0.0016280535897944997,-0.16280535897944998,-0.14552030836063265,0.40625,1.6348173571953928,-1.7287845968712379,0.5481752339681223,-5.781827212407109
buy_after_first_green_after_red_above_200dma,2014-10-01,2015-09-30,False,32,3200.0,-4.5697714873424,-5.209771487342399,-0.0016280535897944997,-0.16280535897944998,-0.14552030836063265,0.40625,1.6348173571953928,-1.7287845968712379,0.5481752339681223,-5.781827212407109
buy_after_first_green_after_red_above_200dma,2014-11-01,2015-10-31,False,33,3300.0,-4.473663846784969,-5.133663846784969,-0.0015556557111469603,-0.15556557111469602,-0.12803024846957053,0.42424242424242425,1.6348173571953928,-1.7287845968712379,0.5547757762321441,-5.781827212407109
buy_after_first_green_after_red_above_200dma,2014-12-01,2015-11-30,False,36,3600.0,-4.1771270793777395,-4.897127079377739,-0.0013603130776049276,-0.13603130776049277,-0.07997388957860727,0.4444444444444444,1.6348173571953928,-1.7287845968712379,0.5888808570291287,-5.781827212407109
buy_after_first_green_after_red_above_200dma,2015-01-01,2015-12-31,False,39,3900.0,-6.416767311129233,-7.196767311129234,-0.0018453249515715984,-0.18453249515715983,-0.16301036825169476,0.41025641025641024,1.6348173571953928,-1.7287845968712379,0.4935897530535054,-7.322204227866597
buy_after_first_green_after_red_above_200dma,2015-02-01,2016-01-31,False,39,3900.0,-6.416767311129233,-7.196767311129234,-0.0018453249515715984,-0.18453249515715983,-0.16301036825169476,0.41025641025641024,1.6348173571953928,-1.7287845968712379,0.4935897530535054,-7.322204227866597
buy_after_first_green_after_red_above_200dma,2015-03-01,2016-02-29,False,37,3700.0,-6.396621732301844,-7.136621732301844,-0.0019288166844059038,-0.19288166844059038,-0.16301036825169476,0.40540540540540543,1.6348173571953928,-1.7287845968712379,0.49117738403895744,-7.075620635867433
buy_after_first_green_after_red_above_200dma,2015-04-01,2016-03-31,False,34,3400.0,-2.30838414150234,-2.9883841415023404,-0.0008789365122065708,-0.08789365122065707,-0.038339599812067235,0.47058823529411764,1.6348173571953928,-1.648075253256156,0.6925587385640258,-7.120382304803925
buy_after_first_green_after_red_above_200dma,2015-05-01,2016-04-30,False,36,3600.0,-4.649804511218204,-5.369804511218204,-0.001491612364227279,-0.14916123642272788,-0.12942701932159514,0.4166666666666667,1.0949742237141824,-1.648075253256156,0.5311424292787228,-8.215271658036503
buy_after_first_green_after_red_above_200dma,2015-06-01,2016-05-31,False,36,3600.0,-7.590659459456505,-8.310659459456506,-0.002308516516515696,-0.23085165165156962,-0.23252001606584247,0.3611111111111111,0.9896095365527358,-1.648075253256156,0.38201687879763274,-8.659694519640391
buy_after_first_green_after_red_above_200dma,2015-07-01,2016-06-30,False,35,3500.0,-8.000741682644573,-8.700741682644573,-0.0024859261950413063,-0.24859261950413064,-0.12803024846957053,0.45714285714285713,1.8781880931837835,-4.61647879002718,0.4581801593721415,-9.027746415016392
buy_after_first_green_after_red_above_200dma,2015-08-01,2016-07-31,False,38,3800.0,-7.420812279326428,-8.180812279326426,-0.0021528453366648492,-0.2152845336664849,-0.10295030941997127,0.42105263157894735,1.8781880931837835,-4.61647879002718,0.45529800485222127,-8.315291782733679
buy_after_first_green_after_red_above_200dma,2015-09-01,2016-08-31,False,41,4100.0,-7.287942886126763,-8.107942886126764,-0.001977547045396772,-0.19775470453967717,-0.08875214850463607,0.4146341463414634,1.8781880931837835,-4.61647879002718,0.44849206075761955,-8.629833400206227
buy_after_first_green_after_red_above_200dma,2015-10-01,2016-09-30,False,47,4700.0,-7.465280918202176,-8.405280918202179,-0.0017883576421706762,-0.17883576421706762,-0.08875214850463607,0.425531914893617,1.8781880931837835,-4.61647879002718,0.4830365194462101,-9.966462688140702
buy_after_first_green_after_red_above_200dma,2015-11-01,2016-10-31,False,51,5100.0,-7.827854688629699,-8.847854688629697,-0.0017348734683587642,-0.1734873468358764,-0.11329446064140213,0.4117647058823529,1.8781880931837835,-4.61647879002718,0.4807991765819321,-9.966462688140702
buy_after_first_green_after_red_above_200dma,2015-12-01,2016-11-30,False,54,5400.0,-8.468156262006865,-9.548156262006867,-0.0017681770855568271,-0.1768177085556827,-0.1398524340440432,0.3888888888888889,1.8781880931837835,-4.61647879002718,0.46081033634867286,-8.879869594647948
buy_after_first_green_after_red_above_200dma,2016-01-01,2016-12-31,False,55,5500.0,-5.7618764576718,-6.8618764576718,-0.0012476139013948727,-0.12476139013948727,-0.08875214850463607,0.43636363636363634,1.8781880931837835,-4.61647879002718,0.5749459808411108,-8.21292128248668
buy_after_first_green_after_red_above_200dma,2016-02-01,2017-01-31,False,62,6200.0,-5.716380913736074,-6.956380913736073,-0.0011219969215703343,-0.11219969215703343,-0.12205912540751093,0.41935483870967744,1.8781880931837835,-4.61647879002718,0.6027300826559351,-8.4936592744884
buy_after_first_green_after_red_above_200dma,2016-03-01,2017-02-28,False,65,6500.0,-4.196602683362127,-5.496602683362125,-0.0008456311820557116,-0.08456311820557116,-0.08875214850463607,0.4461538461538462,1.8781880931837835,-4.61647879002718,0.6860961294714855,-8.4936592744884
buy_after_first_green_after_red_above_200dma,2016-04-01,2017-03-31,False,67,6700.0,-5.5018426018792805,-6.8418426018792795,-0.0010211705375939224,-0.10211705375939223,-0.11329446064140213,0.43283582089552236,1.8781880931837835,-4.61647879002718,0.6225913551472908,-8.158736793868247
buy_after_first_green_after_red_above_200dma,2016-05-01,2017-04-30,False,67,6700.0,-6.044291792859392,-7.384291792859389,-0.0011021331034118491,-0.11021331034118491,-0.1473750132682272,0.40298507462686567,1.8781880931837835,-4.61647879002718,0.5784833565572621,-7.079191396699416
buy_after_first_green_after_red_above_200dma,2016-06-01,2017-05-31,False,67,6700.0,-3.5872114073404946,-4.927211407340494,-0.0007354046876627602,-0.07354046876627603,-0.11606147934678733,0.40298507462686567,1.8781880931837835,-4.61647879002718,0.6850170089447596,-6.727551598147022
buy_after_first_green_after_red_above_200dma,2016-07-01,2017-06-30,False,66,6600.0,-1.6839334614559553,-3.0039334614559565,-0.0004551414335539328,-0.04551414335539328,-0.138766746941662,0.3787878787878788,0.90719780219781,-1.2953623188405783,0.7515386936289737,-3.969260901303626
buy_after_first_green_after_red_above_200dma,2016-08-01,2017-07-31,False,64,6400.0,-0.6575907598407427,-1.9375907598407438,-0.00030274855622511624,-0.030274855622511622,-0.11467796999409473,0.40625,0.90719780219781,-1.2953623188405783,0.824851868653809,-3.0539220939199208
buy_after_first_green_after_red_above_200dma,2016-09-01,2017-08-31,False,64,6400.0,-1.817960108507799,-3.0979601085078,-0.0004840562669543438,-0.04840562669543438,-0.10704718992074146,0.40625,0.90719780219781,-1.5300841187797753,0.7634129340902437,-3.7223044874856015
buy_after_first_green_after_red_above_200dma,2016-10-01,2017-09-30,False,62,6200.0,-1.0479308534291798,-2.287930853429181,-0.0003690211053918034,-0.036902110539180334,-0.04058178233301789,0.41935483870967744,0.90719780219781,-1.5300841187797753,0.8020279653894031,-3.7223044874856015
buy_after_first_green_after_red_above_200dma,2016-11-01,2017-10-31,False,61,6100.0,0.0016736773934433735,-1.2183263226065577,-0.00019972562665681275,-0.019972562665681273,-0.02,0.4426229508196721,0.90719780219781,-1.5300841187797753,0.8896261266489466,-3.7223044874856015
buy_after_first_green_after_red_above_200dma,2016-12-01,2017-11-30,False,61,6100.0,0.3273529569973843,-0.8926470430026168,-0.00014633558082010112,-0.01463355808201011,-0.02,0.45901639344262296,0.90719780219781,-1.5300841187797753,0.9167811408096025,-3.7223044874856015
buy_after_first_green_after_red_above_200dma,2017-01-01,2017-12-31,False,63,6300.0,0.32630117180888485,-0.933698828191116,-0.00014820616320493905,-0.014820616320493906,-0.02,0.4444444444444444,0.8810853983207001,-1.5300841187797753,0.910905852851114,-3.722304487485601
buy_after_first_green_after_red_above_200dma,2017-02-01,2018-01-31,True,59,5900.0,1.7859460149829642,0.6059460149829632,0.00010270271440389206,0.010270271440389207,-0.009882638607840982,0.4745762711864407,1.0944793152639165,-1.5300841187797753,1.0645812184390566,-3.7223044874856015
buy_after_first_green_after_red_above_200dma,2017-03-01,2018-02-28,True,60,6000.0,1.7572498164988182,0.5572498164988171,9.287496941646952e-05,0.009287496941646952,-0.02,0.45,1.3070666298037081,-1.5300841187797753,1.0541756591390743,-3.529759392862848
buy_after_first_green_after_red_above_200dma,2017-04-01,2018-03-31,True,58,5800.0,1.6758858695246515,0.5158858695246504,8.894583957321559e-05,0.00889458395732156,-0.03010509296685558,0.4482758620689655,1.3070666298037081,-1.6650460612897122,1.0451843729495924,-3.529759392862848
buy_after_first_green_after_red_above_200dma,2017-05-01,2018-04-30,True,57,5700.0,4.947479820298451,3.8074798202984494,0.0006679789158418332,0.06679789158418332,0.008835063437138153,0.5087719298245614,1.4029777480660788,-2.2970398481973486,1.311983928851184,-4.22200417605386
buy_after_first_green_after_red_above_200dma,2017-06-01,2018-05-31,True,58,5800.0,3.2232262288422575,2.0632262288422565,0.00035572866014521663,0.03557286601452166,-0.014941319303920491,0.4827586206896552,1.4029777480660788,-2.2970398481973486,1.1481879197997797,-4.22200417605386
buy_after_first_green_after_red_above_200dma,2017-07-01,2018-06-30,True,61,6100.0,1.6134463264395387,0.3934463264395367,6.449939777697323e-05,0.006449939777697323,-0.02,0.47540983606557374,1.4029777480660788,-2.2970398481973486,1.0247476583840935,-4.22200417605386
buy_after_first_green_after_red_above_200dma,2017-08-01,2018-07-31,True,61,6100.0,3.098283274554692,1.8782832745546902,0.000307915290910605,0.030791529091060497,0.008835063437138153,0.5081967213114754,1.4029777480660788,-2.2970398481973486,1.1189717357196107,-4.22200417605386
buy_after_first_green_after_red_above_200dma,2017-09-01,2018-08-31,True,60,6000.0,5.045629720270894,3.8456297202708933,0.0006409382867118156,0.06409382867118156,0.046442443997316576,0.5333333333333333,1.4029777480660788,-2.2970398481973486,1.2742035152537605,-4.222004176053859
buy_after_first_green_after_red_above_200dma,2017-10-01,2018-09-30,True,61,6100.0,4.534147612210148,3.3141476122101476,0.0005433028872475652,0.054330288724756516,0.031639555899818386,0.5245901639344263,1.4029777480660788,-2.2970398481973486,1.2295149416324271,-4.222004176053859
buy_after_first_green_after_red_above_200dma,2017-11-01,2018-10-31,True,61,6100.0,2.343564257194719,1.123564257194718,0.00018419086183519968,0.018419086183519968,-0.04560382350430546,0.47540983606557374,1.4029777480660788,-2.2970398481973486,1.0717311524323512,-4.222004176053859
buy_after_first_green_after_red_above_200dma,2017-12-01,2018-11-30,True,55,5500.0,2.3616497835607144,1.2616497835607134,0.00022939086973831153,0.022939086973831152,-0.04560382350430546,0.4727272727272727,1.4029777480660788,-2.2970398481973486,1.0845213762147858,-4.222004176053859
buy_after_first_green_after_red_above_200dma,2018-01-01,2018-12-31,True,49,4900.0,1.8960619961656433,0.9160619961656424,0.00018695142778890663,0.01869514277889066,-0.04560382350430546,0.46938775510204084,1.4029777480660788,-2.2970398481973486,1.0634447224139747,-4.22200417605386
buy_after_first_green_after_red_above_200dma,2018-02-01,2019-01-31,False,46,4600.0,0.3909216090558383,-0.5290783909441616,-0.00011501704150960036,-0.011501704150960036,-0.05095897030866435,0.45652173913043476,1.4029777480660788,-2.2970398481973486,0.9626595249228757,-4.22200417605386
buy_after_first_green_after_red_above_200dma,2018-03-01,2019-02-28,False,46,4600.0,-1.283382938171429,-2.20338293817143,-0.00047899629090683256,-0.04789962909068326,-0.05095897030866435,0.45652173913043476,1.4029777480660788,-2.2970398481973486,0.8399946963601858,-4.22200417605386
buy_after_first_green_after_red_above_200dma,2018-04-01,2019-03-31,False,49,4900.0,-2.88579399456349,-3.8657939945634907,-0.0007889375499109165,-0.07889375499109165,-0.04560382350430546,0.46938775510204084,1.4029777480660788,-2.2970398481973486,0.749444139899677,-6.755536992829914
buy_after_first_green_after_red_above_200dma,2018-05-01,2019-04-30,False,49,4900.0,-5.409514866001908,-6.3895148660019085,-0.0013039826257146751,-0.13039826257146753,-0.10242513050645828,0.4489795918367347,1.16742281751687,-1.7248435041091104,0.5276570694862591,-6.755536992829913
buy_after_first_green_after_red_above_200dma,2018-06-01,2019-05-31,False,49,4900.0,-7.39312483993827,-8.37312483993827,-0.0017088009877425042,-0.17088009877425042,-0.04560382350430546,0.46938775510204084,0.9736611272914231,-1.8216442189959792,0.47001365942405615,-9.297122545419835
buy_after_first_green_after_red_above_200dma,2018-07-01,2019-06-30,False,45,4500.0,-4.197005674492937,-5.097005674492939,-0.0011326679276650975,-0.11326679276650976,-0.02,0.4888888888888889,0.9736611272914231,-1.8216442189959792,0.6046363068607258,-7.945381048854836
buy_after_first_green_after_red_above_200dma,2018-08-01,2019-07-31,False,46,4600.0,-4.826990041586166,-5.746990041586168,-0.0012493456612143843,-0.12493456612143843,-0.036938245306091785,0.45652173913043476,0.9736611272914231,-1.8216442189959792,0.5844778745896092,-7.736483399976371
buy_after_first_green_after_red_above_200dma,2018-09-01,2019-08-31,False,46,4600.0,-5.233751502703931,-6.153751502703933,-0.001337772065805203,-0.13377720658052028,-0.036938245306091785,0.45652173913043476,1.488714124685695,-3.099153872398499,0.6169182653587221,-8.210021402465102
buy_after_first_green_after_red_above_200dma,2018-10-01,2019-09-30,False,45,4500.0,-5.032767639524183,-5.932767639524183,-0.0013183928087831518,-0.13183928087831517,-0.028272667107878107,0.4666666666666667,1.488714124685695,-3.099153872398499,0.6250916486015348,-8.033201906105973
buy_after_first_green_after_red_above_200dma,2018-11-01,2019-10-31,False,50,5000.0,-4.143732882857109,-5.14373288285711,-0.001028746576571422,-0.1028746576571422,-0.053244783321073616,0.48,1.488714124685695,-3.099153872398499,0.7056093946633412,-6.833077162970206
buy_after_first_green_after_red_above_200dma,2018-12-01,2019-11-30,False,54,5400.0,-3.121359569759729,-4.201359569759729,-0.0007780295499555055,-0.07780295499555054,0.03237171156317055,0.5185185185185185,1.488714124685695,-3.099153872398499,0.7595441258039195,-6.833077162970206
buy_after_first_green_after_red_above_200dma,2019-01-01,2019-12-31,False,59,5900.0,-2.44406929517601,-3.624069295176011,-0.0006142490330806799,-0.061424903308067984,0.043017644940588365,0.5254237288135594,1.488714124685695,-3.099153872398499,0.7948671903429587,-6.833077162970206
buy_after_first_green_after_red_above_200dma,2019-02-01,2020-01-31,False,67,6700.0,-4.268594330275066,-5.608594330275068,-0.0008371036313843384,-0.08371036313843384,0.021725778185752737,0.5074626865671642,1.488714124685695,-3.099153872398499,0.7379015509657219,-6.833077162970206
buy_after_first_green_after_red_above_200dma,2019-03-01,2020-02-29,False,67,6700.0,-3.2361207314765434,-4.576120731476545,-0.0006830030942502305,-0.06830030942502305,0.021725778185752737,0.5074626865671642,1.683013023040767,-3.099153872398499,0.7918204245462609,-5.648139548309262
buy_after_first_green_after_red_above_200dma,2019-04-01,2020-03-31,False,61,6100.0,-4.097647332623167,-5.317647332623167,-0.0008717454643644536,-0.08717454643644537,0.021725778185752737,0.5081967213114754,1.683013023040767,-3.099153872398499,0.7519019366976173,-5.972729444501666
buy_after_first_green_after_red_above_200dma,2019-05-01,2020-04-30,False,55,5500.0,-3.8990683172102414,-4.999068317210242,-0.0009089215122200441,-0.0908921512220044,0.021725778185752737,0.509090909090909,1.683013023040767,-3.099153872398499,0.7602266509976388,-5.972729444501665
buy_after_first_green_after_red_above_200dma,2019-06-01,2020-05-31,False,49,4900.0,-1.1213682098406008,-2.1013682098406017,-0.00042885065506951056,-0.04288506550695106,0.10492712584326604,0.5306122448979592,1.683013023040767,-3.099153872398499,0.8726146391703984,-5.6654545966601315
buy_after_first_green_after_red_above_200dma,2019-07-01,2020-06-30,True,51,5100.0,3.0799239083357466,2.0599239083357457,0.0004039066486932835,0.040390664869328345,0.11748483623130525,0.5490196078431373,2.661480243922807,-3.099153872398499,1.111492947114651,-5.6654545966601315
buy_after_first_green_after_red_above_200dma,2019-08-01,2020-07-31,False,52,5200.0,0.7199050541711887,-0.32009494582881226,-6.155672035169467e-05,-0.006155672035169466,0.06332645201450939,0.5192307692307693,2.661480243922807,-3.099153872398499,0.9843454811875045,-5.6654545966601315
buy_after_first_green_after_red_above_200dma,2019-09-01,2020-08-31,True,50,5000.0,2.3167575978244477,1.3167575978244468,0.00026335151956488937,0.026335151956488934,0.11120598103728564,0.54,2.661480243922807,-3.035196590817726,1.0801782875474268,-5.6654545966601315
buy_after_first_green_after_red_above_200dma,2019-10-01,2020-09-30,True,51,5100.0,1.740527733440977,0.7205277334409761,0.00014127994773352473,0.014127994773352472,0.17397194867203372,0.5294117647058824,2.661480243922807,-3.035196590817726,1.0358546671387072,-5.6654545966601315
buy_after_first_green_after_red_above_200dma,2019-11-01,2020-10-31,True,47,4700.0,2.5064217538740774,1.5664217538740766,0.0003332812242285269,0.03332812242285269,0.19697203471553462,0.5531914893617021,2.661480243922807,-3.035196590817726,1.085233348102915,-5.6654545966601315
buy_after_first_green_after_red_above_200dma,2019-12-01,2020-11-30,True,50,5000.0,3.6763721743287348,2.6763721743287343,0.0005352744348657469,0.053527443486574684,0.07698597433601687,0.5,2.661480243922807,-3.035196590817726,1.1299422846593985,-5.6654545966601315
buy_after_first_green_after_red_above_200dma,2020-01-01,2020-12-31,True,50,5000.0,2.4496859142465253,1.4496859142465235,0.0002899371828493047,0.02899371828493047,0.02056520857278478,0.5,2.661480243922807,-3.035196590817726,1.0674237063364793,-5.6654545966601315
buy_after_first_green_after_red_above_200dma,2020-02-01,2021-01-31,True,48,4800.0,3.1773807410855555,2.2173807410855555,0.0004619543210594907,0.04619543210594907,0.10250443697838788,0.5208333333333334,2.661480243922807,-3.035196590817726,1.1049624026816216,-4.1229304790694705
buy_after_first_green_after_red_above_200dma,2020-03-01,2021-02-28,True,47,4700.0,4.822627438666615,3.882627438666615,0.0008260909443971521,0.08260909443971522,0.2093408300658495,0.5531914893617021,2.661480243922807,-3.035196590817726,1.1937657135113589,-3.2157946557107153
buy_after_first_green_after_red_above_200dma,2020-04-01,2021-03-31,True,52,5200.0,5.681213096288373,4.641213096288372,0.0008925409800554562,0.08925409800554562,0.17660964343852784,0.5384615384615384,2.661480243922807,-2.214475974271659,1.2192521133189864,-3.7360777080584264
buy_after_first_green_after_red_above_200dma,2020-05-01,2021-04-30,True,58,5800.0,6.308083018277799,5.148083018277799,0.0008876005203927239,0.08876005203927238,0.199567615776195,0.5517241379310345,2.661480243922807,-2.214475974271659,1.2283080335106384,-3.7360777080584264
buy_after_first_green_after_red_above_200dma,2020-06-01,2021-05-31,True,64,6400.0,7.7117820995660775,6.431782099566078,0.0010049659530571998,0.10049659530571997,0.16683642914887334,0.546875,2.661480243922807,-2.214475974271659,1.2728137441917973,-3.7360777080584264
buy_after_first_green_after_red_above_200dma,2020-07-01,2021-06-30,True,65,6500.0,1.5531019886304005,0.25310198863039934,3.89387674815999e-05,0.00389387674815999,0.12309563558312366,0.5230769230769231,1.7203147699757815,-2.214475974271659,1.0110080881076098,-3.7360777080584273
buy_after_first_green_after_red_above_200dma,2020-08-01,2021-07-31,True,64,6400.0,3.1865289678147946,1.9065289678147934,0.00029789515122106145,0.029789515122106147,0.13565075099081006,0.546875,1.7203147699757815,-2.214475974271659,1.0892744393855638,-3.7360777080584273
buy_after_first_green_after_red_above_200dma,2020-09-01,2021-08-31,True,65,6500.0,3.6541960430641076,2.3541960430641065,0.00036218400662524716,0.03621840066252471,0.14387845681120617,0.5538461538461539,1.7203147699757815,-2.214475974271659,1.1085084156439946,-3.7360777080584273
buy_after_first_green_after_red_above_200dma,2020-10-01,2021-09-30,True,65,6500.0,2.611653027007366,1.311653027007365,0.00020179277338574846,0.020179277338574844,0.12309563558312366,0.5230769230769231,1.7203147699757815,-1.7440236058616798,1.064489051586643,-3.7360777080584273
buy_after_first_green_after_red_above_200dma,2020-11-01,2021-10-31,True,64,6400.0,3.6397473793246755,2.359747379324676,0.00036871052801948064,0.036871052801948065,0.13565075099081006,0.546875,1.7203147699757815,-1.7440236058616798,1.1164188717406662,-3.7360777080584273
buy_after_first_green_after_red_above_200dma,2020-12-01,2021-11-30,False,63,6300.0,-0.13308691026663322,-1.393086910266634,-0.0002211249063915292,-0.02211249063915292,0.12742304517041395,0.5396825396825397,1.6850347321889925,-1.9739427773900942,0.9325521140147427,-3.7217420912253885
buy_after_first_green_after_red_above_200dma,2021-01-01,2021-12-31,False,64,6400.0,0.1896837019384927,-1.0903162980615084,-0.0001703619215721107,-0.01703619215721107,0.1252593403767688,0.515625,1.9552952059639783,-1.9739427773900942,0.952159223667009,-3.7217420912253885
buy_after_first_green_after_red_above_200dma,2021-02-01,2022-01-31,True,60,6000.0,1.5260330271029026,0.32603302710290066,5.4338837850483444e-05,0.0054338837850483445,0.1252593403767688,0.5166666666666667,1.9552952059639783,-1.9739427773900942,1.016740926518708,-3.7217420912253885
buy_after_first_green_after_red_above_200dma,2021-03-01,2022-02-28,False,59,5900.0,0.5839145003857071,-0.5960854996142939,-0.00010103144061259219,-0.01010314406125922,0.12309563558312366,0.5084745762711864,1.9552952059639783,-1.9739427773900942,0.9693925991591006,-3.4558524968743587
buy_after_first_green_after_red_above_200dma,2021-04-01,2022-03-31,True,55,5500.0,1.9344657831875778,0.8344657831875768,0.00015172105148865032,0.015172105148865033,0.12742304517041395,0.5272727272727272,1.9552952059639783,-1.9739427773900942,1.0503180998315342,-3.4558524968743587
buy_after_first_green_after_red_above_200dma,2021-05-01,2022-04-30,False,51,5100.0,-0.16640551516861057,-1.1864055151686115,-0.00023262853238600225,-0.023262853238600226,-0.038061408789882276,0.49019607843137253,1.9552952059639783,-1.9739427773900942,0.929031476804995,-3.4558524968743587
buy_after_first_green_after_red_above_200dma,2021-06-01,2022-05-31,False,45,4500.0,-1.5701045964568894,-2.47010459645689,-0.0005489121325459756,-0.05489121325459756,-0.04089754976228875,0.4888888888888889,1.9552952059639783,-1.9739427773900942,0.8425729338523842,-3.4558524968743587
buy_after_first_green_after_red_above_200dma,2021-07-01,2022-06-30,False,39,3900.0,-0.8688552707041164,-1.648855270704117,-0.0004227834027446454,-0.04227834027446454,-0.04089754976228875,0.48717948717948717,1.9552952059639783,-1.9739427773900942,0.8835706118515764,-3.4558524968743587
buy_after_first_green_after_red_above_200dma,2021-08-01,2022-07-31,False,34,3400.0,-1.1122047208672714,-1.792204720867272,-0.0005271190355491976,-0.05271190355491977,-0.05524626206911075,0.47058823529411764,1.9552952059639783,-1.9739427773900942,0.8609394136772501,-3.4558524968743587
buy_after_first_green_after_red_above_200dma,2021-09-01,2022-08-31,False,29,2900.0,-2.3563003118276082,-2.9363003118276088,-0.0010125173489060719,-0.1012517348906072,-0.1427386733550384,0.41379310344827586,1.9552952059639783,-1.9739427773900942,0.7656169860266129,-3.4558524968743587
buy_after_first_green_after_red_above_200dma,2021-10-01,2022-09-30,False,24,2400.0,-1.0197204095096057,-1.4997204095096062,-0.0006248835039623359,-0.06248835039623359,-0.09181811155866357,0.4583333333333333,1.9552952059639783,-1.9739427773900942,0.8502653334738991,-3.4558524968743587
buy_after_first_green_after_red_above_200dma,2021-11-01,2022-10-31,False,20,2000.0,-2.2952985848641916,-2.695298584864192,-0.001347649292432096,-0.1347649292432096,-0.19049315228488403,0.4,1.9552952059639783,-1.9739427773900942,0.6890504677352031,-3.4558524968743587
buy_after_first_green_after_red_above_200dma,2021-12-01,2022-11-30,False,14,1400.0,-0.7147880288249198,-0.99478802882492,-0.0007105628777320858,-0.07105628777320858,-0.15559477855209503,0.42857142857142855,1.9552952059639783,-1.274440497335707,0.8359671053918603,-2.36006102676086
buy_after_first_green_after_red_above_200dma,2022-01-01,2022-12-31,False,9,900.0,-0.799555988050793,-0.9795559880507931,-0.001088395542278659,-0.1088395542278659,-0.04089754976228875,0.4444444444444444,1.280066386368659,-1.274440497335707,0.6900857922276828,-2.691454359280099
buy_after_first_green_after_red_above_200dma,2022-02-01,2023-01-31,True,9,900.0,0.6760146193054872,0.49601461930548707,0.0005511273547838745,0.05511273547838745,0.2323128679562614,0.5555555555555556,1.280066386368659,-1.274440497335707,1.1589874421303772,-2.691454359280099
buy_after_first_green_after_red_above_200dma,2022-03-01,2023-02-28,False,13,1300.0,-2.400129158014086,-2.6601291580140862,-0.002046253198472374,-0.2046253198472374,-0.33139333251923864,0.38461538461538464,1.221534988713311,-1.4446213031978816,0.6139668385199113,-2.8692225684963835
buy_after_first_green_after_red_above_200dma,2022-04-01,2023-03-31,False,17,1700.0,0.11506069590502266,-0.22493930409497764,-0.00013231723770292802,-0.013231723770292803,-0.15123733161398697,0.47058823529411764,1.6558724579462702,-1.9464448336252183,0.9708407865362558,-3.3110322757893185
buy_after_first_green_after_red_above_200dma,2022-05-01,2023-04-30,True,20,2000.0,2.6068151891682767,2.2068151891682763,0.0011034075945841383,0.11034075945841382,0.13036877219194445,0.55,1.6558724579462702,-1.9464448336252183,1.3433900298782369,-3.3110322757893185
buy_after_first_green_after_red_above_200dma,2022-06-01,2023-05-31,True,26,2600.0,2.994978824808736,2.4749788248087357,0.0009519149326187445,0.09519149326187445,0.03699019887676071,0.5384615384615384,1.6558724579462702,-1.9464448336252183,1.2921840649099046,-3.3110322757893185
buy_after_first_green_after_red_above_200dma,2022-07-01,2023-06-30,True,31,3100.0,3.316657010001068,2.6966570100010667,0.0008698893580648602,0.08698893580648602,0.05182188173329162,0.5483870967741935,1.6558724579462702,-1.9464448336252183,1.276287099318227,-3.3110322757893185
buy_after_first_green_after_red_above_200dma,2022-08-01,2023-07-31,True,35,3500.0,5.140587115062611,4.440587115062612,0.0012687391757321748,0.12687391757321748,0.10476267968537513,0.6,1.6558724579462702,-1.9464448336252183,1.4549621730685198,-3.3110322757893185
buy_after_first_green_after_red_above_200dma,2022-09-01,2023-08-31,True,40,4000.0,2.8727114735713766,2.0727114735713768,0.0005181778683928442,0.05181778683928442,0.08202791890929763,0.575,1.6558724579462702,-1.9464448336252183,1.1555896856220833,-3.3110322757893185
buy_after_first_green_after_red_above_200dma,2022-10-01,2023-09-30,True,46,4600.0,1.61429949900187,0.69429949900187,0.0001509346736960587,0.015093467369605871,0.055557519933255875,0.5434782608695652,1.6558724579462702,-1.9464448336252183,1.043325243890415,-3.7462876160607417
buy_after_first_green_after_red_above_200dma,2022-11-01,2023-10-31,True,50,5000.0,1.3408888302746447,0.34088883027464467,6.817776605492893e-05,0.006817776605492893,0.03699019887676071,0.52,1.6558724579462702,-1.9464448336252183,1.0193638941823262,-4.0996982847879675
buy_after_first_green_after_red_above_200dma,2022-12-01,2023-11-30,True,55,5500.0,1.1988967219568658,0.09889672195686573,1.7981222173975587e-05,0.0017981222173975588,0.022158516020229797,0.509090909090909,1.6558724579462702,-1.9464448336252183,1.0054912419037327,-4.341690393105746
buy_after_first_green_after_red_above_200dma,2023-01-01,2023-12-31,True,59,5900.0,3.04440529685609,1.86440529685609,0.00031600089777221864,0.03160008977722187,0.05929315813322013,0.5423728813559322,1.6558724579462702,-1.9464448336252183,1.103144287687507,-4.341690393105745
buy_after_first_green_after_red_above_200dma,2023-02-01,2024-01-31,True,63,6300.0,3.4930098451545493,2.233009845154548,0.0003544460071673886,0.03544460071673886,0.022158516020229797,0.5079365079365079,1.6558724579462702,-1.9464448336252183,1.1201459693272038,-4.341690393105746
buy_after_first_green_after_red_above_200dma,2023-03-01,2024-02-29,True,62,6200.0,8.46827547177633,7.228275471776333,0.0011658508825445697,0.11658508825445697,0.06117021985943884,0.5483870967741935,1.6558724579462702,-1.9464448336252183,1.4810437778888144,-4.341690393105745
buy_after_first_green_after_red_above_200dma,2023-04-01,2024-03-31,True,61,6100.0,8.923200614943902,7.703200614943902,0.0012628197729416233,0.12628197729416232,0.05929315813322013,0.5409836065573771,1.6097846889952172,-1.9101688849122023,1.5874167206198384,-4.341690393105746
buy_after_first_green_after_red_above_200dma,2023-05-01,2024-04-30,True,63,6300.0,3.2949392014507746,2.034939201450774,0.00032300622245250377,0.03230062224525038,-0.004849250037877156,0.49206349206349204,1.6097846889952172,-1.9101688849122023,1.1087237108973274,-4.7610885528136695
buy_after_first_green_after_red_above_200dma,2023-06-01,2024-05-31,True,60,6000.0,3.88085780045504,2.680857800455038,0.000446809633409173,0.0446809633409173,0.03164167502501593,0.5166666666666667,1.6097846889952172,-1.9101688849122023,1.1607947113775123,-4.7610885528136695
buy_after_first_green_after_red_above_200dma,2023-07-01,2024-06-30,True,59,5900.0,5.0855250890304955,3.9055250890304936,0.0006619534049204227,0.06619534049204226,0.03637243387983659,0.5254237288135594,1.6097846889952172,-1.9101688849122023,1.2528620742547407,-4.7610885528136695
buy_after_first_green_after_red_above_200dma,2023-08-01,2024-07-31,True,59,5900.0,3.739778643420188,2.559778643420187,0.0004338607870203707,0.04338607870203707,0.015205069530008792,0.5084745762711864,1.6097846889952172,-1.9101688849122023,1.163911285587192,-4.7610885528136695
buy_after_first_green_after_red_above_200dma,2023-09-01,2024-08-31,True,61,6100.0,3.5299350342220426,2.3099350342220415,0.00037867787446262976,0.03786778744626298,-0.004849250037877156,0.4918032786885246,1.6097846889952172,-1.7151432799677147,1.146188748784751,-5.356626087681668
buy_after_first_green_after_red_above_200dma,2023-10-01,2024-09-30,True,59,5900.0,4.90481729893496,3.7248172989349597,0.0006313249659211796,0.06313249659211796,0.015205069530008792,0.5084745762711864,1.6097846889952172,-1.7151432799677147,1.2734883309559544,-5.356626087681666
buy_after_first_green_after_red_above_200dma,2023-11-01,2024-10-31,True,62,6200.0,5.0367151288306715,3.7967151288306704,0.0006123734078759146,0.06123734078759146,0.03164167502501593,0.532258064516129,1.6097846889952172,-1.7151432799677147,1.2707132968499282,-6.424128012823461
buy_after_first_green_after_red_above_200dma,2023-12-01,2024-11-30,True,60,6000.0,4.8821113963553815,3.6821113963553813,0.0006136852327258969,0.06136852327258969,0.03164167502501593,0.55,1.6097846889952172,-1.7151432799677147,1.2575677534191267,-6.424128012823463
buy_after_first_green_after_red_above_200dma,2024-01-01,2024-12-31,True,61,6100.0,3.086300804886854,1.8663008048868535,0.00030595095162079566,0.030595095162079564,0.0061244394130777376,0.5081967213114754,1.6097846889952172,-1.7151432799677147,1.121129608906583,-6.581418460408347
buy_after_first_green_after_red_above_200dma,2024-02-01,2025-01-31,False,62,6200.0,0.7278863147783032,-0.5121136852216979,-8.259898148737062e-05,-0.008259898148737062,-0.002227908401977157,0.5,1.6097846889952172,-1.7151432799677147,0.9689399313558639,-6.581418460408351
buy_after_first_green_after_red_above_200dma,2024-03-01,2025-02-28,False,61,6100.0,-2.4488712519630362,-3.668871251963037,-0.0006014543036004979,-0.06014543036004978,-0.015922860521058162,0.47540983606557374,1.1298586239396813,-1.7151432799677147,0.7764397855819104,-6.581418460408351
buy_after_first_green_after_red_above_200dma,2024-04-01,2025-03-31,False,60,6000.0,-10.153618550700273,-11.353618550700272,-0.0018922697584500454,-0.18922697584500453,-0.08369306595565006,0.45,1.1298586239396813,-2.3188006257604776,0.48530441452534306,-10.151368187336255
buy_after_first_green_after_red_above_200dma,2024-05-01,2025-04-30,False,53,5300.0,-5.543110254103634,-6.603110254103634,-0.0012458698592648367,-0.12458698592648366,-0.015922860521058162,0.49056603773584906,1.1298586239396813,-2.3188006257604776,0.593143982289426,-9.647278580337089
buy_after_first_green_after_red_above_200dma,2024-06-01,2025-05-31,False,52,5200.0,-6.53482464136106,-7.57482464136106,-0.0014566970464155885,-0.14566970464155884,-0.08369306595565006,0.46153846153846156,1.1298586239396813,-2.3188006257604776,0.5515002214150058,-9.647278580337089
buy_after_first_green_after_red_above_200dma,2024-07-01,2025-06-30,False,53,5300.0,-8.770458985347084,-9.830458985347086,-0.0018548035821409595,-0.18548035821409595,-0.1188630746416197,0.4339622641509434,0.9778882861993332,-2.3188006257604776,0.47866420993343195,-10.719962200237731
buy_after_first_green_after_red_above_200dma,2024-08-01,2025-07-31,False,55,5500.0,-8.901391157835107,-10.001391157835105,-0.001818434755970019,-0.1818434755970019,-0.1188630746416197,0.4,0.9778882861993332,-2.3188006257604776,0.49061699490079136,-9.035750442945222
buy_after_first_green_after_red_above_200dma,2024-09-01,2025-08-31,False,55,5500.0,-8.2255980746477,-9.3255980746477,-0.0016955632862995819,-0.1695563286299582,-0.10492929636078062,0.4,0.9778882861993332,-2.3188006257604776,0.48912479464464936,-9.728640550691583
buy_after_first_green_after_red_above_200dma,2024-10-01,2025-09-30,False,56,5600.0,-6.8954052009416955,-8.015405200941697,-0.0014313223573110172,-0.14313223573110173,-0.0748353274729907,0.42857142857142855,0.9778882861993332,-2.3188006257604776,0.5505810508582419,-9.298838766391082
buy_after_first_green_after_red_above_200dma,2024-11-01,2025-10-31,False,55,5500.0,-6.767385030153283,-7.867385030153283,-0.0014304336418460514,-0.14304336418460514,-0.09063255375922007,0.4,0.9778882861993332,-2.3188006257604776,0.5491039468631277,-9.337575100030486
buy_after_first_green_after_red_above_200dma,2024-12-01,2025-11-30,False,57,5700.0,-9.735030337540694,-10.875030337540696,-0.001907900059217666,-0.1907900059217666,-0.10312866049499102,0.38596491228070173,0.9792862241256173,-2.3188006257604776,0.489513789426166,-12.194249066994066
buy_after_first_green_after_red_above_200dma,2025-01-01,2025-12-31,False,54,5400.0,-8.542976607499408,-9.622976607499409,-0.0017820327050924831,-0.1782032705092483,-0.07314631109256119,0.42592592592592593,0.9792862241256173,-2.3188006257604776,0.5138515263830228,-12.194249066994066
buy_after_first_green_after_red_above_200dma,2025-02-01,2026-01-31,False,51,5100.0,-7.386226533222895,-8.406226533222895,-0.0016482797123966461,-0.1648279712396646,-0.015922860521058162,0.47058823529411764,0.9792862241256173,-2.3188006257604776,0.542318021936185,-11.348567392435191
buy_after_first_green_after_red_above_200dma,2025-03-01,2026-02-28,False,52,5200.0,-7.862810758967264,-8.902810758967265,-0.0017120789921090895,-0.17120789921090893,-0.019889567489930187,0.4807692307692308,0.9792862241256173,-2.3188006257604776,0.5576407914645513,-9.523788226928792
buy_after_first_green_after_red_above_200dma,2025-04-01,2026-03-31,False,52,5200.0,-3.746834693241752,-4.786834693241753,-0.0009205451333157217,-0.09205451333157216,-0.019889567489930187,0.4807692307692308,0.9792862241256173,-2.1103322135125024,0.7027210050077354,-6.456528522192144
buy_after_first_green_after_red_below_200dma,2014-05-01,2015-04-30,False,0,0.0,0.0,0.0,,,,,,,,
buy_after_first_green_after_red_below_200dma,2014-06-01,2015-05-31,False,0,0.0,0.0,0.0,,,,,,,,
buy_after_first_green_after_red_below_200dma,2014-07-01,2015-06-30,False,0,0.0,0.0,0.0,,,,,,,,
buy_after_first_green_after_red_below_200dma,2014-08-01,2015-07-31,True,1,100.0,1.185964054285371,1.165964054285371,0.01165964054285371,1.165964054285371,1.165964054285371,1.0,1.165964054285371,1.165964054285371,,0.0
buy_after_first_green_after_red_below_200dma,2014-09-01,2015-08-31,True,1,100.0,1.185964054285371,1.165964054285371,0.01165964054285371,1.165964054285371,1.165964054285371,1.0,1.165964054285371,1.165964054285371,,0.0
buy_after_first_green_after_red_below_200dma,2014-10-01,2015-09-30,False,7,700.0,-2.5256979402403457,-2.665697940240346,-0.0038081399146290655,-0.38081399146290656,-0.09702182284980986,0.42857142857142855,1.165964054285371,-2.2909475332811313,0.4948982904751382,-3.952795566881744
buy_after_first_green_after_red_below_200dma,2014-11-01,2015-10-31,False,11,1100.0,0.09780109725917585,-0.12219890274082434,-0.00011108991158256759,-0.011108991158256759,0.531423441908172,0.6363636363636364,1.165964054285371,-2.2909475332811313,0.9768455106091698,-3.952795566881744
buy_after_first_green_after_red_below_200dma,2014-12-01,2015-11-30,False,12,1200.0,0.1588437049993785,-0.0811562950006217,-6.763024583385142e-05,-0.006763024583385142,0.4353227701303508,0.6666666666666666,1.165964054285371,-2.2909475332811313,0.9846223449683792,-3.952795566881744
buy_after_first_green_after_red_below_200dma,2015-01-01,2015-12-31,False,15,1500.0,0.27629307078567145,-0.02370692921432882,-1.5804619476219212e-05,-0.0015804619476219213,0.531423441908172,0.6666666666666666,1.165964054285371,-2.2909475332811313,0.9967510581186066,-3.952795566881744
buy_after_first_green_after_red_below_200dma,2015-02-01,2016-01-31,True,22,2200.0,1.1163092635997907,0.6763092635997903,0.0003074133016362683,0.03074133016362683,0.4353227701303508,0.5909090909090909,2.707877578176985,-2.2909475332811313,1.0560866261285464,-4.9275999348040695
buy_after_first_green_after_red_below_200dma,2015-03-01,2016-02-29,True,26,2600.0,2.350808955411565,1.8308089554115647,0.0007041572905429096,0.07041572905429096,0.4353227701303508,0.5769230769230769,2.707877578176985,-2.2909475332811313,1.1405178680606556,-4.9275999348040695
buy_after_first_green_after_red_below_200dma,2015-04-01,2016-03-31,True,28,2800.0,2.6548513050471567,2.094851305047156,0.0007481611803739843,0.07481611803739843,0.3430392591699394,0.5714285714285714,2.707877578176985,-2.2909475332811313,1.1597680851010357,-4.9275999348040695
buy_after_first_green_after_red_below_200dma,2015-05-01,2016-04-30,True,28,2800.0,2.6548513050471567,2.094851305047156,0.0007481611803739843,0.07481611803739843,0.3430392591699394,0.5714285714285714,2.707877578176985,-2.2909475332811313,1.1597680851010357,-4.9275999348040695
buy_after_first_green_after_red_below_200dma,2015-06-01,2016-05-31,True,28,2800.0,2.6548513050471567,2.094851305047156,0.0007481611803739843,0.07481611803739843,0.3430392591699394,0.5714285714285714,2.707877578176985,-2.2909475332811313,1.1597680851010357,-4.9275999348040695
buy_after_first_green_after_red_below_200dma,2015-07-01,2016-06-30,True,28,2800.0,2.6548513050471567,2.094851305047156,0.0007481611803739843,0.07481611803739843,0.3430392591699394,0.5714285714285714,2.707877578176985,-2.2909475332811313,1.1597680851010357,-4.9275999348040695
buy_after_first_green_after_red_below_200dma,2015-08-01,2016-07-31,True,27,2700.0,1.4688872507617856,0.9288872507617851,0.00034403231509695745,0.03440323150969574,0.3392220983525296,0.5555555555555556,2.707877578176985,-2.2909475332811313,1.070843470833189,-4.92759993480407
buy_after_first_green_after_red_below_200dma,2015-09-01,2016-08-31,True,27,2700.0,1.4688872507617856,0.9288872507617851,0.00034403231509695745,0.03440323150969574,0.3392220983525296,0.5555555555555556,2.707877578176985,-2.2909475332811313,1.070843470833189,-4.92759993480407
buy_after_first_green_after_red_below_200dma,2015-10-01,2016-09-30,True,21,2100.0,5.1805492452875015,4.760549245287502,0.0022669282120416673,0.22669282120416673,0.3468564199873492,0.6190476190476191,2.707877578176985,-2.032019858897307,1.6076563347393735,-3.616795378948343
buy_after_first_green_after_red_below_200dma,2015-11-01,2016-10-31,True,17,1700.0,2.5570502077879804,2.21705020778798,0.001304147181051753,0.1304147181051753,0.041042607740202644,0.5294117647058824,2.707877578176985,-2.032019858897307,1.2829935231803802,-3.616795378948343
buy_after_first_green_after_red_below_200dma,2015-12-01,2016-11-30,True,16,1600.0,2.496007600047778,2.176007600047778,0.0013600047500298613,0.13600047500298612,0.16342820999367458,0.5,2.707877578176985,-2.032019858897307,1.277754673774034,-3.616795378948343
buy_after_first_green_after_red_below_200dma,2016-01-01,2016-12-31,True,13,1300.0,2.3785582342614853,2.118558234261485,0.0016296601802011424,0.16296601802011423,-0.02,0.46153846153846156,2.707877578176985,-2.032019858897307,1.3643257852283124,-2.946904325305748
buy_after_first_green_after_red_below_200dma,2016-02-01,2017-01-31,True,6,600.0,1.538542041447366,1.418542041447366,0.00236423673574561,0.23642367357456098,0.16342820999367458,0.5,1.2398847339498675,-0.9507135470527417,2.34646877596064,-0.9507135470527417
buy_after_first_green_after_red_below_200dma,2016-03-01,2017-02-28,True,2,200.0,0.3040423496355915,0.2640423496355915,0.0013202117481779575,0.13202117481779574,0.13202117481779574,0.5,0.3468564199873492,-0.08281407035175768,4.188375459798751,-0.0828140703517577
buy_after_first_green_after_red_below_200dma,2016-04-01,2017-03-31,False,0,0.0,0.0,0.0,,,,,,,,
buy_after_first_green_after_red_below_200dma,2016-05-01,2017-04-30,False,0,0.0,0.0,0.0,,,,,,,,
buy_after_first_green_after_red_below_200dma,2016-06-01,2017-05-31,False,0,0.0,0.0,0.0,,,,,,,,
buy_after_first_green_after_red_below_200dma,2016-07-01,2017-06-30,False,0,0.0,0.0,0.0,,,,,,,,
buy_after_first_green_after_red_below_200dma,2016-08-01,2017-07-31,False,0,0.0,0.0,0.0,,,,,,,,
buy_after_first_green_after_red_below_200dma,2016-09-01,2017-08-31,False,0,0.0,0.0,0.0,,,,,,,,
buy_after_first_green_after_red_below_200dma,2016-10-01,2017-09-30,False,0,0.0,0.0,0.0,,,,,,,,
buy_after_first_green_after_red_below_200dma,2016-11-01,2017-10-31,False,0,0.0,0.0,0.0,,,,,,,,
buy_after_first_green_after_red_below_200dma,2016-12-01,2017-11-30,False,0,0.0,0.0,0.0,,,,,,,,
buy_after_first_green_after_red_below_200dma,2017-01-01,2017-12-31,False,0,0.0,0.0,0.0,,,,,,,,
buy_after_first_green_after_red_below_200dma,2017-02-01,2018-01-31,False,0,0.0,0.0,0.0,,,,,,,,
buy_after_first_green_after_red_below_200dma,2017-03-01,2018-02-28,False,0,0.0,0.0,0.0,,,,,,,,
buy_after_first_green_after_red_below_200dma,2017-04-01,2018-03-31,False,0,0.0,0.0,0.0,,,,,,,,
buy_after_first_green_after_red_below_200dma,2017-05-01,2018-04-30,False,0,0.0,0.0,0.0,,,,,,,,
buy_after_first_green_after_red_below_200dma,2017-06-01,2018-05-31,False,0,0.0,0.0,0.0,,,,,,,,
buy_after_first_green_after_red_below_200dma,2017-07-01,2018-06-30,False,0,0.0,0.0,0.0,,,,,,,,
buy_after_first_green_after_red_below_200dma,2017-08-01,2018-07-31,False,0,0.0,0.0,0.0,,,,,,,,
buy_after_first_green_after_red_below_200dma,2017-09-01,2018-08-31,False,0,0.0,0.0,0.0,,,,,,,,
buy_after_first_green_after_red_below_200dma,2017-10-01,2018-09-30,False,0,0.0,0.0,0.0,,,,,,,,
buy_after_first_green_after_red_below_200dma,2017-11-01,2018-10-31,True,2,200.0,0.4351772318755498,0.39517723187554976,0.001975886159377749,0.19758861593777488,0.19758861593777488,0.5,0.7325782774319367,-0.33740104555638695,2.1712389071702125,0.0
buy_after_first_green_after_red_below_200dma,2017-12-01,2018-11-30,True,5,500.0,1.464887155762129,1.364887155762129,0.0027297743115242577,0.2729774311524258,0.39182392239407227,0.6,0.8255467869222133,-0.33740104555638695,3.332893864331703,-0.24766078542970638
buy_after_first_green_after_red_below_200dma,2018-01-01,2018-12-31,True,8,800.0,2.080102129394179,1.920102129394179,0.0024001276617427237,0.24001276617427236,0.13390742261912614,0.5,0.9819228822993664,-0.33740104555638695,2.8977659186090365,-0.42670790866731645
buy_after_first_green_after_red_below_200dma,2018-02-01,2019-01-31,True,13,1300.0,2.29512090103956,2.03512090103956,0.0015654776161842768,0.15654776161842768,0.09961722488038617,0.5384615384615384,0.9819228822993664,-0.6966917293233088,2.152121219555153,-0.75464239345993
buy_after_first_green_after_red_below_200dma,2018-03-01,2019-02-28,True,15,1500.0,2.6257673536079884,2.325767353607988,0.001550511569071992,0.1550511569071992,0.09961722488038617,0.5333333333333333,0.9819228822993664,-0.6966917293233088,2.238007499587533,-0.75464239345993
buy_after_first_green_after_red_below_200dma,2018-04-01,2019-03-31,True,15,1500.0,2.6257673536079884,2.325767353607988,0.001550511569071992,0.1550511569071992,0.09961722488038617,0.5333333333333333,0.9819228822993664,-0.6966917293233088,2.238007499587533,-0.75464239345993
buy_after_first_green_after_red_below_200dma,2018-05-01,2019-04-30,True,15,1500.0,2.6257673536079884,2.325767353607988,0.001550511569071992,0.1550511569071992,0.09961722488038617,0.5333333333333333,0.9819228822993664,-0.6966917293233088,2.238007499587533,-0.75464239345993
buy_after_first_green_after_red_below_200dma,2018-06-01,2019-05-31,True,15,1500.0,2.6257673536079884,2.325767353607988,0.001550511569071992,0.1550511569071992,0.09961722488038617,0.5333333333333333,0.9819228822993664,-0.6966917293233088,2.238007499587533,-0.75464239345993
buy_after_first_green_after_red_below_200dma,2018-07-01,2019-06-30,True,16,1600.0,4.477619205459849,4.157619205459849,0.002598512003412405,0.25985120034124054,0.18372111363946564,0.5625,1.83185185185186,-0.6966917293233088,3.2131034511270453,-0.75464239345993
buy_after_first_green_after_red_below_200dma,2018-08-01,2019-07-31,True,16,1600.0,4.477619205459849,4.157619205459849,0.002598512003412405,0.25985120034124054,0.18372111363946564,0.5625,1.83185185185186,-0.6966917293233088,3.2131034511270453,-0.75464239345993
buy_after_first_green_after_red_below_200dma,2018-09-01,2019-08-31,True,16,1600.0,4.477619205459849,4.157619205459849,0.002598512003412405,0.25985120034124054,0.18372111363946564,0.5625,1.83185185185186,-0.6966917293233088,3.2131034511270453,-0.75464239345993
buy_after_first_green_after_red_below_200dma,2018-10-01,2019-09-30,True,16,1600.0,4.477619205459849,4.157619205459849,0.002598512003412405,0.25985120034124054,0.18372111363946564,0.5625,1.83185185185186,-0.6966917293233088,3.2131034511270453,-0.75464239345993
buy_after_first_green_after_red_below_200dma,2018-11-01,2019-10-31,True,14,1400.0,4.042441973584299,3.7624419735842984,0.002687458552560213,0.2687458552560213,0.18372111363946564,0.5714285714285714,1.83185185185186,-0.6966917293233088,3.441184079605418,-0.75464239345993
buy_after_first_green_after_red_below_200dma,2018-12-01,2019-11-30,True,11,1100.0,3.0127320496977195,2.7927320496977193,0.0025388473179070174,0.25388473179070176,0.09961722488038617,0.5454545454545454,1.83185185185186,-0.6966917293233088,3.158924326990897,-0.75464239345993
buy_after_first_green_after_red_below_200dma,2019-01-01,2019-12-31,True,8,800.0,2.3975170760656694,2.2375170760656693,0.0027968963450820867,0.27968963450820866,0.18372111363946564,0.625,1.83185185185186,-0.6966917293233088,3.58115146952139,-0.75464239345993
buy_after_first_green_after_red_below_200dma,2019-02-01,2020-01-31,True,3,300.0,2.1824983044202884,2.1224983044202883,0.007074994348067628,0.7074994348067628,0.40287185144327387,0.6666666666666666,1.83185185185186,-0.1122253988748456,19.912815866106303,-0.11222539887484562
buy_after_first_green_after_red_below_200dma,2019-03-01,2020-02-29,True,1,100.0,1.85185185185186,1.83185185185186,0.018318518518518602,1.83185185185186,1.83185185185186,1.0,1.83185185185186,1.83185185185186,,0.0
buy_after_first_green_after_red_below_200dma,2019-04-01,2020-03-31,False,7,700.0,-10.515185382405388,-10.655185382405389,-0.01522169340343627,-1.522169340343627,-1.6845938964890417,0.2857142857142857,5.669655172413799,-9.650668536699394,0.41315383089870994,-18.15669240667105
buy_after_first_green_after_red_below_200dma,2019-05-01,2020-04-30,False,15,1500.0,-13.281636569974353,-13.581636569974352,-0.009054424379982901,-0.9054424379982902,-0.3693997491488932,0.3333333333333333,5.669655172413799,-9.650668536699394,0.439138657379348,-21.083143594240013
buy_after_first_green_after_red_below_200dma,2019-06-01,2020-05-31,False,20,2000.0,-10.17983302400153,-10.579833024001525,-0.0052899165120007625,-0.5289916512000763,-0.08175832262788615,0.4,5.669655172413799,-9.650668536699394,0.584009353519946,-21.083143594240013
buy_after_first_green_after_red_below_200dma,2019-07-01,2020-06-30,False,19,1900.0,-12.03168487585339,-12.411684875853386,-0.006532465724133361,-0.6532465724133361,-0.1523001323001338,0.3684210526315789,5.669655172413799,-9.650668536699394,0.5119823910547746,-21.083143594240017
buy_after_first_green_after_red_below_200dma,2019-08-01,2020-07-31,False,19,1900.0,-12.03168487585339,-12.411684875853386,-0.006532465724133361,-0.6532465724133361,-0.1523001323001338,0.3684210526315789,5.669655172413799,-9.650668536699394,0.5119823910547746,-21.083143594240017
buy_after_first_green_after_red_below_200dma,2019-09-01,2020-08-31,False,19,1900.0,-12.03168487585339,-12.411684875853386,-0.006532465724133361,-0.6532465724133361,-0.1523001323001338,0.3684210526315789,5.669655172413799,-9.650668536699394,0.5119823910547746,-21.083143594240017
buy_after_first_green_after_red_below_200dma,2019-10-01,2020-09-30,False,19,1900.0,-12.03168487585339,-12.411684875853386,-0.006532465724133361,-0.6532465724133361,-0.1523001323001338,0.3684210526315789,5.669655172413799,-9.650668536699394,0.5119823910547746,-21.083143594240017
buy_after_first_green_after_red_below_200dma,2019-11-01,2020-10-31,False,19,1900.0,-12.03168487585339,-12.411684875853386,-0.006532465724133361,-0.6532465724133361,-0.1523001323001338,0.3684210526315789,5.669655172413799,-9.650668536699394,0.5119823910547746,-21.083143594240017
buy_after_first_green_after_red_below_200dma,2019-12-01,2020-11-30,False,19,1900.0,-12.03168487585339,-12.411684875853386,-0.006532465724133361,-0.6532465724133361,-0.1523001323001338,0.3684210526315789,5.669655172413799,-9.650668536699394,0.5119823910547746,-21.083143594240017
buy_after_first_green_after_red_below_200dma,2020-01-01,2020-12-31,False,19,1900.0,-12.03168487585339,-12.411684875853386,-0.006532465724133361,-0.6532465724133361,-0.1523001323001338,0.3684210526315789,5.669655172413799,-9.650668536699394,0.5119823910547746,-21.083143594240017
buy_after_first_green_after_red_below_200dma,2020-02-01,2021-01-31,False,19,1900.0,-12.03168487585339,-12.411684875853386,-0.006532465724133361,-0.6532465724133361,-0.1523001323001338,0.3684210526315789,5.669655172413799,-9.650668536699394,0.5119823910547746,-21.083143594240017
buy_after_first_green_after_red_below_200dma,2020-03-01,2021-02-28,False,19,1900.0,-12.03168487585339,-12.411684875853386,-0.006532465724133361,-0.6532465724133361,-0.1523001323001338,0.3684210526315789,5.669655172413799,-9.650668536699394,0.5119823910547746,-21.083143594240017
buy_after_first_green_after_red_below_200dma,2020-04-01,2021-03-31,True,13,1300.0,0.335352358403862,0.07535235840386179,5.796335261835522e-05,0.005796335261835522,-0.011216512955638507,0.46153846153846156,1.5934628730048561,-2.43758241758242,1.010356046474901,-3.035040224739949
buy_after_first_green_after_red_below_200dma,2020-05-01,2021-04-30,True,5,500.0,3.1018035459728255,3.0018035459728254,0.006003607091945651,0.6003607091945651,1.0854120976299986,0.6,1.5934628730048561,-1.2059702245773374,3.4661816083019072,-1.217186737532976
buy_after_first_green_after_red_below_200dma,2020-06-01,2021-05-31,False,0,0.0,0.0,0.0,,,,,,,,
buy_after_first_green_after_red_below_200dma,2020-07-01,2021-06-30,False,0,0.0,0.0,0.0,,,,,,,,
buy_after_first_green_after_red_below_200dma,2020-08-01,2021-07-31,False,0,0.0,0.0,0.0,,,,,,,,
buy_after_first_green_after_red_below_200dma,2020-09-01,2021-08-31,False,0,0.0,0.0,0.0,,,,,,,,
buy_after_first_green_after_red_below_200dma,2020-10-01,2021-09-30,False,0,0.0,0.0,0.0,,,,,,,,
buy_after_first_green_after_red_below_200dma,2020-11-01,2021-10-31,False,0,0.0,0.0,0.0,,,,,,,,
buy_after_first_green_after_red_below_200dma,2020-12-01,2021-11-30,False,0,0.0,0.0,0.0,,,,,,,,
buy_after_first_green_after_red_below_200dma,2021-01-01,2021-12-31,False,0,0.0,0.0,0.0,,,,,,,,
buy_after_first_green_after_red_below_200dma,2021-02-01,2022-01-31,False,3,300.0,-0.02822530706761972,-0.08822530706761977,-0.00029408435689206593,-0.02940843568920659,-0.6528749784247134,0.3333333333333333,1.8054775630157205,-1.2408278916586268,0.9534112196472845,-0.6528749784247134
buy_after_first_green_after_red_below_200dma,2021-03-01,2022-02-28,True,4,400.0,2.62601972720905,2.54601972720905,0.006365049318022625,0.6365049318022625,0.5763012922955035,0.5,2.63424503427667,-1.2408278916586268,2.3444663190994697,-0.6528749784247134
buy_after_first_green_after_red_below_200dma,2021-04-01,2022-03-31,True,7,700.0,4.146740327056997,4.006740327056997,0.0057239147529385675,0.5723914752938567,-0.3515232923692513,0.42857142857142855,2.63424503427667,-1.2408278916586268,2.4446395645369656,-0.8798196232876854
buy_after_first_green_after_red_below_200dma,2021-05-01,2022-04-30,True,11,1100.0,2.121492217722598,1.901492217722598,0.0017286292888387255,0.17286292888387253,-0.3515232923692513,0.45454545454545453,2.63424503427667,-2.8961061946902644,1.278050185495764,-3.7586399916035584
buy_after_first_green_after_red_below_200dma,2021-06-01,2022-05-31,False,17,1700.0,-1.6196853230458164,-1.9596853230458158,-0.0011527560723798916,-0.11527560723798916,-0.3515232923692513,0.4117647058823529,2.63424503427667,-4.138545676749163,0.8530401703369717,-8.048508852318179
buy_after_first_green_after_red_below_200dma,2021-07-01,2022-06-30,False,22,2200.0,-2.3745663568488284,-2.8145663568488275,-0.0012793483440221942,-0.12793483440221942,-0.3281036465642062,0.4090909090909091,3.440801796446744,-4.138545676749163,0.8478783565749903,-10.26210848035257
buy_after_first_green_after_red_below_200dma,2021-08-01,2022-07-31,False,27,2700.0,-2.6145485377900846,-3.1545485377900833,-0.0011683513102926234,-0.11683513102926234,-0.30468400075916113,0.4444444444444444,3.440801796446744,-4.138545676749163,0.8468582449207346,-10.26210848035257
buy_after_first_green_after_red_below_200dma,2021-09-01,2022-08-31,False,33,3300.0,-3.3240245970517224,-3.984024597051721,-0.001207280180924764,-0.1207280180924764,-0.1129306339196856,0.45454545454545453,3.440801796446744,-4.138545676749163,0.8280732648521854,-10.26210848035257
buy_after_first_green_after_red_below_200dma,2021-10-01,2022-09-30,False,38,3800.0,-8.42550728202175,-9.185507282021748,-0.0024172387584267757,-0.24172387584267757,-0.3281036465642062,0.42105263157894735,3.440801796446744,-4.138545676749163,0.683203646380061,-13.192247609078745
buy_after_first_green_after_red_below_200dma,2021-11-01,2022-10-31,False,43,4300.0,-6.785421427627247,-7.645421427627245,-0.0017780049831691268,-0.1778004983169127,-0.30468400075916113,0.4418604651162791,3.440801796446744,-4.138545676749163,0.761170886492167,-13.192247609078745
buy_after_first_green_after_red_below_200dma,2021-12-01,2022-11-30,False,48,4800.0,-4.73966244955466,-5.699662449554658,-0.001187429676990554,-0.11874296769905539,-0.20880731733942337,0.4583333333333333,3.440801796446744,-4.138545676749163,0.8273132371695456,-13.192247609078745
buy_after_first_green_after_red_below_200dma,2022-01-01,2022-12-31,False,53,5300.0,-4.193103557212019,-5.253103557212016,-0.000991151614568305,-0.0991151614568305,-0.246112797984368,0.4528301886792453,3.440801796446744,-4.138545676749163,0.848192972841648,-13.192247609078745
buy_after_first_green_after_red_below_200dma,2022-02-01,2023-01-31,False,53,5300.0,-4.127749809092807,-5.187749809092807,-0.000978820718696756,-0.09788207186967561,-0.14121985453616978,0.4528301886792453,3.440801796446744,-4.138545676749163,0.8472229005490813,-13.192247609078745
buy_after_first_green_after_red_below_200dma,2022-03-01,2023-02-28,False,52,5200.0,-6.781994843369476,-7.821994843369476,-0.001504229777571053,-0.1504229777571053,-0.1936663262602689,0.4423076923076923,3.440801796446744,-4.138545676749163,0.7696454670972254,-13.192247609078748
buy_after_first_green_after_red_below_200dma,2022-04-01,2023-03-31,False,50,5000.0,-9.010533323589819,-10.010533323589822,-0.0020021066647179643,-0.20021066647179644,-0.1936663262602689,0.44,3.440801796446744,-4.138545676749163,0.7038683078500321,-12.329713812165455
buy_after_first_green_after_red_below_200dma,2022-05-01,2023-04-30,False,46,4600.0,-6.985285214255422,-7.90528521425542,-0.0017185402639685696,-0.17185402639685696,-0.1936663262602689,0.43478260869565216,3.440801796446744,-4.138545676749163,0.7341795076137236,-11.639909884498902
buy_after_first_green_after_red_below_200dma,2022-06-01,2023-05-31,False,40,4000.0,-3.2441076734870062,-4.044107673487008,-0.001011026918371752,-0.1011026918371752,-0.12707524422792768,0.45,3.440801796446744,-3.340814390195692,0.8260076156872372,-6.494600321803445
buy_after_first_green_after_red_below_200dma,2022-07-01,2023-06-30,False,35,3500.0,-2.4892266396839946,-3.1892266396839952,-0.0009112076113382844,-0.09112076113382843,-0.14121985453616978,0.45714285714285713,2.867866901122682,-2.2684885537667254,0.8235634919533722,-6.494600321803445
buy_after_first_green_after_red_below_200dma,2022-08-01,2023-07-31,False,30,3000.0,-2.2492444587427385,-2.849244458742739,-0.0009497481529142463,-0.09497481529142464,-0.1936663262602689,0.43333333333333335,2.867866901122682,-2.2684885537667254,0.8216878826989192,-6.4922434559136
buy_after_first_green_after_red_below_200dma,2022-09-01,2023-08-31,False,24,2400.0,-1.5397683994811007,-2.019768399481101,-0.0008415701664504588,-0.08415701664504588,-0.31556111894183947,0.4166666666666667,2.867866901122682,-2.2684885537667254,0.8493277726106553,-4.718380279432573
buy_after_first_green_after_red_below_200dma,2022-10-01,2023-09-30,True,19,1900.0,3.561714285488926,3.1817142854889258,0.001674586466046803,0.1674586466046803,-0.14121985453616978,0.47368421052631576,2.867866901122682,-2.2684885537667254,1.4195928245154226,-2.2684885537667254
buy_after_first_green_after_red_below_200dma,2022-11-01,2023-10-31,True,15,1500.0,2.590804508049671,2.290804508049671,0.0015272030053664473,0.15272030053664473,-0.14121985453616978,0.4666666666666667,1.7200000000000082,-1.1049909584086826,1.5017364912774545,-2.105412832177287
buy_after_first_green_after_red_below_200dma,2022-12-01,2023-11-30,True,10,1000.0,0.545045529977084,0.3450455299770838,0.0003450455299770838,0.03450455299770838,-0.1936663262602689,0.4,1.237372480394059,-1.1049909584086826,1.0965955230729696,-2.105412832177287
buy_after_first_green_after_red_below_200dma,2023-01-01,2023-12-31,False,5,500.0,-0.0015133623655572137,-0.1015133623655573,-0.00020302672473111462,-0.02030267247311146,-0.14121985453616978,0.4,1.223339253996445,-1.1049909584086826,0.948575538588059,-0.7278178803723967
buy_after_first_green_after_red_below_200dma,2023-02-01,2024-01-31,False,2,200.0,-0.038641803417149845,-0.07864180341714988,-0.0003932090170857494,-0.03932090170857494,-0.03932090170857494,0.5,0.6491760769552468,-0.7278178803723967,0.8919485141297823,0.0
buy_after_first_green_after_red_below_200dma,2023-03-01,2024-02-29,False,2,200.0,-0.038641803417149845,-0.07864180341714988,-0.0003932090170857494,-0.03932090170857494,-0.03932090170857494,0.5,0.6491760769552468,-0.7278178803723967,0.8919485141297823,0.0
buy_after_first_green_after_red_below_200dma,2023-04-01,2024-03-31,True,1,100.0,0.6691760769552468,0.6491760769552468,0.006491760769552468,0.6491760769552468,0.6491760769552468,1.0,0.6491760769552468,0.6491760769552468,,0.0
buy_after_first_green_after_red_below_200dma,2023-05-01,2024-04-30,True,1,100.0,0.6691760769552468,0.6491760769552468,0.006491760769552468,0.6491760769552468,0.6491760769552468,1.0,0.6491760769552468,0.6491760769552468,,0.0
buy_after_first_green_after_red_below_200dma,2023-06-01,2024-05-31,True,1,100.0,0.6691760769552468,0.6491760769552468,0.006491760769552468,0.6491760769552468,0.6491760769552468,1.0,0.6491760769552468,0.6491760769552468,,0.0
buy_after_first_green_after_red_below_200dma,2023-07-01,2024-06-30,True,1,100.0,0.6691760769552468,0.6491760769552468,0.006491760769552468,0.6491760769552468,0.6491760769552468,1.0,0.6491760769552468,0.6491760769552468,,0.0
buy_after_first_green_after_red_below_200dma,2023-08-01,2024-07-31,True,1,100.0,0.6691760769552468,0.6491760769552468,0.006491760769552468,0.6491760769552468,0.6491760769552468,1.0,0.6491760769552468,0.6491760769552468,,0.0
buy_after_first_green_after_red_below_200dma,2023-09-01,2024-08-31,True,1,100.0,0.6691760769552468,0.6491760769552468,0.006491760769552468,0.6491760769552468,0.6491760769552468,1.0,0.6491760769552468,0.6491760769552468,,0.0
buy_after_first_green_after_red_below_200dma,2023-10-01,2024-09-30,True,1,100.0,0.6691760769552468,0.6491760769552468,0.006491760769552468,0.6491760769552468,0.6491760769552468,1.0,0.6491760769552468,0.6491760769552468,,0.0
buy_after_first_green_after_red_below_200dma,2023-11-01,2024-10-31,False,0,0.0,0.0,0.0,,,,,,,,
buy_after_first_green_after_red_below_200dma,2023-12-01,2024-11-30,False,0,0.0,0.0,0.0,,,,,,,,
buy_after_first_green_after_red_below_200dma,2024-01-01,2024-12-31,False,0,0.0,0.0,0.0,,,,,,,,
buy_after_first_green_after_red_below_200dma,2024-02-01,2025-01-31,False,0,0.0,0.0,0.0,,,,,,,,
buy_after_first_green_after_red_below_200dma,2024-03-01,2025-02-28,False,0,0.0,0.0,0.0,,,,,,,,
buy_after_first_green_after_red_below_200dma,2024-04-01,2025-03-31,False,4,400.0,-2.658381504546703,-2.738381504546703,-0.006845953761366758,-0.6845953761366758,-0.7905060097923378,0.25,0.9308153019060827,-2.0881847868681103,0.253683667299916,-2.41628337841741
buy_after_first_green_after_red_below_200dma,2024-05-01,2025-04-30,False,10,1000.0,-9.519026057443702,-9.719026057443703,-0.009719026057443703,-0.9719026057443703,-0.7905060097923378,0.3,0.9308153019060827,-3.6637982735120445,0.15887005061734719,-9.78586886723151
buy_after_first_green_after_red_below_200dma,2024-06-01,2025-05-31,False,11,1100.0,-8.78806428895924,-9.008064288959241,-0.008189149353599311,-0.8189149353599311,-0.32809859154929955,0.36363636363636365,0.9308153019060827,-3.6637982735120445,0.22040000565644555,-9.78586886723151
buy_after_first_green_after_red_below_200dma,2024-07-01,2025-06-30,False,11,1100.0,-8.78806428895924,-9.008064288959241,-0.008189149353599311,-0.8189149353599311,-0.32809859154929955,0.36363636363636365,0.9308153019060827,-3.6637982735120445,0.22040000565644555,-9.78586886723151
buy_after_first_green_after_red_below_200dma,2024-08-01,2025-07-31,False,11,1100.0,-8.78806428895924,-9.008064288959241,-0.008189149353599311,-0.8189149353599311,-0.32809859154929955,0.36363636363636365,0.9308153019060827,-3.6637982735120445,0.22040000565644555,-9.78586886723151
buy_after_first_green_after_red_below_200dma,2024-09-01,2025-08-31,False,11,1100.0,-8.78806428895924,-9.008064288959241,-0.008189149353599311,-0.8189149353599311,-0.32809859154929955,0.36363636363636365,0.9308153019060827,-3.6637982735120445,0.22040000565644555,-9.78586886723151
buy_after_first_green_after_red_below_200dma,2024-10-01,2025-09-30,False,11,1100.0,-8.78806428895924,-9.008064288959241,-0.008189149353599311,-0.8189149353599311,-0.32809859154929955,0.36363636363636365,0.9308153019060827,-3.6637982735120445,0.22040000565644555,-9.78586886723151
buy_after_first_green_after_red_below_200dma,2024-11-01,2025-10-31,False,11,1100.0,-8.78806428895924,-9.008064288959241,-0.008189149353599311,-0.8189149353599311,-0.32809859154929955,0.36363636363636365,0.9308153019060827,-3.6637982735120445,0.22040000565644555,-9.78586886723151
buy_after_first_green_after_red_below_200dma,2024-12-01,2025-11-30,False,11,1100.0,-8.78806428895924,-9.008064288959241,-0.008189149353599311,-0.8189149353599311,-0.32809859154929955,0.36363636363636365,0.9308153019060827,-3.6637982735120445,0.22040000565644555,-9.78586886723151
buy_after_first_green_after_red_below_200dma,2025-01-01,2025-12-31,False,11,1100.0,-8.78806428895924,-9.008064288959241,-0.008189149353599311,-0.8189149353599311,-0.32809859154929955,0.36363636363636365,0.9308153019060827,-3.6637982735120445,0.22040000565644555,-9.78586886723151
buy_after_first_green_after_red_below_200dma,2025-02-01,2026-01-31,False,11,1100.0,-8.78806428895924,-9.008064288959241,-0.008189149353599311,-0.8189149353599311,-0.32809859154929955,0.36363636363636365,0.9308153019060827,-3.6637982735120445,0.22040000565644555,-9.78586886723151
buy_after_first_green_after_red_below_200dma,2025-03-01,2026-02-28,False,11,1100.0,-8.78806428895924,-9.008064288959241,-0.008189149353599311,-0.8189149353599311,-0.32809859154929955,0.36363636363636365,0.9308153019060827,-3.6637982735120445,0.22040000565644555,-9.78586886723151
buy_after_first_green_after_red_below_200dma,2025-04-01,2026-03-31,False,9,900.0,-3.661625972407589,-3.841625972407589,-0.0042684733026750995,-0.42684733026750993,-0.23549747822100506,0.4444444444444444,2.8851329235347145,-3.6637982735120445,0.5395172307972387,-7.885529148290567
buy_every_session,2014-05-01,2015-04-30,True,252,25200.0,13.277578241157094,8.237578241157088,0.0003268880254427416,0.032688802544274156,0.04795736869731339,0.5357142857142857,2.5250031036623244,-2.229673459366557,1.127914701370848,-7.1965884529315245
buy_every_session,2014-06-01,2015-05-31,True,251,25100.0,12.10914759432078,7.089147594320775,0.00028243615913628586,0.028243615913628586,0.04412722842119578,0.5298804780876494,2.5250031036623244,-2.229673459366557,1.1079847139890118,-7.196588452931525
buy_every_session,2014-07-01,2015-06-30,True,252,25200.0,8.622454949450553,3.5824549494505495,0.00014216091069248213,0.014216091069248213,0.004806060062321222,0.5,2.5250031036623244,-2.229673459366557,1.0516536744795697,-7.196588452931525
buy_every_session,2014-08-01,2015-07-31,True,252,25200.0,12.214608656007918,7.174608656007916,0.0002847066926987268,0.02847066926987268,0.022628576491376968,0.503968253968254,2.5250031036623244,-2.229673459366557,1.104556432911691,-7.1965884529315245
buy_every_session,2014-09-01,2015-08-31,False,252,25200.0,3.3834249968970873,-1.6565750031029136,-6.573710329773466e-05,-0.006573710329773466,-0.02,0.4880952380952381,3.284904051172697,-4.766754899465511,0.9795586376918051,-12.147746106105505
buy_every_session,2014-10-01,2015-09-30,False,252,25200.0,2.025516975908081,-3.014483024091918,-0.00011962234222586977,-0.011962234222586977,-0.02,0.4801587301587302,3.284904051172697,-4.766754899465511,0.9658909960611016,-12.147746106105505
buy_every_session,2014-11-01,2015-10-31,True,251,25100.0,8.508785759929651,3.488785759929647,0.00013899544860277477,0.013899544860277478,-0.02,0.4900398406374502,3.284904051172697,-4.766754899465511,1.0427148347265232,-12.147746106105508
buy_every_session,2014-12-01,2015-11-30,True,252,25200.0,7.131439621875245,2.0914396218752387,8.299363578869995e-05,0.008299363578869994,-0.02,0.4880952380952381,3.284904051172697,-4.766754899465511,1.0243768425258977,-12.147746106105508
buy_every_session,2015-01-01,2015-12-31,True,252,25200.0,6.854264626259199,1.814264626259197,7.199462802615861e-05,0.007199462802615861,-0.02,0.49206349206349204,3.284904051172697,-4.766754899465511,1.0204993577035997,-12.147746106105508
buy_every_session,2015-02-01,2016-01-31,True,251,25100.0,5.621178409664196,0.6011784096641932,2.3951331062318454e-05,0.0023951331062318456,0.003929169657810334,0.50199203187251,3.284904051172697,-4.766754899465511,1.0066603668873917,-12.147746106105505
buy_every_session,2015-03-01,2016-02-29,False,252,25200.0,0.14126655865485915,-4.898733441345138,-0.00019439418418036263,-0.019439418418036262,-0.02,0.49206349206349204,3.284904051172697,-4.766754899465511,0.9495144129455527,-12.147746106105506
buy_every_session,2015-04-01,2016-03-31,True,252,25200.0,9.049604635821531,4.0096046358215265,0.0001591112950722828,0.01591112950722828,0.023816005312169448,0.5119047619047619,3.284904051172697,-4.766754899465511,1.0442289220174972,-12.147746106105508
buy_every_session,2015-05-01,2016-04-30,True,252,25200.0,8.473998217184427,3.4339982171844223,0.00013626977052319137,0.013626977052319137,0.004292001002479413,0.503968253968254,3.284904051172697,-4.766754899465511,1.037219501498176,-12.147746106105508
buy_every_session,2015-06-01,2016-05-31,True,253,25300.0,8.934315881665288,3.8743158816652876,0.0001531350150855845,0.015313501508558449,0.003929169657810334,0.5019762845849802,3.284904051172697,-4.766754899465511,1.0417654980523983,-12.147746106105508
buy_every_session,2015-07-01,2016-06-30,True,253,25300.0,9.876906377159308,4.816906377159308,0.0001903915564094588,0.019039155640945882,0.027875523638540862,0.5177865612648221,3.284904051172697,-4.766754899465511,1.0502834555084222,-12.147746106105506
buy_every_session,2015-08-01,2016-07-31,True,251,25100.0,10.35751011935438,5.337510119354382,0.00021264980555196742,0.021264980555196742,0.01989361702128047,0.5179282868525896,3.284904051172697,-4.766754899465511,1.0573431395549906,-12.107077823368027
buy_every_session,2015-09-01,2016-08-31,True,253,25300.0,15.761372905040222,10.701372905040227,0.0004229791662071236,0.04229791662071236,0.027875523638540862,0.5217391304347826,2.707877578176985,-4.61647879002718,1.1310588319779205,-12.107077823368025
buy_every_session,2015-10-01,2016-09-30,True,253,25300.0,18.187374128279163,13.127374128279161,0.0005188685426197297,0.05188685426197297,0.027875523638540862,0.525691699604743,2.707877578176985,-4.61647879002718,1.1722319646590833,-12.107077823368027
buy_every_session,2015-11-01,2016-10-31,True,251,25100.0,6.83167907228834,1.8116790722883422,7.217844909515307e-05,0.007217844909515308,-0.007959060806752554,0.49800796812749004,2.707877578176985,-4.61647879002718,1.0236048780093494,-12.107077823368027
buy_every_session,2015-12-01,2016-11-30,True,251,25100.0,8.220645656383065,3.200645656383063,0.00012751576320251247,0.012751576320251248,-0.008349062099501908,0.4940239043824701,2.707877578176985,-4.61647879002718,1.0427595695909633,-12.107077823368025
buy_every_session,2016-01-01,2016-12-31,True,250,25000.0,11.993102618184492,6.99310261818449,0.00027972410472737957,0.02797241047273796,0.00991447210041187,0.512,2.707877578176985,-4.61647879002718,1.104473645721554,-8.561998736571464
buy_every_session,2016-02-01,2017-01-31,True,251,25100.0,18.40515500249774,13.38515500249774,0.0005332731076692327,0.053327310766923264,0.0031187145994793393,0.5059760956175299,2.573360995850613,-4.61647879002718,1.2433563116574153,-6.355608319755599
buy_every_session,2016-03-01,2017-02-28,True,250,25000.0,22.167643067186894,17.167643067186894,0.0006867057226874757,0.06867057226874758,0.025124202497237586,0.536,2.573360995850613,-4.61647879002718,1.3634514014608345,-6.355608319755599
buy_every_session,2016-04-01,2017-03-31,True,251,25100.0,16.429544765779312,11.409544765779314,0.0004545635364852316,0.045456353648523164,0.02237288135593431,0.5298804780876494,2.3003026481714905,-4.61647879002718,1.2380407926110935,-6.355608319755605
buy_every_session,2016-05-01,2017-04-30,True,249,24900.0,15.82938817873768,10.849388178737678,0.0004357184007525172,0.04357184007525172,0.015174111853675249,0.5220883534136547,2.3003026481714905,-4.61647879002718,1.240038089765726,-6.288811217342689
buy_every_session,2016-06-01,2017-05-31,True,250,25000.0,15.928515252662326,10.928515252662322,0.00043714061010649287,0.043714061010649286,0.015223740230183597,0.532,2.3003026481714905,-4.61647879002718,1.2566174464626236,-6.288811217342689
buy_every_session,2016-07-01,2017-06-30,True,250,25000.0,16.712277547170338,11.712277547170336,0.00046849110188681346,0.04684911018868134,0.011417196507910194,0.52,1.7120607988688508,-2.523157653002641,1.3163466622066426,-5.5525477868852535
buy_every_session,2016-08-01,2017-07-31,True,250,25000.0,14.958354047861356,9.958354047861352,0.0003983341619144541,0.03983341619144541,0.011012713283540271,0.516,1.7120607988688508,-2.523157653002641,1.273481850048804,-5.337836310718905
buy_every_session,2016-09-01,2017-08-31,True,250,25000.0,15.97802573599697,10.978025735996967,0.0004391210294398787,0.04391210294398787,0.011821948398635946,0.528,1.7120607988688508,-2.523157653002641,1.2972964456688647,-4.873085307619622
buy_every_session,2016-10-01,2017-09-30,True,249,24900.0,17.70576136558074,12.725761365580738,0.0005110747536377806,0.05110747536377806,0.015273368606691946,0.5341365461847389,1.2064749418481768,-1.6473732526601248,1.4153356643784787,-4.055496582681528
buy_every_session,2016-11-01,2017-10-31,True,251,25100.0,22.3247454849136,17.304745484913596,0.0006894320910324142,0.06894320910324142,0.04418485237484894,0.5657370517928287,1.2064749418481768,-1.6473732526601248,1.6186884465463174,-2.247798153531507
buy_every_session,2016-12-01,2017-11-30,True,252,25200.0,23.118738752531975,18.078738752531972,0.0007174102679576179,0.07174102679576179,0.04815020096402335,0.5753968253968254,1.2064749418481768,-1.6473732526601248,1.6883369550880025,-2.247798153531507
buy_every_session,2017-01-01,2017-12-31,True,251,25100.0,20.98347746741046,15.96347746741046,0.0006359951182235243,0.06359951182235243,0.043031831074700225,0.5657370517928287,1.2064749418481768,-1.6473732526601248,1.6168360717292996,-2.2477981535315052
buy_every_session,2017-02-01,2018-01-31,True,252,25200.0,24.96599617737097,19.925996177370973,0.0007907141340226576,0.07907141340226577,0.057939045470498676,0.5952380952380952,1.2064749418481768,-1.6473732526601248,1.7621996584956843,-2.2477981535315035
buy_every_session,2017-03-01,2018-02-28,True,252,25200.0,16.444202607746494,11.40420260774649,0.0004525477225296226,0.04525477225296226,0.04651203881484768,0.5753968253968254,2.657210365853666,-5.433492927094665,1.2800143141876996,-10.562079657413975
buy_every_session,2017-04-01,2018-03-31,True,250,25000.0,14.164132534630493,9.164132534630488,0.0003665653013852195,0.03665653013852195,0.04355395972402755,0.568,2.657210365853666,-5.433492927094665,1.190117176353306,-10.562079657413978
buy_every_session,2017-05-01,2018-04-30,True,252,25200.0,13.085295683523704,8.045295683523698,0.00031925776521919436,0.031925776521919434,0.05257572823438085,0.5753968253968254,2.657210365853666,-5.433492927094665,1.1467934615746376,-10.562079657413978
buy_every_session,2017-06-01,2018-05-31,True,252,25200.0,13.842427040788227,8.802427040788226,0.00034930266034873913,0.03493026603487391,0.057939045470498676,0.5753968253968254,2.657210365853666,-5.433492927094665,1.1556055613125753,-10.562079657413978
buy_every_session,2017-07-01,2018-06-30,True,251,25100.0,13.900841099554096,8.880841099554093,0.0003538183705001631,0.03538183705001631,0.06449910806496152,0.5896414342629482,2.657210365853666,-5.433492927094665,1.1532255784180034,-10.562079657413978
buy_every_session,2017-08-01,2018-07-31,True,252,25200.0,16.58211183478483,11.542111834784826,0.0004580203109041598,0.04580203109041598,0.09405259847642179,0.5992063492063492,2.657210365853666,-5.433492927094665,1.1945034287996794,-10.56207965741398
buy_every_session,2017-09-01,2018-08-31,True,252,25200.0,18.85831310317768,13.81831310317768,0.0005483457580626063,0.05483457580626063,0.11776368541281725,0.6031746031746031,2.657210365853666,-5.433492927094665,1.2365539849564238,-10.56207965741398
buy_every_session,2017-10-01,2018-09-30,True,251,25100.0,17.581015126795066,12.56101512679506,0.0005004388496731099,0.05004388496731099,0.11750114584287764,0.5976095617529881,2.657210365853666,-5.433492927094665,1.2086642685734716,-10.56207965741398
buy_every_session,2017-11-01,2018-10-31,True,252,25200.0,8.296650601491995,3.256650601491989,0.0001292321667258726,0.012923216672587258,0.06695189619604137,0.5634920634920635,2.657210365853666,-5.433492927094665,1.044889275271941,-10.562079657413978
buy_every_session,2017-12-01,2018-11-30,True,252,25200.0,8.547960120322497,3.507960120322492,0.00013920476667946398,0.013920476667946397,0.07702552498440653,0.5595238095238095,2.657210365853666,-5.433492927094665,1.04428010881323,-10.562079657413978
buy_every_session,2018-01-01,2018-12-31,False,251,25100.0,-0.04881719751693758,-5.068817197516937,-0.00020194490826760706,-0.020194490826760707,0.06535336292250228,0.5378486055776892,5.196095380029806,-5.433492927094665,0.9455771627620708,-19.062575160652294
buy_every_session,2018-02-01,2019-01-31,False,251,25100.0,2.5984551722638587,-2.4215448277361427,-9.647588955124075e-05,-0.009647588955124074,0.06433283358320054,0.5298804780876494,5.196095380029806,-5.433492927094665,0.9744421619958843,-19.06257516065229
buy_every_session,2018-03-01,2019-02-28,True,251,25100.0,10.243319265407717,5.223319265407713,0.00020810036913974952,0.020810036913974952,0.06433283358320054,0.5298804780876494,5.196095380029806,-3.6832891660171474,1.063749347549453,-19.062575160652294
buy_every_session,2018-04-01,2019-03-31,True,251,25100.0,12.986189622281556,7.966189622281551,0.0003173780726008586,0.03173780726008586,0.07887640449437462,0.5338645418326693,5.196095380029806,-3.6832891660171474,1.1034672513206107,-19.062575160652287
buy_every_session,2018-05-01,2019-04-30,True,251,25100.0,17.658763496080724,12.63876349608072,0.0005035363942661642,0.050353639426616414,0.07887640449437462,0.545816733067729,5.196095380029806,-3.6832891660171474,1.183192304927114,-19.062575160652287
buy_every_session,2018-06-01,2019-05-31,True,251,25100.0,11.646093070614718,6.626093070614714,0.000263987771737638,0.0263987771737638,0.04942636466198415,0.5338645418326693,5.196095380029806,-3.6832891660171474,1.0886415369318634,-19.062575160652294
buy_every_session,2018-07-01,2019-06-30,True,250,25000.0,17.675634897783027,12.675634897783016,0.0005070253959113207,0.050702539591132065,0.05340289086852358,0.536,5.196095380029806,-3.6832891660171474,1.1748041053356597,-19.06257516065229
buy_every_session,2018-08-01,2019-07-31,True,251,25100.0,14.246423830741152,9.22642383074115,0.00036758660680243625,0.036758660680243624,0.043017644940588365,0.5258964143426295,5.196095380029806,-3.6832891660171474,1.1240671036775218,-19.062575160652287
buy_every_session,2018-09-01,2019-08-31,True,250,25000.0,12.72967192579236,7.729671925792367,0.0003091868770316947,0.030918687703169467,0.027277062282347067,0.52,5.196095380029806,-3.6832891660171474,1.0912605308855232,-19.062575160652294
buy_every_session,2018-10-01,2019-09-30,True,251,25100.0,15.018073889382789,9.99807388938279,0.00039832963702720274,0.03983296370272028,0.043017644940588365,0.5298804780876494,5.196095380029806,-3.6832891660171474,1.118603965364648,-18.70735702663015
buy_every_session,2018-11-01,2019-10-31,True,251,25100.0,23.60033771785627,18.580337717856267,0.0007402524987193731,0.07402524987193732,0.10492712584326604,0.5537848605577689,5.196095380029806,-3.4082393104036846,1.2393814234244116,-16.00702252505674
buy_every_session,2018-12-01,2019-11-30,True,250,25000.0,23.373459744405146,18.373459744405146,0.0007349383897762059,0.07349383897762059,0.10825246260409484,0.568,5.196095380029806,-3.4082393104036846,1.2606671302856962,-14.644926168580312
buy_every_session,2019-01-01,2019-12-31,True,252,25200.0,33.902163006743265,28.862163006743256,0.001145323928839018,0.11453239288390181,0.11767412539241741,0.5912698412698413,3.222581829305591,-3.4082393104036846,1.504587788295289,-6.190689130460742
buy_every_session,2019-02-01,2020-01-31,True,252,25200.0,25.98901949098021,20.9490194909802,0.000831310297261119,0.0831310297261119,0.11658502327169586,0.5753968253968254,2.1016156236129713,-3.4082393104036846,1.3529852224895649,-6.190689130460738
buy_every_session,2019-03-01,2020-02-29,True,252,25200.0,15.239827763954505,10.199827763954502,0.00040475506999819455,0.04047550699981945,0.11295736992895435,0.5753968253968254,2.1016156236129713,-4.64059511329731,1.1447769388015114,-12.49979108578595
buy_every_session,2019-04-01,2020-03-31,True,253,25300.0,22.1370644450939,17.0770644450939,0.0006749827843910632,0.06749827843910632,0.11022952954582223,0.5691699604743083,10.949335254167522,-9.844689554419286,1.154156522779908,-25.257941434511256
buy_every_session,2019-05-01,2020-04-30,True,253,25300.0,26.75666533536453,21.696665335364532,0.0008575757049551198,0.08575757049551198,0.11748483623130525,0.5573122529644269,10.949335254167522,-9.844689554419286,1.1718951409076495,-25.257941434511253
buy_every_session,2019-06-01,2020-05-31,True,251,25100.0,38.28416226264542,33.26416226264542,0.0013252654287906542,0.13252654287906543,0.12272521198892551,0.5737051792828686,10.949335254167522,-9.844689554419286,1.2682298484069505,-25.257941434511256
buy_every_session,2019-07-01,2020-06-30,True,253,25300.0,39.73133574733886,34.671335747338844,0.0013704085275628001,0.13704085275628003,0.15235436056532994,0.5731225296442688,10.949335254167522,-9.844689554419286,1.2592142391470893,-25.257941434511253
buy_every_session,2019-08-01,2020-07-31,True,253,25300.0,42.49007989562206,37.430079895622065,0.0014794497982459315,0.14794497982459315,0.17216308797727067,0.5770750988142292,10.949335254167522,-9.844689554419286,1.2749536846604521,-25.257941434511253
buy_every_session,2019-09-01,2020-08-31,True,252,25200.0,46.89254033362262,41.85254033362263,0.0016608150926040726,0.16608150926040724,0.18727409909716555,0.5952380952380952,10.949335254167522,-9.844689554419286,1.3363936564149819,-25.257941434511253
buy_every_session,2019-10-01,2020-09-30,True,253,25300.0,41.15942047296981,36.099420472969804,0.0014268545641490042,0.1426854564149004,0.1979352651545674,0.5849802371541502,10.949335254167522,-9.844689554419286,1.264342125377531,-25.257941434511253
buy_every_session,2019-11-01,2020-10-31,True,252,25200.0,36.92715670243957,31.88715670243957,0.0012653633612079193,0.12653633612079193,0.17580020358502815,0.5674603174603174,10.949335254167522,-9.844689554419286,1.2265921385577214,-25.257941434511253
buy_every_session,2019-12-01,2020-11-30,True,252,25200.0,42.51599042902539,37.47599042902539,0.0014871424773422774,0.14871424773422773,0.19694588720592157,0.5555555555555556,10.949335254167522,-9.844689554419286,1.260151398524476,-25.257941434511253
buy_every_session,2020-01-01,2020-12-31,True,253,25300.0,42.767587088175375,37.70758708817537,0.0014904184619832163,0.14904184619832164,0.17731918078520484,0.5533596837944664,10.949335254167522,-9.844689554419286,1.2602872839854877,-25.257941434511253
buy_every_session,2020-02-01,2021-01-31,True,251,25100.0,41.13807276614326,36.118072766143264,0.0014389670424758273,0.14389670424758272,0.17731918078520484,0.5537848605577689,10.949335254167522,-9.844689554419286,1.2455473442296616,-25.257941434511253
buy_every_session,2020-03-01,2021-02-28,True,251,25100.0,50.74769642165625,45.72769642165623,0.0018218205745679774,0.18218205745679775,0.17731918078520484,0.545816733067729,10.949335254167522,-9.844689554419286,1.329708329181597,-20.035015708226435
buy_every_session,2020-04-01,2021-03-31,True,252,25200.0,44.6151107332183,39.5751107332183,0.0015704409021118375,0.15704409021118373,0.16474181613462593,0.5515873015873016,6.398511066398392,-5.469548488417743,1.3905085094881195,-8.779902580754325
buy_every_session,2020-05-01,2021-04-30,True,252,25200.0,40.39148846752366,35.351488467523666,0.0014028368439493518,0.1402836843949352,0.16474181613462593,0.5595238095238095,3.0659340851473016,-5.469548488417743,1.4043511048509325,-8.779902580754325
buy_every_session,2020-06-01,2021-05-31,True,252,25200.0,33.44687390177032,28.406873901770325,0.0011272569008639018,0.11272569008639018,0.13483286358648486,0.5476190476190477,2.661480243922807,-5.469548488417743,1.331482565334191,-8.779902580754325
buy_every_session,2020-07-01,2021-06-30,True,252,25200.0,27.1072109495763,22.0672109495763,0.0008756829741895357,0.08756829741895357,0.10780606717357478,0.5436507936507936,2.543909207450421,-3.29628361858191,1.2862709367391656,-8.779902580754325
buy_every_session,2020-08-01,2021-07-31,True,251,25100.0,26.08315454193465,21.063154541934644,0.0008391695036627349,0.08391695036627349,0.1076367056294525,0.545816733067729,2.543909207450421,-3.29628361858191,1.282038597997507,-8.779902580754326
buy_every_session,2020-09-01,2021-08-31,True,252,25200.0,23.143331990499426,18.103331990499424,0.0007183861900991835,0.07183861900991835,0.09826523560557467,0.5396825396825397,2.543909207450421,-3.29628361858191,1.237230773644958,-8.779902580754326
buy_every_session,2020-10-01,2021-09-30,True,252,25200.0,21.493052205334394,16.453052205334394,0.0006528988970370791,0.06528988970370792,0.06432505453812577,0.5277777777777778,2.1285391420712263,-3.1514930246363893,1.2342751284056162,-8.413574840000376
buy_every_session,2020-11-01,2021-10-31,True,251,25100.0,30.894028425408862,25.874028425408856,0.0010308377858728628,0.10308377858728628,0.10797542871769707,0.5577689243027888,2.1285391420712263,-2.6466172550549416,1.4169965023048856,-5.230153470289796
buy_every_session,2020-12-01,2021-11-30,True,252,25200.0,20.751795425502884,15.711795425502883,0.0006234839454564636,0.06234839454564636,0.10001182516941932,0.5515873015873016,2.1150448621389795,-2.6466172550549416,1.244942361338982,-5.230153470289782
buy_every_session,2021-01-01,2021-12-31,True,252,25200.0,20.92389379066681,15.883893790666818,0.0006303132456613816,0.06303132456613816,0.09023562391090369,0.5476190476190477,2.1150448621389795,-2.6466172550549416,1.2301088066484285,-5.234504784979544
buy_every_session,2021-02-01,2022-01-31,True,253,25300.0,16.102566674700448,11.042566674700444,0.0004364650859565393,0.04364650859565393,0.05986795165326743,0.5335968379446641,2.1150448621389795,-2.4540512297693406,1.1516055415119764,-10.792257035746736
buy_every_session,2021-03-01,2022-02-28,True,253,25300.0,12.984266680290268,7.924266680290267,0.00031321212175060346,0.03132121217506034,0.06751969193068198,0.5375494071146245,2.63424503427667,-2.2484863312413528,1.0990869885605836,-14.433763147026768
buy_every_session,2021-04-01,2022-03-31,True,253,25300.0,13.874816646478196,8.81481664647819,0.00034841172515724076,0.03484117251572407,0.05986795165326743,0.5335968379446641,2.923655189019978,-2.5787467362924277,1.105338308334713,-14.433763147026763
buy_every_session,2021-05-01,2022-04-30,False,252,25200.0,0.7651779138815638,-4.274822086118441,-0.00016963579706819209,-0.01696357970681921,0.03255214350209369,0.5158730158730159,2.923655189019978,-2.8961061946902644,0.9558698485039057,-15.110156010329295
buy_every_session,2021-06-01,2022-05-31,False,253,25300.0,1.0775358659788168,-3.982464134021182,-0.00015740964956605463,-0.01574096495660546,0.03335040546308178,0.5138339920948617,2.952729997003287,-4.138545676749163,0.9621958543103111,-20.357331219258057
buy_every_session,2021-07-01,2022-06-30,False,252,25200.0,-10.177161368702025,-15.217161368702033,-0.0006038556098691283,-0.06038556098691283,-0.017208533448977974,0.49206349206349204,3.440801796446744,-4.138545676749163,0.8760158855280911,-26.923777542760583
buy_every_session,2021-08-01,2022-07-31,False,251,25100.0,-4.885060164622695,-9.905060164622693,-0.00039462391094114313,-0.03946239109411431,-0.009046497617617427,0.4940239043824701,3.440801796446744,-4.138545676749163,0.9197587397138298,-26.92377754276059
buy_every_session,2021-09-01,2022-08-31,False,252,25200.0,-11.634474757773141,-16.67447475777314,-0.0006616855062608389,-0.06616855062608389,-0.060187197489727215,0.4722222222222222,3.440801796446744,-4.138545676749163,0.8736453024728346,-26.923777542760593
buy_every_session,2021-10-01,2022-09-30,False,252,25200.0,-17.788709648811494,-22.828709648811493,-0.0009059011765401386,-0.09059011765401387,-0.060187197489727215,0.47619047619047616,3.440801796446744,-4.560763673890612,0.8393418312835756,-31.644233713340732
buy_every_session,2021-11-01,2022-10-31,False,252,25200.0,-16.59890515087085,-21.638905150870848,-0.0008586867123361447,-0.08586867123361447,-0.11441928115421772,0.4523809523809524,3.440801796446744,-4.560763673890612,0.8563263480345162,-31.644233713340736
buy_every_session,2021-12-01,2022-11-30,False,252,25200.0,-9.362183968221972,-14.402183968221966,-0.000571515236834205,-0.057151523683420496,-0.184258833636588,0.44841269841269843,5.4098642533936685,-4.560763673890612,0.9064339210787096,-31.218132263487092
buy_every_session,2022-01-01,2022-12-31,False,251,25100.0,-18.452680433692695,-23.47268043369269,-0.0009351665511431351,-0.09351665511431351,-0.21083969465648608,0.4342629482071713,5.4098642533936685,-4.560763673890612,0.8516409571678516,-30.883199550737142
buy_every_session,2022-02-01,2023-01-31,False,251,25100.0,-7.860719178779964,-12.880719178779966,-0.0005131760628996002,-0.05131760628996002,-0.19331022530329142,0.450199203187251,5.4098642533936685,-4.560763673890612,0.9156399999136536,-27.73080891881144
buy_every_session,2022-03-01,2023-02-28,False,251,25100.0,-9.313095196046643,-14.333095196046639,-0.000571039649244886,-0.0571039649244886,-0.19331022530329142,0.44621513944223107,5.4098642533936685,-4.560763673890612,0.9034836534606359,-27.73080891881144
buy_every_session,2022-04-01,2023-03-31,False,251,25100.0,-10.255795065121973,-15.275795065121967,-0.0006085974129530664,-0.06085974129530664,-0.14121985453616978,0.4541832669322709,5.4098642533936685,-4.560763673890612,0.8948884945149419,-26.452243474523975
buy_every_session,2022-05-01,2023-04-30,False,250,25000.0,-0.5282415168677623,-5.5282415168677606,-0.00022112966067471042,-0.022112966067471044,-0.1129164503674973,0.464,5.4098642533936685,-4.560763673890612,0.9586440984051581,-20.18863700368821
buy_every_session,2022-06-01,2023-05-31,False,251,25100.0,-1.61868598142425,-6.638685981424252,-0.0002644894813316435,-0.02644894813316435,-0.12241580818121099,0.4581673306772908,5.4098642533936685,-4.560763673890612,0.947259765859946,-18.665126189997828
buy_every_session,2022-07-01,2023-06-30,True,251,25100.0,13.853518219559133,8.833518219559137,0.00035193299679518475,0.035193299679518474,-0.04374873834827263,0.4900398406374502,5.4098642533936685,-4.560763673890612,1.0814285287207586,-18.665126189997828
buy_every_session,2022-08-01,2023-07-31,True,251,25100.0,9.004550529565911,3.984550529565915,0.00015874703305043486,0.015874703305043487,-0.052849712565019566,0.4860557768924303,5.4098642533936685,-4.560763673890612,1.037640851447229,-18.665126189997828
buy_every_session,2022-09-01,2023-08-31,True,251,25100.0,10.313380087827143,5.293380087827141,0.00021089163696522476,0.021089163696522476,-0.06904966278357348,0.4820717131474104,5.4098642533936685,-4.560763673890612,1.0513948157454234,-14.10779231552511
buy_every_session,2022-10-01,2023-09-30,True,250,25000.0,15.601359648914944,10.601359648914944,0.0004240543859565977,0.042405438595659775,-0.06868817559862682,0.484,5.4098642533936685,-2.698404195542239,1.1148682945059725,-9.07069849033018
buy_every_session,2022-11-01,2023-10-31,False,251,25100.0,4.238222435252283,-0.781777564747717,-3.114651652381342e-05,-0.0031146516523813425,-0.06904966278357348,0.4820717131474104,5.4098642533936685,-2.698404195542239,0.9914562246245339,-13.519939213925163
buy_every_session,2022-12-01,2023-11-30,True,252,25200.0,6.907016365291299,1.8670163652912932,7.408795100362275e-05,0.007408795100362275,0.017521217891733904,0.503968253968254,2.1323610748760857,-2.698404195542239,1.02247607427786,-13.519939213925166
buy_every_session,2023-01-01,2023-12-31,True,251,25100.0,17.093907500494126,12.073907500494121,0.0004810321713344271,0.04810321713344271,0.03989099838294986,0.5338645418326693,2.1323610748760857,-1.9464448336252183,1.1647774792033474,-13.519939213925163
buy_every_session,2023-02-01,2024-01-31,True,252,25200.0,13.98667209437584,8.94667209437584,0.00035502667041173967,0.03550266704117397,0.028472123758258597,0.5277777777777778,1.8716934891862969,-1.9464448336252183,1.125495497432214,-13.519939213925165
buy_every_session,2023-03-01,2024-02-29,True,253,25300.0,21.076057546000698,16.016057546000688,0.0006330457528063513,0.06330457528063513,0.05182188173329162,0.5454545454545454,1.8716934891862969,-1.9464448336252183,1.2414877501562998,-13.519939213925163
buy_every_session,2023-04-01,2024-03-31,True,250,25000.0,20.816181532006617,15.816181532006613,0.0006326472612802645,0.06326472612802646,0.03987844938304398,0.536,1.8716934891862969,-1.9101688849122023,1.2572390374386073,-13.519939213925163
buy_every_session,2023-05-01,2024-04-30,True,253,25300.0,13.838356623922055,8.778356623922049,0.000346970617546326,0.0346970617546326,0.02373496610539096,0.5217391304347826,1.8716934891862969,-1.9101688849122023,1.1307614684964142,-13.519939213925165
buy_every_session,2023-06-01,2024-05-31,True,253,25300.0,18.381876238960302,13.3218762389603,0.0005265563730814347,0.05265563730814348,0.05850614030169289,0.5454545454545454,1.8716934891862969,-1.9101688849122023,1.2116403697078046,-13.519939213925163
buy_every_session,2023-07-01,2024-06-30,True,251,25100.0,14.895990848479535,9.875990848479528,0.0003934657708557581,0.03934657708557581,0.02691091617019527,0.5378486055776892,1.8716934891862969,-1.9101688849122023,1.1603474218115415,-13.519939213925161
buy_every_session,2023-08-01,2024-07-31,True,253,25300.0,12.296042911215443,7.23604291121544,0.00028600960123381186,0.028600960123381185,0.02548038658329645,0.5375494071146245,1.8728456849534703,-2.0432766338406427,1.109142965615377,-13.14262233882365
buy_every_session,2023-09-01,2024-08-31,True,252,25200.0,18.296285861425755,13.25628586142575,0.0005260430897391171,0.05260430897391171,0.057257820744669466,0.5595238095238095,2.6680430086881457,-2.130694183864914,1.2038344141812942,-10.568265746326118
buy_every_session,2023-10-01,2024-09-30,True,252,25200.0,25.598994595317002,20.558994595317,0.0008158331188617857,0.08158331188617857,0.08373872686437746,0.5753968253968254,2.6680430086881457,-2.130694183864914,1.327733699644293,-8.471032464329376
buy_every_session,2023-11-01,2024-10-31,True,253,25300.0,26.815738649898098,21.7557386498981,0.0008599106185730474,0.08599106185730473,0.07541074324967979,0.5810276679841897,2.6680430086881457,-2.130694183864914,1.3680189788919024,-8.471032464329374
buy_every_session,2023-12-01,2024-11-30,True,251,25100.0,22.651345327920712,17.631345327920712,0.0007024440369689527,0.07024440369689527,0.07541074324967979,0.5776892430278885,2.6680430086881457,-2.130694183864914,1.291333232461737,-8.47103246432937
buy_every_session,2024-01-01,2024-12-31,True,252,25200.0,13.819921254965937,8.779921254965936,0.0003484095736097594,0.034840957360975935,0.04527530013132887,0.5476190476190477,2.6680430086881457,-3.0141356240191675,1.133245674315984,-8.471032464329372
buy_every_session,2024-02-01,2025-01-31,True,252,25200.0,13.834718192772446,8.794718192772438,0.00034899675368144594,0.034899675368144596,0.04946466204343915,0.5515873015873016,2.6680430086881457,-3.0141356240191675,1.130852212796228,-8.471032464329372
buy_every_session,2024-03-01,2025-02-28,True,251,25100.0,8.738229527208198,3.7182295272081953,0.0001481366345501273,0.01481366345501273,0.04237265582769158,0.5378486055776892,2.6680430086881457,-3.0141356240191675,1.0528442577403565,-8.471032464329372
buy_every_session,2024-04-01,2025-03-31,False,252,25200.0,-0.4265103689543137,-5.466510368954321,-0.00021692501464104448,-0.02169250146410445,0.04228223658072407,0.5396825396825397,2.6680430086881457,-3.0141356240191675,0.9325852039429242,-14.31659654530366
buy_every_session,2024-05-01,2025-04-30,True,251,25100.0,8.792935726151498,3.772935726151495,0.00015031616438850577,0.015031616438850577,0.06555783709787157,0.5617529880478087,9.662896379525597,-5.78710307947631,1.0426356730223998,-20.238163033370437
buy_every_session,2024-06-01,2025-05-31,True,250,25000.0,9.439491945327527,4.439491945327528,0.0001775796778131011,0.01775796778131011,0.05453813283857524,0.552,9.662896379525597,-5.78710307947631,1.0488769282146613,-20.238163033370427
buy_every_session,2024-07-01,2025-06-30,True,251,25100.0,14.240182186438943,9.220182186438942,0.0003673379357146989,0.036733793571469886,0.06948756593820661,0.5577689243027888,9.662896379525597,-5.78710307947631,1.1003138940008006,-20.238163033370427
buy_every_session,2024-08-01,2025-07-31,True,252,25200.0,15.213150154321774,10.173150154321768,0.0004036964346953082,0.04036964346953082,0.06752270151803909,0.5515873015873016,9.662896379525597,-5.78710307947631,1.1151057736976029,-20.238163033370427
buy_every_session,2024-09-01,2025-08-31,True,251,25100.0,13.355363228439531,8.335363228439533,0.0003320861843999814,0.03320861843999814,0.05110293195031758,0.5418326693227091,9.662896379525597,-5.78710307947631,1.096602405334555,-20.238163033370427
buy_every_session,2024-10-01,2025-09-30,True,252,25200.0,13.534360627027443,8.494360627027438,0.000337077802659819,0.033707780265981896,0.05167402770223985,0.5436507936507936,9.662896379525597,-5.78710307947631,1.100948094808184,-20.238163033370427
buy_every_session,2024-11-01,2025-10-31,True,252,25200.0,15.507001549651218,10.467001549651222,0.000415357204351239,0.0415357204351239,0.07592313321387102,0.5476190476190477,9.662896379525597,-5.78710307947631,1.1254426821698476,-20.238163033370427
buy_every_session,2024-12-01,2025-11-30,True,251,25100.0,8.462413116677535,3.4424131166775362,0.00013714793293536002,0.013714793293536,0.06481110254432433,0.5378486055776892,9.662896379525597,-5.78710307947631,1.038615656274701,-20.238163033370434
buy_every_session,2025-01-01,2025-12-31,True,252,25200.0,11.899640438809053,6.859640438809054,0.0002722079539209942,0.027220795392099418,0.08624542953991955,0.5476190476190477,9.662896379525597,-5.78710307947631,1.0800056213692242,-18.65964972480692
buy_every_session,2025-02-01,2026-01-31,True,251,25100.0,11.892943343271623,6.87294334327162,0.0002738224439550446,0.027382244395504463,0.09013215859030367,0.545816733067729,9.662896379525597,-5.78710307947631,1.0824256823994256,-18.65964972480692
buy_every_session,2025-03-01,2026-02-28,True,251,25100.0,11.96546273791469,6.945462737914691,0.0002767116628651271,0.027671166286512713,0.08235870048953543,0.5418326693227091,9.662896379525597,-5.78710307947631,1.08252424210667,-12.91398870114132
buy_every_session,2025-04-01,2026-03-31,True,252,25200.0,18.15478384969699,13.11478384969699,0.0005204279305435313,0.05204279305435313,0.06714933424126547,0.5317460317460317,9.662896379525597,-5.78710307947631,1.1620513570048856,-9.763756232446784
