Date,Open,High,Low,Close,green,red,flat,intraday_return,sma_200,signal,strategy,trade_date,gross_profit,cost,net_profit,cumulative_net_profit
2014-04-28,1861.75,1871.75,1844.0,1866.0,True,False,False,0.0022827984423257064,,True,buy_every_session,2014-04-28,0.22827984423257064,0.02,0.20827984423257065,0.20827984423257065
2014-04-29,1866.0,1875.25,1865.0,1871.75,True,False,False,0.003081457663451248,,True,buy_every_session,2014-04-29,0.3081457663451248,0.02,0.2881457663451248,0.4964256105776954
2014-04-30,1870.5,1880.25,1866.25,1878.0,True,False,False,0.00400962309542896,,True,buy_every_session,2014-04-30,0.400962309542896,0.02,0.380962309542896,0.8773879201205914
2014-05-01,1879.5,1882.75,1871.5,1877.75,False,True,False,-0.0009310986964617962,,True,buy_every_session,2014-05-01,-0.09310986964617962,0.02,-0.11310986964617963,0.7642780504744118
2014-05-02,1878.75,1886.0,1872.0,1874.5,False,True,False,-0.0022621423819028097,,True,buy_every_session,2014-05-02,-0.22621423819028097,0.02,-0.24621423819028096,0.5180638122841308
2014-05-05,1875.5,1880.0,1860.5,1875.75,True,False,False,0.00013329778725679198,,True,buy_every_session,2014-05-05,0.013329778725679198,0.02,-0.006670221274320803,0.51139359100981
2014-05-06,1877.5,1881.5,1861.75,1864.25,False,True,False,-0.0070572569906790505,,True,buy_every_session,2014-05-06,-0.705725699067905,0.02,-0.7257256990679051,-0.2143321080580951
2014-05-07,1864.0,1875.75,1854.5,1874.25,True,False,False,0.005498927038626533,,True,buy_every_session,2014-05-07,0.5498927038626533,0.02,0.5298927038626533,0.3155605958045582
2014-05-08,1874.75,1884.75,1865.0,1872.25,False,True,False,-0.001333511134817944,,True,buy_every_session,2014-05-08,-0.1333511134817944,0.02,-0.1533511134817944,0.1622094823227638
2014-05-09,1870.25,1875.0,1862.5,1873.5,True,False,False,0.0017377355968453134,,True,buy_every_session,2014-05-09,0.17377355968453134,0.02,0.15377355968453135,0.31598304200729516
2014-05-12,1874.0,1894.0,1874.0,1892.75,True,False,False,0.010005336179295554,,True,buy_every_session,2014-05-12,1.0005336179295554,0.02,0.9805336179295554,1.2965166599368505
2014-05-13,1893.5,1898.5,1892.0,1894.25,True,False,False,0.0003960918933192392,,True,buy_every_session,2014-05-13,0.03960918933192392,0.02,0.01960918933192392,1.3161258492687744
2014-05-14,1894.75,1897.25,1882.25,1885.25,False,True,False,-0.005013854070457846,,True,buy_every_session,2014-05-14,-0.5013854070457846,0.02,-0.5213854070457846,0.7947404422229898
2014-05-15,1885.75,1888.5,1859.0,1867.25,False,True,False,-0.009810420257192143,,True,buy_every_session,2014-05-15,-0.9810420257192143,0.02,-1.0010420257192143,-0.20630158349622452
2014-05-16,1867.0,1875.75,1861.25,1874.75,True,False,False,0.004151044456347064,,True,buy_every_session,2014-05-16,0.4151044456347064,0.02,0.39510444563470637,0.18880286213848185
2014-05-19,1876.25,1883.0,1865.75,1882.25,True,False,False,0.0031978680879414245,,True,buy_every_session,2014-05-19,0.31978680879414245,0.02,0.29978680879414243,0.4885896709326243
2014-05-20,1881.5,1884.5,1864.75,1868.0,False,True,False,-0.00717512622907257,,True,buy_every_session,2014-05-20,-0.717512622907257,0.02,-0.737512622907257,-0.24892295197463277
2014-05-21,1868.5,1886.5,1866.5,1885.0,True,False,False,0.00883061279100894,,True,buy_every_session,2014-05-21,0.883061279100894,0.02,0.863061279100894,0.6141383271262613
2014-05-22,1883.75,1894.0,1882.75,1890.25,True,False,False,0.003450564034505721,,True,buy_every_session,2014-05-22,0.3450564034505721,0.02,0.3250564034505721,0.9391947305768333
2014-05-23,1890.25,1899.25,1889.5,1897.0,True,False,False,0.003570956222721966,,True,buy_every_session,2014-05-23,0.3570956222721966,0.02,0.3370956222721966,1.27629035284903
2014-05-27,1898.0,1910.0,1897.0,1909.25,True,False,False,0.005927291886195896,,True,buy_every_session,2014-05-27,0.5927291886195896,0.02,0.5727291886195895,1.8490195414686195
2014-05-28,1909.75,1914.0,1904.5,1909.0,False,True,False,-0.0003927215604137002,,True,buy_every_session,2014-05-28,-0.03927215604137002,0.02,-0.059272156041370025,1.7897473854272494
2014-05-29,1909.75,1918.0,1907.25,1918.0,True,False,False,0.004319937164550369,,True,buy_every_session,2014-05-29,0.4319937164550369,0.02,0.4119937164550369,2.2017411018822863
2014-05-30,1917.0,1922.25,1914.25,1921.5,True,False,False,0.0023474178403755097,,True,buy_every_session,2014-05-30,0.23474178403755097,0.02,0.21474178403755098,2.4164828859198373
2014-06-02,1921.25,1924.25,1913.75,1921.75,True,False,False,0.0002602472348731677,,True,buy_every_session,2014-06-02,0.02602472348731677,0.02,0.0060247234873167695,2.422507609407154
2014-06-03,1921.5,1923.5,1916.0,1922.0,True,False,False,0.0002602133749673996,,True,buy_every_session,2014-06-03,0.02602133749673996,0.02,0.00602133749673996,2.428528946903894
2014-06-04,1922.75,1927.0,1916.0,1925.75,True,False,False,0.0015602652450916743,,True,buy_every_session,2014-06-04,0.15602652450916743,0.02,0.13602652450916744,2.5645554714130614
2014-06-05,1925.5,1940.75,1921.0,1938.5,True,False,False,0.006751493118670515,,True,buy_every_session,2014-06-05,0.6751493118670515,0.02,0.6551493118670515,3.219704783280113
2014-06-06,1938.5,1949.75,1937.75,1949.25,True,False,False,0.005545524890379072,,True,buy_every_session,2014-06-06,0.5545524890379072,0.02,0.5345524890379072,3.75425727231802
2014-06-09,1949.25,1954.75,1945.75,1950.25,True,False,False,0.0005130178273695662,,True,buy_every_session,2014-06-09,0.051301782736956625,0.02,0.03130178273695662,3.7855590550549767
2014-06-10,1949.25,1951.75,1943.0,1950.5,True,False,False,0.0006412722842119578,,True,buy_every_session,2014-06-10,0.06412722842119578,0.02,0.04412722842119578,3.8296862834761725
2014-06-11,1950.75,1951.0,1938.5,1944.0,False,True,False,-0.0034602076124568004,,True,buy_every_session,2014-06-11,-0.34602076124568004,0.02,-0.36602076124568006,3.4636655222304924
2014-06-12,1943.75,1947.75,1924.75,1930.5,False,True,False,-0.006816720257234676,,True,buy_every_session,2014-06-12,-0.6816720257234676,0.02,-0.7016720257234677,2.7619934965070247
2014-06-13,1930.75,1937.0,1926.5,1935.75,True,False,False,0.0025896672277612165,,True,buy_every_session,2014-06-13,0.25896672277612165,0.02,0.23896672277612166,3.0009602192831464
2014-06-16,1934.25,1940.75,1926.5,1936.5,True,False,False,0.0011632415664986073,,True,buy_every_session,2014-06-16,0.11632415664986073,0.02,0.09632415664986073,3.097284375933007
2014-06-17,1936.5,1943.5,1931.25,1941.5,True,False,False,0.0025819777949909195,,True,buy_every_session,2014-06-17,0.25819777949909195,0.02,0.23819777949909196,3.335482155432099
2014-06-18,1941.5,1958.0,1938.0,1957.0,True,False,False,0.007983517898532133,,True,buy_every_session,2014-06-18,0.7983517898532133,0.02,0.7783517898532133,4.113833945285313
2014-06-19,1956.0,1960.25,1952.25,1958.5,True,False,False,0.001278118609406853,,True,buy_every_session,2014-06-19,0.1278118609406853,0.02,0.1078118609406853,4.2216458062259985
2014-06-20,1957.5,1970.0,1956.75,1968.0,True,False,False,0.005363984674329414,,True,buy_every_session,2014-06-20,0.5363984674329414,0.02,0.5163984674329414,4.738044273658939
2014-06-23,1952.75,1959.75,1950.0,1953.0,True,False,False,0.0001280245807195879,,True,buy_every_session,2014-06-23,0.012802458071958789,0.02,-0.007197541928041212,4.730846731730899
2014-06-24,1951.25,1960.0,1939.75,1943.25,False,True,False,-0.004099935938500998,,True,buy_every_session,2014-06-24,-0.4099935938500998,0.02,-0.42999359385009983,4.300853137880798
2014-06-25,1942.25,1953.25,1937.25,1949.5,True,False,False,0.003732784142103318,,True,buy_every_session,2014-06-25,0.3732784142103318,0.02,0.3532784142103318,4.65413155209113
2014-06-26,1948.75,1952.5,1936.25,1948.75,False,False,True,0.0,,True,buy_every_session,2014-06-26,0.0,0.02,-0.02,4.63413155209113
2014-06-27,1948.25,1954.0,1942.75,1952.0,True,False,False,0.001924804311561612,,True,buy_every_session,2014-06-27,0.1924804311561612,0.02,0.1724804311561612,4.806611983247292
2014-06-30,1951.75,1956.75,1948.0,1952.5,True,False,False,0.0003842705264505142,,True,buy_every_session,2014-06-30,0.03842705264505142,0.02,0.018427052645051418,4.825039035892344
2014-07-01,1954.5,1971.75,1953.5,1965.75,True,False,False,0.005755947812739803,,True,buy_every_session,2014-07-01,0.5755947812739803,0.02,0.5555947812739803,5.3806338171663235
2014-07-02,1966.25,1970.0,1964.5,1967.75,True,False,False,0.0007628734901461431,,True,buy_every_session,2014-07-02,0.07628734901461431,0.02,0.05628734901461431,5.436921166180938
2014-07-03,1968.0,1978.25,1966.0,1977.5,True,False,False,0.004827235772357774,,True,buy_every_session,2014-07-03,0.4827235772357774,0.02,0.4627235772357774,5.899644743416715
2014-07-07,1975.75,1977.5,1967.25,1971.0,False,True,False,-0.0024041503226622796,,True,buy_every_session,2014-07-07,-0.24041503226622796,0.02,-0.260415032266228,5.639229711150487
2014-07-08,1970.5,1970.75,1952.75,1960.5,False,True,False,-0.005074854097944725,,True,buy_every_session,2014-07-08,-0.5074854097944725,0.02,-0.5274854097944726,5.111744301356015
2014-07-09,1960.5,1968.25,1958.25,1967.25,True,False,False,0.0034429992348889993,,True,buy_every_session,2014-07-09,0.34429992348889993,0.02,0.3242999234888999,5.436044224844915
2014-07-10,1967.5,1968.25,1945.25,1957.75,False,True,False,-0.004955527318932673,,True,buy_every_session,2014-07-10,-0.4955527318932673,0.02,-0.5155527318932673,4.920491492951648
2014-07-11,1957.25,1963.5,1953.0,1962.5,True,False,False,0.0026823349086728676,,True,buy_every_session,2014-07-11,0.26823349086728676,0.02,0.24823349086728677,5.168724983818935
2014-07-14,1962.75,1974.0,1962.5,1971.0,True,False,False,0.004203286205578971,,True,buy_every_session,2014-07-14,0.4203286205578971,0.02,0.4003286205578971,5.5690536043768315
2014-07-15,1971.25,1976.25,1958.75,1968.0,False,True,False,-0.0016487000634115567,,True,buy_every_session,2014-07-15,-0.16487000634115567,0.02,-0.18487000634115566,5.384183598035676
2014-07-16,1968.0,1978.0,1967.0,1974.75,True,False,False,0.003429878048780477,,True,buy_every_session,2014-07-16,0.3429878048780477,0.02,0.3229878048780477,5.707171402913724
2014-07-17,1971.25,1976.0,1948.5,1953.5,False,True,False,-0.009004438807863058,,True,buy_every_session,2014-07-17,-0.9004438807863058,0.02,-0.9204438807863058,4.786727522127419
2014-07-18,1949.25,1974.25,1942.5,1971.5,True,False,False,0.011414646658971295,,True,buy_every_session,2014-07-18,1.1414646658971295,0.02,1.1214646658971295,5.9081921880245485
2014-07-21,1970.25,1971.5,1959.0,1966.25,False,True,False,-0.002030199213297834,,True,buy_every_session,2014-07-21,-0.20301992132978341,0.02,-0.2230199213297834,5.6851722666947655
2014-07-22,1965.75,1980.5,1965.25,1975.0,True,False,False,0.004705583110772071,,True,buy_every_session,2014-07-22,0.47055831107720714,0.02,0.4505583110772071,6.135730577771973
2014-07-23,1973.0,1983.5,1972.75,1980.75,True,False,False,0.003928028383172855,,True,buy_every_session,2014-07-23,0.39280283831728546,0.02,0.37280283831728545,6.508533416089259
2014-07-24,1981.0,1985.75,1976.75,1980.75,False,True,False,-0.00012619888944975788,,True,buy_every_session,2014-07-24,-0.012619888944975788,0.02,-0.03261988894497579,6.475913527144283
2014-07-25,1978.75,1980.75,1968.0,1971.5,False,True,False,-0.003663929248262754,,True,buy_every_session,2014-07-25,-0.3663929248262754,0.02,-0.3863929248262754,6.089520602318007
2014-07-28,1970.75,1976.0,1960.75,1973.0,True,False,False,0.0011416973233540073,,True,buy_every_session,2014-07-28,0.11416973233540073,0.02,0.09416973233540073,6.1836903346534084
2014-07-29,1972.5,1979.5,1962.0,1963.0,False,True,False,-0.004816223067173664,,True,buy_every_session,2014-07-29,-0.4816223067173664,0.02,-0.5016223067173664,5.682068027936042
2014-07-30,1964.25,1974.25,1956.5,1965.0,True,False,False,0.000381825124093238,,True,buy_every_session,2014-07-30,0.0381825124093238,0.02,0.0181825124093238,5.700250540345366
2014-07-31,1965.0,1965.5,1923.5,1924.75,False,True,False,-0.02048346055979644,,True,buy_every_session,2014-07-31,-2.048346055979644,0.02,-2.068346055979644,3.631904484365722
2014-08-01,1926.0,1932.25,1910.25,1918.5,False,True,False,-0.003894080996884708,,True,buy_every_session,2014-08-01,-0.3894080996884708,0.02,-0.4094080996884708,3.2224963846772514
2014-08-04,1919.5,1937.5,1914.75,1932.0,True,False,False,0.0065121125293046145,,True,buy_every_session,2014-08-04,0.6512112529304614,0.02,0.6312112529304614,3.853707637607713
2014-08-05,1931.0,1933.25,1907.5,1913.0,False,True,False,-0.009321595028482621,,True,buy_every_session,2014-08-05,-0.9321595028482621,0.02,-0.9521595028482621,2.9015481347594507
2014-08-06,1914.75,1923.5,1903.0,1914.75,False,False,True,0.0,,True,buy_every_session,2014-08-06,0.0,0.02,-0.02,2.8815481347594507
2014-08-07,1914.75,1925.75,1899.75,1905.25,False,True,False,-0.004961483222352792,,True,buy_every_session,2014-08-07,-0.49614832223527916,0.02,-0.5161483222352792,2.3653998125241715
2014-08-08,1905.25,1928.25,1890.25,1923.75,True,False,False,0.009710011809473729,,True,buy_every_session,2014-08-08,0.9710011809473729,0.02,0.9510011809473728,3.3164009934715444
2014-08-11,1923.5,1941.0,1923.25,1932.5,True,False,False,0.0046789706264622755,,True,buy_every_session,2014-08-11,0.46789706264622755,0.02,0.44789706264622753,3.764298056117772
2014-08-12,1934.0,1938.75,1923.5,1930.5,False,True,False,-0.0018097207859358866,,True,buy_every_session,2014-08-12,-0.18097207859358866,0.02,-0.20097207859358865,3.5633259775241832
2014-08-13,1932.25,1946.5,1930.75,1944.75,True,False,False,0.006469142191745325,,True,buy_every_session,2014-08-13,0.6469142191745325,0.02,0.6269142191745325,4.190240196698715
2014-08-14,1946.0,1955.0,1942.0,1953.5,True,False,False,0.003854059609455396,,True,buy_every_session,2014-08-14,0.3854059609455396,0.02,0.36540596094553957,4.555646157644254
2014-08-15,1954.25,1961.0,1937.25,1952.5,False,True,False,-0.000895484201100194,,True,buy_every_session,2014-08-15,-0.0895484201100194,0.02,-0.1095484201100194,4.446097737534235
2014-08-18,1955.75,1969.0,1955.75,1967.5,True,False,False,0.006007925348331833,,True,buy_every_session,2014-08-18,0.6007925348331833,0.02,0.5807925348331833,5.026890272367419
2014-08-19,1968.5,1979.75,1968.25,1977.25,True,False,False,0.004445008890017865,,True,buy_every_session,2014-08-19,0.4445008890017865,0.02,0.4245008890017865,5.451391161369205
2014-08-20,1977.75,1986.0,1973.0,1983.25,True,False,False,0.00278093793452161,,True,buy_every_session,2014-08-20,0.278093793452161,0.02,0.258093793452161,5.709484954821367
2014-08-21,1982.75,1992.0,1980.75,1989.5,True,False,False,0.0034043626276636374,,True,buy_every_session,2014-08-21,0.34043626276636374,0.02,0.3204362627663637,6.029921217587731
2014-08-22,1989.75,1991.5,1981.5,1987.75,False,True,False,-0.0010051514009297158,,True,buy_every_session,2014-08-22,-0.10051514009297158,0.02,-0.12051514009297158,5.90940607749476
2014-08-25,1990.0,1999.75,1988.75,1995.0,True,False,False,0.002512562814070307,,True,buy_every_session,2014-08-25,0.2512562814070307,0.02,0.23125628140703072,6.140662358901791
2014-08-26,1994.5,2002.75,1992.25,1998.5,True,False,False,0.002005515166708438,,True,buy_every_session,2014-08-26,0.2005515166708438,0.02,0.18055151667084382,6.321213875572635
2014-08-27,1999.25,2000.5,1993.5,1997.0,False,True,False,-0.001125422033262491,,True,buy_every_session,2014-08-27,-0.11254220332624909,0.02,-0.13254220332624908,6.188671672246386
2014-08-28,1996.75,1999.5,1987.5,1996.75,False,False,True,0.0,,True,buy_every_session,2014-08-28,0.0,0.02,-0.02,6.168671672246386
2014-08-29,1999.25,2003.75,1992.25,2001.5,True,False,False,0.0011254220332623799,,True,buy_every_session,2014-08-29,0.11254220332623799,0.02,0.09254220332623798,6.261213875572625
2014-09-02,1999.0,2006.25,1992.75,1999.75,True,False,False,0.0003751875937969551,,True,buy_every_session,2014-09-02,0.03751875937969551,0.02,0.01751875937969551,6.278732634952321
2014-09-03,2000.5,2011.0,1996.25,1998.75,False,True,False,-0.0008747813046737773,,True,buy_every_session,2014-09-03,-0.08747813046737773,0.02,-0.10747813046737774,6.171254504484943
2014-09-04,1998.75,2010.0,1990.75,1997.75,False,True,False,-0.0005003126954346016,,True,buy_every_session,2014-09-04,-0.050031269543460155,0.02,-0.07003126954346016,6.101223234941483
2014-09-05,1999.0,2007.75,1988.25,2006.0,True,False,False,0.0035017508754378035,,True,buy_every_session,2014-09-05,0.35017508754378035,0.02,0.33017508754378033,6.431398322485263
2014-09-08,2006.5,2006.75,1994.0,2000.5,False,True,False,-0.0029902815848492637,,True,buy_every_session,2014-09-08,-0.29902815848492637,0.02,-0.3190281584849264,6.112370164000337
2014-09-09,2000.25,2003.0,1983.25,1989.75,False,True,False,-0.005249343832021025,,True,buy_every_session,2014-09-09,-0.5249343832021025,0.02,-0.5449343832021025,5.567435780798235
2014-09-10,1989.5,1996.25,1981.5,1995.0,True,False,False,0.002764513696908777,,True,buy_every_session,2014-09-10,0.2764513696908777,0.02,0.2564513696908777,5.823887150489112
2014-09-11,1994.5,1999.5,1985.0,1997.0,True,False,False,0.0012534469791927183,,True,buy_every_session,2014-09-11,0.12534469791927183,0.02,0.10534469791927183,5.929231848408384
2014-09-12,1999.25,1999.25,1979.5,1984.75,False,True,False,-0.007252719769913707,,True,buy_every_session,2014-09-12,-0.7252719769913707,0.02,-0.7452719769913707,5.183959871417013
2014-09-15,1981.75,1987.25,1972.0,1984.25,True,False,False,0.0012615112905260961,,True,buy_every_session,2014-09-15,0.1261511290526096,0.02,0.10615112905260961,5.290111000469623
2014-09-16,1984.75,2002.5,1978.5,1999.5,True,False,False,0.007431666456732655,,True,buy_every_session,2014-09-16,0.7431666456732655,0.02,0.7231666456732655,6.013277646142889
2014-09-17,1999.5,2010.75,1991.25,2001.5,True,False,False,0.0010002500625156951,,True,buy_every_session,2014-09-17,0.10002500625156951,0.02,0.08002500625156951,6.093302652394459
2014-09-18,2003.5,2014.5,2001.0,2012.25,True,False,False,0.004367357125031113,,True,buy_every_session,2014-09-18,0.4367357125031113,0.02,0.41673571250311126,6.51003836489757
2014-09-19,2013.5,2022.5,2013.25,2019.25,True,False,False,0.0028557238639186355,,True,buy_every_session,2014-09-19,0.28557238639186355,0.02,0.26557238639186354,6.775610751289433
2014-09-22,2002.0,2003.0,1982.5,1986.25,False,True,False,-0.00786713286713292,,True,buy_every_session,2014-09-22,-0.786713286713292,0.02,-0.806713286713292,5.968897464576141
2014-09-23,1984.0,1988.0,1968.25,1972.25,False,True,False,-0.005922379032258118,,True,buy_every_session,2014-09-23,-0.5922379032258118,0.02,-0.6122379032258118,5.356659561350329
2014-09-24,1969.75,1992.5,1969.5,1991.0,True,False,False,0.010788171087701581,,True,buy_every_session,2014-09-24,1.0788171087701581,0.02,1.058817108770158,6.415476670120487
2014-09-25,1990.75,1991.5,1957.75,1961.5,False,True,False,-0.01469295491648881,,True,buy_every_session,2014-09-25,-1.469295491648881,0.02,-1.489295491648881,4.926181178471606
2014-09-26,1961.0,1979.25,1956.5,1976.0,True,False,False,0.007649158592554883,,True,buy_every_session,2014-09-26,0.7649158592554883,0.02,0.7449158592554883,5.671097037727094
2014-09-29,1974.75,1977.0,1955.5,1969.5,False,True,False,-0.002658564375237371,,True,buy_every_session,2014-09-29,-0.2658564375237371,0.02,-0.28585643752373713,5.385240600203357
2014-09-30,1968.75,1978.25,1960.5,1965.5,False,True,False,-0.0016507936507936805,,True,buy_every_session,2014-09-30,-0.16507936507936805,0.02,-0.18507936507936804,5.200161235123989
2014-10-01,1961.0,1967.0,1933.75,1940.75,False,True,False,-0.010326364099949026,,True,buy_every_session,2014-10-01,-1.0326364099949026,0.02,-1.0526364099949026,4.147524825129087
2014-10-02,1940.75,1945.75,1918.25,1938.5,False,True,False,-0.0011593456138091485,,True,buy_every_session,2014-10-02,-0.11593456138091485,0.02,-0.13593456138091484,4.011590263748172
2014-10-03,1938.5,1964.5,1935.75,1960.25,True,False,False,0.011220015475883471,,True,buy_every_session,2014-10-03,1.1220015475883471,0.02,1.1020015475883471,5.113591811336519
2014-10-06,1961.0,1971.0,1950.5,1956.0,False,True,False,-0.0025497195308515908,,True,buy_every_session,2014-10-06,-0.2549719530851591,0.02,-0.2749719530851591,4.83861985825136
2014-10-07,1953.25,1956.25,1924.25,1928.0,False,True,False,-0.01292717266094967,,True,buy_every_session,2014-10-07,-1.292717266094967,0.02,-1.312717266094967,3.525902592156393
2014-10-08,1926.25,1964.0,1918.0,1961.75,True,False,False,0.018429591174562,,True,buy_every_session,2014-10-08,1.8429591174562,0.02,1.8229591174561999,5.348861709612593
2014-10-09,1961.5,1968.5,1915.25,1925.0,False,True,False,-0.018608208004078475,,True,buy_every_session,2014-10-09,-1.8608208004078475,0.02,-1.8808208004078475,3.4680409092047455
2014-10-10,1917.0,1931.25,1893.25,1894.25,False,True,False,-0.011867501304121064,,True,buy_every_session,2014-10-10,-1.1867501304121064,0.02,-1.2067501304121064,2.261290778792639
2014-10-13,1892.0,1906.0,1863.75,1865.5,False,True,False,-0.014006342494714552,,True,buy_every_session,2014-10-13,-1.4006342494714552,0.02,-1.4206342494714552,0.8406565293211838
2014-10-14,1866.25,1892.75,1864.75,1874.75,True,False,False,0.00455458807769582,,True,buy_every_session,2014-10-14,0.45545880776958203,0.02,0.435458807769582,1.2761153370907659
2014-10-15,1878.25,1883.25,1813.0,1846.75,False,True,False,-0.016770930387328575,,True,buy_every_session,2014-10-15,-1.6770930387328575,0.02,-1.6970930387328576,-0.4209777016420917
2014-10-16,1846.75,1869.75,1815.25,1850.5,True,False,False,0.002030594287261378,,True,buy_every_session,2014-10-16,0.2030594287261378,0.02,0.1830594287261378,-0.23791827291595388
2014-10-17,1853.0,1891.75,1851.0,1881.0,True,False,False,0.015110631408526753,,True,buy_every_session,2014-10-17,1.5110631408526753,0.02,1.4910631408526753,1.2531448679367214
2014-10-20,1884.0,1904.5,1872.25,1900.0,True,False,False,0.00849256900212314,,True,buy_every_session,2014-10-20,0.849256900212314,0.02,0.829256900212314,2.0824017681490354
2014-10-21,1903.5,1939.75,1885.75,1938.0,True,False,False,0.01812450748620953,,True,buy_every_session,2014-10-21,1.812450748620953,0.02,1.7924507486209529,3.8748525167699883
2014-10-22,1938.25,1943.75,1920.25,1925.0,False,True,False,-0.0068360634593060965,,True,buy_every_session,2014-10-22,-0.6836063459306096,0.02,-0.7036063459306097,3.1712461708393787
2014-10-23,1924.5,1956.25,1922.25,1946.0,True,False,False,0.011171732917640842,,True,buy_every_session,2014-10-23,1.1171732917640842,0.02,1.0971732917640842,4.268419462603463
2014-10-24,1946.0,1961.25,1931.75,1959.75,True,False,False,0.007065775950668041,,True,buy_every_session,2014-10-24,0.7065775950668041,0.02,0.686577595066804,4.954997057670267
2014-10-27,1960.25,1965.75,1944.5,1957.0,False,True,False,-0.0016579517918632325,,True,buy_every_session,2014-10-27,-0.16579517918632325,0.02,-0.18579517918632324,4.769201878483944
2014-10-28,1957.75,1980.75,1956.75,1980.0,True,False,False,0.011365087472864355,,True,buy_every_session,2014-10-28,1.1365087472864355,0.02,1.1165087472864355,5.885710625770379
2014-10-29,1976.0,1985.75,1962.0,1972.25,False,True,False,-0.001897773279352255,,True,buy_every_session,2014-10-29,-0.1897773279352255,0.02,-0.2097773279352255,5.6759332978351535
2014-10-30,1971.75,1994.25,1959.25,1988.5,True,False,False,0.008494991758590142,,True,buy_every_session,2014-10-30,0.8494991758590142,0.02,0.8294991758590142,6.505432473694167
2014-10-31,1987.75,2016.75,1986.75,2011.5,True,False,False,0.011948182618538583,,True,buy_every_session,2014-10-31,1.1948182618538583,0.02,1.1748182618538583,7.680250735548025
2014-11-03,2011.25,2019.25,2007.0,2011.0,False,True,False,-0.00012430080795522436,,True,buy_every_session,2014-11-03,-0.012430080795522436,0.02,-0.03243008079552244,7.647820654752503
2014-11-04,2010.5,2013.75,1995.25,2005.5,False,True,False,-0.0024869435463814593,,True,buy_every_session,2014-11-04,-0.24869435463814593,0.02,-0.26869435463814595,7.379126300114358
2014-11-05,2006.25,2020.5,2003.75,2018.75,True,False,False,0.006230529595015577,,True,buy_every_session,2014-11-05,0.6230529595015577,0.02,0.6030529595015577,7.982179259615915
2014-11-06,2018.5,2029.25,2010.75,2028.0,True,False,False,0.004706465196928411,,True,buy_every_session,2014-11-06,0.4706465196928411,0.02,0.4506465196928411,8.432825779308756
2014-11-07,2027.25,2033.5,2020.5,2026.0,False,True,False,-0.0006165988407941247,,True,buy_every_session,2014-11-07,-0.061659884079412475,0.02,-0.08165988407941248,8.351165895229343
2014-11-10,2025.75,2035.0,2021.0,2034.0,True,False,False,0.004072565716401355,,True,buy_every_session,2014-11-10,0.4072565716401355,0.02,0.3872565716401355,8.738422466869478
2014-11-11,2033.75,2039.0,2031.0,2036.5,True,False,False,0.0013521819299324722,,True,buy_every_session,2014-11-11,0.13521819299324722,0.02,0.11521819299324722,8.853640659862725
2014-11-12,2036.5,2037.25,2026.75,2036.0,False,True,False,-0.00024551927326299516,,True,buy_every_session,2014-11-12,-0.024551927326299516,0.02,-0.04455192732629952,8.809088732536425
2014-11-13,2034.75,2043.75,2026.75,2034.0,False,True,False,-0.00036859565057134613,,True,buy_every_session,2014-11-13,-0.03685956505713461,0.02,-0.05685956505713462,8.75222916747929
2014-11-14,2033.0,2039.75,2032.0,2038.0,True,False,False,0.0024594195769798155,,True,buy_every_session,2014-11-14,0.24594195769798155,0.02,0.22594195769798156,8.978171125177273
2014-11-17,2038.5,2040.5,2025.25,2039.75,True,False,False,0.0006131959774344775,,True,buy_every_session,2014-11-17,0.06131959774344775,0.02,0.04131959774344775,9.01949072292072
2014-11-18,2039.25,2054.0,2035.75,2048.5,True,False,False,0.004535981365698216,,True,buy_every_session,2014-11-18,0.4535981365698216,0.02,0.4335981365698216,9.453088859490542
2014-11-19,2048.75,2050.5,2037.75,2047.25,False,True,False,-0.0007321537522879673,,True,buy_every_session,2014-11-19,-0.07321537522879673,0.02,-0.09321537522879673,9.359873484261746
2014-11-20,2047.0,2052.75,2035.25,2052.0,True,False,False,0.002442598925256556,,True,buy_every_session,2014-11-20,0.2442598925256556,0.02,0.22425989252565562,9.5841333767874
2014-11-21,2052.25,2072.25,2049.75,2061.75,True,False,False,0.00462906565964194,,True,buy_every_session,2014-11-21,0.462906565964194,0.02,0.442906565964194,10.027039942751594
2014-11-24,2062.25,2069.0,2060.75,2067.5,True,False,False,0.0025457631228027466,,True,buy_every_session,2014-11-24,0.25457631228027466,0.02,0.23457631228027467,10.26161625503187
2014-11-25,2067.25,2073.0,2062.75,2067.5,True,False,False,0.00012093360744946935,,True,buy_every_session,2014-11-25,0.012093360744946935,0.02,-0.007906639255053066,10.253709615776817
2014-11-26,2068.25,2075.25,2065.25,2072.25,True,False,False,0.0019340021757523473,,True,buy_every_session,2014-11-26,0.19340021757523473,0.02,0.17340021757523474,10.427109833352052
2014-11-28,2074.0,2074.75,2063.5,2066.25,False,True,False,-0.0037367405978785406,,True,buy_every_session,2014-11-28,-0.37367405978785406,0.02,-0.3936740597878541,10.033435773564198
2014-12-01,2063.25,2064.0,2048.25,2050.75,False,True,False,-0.0060584030049678494,,True,buy_every_session,2014-12-01,-0.605840300496785,0.02,-0.625840300496785,9.407595473067413
2014-12-02,2051.0,2068.0,2050.75,2066.0,True,False,False,0.0073135056070210425,,True,buy_every_session,2014-12-02,0.7313505607021042,0.02,0.7113505607021042,10.118946033769518
2014-12-03,2066.5,2076.0,2063.25,2072.5,True,False,False,0.00290345995644814,,True,buy_every_session,2014-12-03,0.290345995644814,0.02,0.270345995644814,10.389292029414332
2014-12-04,2073.0,2077.25,2061.25,2072.0,False,True,False,-0.0004823926676315038,,True,buy_every_session,2014-12-04,-0.04823926676315038,0.02,-0.06823926676315038,10.321052762651181
2014-12-05,2071.75,2079.0,2068.5,2076.0,True,False,False,0.0020514058163387805,,True,buy_every_session,2014-12-05,0.20514058163387805,0.02,0.18514058163387806,10.506193344285059
2014-12-08,2075.75,2077.5,2053.75,2059.5,False,True,False,-0.007828495724437001,,True,buy_every_session,2014-12-08,-0.7828495724437001,0.02,-0.8028495724437001,9.703343771841359
2014-12-09,2060.25,2062.25,2033.25,2057.5,False,True,False,-0.0013347894672977034,,True,buy_every_session,2014-12-09,-0.13347894672977034,0.02,-0.15347894672977033,9.54986482511159
2014-12-10,2057.75,2060.0,2023.25,2026.5,False,True,False,-0.015186490098408445,,True,buy_every_session,2014-12-10,-1.5186490098408445,0.02,-1.5386490098408445,8.011215815270745
2014-12-11,2026.25,2056.5,2023.75,2031.0,True,False,False,0.002344231955582865,,True,buy_every_session,2014-12-11,0.2344231955582865,0.02,0.2144231955582865,8.225639010829031
2014-12-12,2029.5,2032.25,1996.5,1997.25,False,True,False,-0.015890613451589042,,True,buy_every_session,2014-12-12,-1.5890613451589042,0.02,-1.6090613451589042,6.6165776656701265
2014-12-15,1998.75,2019.25,1981.5,1990.0,False,True,False,-0.004377736085053208,,True,buy_every_session,2014-12-15,-0.43777360850532077,0.02,-0.4577736085053208,6.158804057164806
2014-12-16,1991.25,2018.0,1968.25,1971.5,False,True,False,-0.009918392969240464,,True,buy_every_session,2014-12-16,-0.9918392969240464,0.02,-1.0118392969240464,5.14696476024076
2014-12-17,1973.5,2017.0,1972.75,2014.25,True,False,False,0.020648593868761056,,True,buy_every_session,2014-12-17,2.0648593868761056,0.02,2.0448593868761056,7.191824147116865
2014-12-18,2013.75,2068.0,2010.75,2065.0,True,False,False,0.025450031036623244,,True,buy_every_session,2014-12-18,2.5450031036623244,0.02,2.5250031036623244,9.71682725077919
2014-12-19,2066.0,2079.75,2061.25,2065.0,False,True,False,-0.0004840271055178702,,True,buy_every_session,2014-12-19,-0.04840271055178702,0.02,-0.06840271055178702,9.648424540227403
2014-12-22,2065.0,2076.0,2064.0,2072.5,True,False,False,0.00363196125907983,,True,buy_every_session,2014-12-22,0.363196125907983,0.02,0.343196125907983,9.991620666135386
2014-12-23,2073.0,2084.5,2071.5,2079.0,True,False,False,0.0028943560057888007,,True,buy_every_session,2014-12-23,0.28943560057888007,0.02,0.26943560057888005,10.261056266714267
2014-12-24,2078.75,2083.5,2077.0,2078.75,False,False,True,0.0,,True,buy_every_session,2014-12-24,0.0,0.02,-0.02,10.241056266714267
2014-12-26,2078.75,2088.75,2078.5,2084.25,True,False,False,0.0026458208057726917,,True,buy_every_session,2014-12-26,0.2645820805772692,0.02,0.24458208057726918,10.485638347291536
2014-12-29,2086.0,2088.75,2076.0,2085.75,False,True,False,-0.00011984659635666528,,True,buy_every_session,2014-12-29,-0.011984659635666528,0.02,-0.03198465963566653,10.45365368765587
2014-12-30,2087.5,2088.5,2073.0,2076.75,False,True,False,-0.005149700598802376,,True,buy_every_session,2014-12-30,-0.5149700598802376,0.02,-0.5349700598802376,9.918683627775632
2014-12-31,2076.25,2082.75,2050.75,2052.5,False,True,False,-0.011438892233594178,,True,buy_every_session,2014-12-31,-1.1438892233594178,0.02,-1.1638892233594178,8.754794404416215
2015-01-02,2055.0,2067.25,2038.75,2046.25,False,True,False,-0.0042579075425790425,,True,buy_every_session,2015-01-02,-0.42579075425790425,0.02,-0.44579075425790426,8.30900365015831
2015-01-05,2045.75,2048.25,2009.5,2016.0,False,True,False,-0.014542343883661268,,True,buy_every_session,2015-01-05,-1.4542343883661268,0.02,-1.4742343883661269,6.834769261792183
2015-01-06,2019.0,2023.5,1984.25,1994.5,False,True,False,-0.012134720158494261,,True,buy_every_session,2015-01-06,-1.213472015849426,0.02,-1.2334720158494261,5.601297245942757
2015-01-07,1996.5,2023.75,1995.75,2019.5,True,False,False,0.011520160280490854,,True,buy_every_session,2015-01-07,1.1520160280490854,0.02,1.1320160280490854,6.7333132739918415
2015-01-08,2020.5,2058.5,2020.25,2055.0,True,False,False,0.017074981440237558,,True,buy_every_session,2015-01-08,1.7074981440237558,0.02,1.6874981440237558,8.420811418015598
2015-01-09,2053.75,2062.0,2031.25,2035.25,False,True,False,-0.0090079123554474,,True,buy_every_session,2015-01-09,-0.90079123554474,0.02,-0.9207912355447401,7.500020182470857
2015-01-12,2034.5,2048.25,2015.25,2022.5,False,True,False,-0.005898255099533012,,True,buy_every_session,2015-01-12,-0.5898255099533012,0.02,-0.6098255099533012,6.890194672517556
2015-01-13,2023.75,2051.75,2001.0,2016.0,False,True,False,-0.003829524397776396,,True,buy_every_session,2015-01-13,-0.3829524397776396,0.02,-0.4029524397776396,6.487242232739916
2015-01-14,2017.25,2019.5,1981.25,2007.5,False,True,False,-0.004833312678150903,,True,buy_every_session,2015-01-14,-0.4833312678150903,0.02,-0.5033312678150903,5.983910964924826
2015-01-15,2009.75,2027.25,1978.25,1989.0,False,True,False,-0.010324667247170072,,True,buy_every_session,2015-01-15,-1.0324667247170072,0.02,-1.0524667247170072,4.931444240207819
2015-01-16,1980.75,2014.25,1970.25,2013.0,True,False,False,0.016281711472927007,,True,buy_every_session,2015-01-16,1.6281711472927007,0.02,1.6081711472927007,6.53961538750052
2015-01-20,2013.5,2026.5,1997.5,2016.75,True,False,False,0.0016141047926496732,,True,buy_every_session,2015-01-20,0.16141047926496732,0.02,0.14141047926496733,6.681025866765488
2015-01-21,2015.75,2032.75,2005.25,2026.5,True,False,False,0.005333002604489545,,True,buy_every_session,2015-01-21,0.5333002604489545,0.02,0.5133002604489545,7.194326127214442
2015-01-22,2026.75,2059.25,2019.25,2056.5,True,False,False,0.01467867275194279,,True,buy_every_session,2015-01-22,1.467867275194279,0.02,1.447867275194279,8.64219340240872
2015-01-23,2056.5,2062.5,2042.25,2044.0,False,True,False,-0.006078288353999484,,True,buy_every_session,2015-01-23,-0.6078288353999484,0.02,-0.6278288353999484,8.014364567008773
2015-01-26,2035.0,2055.0,2025.5,2053.5,True,False,False,0.009090909090909038,,True,buy_every_session,2015-01-26,0.9090909090909038,0.02,0.8890909090909038,8.903455476099676
2015-01-27,2054.0,2054.75,2013.25,2030.0,False,True,False,-0.011684518013631906,,True,buy_every_session,2015-01-27,-1.1684518013631906,0.02,-1.1884518013631906,7.715003674736486
2015-01-28,2036.5,2046.5,1991.25,1991.5,False,True,False,-0.022096734593665568,,True,buy_every_session,2015-01-28,-2.209673459366557,0.02,-2.229673459366557,5.485330215369929
2015-01-29,1993.5,2020.0,1982.0,2018.5,True,False,False,0.012540757461750651,,True,buy_every_session,2015-01-29,1.2540757461750651,0.02,1.234075746175065,6.719405961544995
2015-01-30,2019.25,2020.5,1986.25,1988.5,False,True,False,-0.015228426395939132,,True,buy_every_session,2015-01-30,-1.5228426395939132,0.02,-1.5428426395939132,5.176563321951082
2015-02-02,1990.5,2018.5,1973.75,2017.0,True,False,False,0.013313237879929662,,True,buy_every_session,2015-02-02,1.3313237879929662,0.02,1.3113237879929662,6.487887109944047
2015-02-03,2015.0,2044.0,2007.0,2042.0,True,False,False,0.013399503722084427,,True,buy_every_session,2015-02-03,1.3399503722084427,0.02,1.3199503722084427,7.80783748215249
2015-02-04,2040.5,2049.25,2022.75,2030.0,False,True,False,-0.005145797598627766,,True,buy_every_session,2015-02-04,-0.5145797598627766,0.02,-0.5345797598627766,7.2732577222897135
2015-02-05,2025.0,2058.75,2020.75,2055.0,True,False,False,0.014814814814814836,,True,buy_every_session,2015-02-05,1.4814814814814836,0.02,1.4614814814814836,8.734739203771197
2015-02-06,2056.25,2068.0,2044.5,2053.0,False,True,False,-0.0015805471124620274,,True,buy_every_session,2015-02-06,-0.15805471124620274,0.02,-0.17805471124620273,8.556684492524994
2015-02-09,2050.0,2051.75,2036.5,2042.5,False,True,False,-0.003658536585365857,,True,buy_every_session,2015-02-09,-0.3658536585365857,0.02,-0.3858536585365857,8.170830833988408
2015-02-10,2043.75,2066.5,2040.5,2062.25,True,False,False,0.009051987767584091,1976.60375,True,buy_every_session,2015-02-10,0.9051987767584091,0.02,0.8851987767584091,9.056029610746817
2015-02-11,2062.75,2079.5,2053.25,2065.75,True,False,False,0.0014543691673736259,1977.6025,True,buy_every_session,2015-02-11,0.1454369167373626,0.02,0.1254369167373626,9.18146652748418
2015-02-12,2071.5,2085.5,2058.5,2084.0,True,False,False,0.00603427468018336,1978.66375,True,buy_every_session,2015-02-12,0.603427468018336,0.02,0.583427468018336,9.764893995502515
2015-02-13,2083.0,2095.0,2081.5,2093.5,True,False,False,0.005040806529044595,1979.74125,True,buy_every_session,2015-02-13,0.5040806529044595,0.02,0.48408065290445945,10.248974648406975
2015-02-17,2091.25,2098.75,2080.75,2096.0,True,False,False,0.0022713687985653763,1980.8325,True,buy_every_session,2015-02-17,0.22713687985653763,0.02,0.20713687985653764,10.456111528263513
2015-02-18,2096.5,2098.5,2088.5,2095.5,False,True,False,-0.00047698545194374553,1981.9375,True,buy_every_session,2015-02-18,-0.04769854519437455,0.02,-0.06769854519437456,10.388412983069138
2015-02-19,2095.25,2099.5,2087.25,2095.25,False,False,True,0.0,1983.035,True,buy_every_session,2015-02-19,0.0,0.02,-0.02,10.368412983069138
2015-02-20,2096.0,2108.75,2082.25,2107.0,True,False,False,0.005248091603053506,1984.24875,True,buy_every_session,2015-02-20,0.5248091603053506,0.02,0.5048091603053506,10.87322214337449
2015-02-23,2107.25,2108.25,2099.75,2106.75,False,True,False,-0.00023727607070822554,1985.41125,True,buy_every_session,2015-02-23,-0.023727607070822554,0.02,-0.04372760707082256,10.829494536303667
2015-02-24,2106.25,2115.75,2102.75,2113.75,True,False,False,0.0035608308605341588,1986.61875,True,buy_every_session,2015-02-24,0.3560830860534159,0.02,0.33608308605341586,11.165577622357082
2015-02-25,2113.75,2117.75,2107.25,2110.25,False,True,False,-0.0016558249556475335,1987.8025,True,buy_every_session,2015-02-25,-0.16558249556475335,0.02,-0.18558249556475334,10.979995126792328
2015-02-26,2110.5,2114.75,2101.5,2110.0,False,True,False,-0.00023691068467190934,1988.88875,True,buy_every_session,2015-02-26,-0.023691068467190934,0.02,-0.04369106846719094,10.936304058325138
2015-02-27,2109.5,2111.0,2100.75,2102.75,False,True,False,-0.0031998103816069934,1989.93125,True,buy_every_session,2015-02-27,-0.31998103816069934,0.02,-0.33998103816069936,10.596323020164439
2015-03-02,2104.0,2115.5,2100.5,2114.0,True,False,False,0.004752851711026684,1991.075,True,buy_every_session,2015-03-02,0.47528517110266844,0.02,0.4552851711026684,11.051608191267107
2015-03-03,2114.0,2114.5,2095.5,2104.75,False,True,False,-0.004375591296121084,1992.2625,True,buy_every_session,2015-03-03,-0.4375591296121084,0.02,-0.45755912961210843,10.594049061655
2015-03-04,2104.75,2104.75,2085.25,2096.5,False,True,False,-0.003919705428198084,1993.37125,True,buy_every_session,2015-03-04,-0.39197054281980837,0.02,-0.4119705428198084,10.18207851883519
2015-03-05,2096.5,2103.5,2093.25,2099.75,True,False,False,0.0015502027188170064,1994.45875,True,buy_every_session,2015-03-05,0.15502027188170064,0.02,0.13502027188170065,10.31709879071689
2015-03-06,2099.5,2103.5,2065.5,2070.75,False,True,False,-0.013693736603953344,1995.4725,True,buy_every_session,2015-03-06,-1.3693736603953344,0.02,-1.3893736603953344,8.927725130321557
2015-03-09,2073.5,2082.5,2066.0,2077.75,True,False,False,0.002049674463467488,1996.43625,True,buy_every_session,2015-03-09,0.2049674463467488,0.02,0.1849674463467488,9.112692576668305
2015-03-10,2077.5,2078.0,2041.25,2042.0,False,True,False,-0.01708784596871238,1997.195,True,buy_every_session,2015-03-10,-1.7087845968712378,0.02,-1.7287845968712379,7.383907979797067
2015-03-11,2044.25,2052.25,2038.25,2039.5,False,True,False,-0.0023235905588846473,1997.9075,True,buy_every_session,2015-03-11,-0.23235905588846473,0.02,-0.25235905588846475,7.1315489239086025
2015-03-12,2042.0,2066.5,2038.25,2064.0,True,False,False,0.010773751224289807,1998.68125,True,buy_every_session,2015-03-12,1.0773751224289807,0.02,1.0573751224289807,8.188924046337583
2015-03-13,2064.25,2068.75,2040.0,2049.75,False,True,False,-0.007024342981712506,1999.385,True,buy_every_session,2015-03-13,-0.7024342981712506,0.02,-0.7224342981712506,7.466489748166332
2015-03-16,2050.75,2081.75,2044.5,2076.5,True,False,False,0.012556381811532402,2000.1775,True,buy_every_session,2015-03-16,1.2556381811532402,0.02,1.2356381811532402,8.702127929319571
2015-03-17,2074.5,2078.75,2064.25,2074.5,False,False,True,0.0,2000.9425,True,buy_every_session,2015-03-17,0.0,0.02,-0.02,8.682127929319572
2015-03-18,2074.25,2107.75,2060.5,2100.5,True,False,False,0.012655176569844606,2001.83625,True,buy_every_session,2015-03-18,1.2655176569844606,0.02,1.2455176569844606,9.927645586304033
2015-03-19,2101.0,2107.25,2085.0,2090.5,False,True,False,-0.004997620180866247,2002.67875,True,buy_every_session,2015-03-19,-0.4997620180866247,0.02,-0.5197620180866247,9.407883568217407
2015-03-20,2088.5,2105.5,2086.5,2101.25,True,False,False,0.006104859947330565,2003.55625,True,buy_every_session,2015-03-20,0.6104859947330565,0.02,0.5904859947330565,9.998369562950463
2015-03-23,2097.75,2107.0,2093.25,2094.75,False,True,False,-0.0014301036825169477,2004.3375,True,buy_every_session,2015-03-23,-0.14301036825169477,0.02,-0.16301036825169476,9.83535919469877
2015-03-24,2094.0,2101.0,2083.0,2085.0,False,True,False,-0.004297994269340966,2005.01625,True,buy_every_session,2015-03-24,-0.42979942693409656,0.02,-0.4497994269340966,9.385559767764672
2015-03-25,2085.25,2089.25,2052.25,2053.75,False,True,False,-0.01510610238580501,2005.53375,True,buy_every_session,2015-03-25,-1.510610238580501,0.02,-1.530610238580501,7.8549495291841716
2015-03-26,2056.0,2058.75,2033.25,2048.5,False,True,False,-0.0036478599221789754,2006.02375,True,buy_every_session,2015-03-26,-0.36478599221789754,0.02,-0.38478599221789755,7.4701635369662736
2015-03-27,2050.0,2057.75,2041.0,2052.5,True,False,False,0.0012195121951219523,2006.56625,True,buy_every_session,2015-03-27,0.12195121951219523,0.02,0.10195121951219523,7.572114756478469
2015-03-30,2052.75,2081.75,2047.25,2075.5,True,False,False,0.011082693947144007,2007.29125,True,buy_every_session,2015-03-30,1.1082693947144007,0.02,1.0882693947144007,8.66038415119287
2015-03-31,2074.75,2076.75,2056.25,2060.75,False,True,False,-0.006747800939872262,2007.91625,True,buy_every_session,2015-03-31,-0.6747800939872262,0.02,-0.6947800939872262,7.965604057205644
2015-04-01,2058.0,2060.75,2033.5,2053.0,False,True,False,-0.0024295432458697475,2008.49875,True,buy_every_session,2015-04-01,-0.24295432458697475,0.02,-0.26295432458697476,7.702649732618669
2015-04-02,2055.25,2064.75,2044.0,2059.5,True,False,False,0.002067874954385207,2009.08875,True,buy_every_session,2015-04-02,0.2067874954385207,0.02,0.18678749543852072,7.88943722805719
2015-04-06,2039.5,2080.0,2038.75,2073.25,True,False,False,0.016548173571953928,2009.67,True,buy_every_session,2015-04-06,1.6548173571953928,0.02,1.6348173571953928,9.524254585252583
2015-04-07,2071.5,2082.75,2066.0,2067.75,False,True,False,-0.001810282404055008,2010.21625,True,buy_every_session,2015-04-07,-0.1810282404055008,0.02,-0.2010282404055008,9.323226344847082
2015-04-08,2068.5,2080.25,2064.5,2076.0,True,False,False,0.0036258158085569203,2010.75625,True,buy_every_session,2015-04-08,0.36258158085569203,0.02,0.342581580855692,9.665807925702774
2015-04-09,2077.75,2087.0,2066.75,2085.75,True,False,False,0.0038503188545302436,2011.42,True,buy_every_session,2015-04-09,0.38503188545302436,0.02,0.36503188545302434,10.030839811155799
2015-04-10,2086.0,2096.25,2083.0,2095.5,True,False,False,0.004554170661553281,2012.18125,True,buy_every_session,2015-04-10,0.45541706615532807,0.02,0.43541706615532805,10.466256877311126
2015-04-13,2095.25,2101.25,2085.25,2086.5,False,True,False,-0.0041761126357237055,2012.86625,True,buy_every_session,2015-04-13,-0.41761126357237055,0.02,-0.43761126357237057,10.028645613738757
2015-04-14,2087.0,2092.75,2075.75,2091.0,True,False,False,0.001916626736943039,2013.5775,True,buy_every_session,2015-04-14,0.1916626736943039,0.02,0.1716626736943039,10.20030828743306
2015-04-15,2091.75,2105.5,2087.25,2099.75,True,False,False,0.0038245488227559576,2014.31625,True,buy_every_session,2015-04-15,0.38245488227559576,0.02,0.36245488227559575,10.562763169708656
2015-04-16,2101.5,2104.75,2089.0,2100.75,False,True,False,-0.00035688793718768874,2015.0575,True,buy_every_session,2015-04-16,-0.035688793718768874,0.02,-0.05568879371876888,10.507074375989887
2015-04-17,2101.25,2101.75,2064.5,2075.5,False,True,False,-0.01225461035098152,2015.60625,True,buy_every_session,2015-04-17,-1.225461035098152,0.02,-1.245461035098152,9.261613340891735
2015-04-20,2081.0,2097.5,2078.5,2091.0,True,False,False,0.0048053820278712855,2016.2225,True,buy_every_session,2015-04-20,0.48053820278712855,0.02,0.46053820278712854,9.722151543678864
2015-04-21,2089.5,2105.25,2087.25,2091.0,True,False,False,0.00071787508973431,2016.79,True,buy_every_session,2015-04-21,0.071787508973431,0.02,0.051787508973431,9.773939052652295
2015-04-22,2092.0,2103.75,2080.25,2100.25,True,False,False,0.0039435946462715865,2017.43625,True,buy_every_session,2015-04-22,0.39435946462715865,0.02,0.37435946462715863,10.148298517279454
2015-04-23,2099.25,2114.5,2087.5,2107.0,True,False,False,0.003691794688579275,2018.16875,True,buy_every_session,2015-04-23,0.3691794688579275,0.02,0.3491794688579275,10.497477986137381
2015-04-24,2107.5,2114.75,2103.0,2111.75,True,False,False,0.0020166073546856733,2018.89125,True,buy_every_session,2015-04-24,0.20166073546856733,0.02,0.18166073546856734,10.679138721605948
2015-04-27,2113.25,2119.75,2100.25,2104.75,False,True,False,-0.004022240624630302,2019.62625,True,buy_every_session,2015-04-27,-0.4022240624630302,0.02,-0.42222406246303024,10.256914659142918
2015-04-28,2103.75,2112.5,2088.25,2112.0,True,False,False,0.0039215686274509665,2020.37375,True,buy_every_session,2015-04-28,0.39215686274509665,0.02,0.37215686274509663,10.629071521888015
2015-04-29,2110.75,2112.5,2090.5,2099.0,False,True,False,-0.0055667416794977775,2021.01375,True,buy_every_session,2015-04-29,-0.5566741679497778,0.02,-0.5766741679497778,10.052397353938238
2015-04-30,2098.25,2102.0,2070.25,2079.0,False,True,False,-0.00917431192660545,2021.56875,True,buy_every_session,2015-04-30,-0.917431192660545,0.02,-0.937431192660545,9.114966161277692
2015-05-01,2082.75,2102.5,2080.5,2101.5,True,False,False,0.009002520705797545,2022.2025,True,buy_every_session,2015-05-01,0.9002520705797545,0.02,0.8802520705797545,9.995218231857447
2015-05-04,2101.75,2115.0,2098.0,2109.25,True,False,False,0.0035684548590459997,2022.98125,True,buy_every_session,2015-05-04,0.35684548590459997,0.02,0.33684548590459995,10.332063717762047
2015-05-05,2109.5,2111.75,2081.5,2084.0,False,True,False,-0.012088172552737642,2023.54375,True,buy_every_session,2015-05-05,-1.2088172552737642,0.02,-1.2288172552737642,9.103246462488283
2015-05-06,2085.5,2093.75,2061.25,2074.25,False,True,False,-0.0053943898345720775,2024.08375,True,buy_every_session,2015-05-06,-0.5394389834572078,0.02,-0.5594389834572078,8.543807479031075
2015-05-07,2074.75,2088.25,2057.0,2084.25,True,False,False,0.0045788649234848045,2024.63,True,buy_every_session,2015-05-07,0.45788649234848045,0.02,0.4378864923484804,8.981693971379556
2015-05-08,2085.25,2113.5,2084.0,2108.5,True,False,False,0.011149742237141824,2025.26875,True,buy_every_session,2015-05-08,1.1149742237141824,0.02,1.0949742237141824,10.076668195093738
2015-05-11,2110.0,2113.5,2095.75,2097.75,False,True,False,-0.0058056872037914875,2025.85375,True,buy_every_session,2015-05-11,-0.5805687203791488,0.02,-0.6005687203791488,9.476099474714589
2015-05-12,2097.75,2101.0,2079.25,2095.0,False,True,False,-0.0013109283756406187,2026.47125,True,buy_every_session,2015-05-12,-0.13109283756406187,0.02,-0.15109283756406186,9.325006637150528
2015-05-13,2096.25,2106.5,2091.5,2094.5,False,True,False,-0.0008348240906380644,2027.07875,True,buy_every_session,2015-05-13,-0.08348240906380644,0.02,-0.10348240906380644,9.221524228086722
2015-05-14,2096.0,2118.25,2092.0,2117.5,True,False,False,0.010257633587786197,2027.85125,True,buy_every_session,2015-05-14,1.0257633587786197,0.02,1.0057633587786197,10.22728758686534
2015-05-15,2117.25,2122.75,2113.25,2119.0,True,False,False,0.0008265438658636715,2028.62125,True,buy_every_session,2015-05-15,0.08265438658636715,0.02,0.06265438658636714,10.289941973451707
2015-05-18,2119.25,2128.75,2112.25,2126.0,True,False,False,0.0031850890645275243,2029.6275,True,buy_every_session,2015-05-18,0.3185089064527524,0.02,0.2985089064527524,10.58845087990446
2015-05-19,2126.75,2134.0,2121.25,2124.5,False,True,False,-0.0010579522745973735,2030.6575,True,buy_every_session,2015-05-19,-0.10579522745973735,0.02,-0.12579522745973734,10.462655652444724
2015-05-20,2124.25,2132.25,2119.25,2122.5,False,True,False,-0.0008238201718253624,2031.61,True,buy_every_session,2015-05-20,-0.08238201718253624,0.02,-0.10238201718253624,10.360273635262187
2015-05-21,2120.75,2132.0,2115.0,2128.0,True,False,False,0.0034186019097017795,2032.685,True,buy_every_session,2015-05-21,0.34186019097017795,0.02,0.32186019097017793,10.682133826232365
2015-05-22,2129.25,2131.0,2122.75,2124.5,False,True,False,-0.0022308324527415824,2033.73375,True,buy_every_session,2015-05-22,-0.22308324527415824,0.02,-0.24308324527415823,10.439050580958206
2015-05-26,2124.5,2127.0,2096.0,2105.0,False,True,False,-0.009178630265944898,2034.7325,True,buy_every_session,2015-05-26,-0.9178630265944898,0.02,-0.9378630265944898,9.501187554363716
2015-05-27,2105.75,2124.25,2101.25,2121.0,True,False,False,0.007242075270093684,2035.71875,True,buy_every_session,2015-05-27,0.7242075270093684,0.02,0.7042075270093684,10.205395081373084
2015-05-28,2120.0,2122.75,2110.5,2121.75,True,False,False,0.0008254716981133114,2036.665,True,buy_every_session,2015-05-28,0.08254716981133114,0.02,0.06254716981133114,10.267942251184415
2015-05-29,2121.75,2122.75,2102.25,2106.0,False,True,False,-0.007423117709437932,2037.5425,True,buy_every_session,2015-05-29,-0.7423117709437932,0.02,-0.7623117709437932,9.505630480240622
2015-06-01,2107.0,2117.75,2100.25,2109.25,True,False,False,0.0010678690080683229,2038.365,True,buy_every_session,2015-06-01,0.10678690080683229,0.02,0.08678690080683228,9.592417381047454
2015-06-02,2111.0,2116.0,2094.0,2106.75,False,True,False,-0.002013263855992431,2039.13125,True,buy_every_session,2015-06-02,-0.2013263855992431,0.02,-0.2213263855992431,9.371090995448212
2015-06-03,2107.0,2120.75,2106.75,2116.0,True,False,False,0.004271476032273291,2039.94875,True,buy_every_session,2015-06-03,0.42714760322732914,0.02,0.4071476032273291,9.778238598675541
2015-06-04,2116.25,2116.5,2091.25,2099.0,False,True,False,-0.008151210868281189,2040.60625,True,buy_every_session,2015-06-04,-0.8151210868281189,0.02,-0.8351210868281189,8.943117511847422
2015-06-05,2098.75,2102.75,2083.5,2092.25,False,True,False,-0.003097081596188156,2041.18125,True,buy_every_session,2015-06-05,-0.3097081596188156,0.02,-0.3297081596188156,8.613409352228606
2015-06-08,2092.0,2093.25,2076.25,2078.25,False,True,False,-0.0065726577437859035,2041.65625,True,buy_every_session,2015-06-08,-0.6572657743785904,0.02,-0.6772657743785904,7.936143577850016
2015-06-09,2080.0,2084.75,2068.75,2080.0,False,False,True,0.0,2042.10875,True,buy_every_session,2015-06-09,0.0,0.02,-0.02,7.916143577850017
2015-06-10,2080.75,2108.0,2080.0,2107.0,True,False,False,0.012615643397813292,2042.705,True,buy_every_session,2015-06-10,1.2615643397813292,0.02,1.2415643397813292,9.157707917631345
2015-06-11,2106.0,2114.75,2103.25,2109.25,True,False,False,0.0015432098765431057,2043.27625,True,buy_every_session,2015-06-11,0.15432098765431057,0.02,0.13432098765431058,9.292028905285656
2015-06-12,2109.0,2109.25,2090.25,2093.0,False,True,False,-0.007586533902323334,2043.74875,True,buy_every_session,2015-06-12,-0.7586533902323334,0.02,-0.7786533902323334,8.513375515053323
2015-06-15,2087.0,2089.75,2071.25,2084.0,False,True,False,-0.0014374700527072237,2044.18375,True,buy_every_session,2015-06-15,-0.14374700527072237,0.02,-0.16374700527072236,8.349628509782601
2015-06-16,2083.5,2098.25,2070.5,2097.5,True,False,False,0.006719462443004476,2044.6875,True,buy_every_session,2015-06-16,0.6719462443004476,0.02,0.6519462443004476,9.001574754083048
2015-06-17,2097.75,2107.0,2087.0,2097.5,False,True,False,-0.00011917530687644007,2045.1675,True,buy_every_session,2015-06-17,-0.011917530687644007,0.02,-0.03191753068764401,8.969657223395405
2015-06-18,2097.25,2127.5,2090.5,2123.0,True,False,False,0.01227798307307193,2045.78375,True,buy_every_session,2015-06-18,1.227798307307193,0.02,1.207798307307193,10.177455530702598
2015-06-19,2123.25,2126.5,2118.25,2118.5,False,True,False,-0.0022371364653244186,2046.3825,True,buy_every_session,2015-06-19,-0.22371364653244186,0.02,-0.24371364653244185,9.933741884170157
2015-06-22,2105.75,2122.0,2103.5,2112.75,True,False,False,0.003324231271518485,2046.9575,True,buy_every_session,2015-06-22,0.3324231271518485,0.02,0.3124231271518485,10.246165011322006
2015-06-23,2114.75,2120.5,2111.25,2116.5,True,False,False,0.0008275209835677533,2047.51,True,buy_every_session,2015-06-23,0.08275209835677533,0.02,0.06275209835677532,10.30891710967878
2015-06-24,2117.5,2118.5,2099.0,2099.5,False,True,False,-0.00850059031877215,2048.005,True,buy_every_session,2015-06-24,-0.850059031877215,0.02,-0.870059031877215,9.438858077801566
2015-06-25,2101.25,2112.75,2092.0,2094.0,False,True,False,-0.003450327186198643,2048.52625,True,buy_every_session,2015-06-25,-0.3450327186198643,0.02,-0.3650327186198643,9.0738253591817
2015-06-26,2094.75,2100.75,2086.25,2095.75,True,False,False,0.00047738393603058427,2049.03,True,buy_every_session,2015-06-26,0.04773839360305843,0.02,0.027738393603058426,9.10156375278476
2015-06-29,2064.0,2083.25,2047.25,2050.5,False,True,False,-0.006540697674418561,2049.2975,True,buy_every_session,2015-06-29,-0.6540697674418561,0.02,-0.6740697674418561,8.427493985342903
2015-06-30,2054.5,2069.0,2046.75,2054.5,False,False,True,0.0,2049.64625,True,buy_every_session,2015-06-30,0.0,0.02,-0.02,8.407493985342903
2015-07-01,2054.5,2077.5,2054.5,2071.0,True,False,False,0.008031151131662195,2050.08,True,buy_every_session,2015-07-01,0.8031151131662195,0.02,0.7831151131662195,9.190609098509123
2015-07-02,2071.5,2079.0,2062.25,2068.75,False,True,False,-0.0013275404296403392,2050.42625,True,buy_every_session,2015-07-02,-0.13275404296403392,0.02,-0.15275404296403391,9.037855055545089
2015-07-06,2068.5,2071.75,2034.25,2064.5,False,True,False,-0.001933768431230387,2050.74125,True,buy_every_session,2015-07-06,-0.1933768431230387,0.02,-0.2133768431230387,8.82447821242205
2015-07-07,2067.75,2078.0,2035.0,2073.75,True,False,False,0.0029017047515416117,2051.04875,True,buy_every_session,2015-07-07,0.29017047515416117,0.02,0.27017047515416115,9.094648687576212
2015-07-08,2073.0,2073.25,2036.25,2039.25,False,True,False,-0.01628075253256156,2051.14875,True,buy_every_session,2015-07-08,-1.628075253256156,0.02,-1.648075253256156,7.446573434320056
2015-07-09,2039.75,2068.0,2038.25,2041.25,True,False,False,0.0007353842382644693,2051.42375,True,buy_every_session,2015-07-09,0.07353842382644693,0.02,0.053538423826446926,7.500111858146504
2015-07-10,2044.75,2074.75,2044.75,2069.0,True,False,False,0.011859640542853711,2051.9075,True,buy_every_session,2015-07-10,1.185964054285371,0.02,1.165964054285371,8.666075912431875
2015-07-13,2054.75,2094.75,2052.0,2094.5,True,False,False,0.019345419150748278,2052.425,True,buy_every_session,2015-07-13,1.9345419150748278,0.02,1.9145419150748277,10.580617827506703
2015-07-14,2094.0,2105.5,2090.5,2102.0,True,False,False,0.0038204393505252288,2053.1275,True,buy_every_session,2015-07-14,0.3820439350525229,0.02,0.36204393505252286,10.942661762559226
2015-07-15,2102.5,2107.75,2095.0,2104.25,True,False,False,0.0008323424494649512,2053.76875,True,buy_every_session,2015-07-15,0.08323424494649512,0.02,0.06323424494649511,11.00589600750572
2015-07-16,2104.0,2118.5,2102.75,2117.0,True,False,False,0.0061787072243346675,2054.50625,True,buy_every_session,2015-07-16,0.6178707224334667,0.02,0.5978707224334667,11.603766729939187
2015-07-17,2117.0,2120.0,2112.75,2118.75,True,False,False,0.0008266414737836403,2055.2725,True,buy_every_session,2015-07-17,0.08266414737836403,0.02,0.06266414737836402,11.66643087731755
2015-07-20,2118.0,2126.25,2116.5,2122.0,True,False,False,0.0018885741265344258,2056.17875,True,buy_every_session,2015-07-20,0.18885741265344258,0.02,0.1688574126534426,11.835288289970993
2015-07-21,2121.25,2125.0,2106.75,2114.5,False,True,False,-0.003182086034177911,2057.05875,True,buy_every_session,2015-07-21,-0.3182086034177911,0.02,-0.33820860341779113,11.497079686553203
2015-07-22,2107.75,2112.0,2102.25,2108.0,True,False,False,0.00011860989206491368,2057.7975,True,buy_every_session,2015-07-22,0.011860989206491368,0.02,-0.008139010793508632,11.488940675759695
2015-07-23,2109.25,2113.75,2091.5,2098.5,False,True,False,-0.0050965983169373175,2058.51,True,buy_every_session,2015-07-23,-0.5096598316937317,0.02,-0.5296598316937318,10.959280844065963
2015-07-24,2101.0,2104.0,2069.75,2077.5,False,True,False,-0.01118514992860542,2059.2575,True,buy_every_session,2015-07-24,-1.118514992860542,0.02,-1.138514992860542,9.820765851205422
2015-07-27,2078.25,2080.75,2056.5,2064.5,False,True,False,-0.006616143389871265,2059.77125,True,buy_every_session,2015-07-27,-0.6616143389871265,0.02,-0.6816143389871265,9.139151512218296
2015-07-28,2065.5,2089.0,2061.5,2087.25,True,False,False,0.01053013798111846,2060.5825,True,buy_every_session,2015-07-28,1.053013798111846,0.02,1.033013798111846,10.172165310330142
2015-07-29,2088.0,2104.25,2084.5,2101.5,True,False,False,0.006465517241379226,2061.61875,True,buy_every_session,2015-07-29,0.6465517241379226,0.02,0.6265517241379226,10.798717034468064
2015-07-30,2099.5,2104.25,2087.75,2103.75,True,False,False,0.002024291497975783,2062.81,True,buy_every_session,2015-07-30,0.2024291497975783,0.02,0.18242914979757832,10.981146184265642
2015-07-31,2101.75,2109.25,2095.25,2098.5,False,True,False,-0.0015463304389199406,2063.92875,True,buy_every_session,2015-07-31,-0.15463304389199406,0.02,-0.17463304389199405,10.806513140373648
2015-08-03,2098.75,2102.5,2080.0,2091.0,False,True,False,-0.0036926742108397415,2065.15,True,buy_every_session,2015-08-03,-0.36926742108397415,0.02,-0.38926742108397416,10.417245719289674
2015-08-04,2090.5,2096.25,2081.5,2083.0,False,True,False,-0.0035876584549150436,2066.3125,True,buy_every_session,2015-08-04,-0.35876584549150436,0.02,-0.3787658454915044,10.03847987379817
2015-08-05,2082.5,2107.0,2082.25,2093.75,True,False,False,0.005402160864345751,2067.37625,True,buy_every_session,2015-08-05,0.5402160864345751,0.02,0.5202160864345751,10.558695960232745
2015-08-06,2094.0,2099.25,2070.0,2079.5,False,True,False,-0.00692454632282713,2068.27375,True,buy_every_session,2015-08-06,-0.692454632282713,0.02,-0.712454632282713,9.846241327950032
2015-08-07,2080.0,2082.75,2062.0,2073.5,False,True,False,-0.0031250000000000444,2068.95125,True,buy_every_session,2015-08-07,-0.31250000000000444,0.02,-0.33250000000000446,9.513741327950028
2015-08-10,2072.0,2101.25,2071.75,2099.75,True,False,False,0.013392857142857206,2069.825,True,buy_every_session,2015-08-10,1.3392857142857206,0.02,1.3192857142857206,10.833027042235749
2015-08-11,2100.75,2101.75,2070.75,2079.75,False,True,False,-0.009996429846483412,2070.49375,True,buy_every_session,2015-08-11,-0.9996429846483412,0.02,-1.0196429846483412,9.813384057587408
2015-08-12,2080.75,2085.25,2046.5,2084.25,True,False,False,0.001682085786375076,2071.11625,True,buy_every_session,2015-08-12,0.1682085786375076,0.02,0.1482085786375076,9.961592636224916
2015-08-13,2082.75,2093.0,2073.25,2080.5,False,True,False,-0.0010803024846957054,2071.73375,True,buy_every_session,2015-08-13,-0.10803024846957054,0.02,-0.12803024846957053,9.833562387755345
2015-08-14,2079.25,2090.5,2073.75,2089.5,True,False,False,0.004929662137790114,2072.28125,True,buy_every_session,2015-08-14,0.4929662137790114,0.02,0.4729662137790114,10.306528601534357
2015-08-17,2089.5,2100.5,2074.75,2099.25,True,False,False,0.004666188083273459,2072.91625,True,buy_every_session,2015-08-17,0.4666188083273459,0.02,0.4466188083273459,10.753147409861702
2015-08-18,2098.25,2103.75,2090.25,2094.0,False,True,False,-0.0020254974383414615,2073.44375,True,buy_every_session,2015-08-18,-0.20254974383414615,0.02,-0.22254974383414614,10.530597666027557
2015-08-19,2093.25,2098.0,2066.5,2072.75,False,True,False,-0.009793383494565822,2073.75,True,buy_every_session,2015-08-19,-0.9793383494565822,0.02,-0.9993383494565822,9.531259316570974
2015-08-20,2073.5,2077.75,2024.5,2025.5,False,True,False,-0.02314926452857491,2073.8225,True,buy_every_session,2015-08-20,-2.314926452857491,0.02,-2.334926452857491,7.196332863713483
2015-08-21,2026.25,2029.0,1967.25,1971.5,False,True,False,-0.027020357803824835,2073.6525,True,buy_every_session,2015-08-21,-2.7020357803824835,0.02,-2.7220357803824835,4.474297083330999
2015-08-24,1964.5,1964.75,1831.0,1871.25,False,True,False,-0.04746754899465511,2072.915,True,buy_every_session,2015-08-24,-4.746754899465511,0.02,-4.766754899465511,-0.2924578161345117
2015-08-25,1872.75,1948.5,1860.0,1872.75,False,False,True,0.0,2072.13875,True,buy_every_session,2015-08-25,0.0,0.02,-0.02,-0.31245781613451173
2015-08-26,1876.0,1943.0,1850.5,1938.0,True,False,False,0.03304904051172697,2071.69875,True,buy_every_session,2015-08-26,3.304904051172697,0.02,3.284904051172697,2.972446235038185
2015-08-27,1941.25,1990.25,1934.5,1989.25,True,False,False,0.02472633612363162,2071.475,True,buy_every_session,2015-08-27,2.472633612363162,0.02,2.452633612363162,5.4250798474013475
2015-08-28,1988.25,1992.75,1967.25,1989.75,True,False,False,0.0007544322897019562,2071.24125,True,buy_every_session,2015-08-28,0.07544322897019562,0.02,0.055443228970195615,5.480523076371544
2015-08-31,1986.25,1987.75,1959.25,1969.25,False,True,False,-0.008558842039018244,2070.9075,True,buy_every_session,2015-08-31,-0.8558842039018244,0.02,-0.8758842039018244,4.604638872469719
2015-09-01,1965.5,1966.25,1898.75,1916.0,False,True,False,-0.025184431442381028,2070.3175,True,buy_every_session,2015-09-01,-2.518443144238103,0.02,-2.538443144238103,2.0661957282316163
2015-09-02,1913.5,1949.0,1907.25,1947.0,True,False,False,0.017507185785210266,2069.8625,True,buy_every_session,2015-09-02,1.7507185785210266,0.02,1.7307185785210266,3.796914306752643
2015-09-03,1947.5,1973.5,1942.0,1946.0,False,True,False,-0.0007702182284980985,2069.39375,True,buy_every_session,2015-09-03,-0.07702182284980985,0.02,-0.09702182284980986,3.699892483902833
2015-09-04,1947.25,1949.25,1907.75,1921.75,False,True,False,-0.013095390935935258,2068.76,True,buy_every_session,2015-09-04,-1.3095390935935258,0.02,-1.3295390935935258,2.3703533903093073
2015-09-08,1916.75,1968.75,1915.75,1965.75,True,False,False,0.025564105908438828,2068.3525,True,buy_every_session,2015-09-08,2.556410590843883,0.02,2.5364105908438828,4.9067639811531905
2015-09-09,1966.5,1992.0,1935.5,1942.75,False,True,False,-0.012077294685990392,2067.80625,True,buy_every_session,2015-09-09,-1.2077294685990392,0.02,-1.2277294685990392,3.6790345125541513
2015-09-10,1943.75,1967.25,1928.5,1949.5,True,False,False,0.002958199356913216,2067.245,True,buy_every_session,2015-09-10,0.2958199356913216,0.02,0.27581993569132157,3.954854448245473
2015-09-11,1949.5,1962.5,1937.25,1960.25,True,False,False,0.0055142344190817205,2066.70875,True,buy_every_session,2015-09-11,0.551423441908172,0.02,0.531423441908172,4.486277890153644
2015-09-14,1963.75,1974.25,1946.5,1954.0,False,True,False,-0.004964990451941431,2066.14125,True,buy_every_session,2015-09-14,-0.4964990451941431,0.02,-0.5164990451941431,3.9697788449595013
2015-09-15,1953.25,1983.0,1945.0,1979.75,True,False,False,0.013567131703571045,2065.67875,True,buy_every_session,2015-09-15,1.3567131703571045,0.02,1.3367131703571045,5.306492015316605
2015-09-16,1979.75,1999.0,1972.75,1998.25,True,False,False,0.00934461421896704,2065.33875,True,buy_every_session,2015-09-16,0.934461421896704,0.02,0.914461421896704,6.220953437213309
2015-09-17,1997.0,2021.5,1982.5,1987.75,False,True,False,-0.0046319479218828175,2065.02375,True,buy_every_session,2015-09-17,-0.46319479218828175,0.02,-0.48319479218828176,5.737758645025027
2015-09-18,1988.0,1993.75,1954.75,1960.0,False,True,False,-0.014084507042253502,2064.49375,True,buy_every_session,2015-09-18,-1.4084507042253502,0.02,-1.4284507042253503,4.309307940799677
2015-09-21,1949.25,1969.0,1938.5,1963.0,True,False,False,0.007053995126330648,2063.94625,True,buy_every_session,2015-09-21,0.7053995126330648,0.02,0.6853995126330648,4.994707453432742
2015-09-22,1964.25,1965.0,1917.75,1932.0,False,True,False,-0.016418480336006125,2063.24625,True,buy_every_session,2015-09-22,-1.6418480336006125,0.02,-1.6618480336006125,3.3328594198321295
2015-09-23,1930.5,1941.75,1910.5,1928.5,False,True,False,-0.0010360010360009886,2062.50875,True,buy_every_session,2015-09-23,-0.10360010360009886,0.02,-0.12360010360009886,3.2092593162320306
2015-09-24,1931.75,1936.25,1897.25,1918.75,False,True,False,-0.006729649281739358,2061.805,True,buy_every_session,2015-09-24,-0.6729649281739358,0.02,-0.6929649281739358,2.516294388058095
2015-09-25,1913.25,1951.0,1910.25,1919.25,True,False,False,0.0031360250882006557,2061.11375,True,buy_every_session,2015-09-25,0.3136025088200656,0.02,0.29360250882006556,2.8098968968781604
2015-09-28,1915.5,1929.75,1868.75,1872.0,False,True,False,-0.022709475332811313,2060.34125,True,buy_every_session,2015-09-28,-2.2709475332811313,0.02,-2.2909475332811313,0.518949363597029
2015-09-29,1876.25,1889.75,1861.0,1874.5,False,True,False,-0.0009327115256495544,2059.55875,True,buy_every_session,2015-09-29,-0.09327115256495544,0.02,-0.11327115256495544,0.4056782110320736
2015-09-30,1875.0,1910.5,1871.25,1908.75,True,False,False,0.018000000000000016,2059.11625,True,buy_every_session,2015-09-30,1.8000000000000016,0.02,1.7800000000000016,2.185678211032075
2015-10-01,1902.5,1929.5,1890.25,1916.75,True,False,False,0.007490144546649091,2058.75,True,buy_every_session,2015-10-01,0.7490144546649091,0.02,0.7290144546649091,2.9146926656969843
2015-10-02,1917.0,1943.75,1883.0,1943.0,True,False,False,0.013562858633281216,2058.6075,True,buy_every_session,2015-10-02,1.3562858633281216,0.02,1.3362858633281216,4.250978529025106
2015-10-05,1941.0,1980.0,1937.25,1974.75,True,False,False,0.017387944358578045,2058.41,True,buy_every_session,2015-10-05,1.7387944358578045,0.02,1.7187944358578044,5.96977296488291
2015-10-06,1973.0,1982.25,1962.5,1968.5,False,True,False,-0.0022807906741003636,2057.9275,True,buy_every_session,2015-10-06,-0.22807906741003636,0.02,-0.24807906741003635,5.721693897472874
2015-10-07,1961.0,1991.25,1960.5,1987.25,True,False,False,0.013386027536970824,2057.53875,True,buy_every_session,2015-10-07,1.3386027536970824,0.02,1.3186027536970824,7.040296651169957
2015-10-08,1987.75,2008.75,1971.0,2006.5,True,False,False,0.009432775751477829,2057.20875,True,buy_every_session,2015-10-08,0.9432775751477829,0.02,0.9232775751477829,7.963574226317739
2015-10-09,2004.0,2014.0,1998.75,2007.5,True,False,False,0.0017465069860278515,2056.85125,True,buy_every_session,2015-10-09,0.17465069860278515,0.02,0.15465069860278516,8.118224924920524
2015-10-12,2005.25,2014.0,2001.75,2011.0,True,False,False,0.0028674728836803887,2056.5125,True,buy_every_session,2015-10-12,0.28674728836803887,0.02,0.26674728836803885,8.384972213288563
2015-10-13,2012.0,2014.75,1991.25,1994.0,False,True,False,-0.008946322067594381,2056.06125,True,buy_every_session,2015-10-13,-0.8946322067594381,0.02,-0.9146322067594381,7.470340006529125
2015-10-14,1991.5,2001.75,1982.5,1984.0,False,True,False,-0.0037660055234747247,2055.5525,True,buy_every_session,2015-10-14,-0.3766005523474725,0.02,-0.3966005523474725,7.073739454181652
2015-10-15,1985.75,2019.5,1985.0,2019.0,True,False,False,0.016744303160015184,2055.26375,True,buy_every_session,2015-10-15,1.6744303160015184,0.02,1.6544303160015184,8.72816977018317
2015-10-16,2018.25,2026.5,2012.25,2025.5,True,False,False,0.003592220983525296,2055.12875,True,buy_every_session,2015-10-16,0.3592220983525296,0.02,0.3392220983525296,9.0673918685357
2015-10-19,2024.5,2028.0,2014.25,2027.5,True,False,False,0.0014818473697209011,2055.035,True,buy_every_session,2015-10-19,0.14818473697209011,0.02,0.12818473697209012,9.195576605507789
2015-10-20,2026.5,2031.5,2018.5,2020.5,False,True,False,-0.002960769800148033,2055.0575,True,buy_every_session,2015-10-20,-0.2960769800148033,0.02,-0.31607698001480333,8.879499625492986
2015-10-21,2019.75,2034.25,2007.5,2008.5,False,True,False,-0.005569996286669099,2055.1275,True,buy_every_session,2015-10-21,-0.5569996286669099,0.02,-0.5769996286669099,8.302499996826077
2015-10-22,2010.5,2056.0,2008.5,2053.0,True,False,False,0.021139020144242737,2055.295,True,buy_every_session,2015-10-22,2.1139020144242737,0.02,2.0939020144242737,10.39640201125035
2015-10-23,2054.25,2074.5,2053.25,2066.0,True,False,False,0.005719849093342999,2055.35,True,buy_every_session,2015-10-23,0.5719849093342999,0.02,0.5519849093342999,10.94838692058465
2015-10-26,2066.0,2068.0,2057.5,2062.25,False,True,False,-0.0018151016456922076,2055.485,True,buy_every_session,2015-10-26,-0.18151016456922076,0.02,-0.20151016456922075,10.746876756015428
2015-10-27,2063.75,2064.75,2051.25,2060.5,False,True,False,-0.0015748031496063408,2055.675,True,buy_every_session,2015-10-27,-0.15748031496063408,0.02,-0.17748031496063407,10.569396441054794
2015-10-28,2062.0,2085.25,2055.5,2084.5,True,False,False,0.010911736178467413,2056.0175,True,buy_every_session,2015-10-28,1.0911736178467413,0.02,1.0711736178467413,11.640570058901535
2015-10-29,2081.0,2086.5,2073.25,2083.0,True,False,False,0.0009610764055743015,2056.395,True,buy_every_session,2015-10-29,0.09610764055743015,0.02,0.07610764055743015,11.716677699458964
2015-10-30,2084.75,2094.75,2069.75,2073.75,False,True,False,-0.005276412039812883,2056.81875,True,buy_every_session,2015-10-30,-0.5276412039812883,0.02,-0.5476412039812883,11.169036495477677
2015-11-02,2073.0,2100.0,2064.25,2095.5,True,False,False,0.01085383502170778,2057.23125,True,buy_every_session,2015-11-02,1.085383502170778,0.02,1.065383502170778,12.234419997648455
2015-11-03,2093.25,2110.25,2089.0,2103.0,True,False,False,0.0046578287352203596,2057.6625,True,buy_every_session,2015-11-03,0.46578287352203596,0.02,0.44578287352203594,12.680202871170492
2015-11-04,2102.5,2109.75,2090.5,2094.75,False,True,False,-0.00368608799048753,2058.00375,True,buy_every_session,2015-11-04,-0.368608799048753,0.02,-0.388608799048753,12.29159407212174
2015-11-05,2095.5,2104.75,2084.0,2094.0,False,True,False,-0.0007158196134574579,2058.19125,True,buy_every_session,2015-11-05,-0.07158196134574579,0.02,-0.0915819613457458,12.200012110775994
2015-11-06,2094.75,2099.0,2077.5,2093.75,False,True,False,-0.00047738393603058427,2058.44,True,buy_every_session,2015-11-06,-0.04773839360305843,0.02,-0.06773839360305843,12.132273717172936
2015-11-09,2092.0,2097.75,2062.0,2073.0,False,True,False,-0.009082217973231388,2058.5375,True,buy_every_session,2015-11-09,-0.9082217973231388,0.02,-0.9282217973231388,11.204051919849796
2015-11-10,2072.25,2079.0,2064.5,2078.0,True,False,False,0.002774761732416531,2058.7775,True,buy_every_session,2015-11-10,0.2774761732416531,0.02,0.25747617324165306,11.461528093091449
2015-11-11,2076.5,2087.25,2067.75,2069.0,False,True,False,-0.003611846857693224,2059.165,True,buy_every_session,2015-11-11,-0.3611846857693224,0.02,-0.3811846857693224,11.080343407322125
2015-11-12,2068.5,2077.5,2039.5,2040.5,False,True,False,-0.013536379018612488,2059.275,True,buy_every_session,2015-11-12,-1.3536379018612488,0.02,-1.3736379018612488,9.706705505460876
2015-11-13,2040.5,2046.0,2011.5,2018.5,False,True,False,-0.010781671159029615,2059.425,True,buy_every_session,2015-11-13,-1.0781671159029615,0.02,-1.0981671159029616,8.608538389557914
2015-11-16,2006.5,2051.0,1998.5,2048.0,True,False,False,0.020682780961873926,2059.58,True,buy_every_session,2015-11-16,2.0682780961873926,0.02,2.0482780961873925,10.656816485745306
2015-11-17,2047.75,2063.5,2041.5,2049.0,True,False,False,0.0006104260774020265,2059.615,True,buy_every_session,2015-11-17,0.06104260774020265,0.02,0.041042607740202644,10.697859093485508
2015-11-18,2049.75,2082.5,2043.0,2079.75,True,False,False,0.014635931211123276,2059.86375,True,buy_every_session,2015-11-18,1.4635931211123276,0.02,1.4435931211123276,12.141452214597836
2015-11-19,2078.25,2089.25,2075.25,2079.25,True,False,False,0.00048117406471792634,2059.985,True,buy_every_session,2015-11-19,0.048117406471792634,0.02,0.028117406471792634,12.169569621069629
2015-11-20,2078.25,2094.5,2076.0,2088.75,True,False,False,0.0050523276795380045,2060.16375,True,buy_every_session,2015-11-20,0.5052327679538005,0.02,0.48523276795380044,12.654802389023429
2015-11-23,2089.75,2093.0,2078.25,2084.25,False,True,False,-0.00263189376719708,2060.3725,True,buy_every_session,2015-11-23,-0.263189376719708,0.02,-0.283189376719708,12.37161301230372
2015-11-24,2083.0,2091.5,2065.5,2084.75,True,False,False,0.0008401344215074324,2060.485,True,buy_every_session,2015-11-24,0.08401344215074324,0.02,0.06401344215074324,12.435626454454464
2015-11-25,2084.0,2092.5,2082.25,2088.0,True,False,False,0.0019193857965451588,2060.59625,True,buy_every_session,2015-11-25,0.19193857965451588,0.02,0.1719385796545159,12.60756503410898
2015-11-27,2089.5,2098.25,2081.5,2090.0,True,False,False,0.00023929169657810334,2060.62625,True,buy_every_session,2015-11-27,0.023929169657810334,0.02,0.003929169657810334,12.61149420376679
2015-11-30,2089.5,2095.0,2078.5,2079.75,False,True,False,-0.004666188083273459,2060.5575,True,buy_every_session,2015-11-30,-0.4666188083273459,0.02,-0.48661880832734594,12.124875395439444
2015-12-01,2085.5,2101.5,2083.5,2100.0,True,False,False,0.006952769120114999,2060.5775,True,buy_every_session,2015-12-01,0.6952769120114999,0.02,0.6752769120114999,12.800152307450944
2015-12-02,2099.5,2105.0,2075.0,2081.5,False,True,False,-0.008573469873779493,2060.5075,True,buy_every_session,2015-12-02,-0.8573469873779493,0.02,-0.8773469873779494,11.922805320072994
2015-12-03,2083.25,2095.25,2040.0,2051.25,False,True,False,-0.015360614424577035,2060.2875,True,buy_every_session,2015-12-03,-1.5360614424577035,0.02,-1.5560614424577035,10.36674387761529
2015-12-04,2053.25,2093.0,2046.75,2088.5,True,False,False,0.01716790454158046,2060.195,True,buy_every_session,2015-12-04,1.7167904541580459,0.02,1.6967904541580459,12.063534331773337
2015-12-07,2092.25,2095.5,2064.5,2081.0,False,True,False,-0.005376986497789504,2060.06625,True,buy_every_session,2015-12-07,-0.5376986497789504,0.02,-0.5576986497789505,11.505835681994386
2015-12-08,2080.0,2081.5,2050.25,2058.75,False,True,False,-0.010216346153846145,2059.79125,True,buy_every_session,2015-12-08,-1.0216346153846145,0.02,-1.0416346153846145,10.464201066609771
2015-12-09,2059.5,2079.75,2034.25,2042.0,False,True,False,-0.008497208060208816,2059.45,True,buy_every_session,2015-12-09,-0.8497208060208816,0.02,-0.8697208060208816,9.59448026058889
2015-12-10,2045.75,2067.0,2043.75,2049.25,True,False,False,0.0017108639863130382,2059.14625,True,buy_every_session,2015-12-10,0.17108639863130382,0.02,0.15108639863130383,9.745566659220193
2015-12-11,2050.75,2056.25,2005.0,2009.75,False,True,False,-0.019992685602828186,2058.68125,True,buy_every_session,2015-12-11,-1.9992685602828186,0.02,-2.0192685602828186,7.726298098937375
2015-12-14,2008.0,2028.25,1992.25,2018.5,True,False,False,0.005229083665338585,2058.20375,True,buy_every_session,2015-12-14,0.5229083665338585,0.02,0.5029083665338585,8.229206465471233
2015-12-15,2021.75,2054.0,2019.0,2045.5,True,False,False,0.011747248670705979,2057.9075,True,buy_every_session,2015-12-15,1.1747248670705979,0.02,1.1547248670705978,9.383931332541831
2015-12-16,2046.0,2077.0,2040.0,2072.0,True,False,False,0.012707722385141729,2057.785,True,buy_every_session,2015-12-16,1.2707722385141729,0.02,1.2507722385141729,10.634703571056004
2015-12-17,2069.75,2082.25,2032.5,2034.25,False,True,False,-0.017151829931151052,2057.4575,True,buy_every_session,2015-12-17,-1.7151829931151052,0.02,-1.7351829931151053,8.8995205779409
2015-12-18,2033.25,2040.25,2022.0,2032.5,False,True,False,-0.00036886757653997737,2057.26625,True,buy_every_session,2015-12-18,-0.03688675765399774,0.02,-0.05688675765399774,8.842633820286903
2015-12-21,1997.25,2019.5,1995.25,2015.0,True,False,False,0.008887219927400158,2056.9525,True,buy_every_session,2015-12-21,0.8887219927400158,0.02,0.8687219927400158,9.711355813026918
2015-12-22,2017.0,2036.5,2007.25,2036.0,True,False,False,0.009419930589985137,2056.9225,True,buy_every_session,2015-12-22,0.9419930589985137,0.02,0.9219930589985137,10.633348872025431
2015-12-23,2034.0,2057.75,2030.75,2053.0,True,False,False,0.009341199606686335,2056.99,True,buy_every_session,2015-12-23,0.9341199606686335,0.02,0.9141199606686334,11.547468832694065
2015-12-24,2052.75,2059.75,2049.0,2051.25,False,True,False,-0.00073072707343802,2056.92625,True,buy_every_session,2015-12-24,-0.073072707343802,0.02,-0.093072707343802,11.454396125350263
2015-12-28,2051.25,2054.5,2035.25,2048.75,False,True,False,-0.0012187690432663434,2056.92125,True,buy_every_session,2015-12-28,-0.12187690432663434,0.02,-0.14187690432663433,11.312519221023628
2015-12-29,2049.75,2074.5,2047.5,2072.75,True,False,False,0.011220880595194549,2056.9025,True,buy_every_session,2015-12-29,1.122088059519455,0.02,1.1020880595194549,12.414607280543082
2015-12-30,2072.0,2075.0,2053.5,2054.5,False,True,False,-0.008445945945945943,2056.8025,True,buy_every_session,2015-12-30,-0.8445945945945943,0.02,-0.8645945945945943,11.550012685948488
2015-12-31,2055.25,2057.75,2030.25,2035.5,False,True,False,-0.00960953655273078,2056.4775,True,buy_every_session,2015-12-31,-0.960953655273078,0.02,-0.980953655273078,10.56905903067541
2016-01-04,2037.75,2043.5,1980.25,2009.0,False,True,False,-0.014108698319224677,2056.07,True,buy_every_session,2016-01-04,-1.4108698319224677,0.02,-1.4308698319224677,9.138189198752942
2016-01-05,2009.0,2017.0,1992.25,2011.75,True,False,False,0.0013688402190144,2055.6225,True,buy_every_session,2016-01-05,0.13688402190144,0.02,0.11688402190144,9.255073220654381
2016-01-06,2010.75,2013.25,1970.5,1986.0,False,True,False,-0.012308839985080144,2055.07875,True,buy_every_session,2016-01-06,-1.2308839985080144,0.02,-1.2508839985080145,8.004189222146367
2016-01-07,1987.75,1991.0,1928.5,1933.0,False,True,False,-0.02754370519431515,2054.31875,True,buy_every_session,2016-01-07,-2.754370519431515,0.02,-2.774370519431515,5.229818702714852
2016-01-08,1936.5,1964.75,1910.0,1911.5,False,True,False,-0.01290988897495482,2053.6075,True,buy_every_session,2016-01-08,-1.290988897495482,0.02,-1.310988897495482,3.9188298052193704
2016-01-11,1909.25,1929.0,1892.5,1914.25,True,False,False,0.0026188293832656306,2052.93625,True,buy_every_session,2016-01-11,0.26188293832656306,0.02,0.24188293832656307,4.1607127435459335
2016-01-12,1913.5,1940.25,1899.0,1925.0,True,False,False,0.006009929448654194,2052.29875,True,buy_every_session,2016-01-12,0.6009929448654194,0.02,0.5809929448654194,4.741705688411352
2016-01-13,1922.5,1946.5,1878.0,1881.5,False,True,False,-0.02132639791937585,2051.32875,True,buy_every_session,2016-01-13,-2.132639791937585,0.02,-2.152639791937585,2.5890658964737674
2016-01-14,1883.75,1927.5,1871.0,1914.5,True,False,False,0.016323822163238244,2050.5975,True,buy_every_session,2016-01-14,1.6323822163238244,0.02,1.6123822163238244,4.201448112797592
2016-01-15,1913.5,1921.0,1849.25,1875.0,False,True,False,-0.02012019858897307,2049.7075,True,buy_every_session,2016-01-15,-2.012019858897307,0.02,-2.032019858897307,2.1694282539002847
2016-01-19,1869.75,1907.5,1856.25,1873.0,True,False,False,0.0017382002941570551,2048.775,True,buy_every_session,2016-01-19,0.1738200294157055,0.02,0.15382002941570552,2.32324828331599
2016-01-20,1871.75,1878.5,1804.25,1855.0,False,True,False,-0.00894884466408441,2047.68375,True,buy_every_session,2016-01-20,-0.894884466408441,0.02,-0.914884466408441,1.4083638169075492
2016-01-21,1854.75,1883.25,1836.25,1861.0,True,False,False,0.0033697263782181963,2046.65,True,buy_every_session,2016-01-21,0.33697263782181963,0.02,0.3169726378218196,1.7253364547293688
2016-01-22,1858.5,1902.25,1855.75,1899.25,True,False,False,0.02192628463814894,2045.76625,True,buy_every_session,2016-01-22,2.192628463814894,0.02,2.172628463814894,3.897964918544263
2016-01-25,1899.5,1904.25,1867.5,1870.25,False,True,False,-0.015398789155040782,2044.68875,True,buy_every_session,2016-01-25,-1.5398789155040782,0.02,-1.5598789155040782,2.3380860030401847
2016-01-26,1871.75,1899.75,1851.25,1896.0,True,False,False,0.012955790036062398,2043.69125,True,buy_every_session,2016-01-26,1.2955790036062398,0.02,1.2755790036062398,3.6136650066464244
2016-01-27,1885.25,1910.0,1864.5,1875.0,False,True,False,-0.005436944702294166,2042.63375,True,buy_every_session,2016-01-27,-0.5436944702294166,0.02,-0.5636944702294167,3.0499705364170078
2016-01-28,1880.0,1902.5,1865.75,1880.75,True,False,False,0.0003989361702128047,2041.5825,True,buy_every_session,2016-01-28,0.03989361702128047,0.02,0.01989361702128047,3.0698641534382882
2016-01-29,1878.75,1933.0,1876.5,1930.0,True,False,False,0.02727877578176985,2040.73375,True,buy_every_session,2016-01-29,2.727877578176985,0.02,2.707877578176985,5.777741731615273
2016-02-01,1929.75,1940.0,1912.5,1931.25,True,False,False,0.0007773027594248916,2039.88625,True,buy_every_session,2016-02-01,0.07773027594248916,0.02,0.057730275942489154,5.835472007557763
2016-02-02,1928.5,1929.25,1889.0,1897.5,False,True,False,-0.01607466943220115,2038.99625,True,buy_every_session,2016-02-02,-1.607466943220115,0.02,-1.627466943220115,4.208005064337648
2016-02-03,1895.0,1912.25,1865.0,1908.5,True,False,False,0.0071240105540897325,2038.08375,True,buy_every_session,2016-02-03,0.7124010554089732,0.02,0.6924010554089732,4.900406119746622
2016-02-04,1907.75,1922.25,1890.25,1907.75,False,False,True,0.0,2037.1675,True,buy_every_session,2016-02-04,0.0,0.02,-0.02,4.880406119746622
2016-02-05,1905.25,1914.5,1865.75,1875.25,False,True,False,-0.015745965096443992,2036.0425,True,buy_every_session,2016-02-05,-1.5745965096443992,0.02,-1.5945965096443993,3.285809610102223
2016-02-08,1876.25,1884.5,1821.75,1852.0,False,True,False,-0.01292471685542973,2034.7675,True,buy_every_session,2016-02-08,-1.292471685542973,0.02,-1.312471685542973,1.97333792455925
2016-02-09,1849.75,1863.75,1825.75,1848.25,False,True,False,-0.0008109203946479182,2033.45,True,buy_every_session,2016-02-09,-0.08109203946479182,0.02,-0.10109203946479182,1.872245885094458
2016-02-10,1850.0,1877.75,1838.5,1846.75,False,True,False,-0.0017567567567567943,2032.16,True,buy_every_session,2016-02-10,-0.17567567567567943,0.02,-0.19567567567567942,1.6765702094187787
2016-02-11,1842.25,1847.25,1802.5,1824.5,False,True,False,-0.009634957253358611,2030.7225,True,buy_every_session,2016-02-11,-0.9634957253358611,0.02,-0.9834957253358612,0.6930744840829175
2016-02-12,1827.25,1860.75,1822.5,1858.25,True,False,False,0.016965385141606282,2029.51875,True,buy_every_session,2016-02-12,1.6965385141606282,0.02,1.6765385141606282,2.3696129982435457
2016-02-16,1865.25,1892.75,1865.0,1888.75,True,False,False,0.012598847339498676,2028.5675,True,buy_every_session,2016-02-16,1.2598847339498676,0.02,1.2398847339498675,3.609497732193413
2016-02-17,1888.25,1928.0,1881.5,1922.75,True,False,False,0.018270885740765186,2027.67375,True,buy_every_session,2016-02-17,1.8270885740765186,0.02,1.8070885740765186,5.416586306269932
2016-02-18,1926.75,1933.5,1911.25,1916.5,False,True,False,-0.005319839107305047,2026.71,True,buy_every_session,2016-02-18,-0.5319839107305047,0.02,-0.5519839107305047,4.864602395539427
2016-02-19,1917.5,1922.75,1898.5,1914.5,False,True,False,-0.0015645371577575062,2025.8625,True,buy_every_session,2016-02-19,-0.15645371577575062,0.02,-0.1764537157757506,4.688148679763676
2016-02-22,1911.0,1943.75,1908.25,1936.25,True,False,False,0.01321297749869177,2025.1725,True,buy_every_session,2016-02-22,1.321297749869177,0.02,1.301297749869177,5.989446429632853
2016-02-23,1934.0,1938.0,1913.75,1916.0,False,True,False,-0.009307135470527417,2024.33125,True,buy_every_session,2016-02-23,-0.9307135470527417,0.02,-0.9507135470527417,5.038732882580112
2016-02-24,1914.0,1933.75,1886.75,1930.25,True,False,False,0.008490073145245525,2023.44,True,buy_every_session,2016-02-24,0.8490073145245525,0.02,0.8290073145245525,5.8677401971046645
2016-02-25,1933.0,1951.5,1920.25,1950.5,True,False,False,0.009053285049146487,2022.70375,True,buy_every_session,2016-02-25,0.9053285049146487,0.02,0.8853285049146487,6.753068702019313
2016-02-26,1949.0,1968.75,1941.25,1942.75,False,True,False,-0.0032067727039507554,2021.9425,True,buy_every_session,2016-02-26,-0.32067727039507554,0.02,-0.34067727039507556,6.412391431624237
2016-02-29,1943.0,1956.25,1926.5,1929.5,False,True,False,-0.006948018528049382,2021.1175,True,buy_every_session,2016-02-29,-0.6948018528049382,0.02,-0.7148018528049382,5.697589578819299
2016-03-01,1928.0,1978.5,1920.75,1978.0,True,False,False,0.025933609958506132,2020.42,True,buy_every_session,2016-03-01,2.593360995850613,0.02,2.573360995850613,8.270950574669913
2016-03-02,1976.25,1984.75,1966.25,1983.5,True,False,False,0.003668564199873492,2019.7425,True,buy_every_session,2016-03-02,0.3668564199873492,0.02,0.3468564199873492,8.617806994657261
2016-03-03,1981.75,1992.5,1974.75,1990.5,True,False,False,0.004415289516841225,2019.065,True,buy_every_session,2016-03-03,0.44152895168412254,0.02,0.4215289516841225,9.039335946341383
2016-03-04,1991.0,2007.5,1984.0,1995.0,True,False,False,0.002009040683073726,2018.4175,True,buy_every_session,2016-03-04,0.20090406830737262,0.02,0.18090406830737263,9.220240014648756
2016-03-07,1994.5,2004.5,1984.5,1999.0,True,False,False,0.0022562045625469374,2017.8,True,buy_every_session,2016-03-07,0.22562045625469374,0.02,0.20562045625469375,9.42586047090345
2016-03-08,1999.0,2000.25,1976.0,1981.0,False,True,False,-0.00900450225112559,2017.065,True,buy_every_session,2016-03-08,-0.900450225112559,0.02,-0.920450225112559,8.505410245790891
2016-03-09,1981.75,1994.0,1978.0,1989.0,True,False,False,0.003658382742525612,2016.3875,True,buy_every_session,2016-03-09,0.3658382742525612,0.02,0.3458382742525612,8.851248520043452
2016-03-10,1990.0,2010.25,1967.25,1988.75,False,True,False,-0.0006281407035175768,2015.80625,True,buy_every_session,2016-03-10,-0.06281407035175768,0.02,-0.08281407035175768,8.768434449691695
2016-03-11,1988.5,2022.25,1987.5,2020.0,True,False,False,0.01584108624591396,2015.30125,True,buy_every_session,2016-03-11,1.584108624591396,0.02,1.564108624591396,10.332543074283091
2016-03-14,2019.25,2024.5,2012.0,2018.75,False,True,False,-0.00024761668936490455,2014.78625,True,buy_every_session,2016-03-14,-0.024761668936490455,0.02,-0.04476166893649046,10.287781405346601
2016-03-15,2019.0,2019.5,2004.5,2015.75,False,True,False,-0.0016097077761267897,2014.335,True,buy_every_session,2016-03-15,-0.16097077761267897,0.02,-0.18097077761267896,10.106810627733923
2016-03-16,2016.25,2032.25,2006.5,2027.0,True,False,False,0.005331680099194047,2013.92375,True,buy_every_session,2016-03-16,0.5331680099194047,0.02,0.5131680099194047,10.619978637653327
2016-03-17,2026.75,2046.75,2015.75,2039.75,True,False,False,0.006414209942025462,2013.58875,True,buy_every_session,2016-03-17,0.6414209942025462,0.02,0.6214209942025462,11.241399631855874
2016-03-18,2041.5,2048.75,2037.0,2048.0,True,False,False,0.003183933382316928,2013.24875,True,buy_every_session,2016-03-18,0.3183933382316928,0.02,0.2983933382316928,11.539792970087566
2016-03-21,2036.5,2044.5,2031.0,2042.75,True,False,False,0.003068990915786829,2012.9675,True,buy_every_session,2016-03-21,0.3068990915786829,0.02,0.2868990915786829,11.826692061666249
2016-03-22,2043.25,2047.5,2028.75,2042.5,False,True,False,-0.00036706227823324333,2012.71875,True,buy_every_session,2016-03-22,-0.03670622782332433,0.02,-0.05670622782332434,11.769985833842924
2016-03-23,2043.0,2045.25,2025.25,2028.75,False,True,False,-0.006975036710719529,2012.47125,True,buy_every_session,2016-03-23,-0.6975036710719529,0.02,-0.7175036710719529,11.052482162770971
2016-03-24,2028.0,2030.25,2012.25,2028.5,True,False,False,0.0002465483234714849,2012.21375,True,buy_every_session,2016-03-24,0.024654832347148492,0.02,0.004654832347148492,11.05713699511812
2016-03-28,2030.25,2039.75,2022.0,2028.0,False,True,False,-0.0011082379017361976,2011.81875,True,buy_every_session,2016-03-28,-0.11082379017361976,0.02,-0.13082379017361975,10.926313204944499
2016-03-29,2027.75,2049.25,2019.25,2047.5,True,False,False,0.009739859450129451,2011.51,True,buy_every_session,2016-03-29,0.9739859450129451,0.02,0.9539859450129451,11.880299149957445
2016-03-30,2048.5,2064.5,2046.75,2055.25,True,False,False,0.003295093971198426,2011.32125,True,buy_every_session,2016-03-30,0.3295093971198426,0.02,0.3095093971198426,12.189808547077288
2016-03-31,2055.5,2059.75,2047.25,2051.5,False,True,False,-0.0019459985405011482,2011.15875,True,buy_every_session,2016-03-31,-0.19459985405011482,0.02,-0.2145998540501148,11.975208693027174
2016-04-01,2052.75,2067.0,2035.25,2065.0,True,False,False,0.0059676044330776445,2010.99625,True,buy_every_session,2016-04-01,0.5967604433077645,0.02,0.5767604433077644,12.551969136334938
2016-04-04,2064.0,2071.5,2054.25,2057.5,False,True,False,-0.0031492248062015005,2010.79625,True,buy_every_session,2016-04-04,-0.31492248062015005,0.02,-0.33492248062015006,12.217046655714787
2016-04-05,2055.5,2055.5,2034.25,2038.75,False,True,False,-0.008148868888348315,2010.375,True,buy_every_session,2016-04-05,-0.8148868888348315,0.02,-0.8348868888348315,11.382159766879955
2016-04-06,2042.0,2060.5,2035.0,2060.25,True,False,False,0.00893731635651318,2010.08375,True,buy_every_session,2016-04-06,0.8937316356513181,0.02,0.8737316356513181,12.255891402531272
2016-04-07,2059.75,2062.0,2026.0,2035.0,False,True,False,-0.012016021361815787,2009.695,True,buy_every_session,2016-04-07,-1.2016021361815787,0.02,-1.2216021361815788,11.034289266349694
2016-04-08,2034.5,2054.25,2030.25,2040.75,True,False,False,0.0030720078643400317,2009.31625,True,buy_every_session,2016-04-08,0.30720078643400317,0.02,0.28720078643400315,11.321490052783696
2016-04-11,2041.0,2056.5,2032.5,2034.5,False,True,False,-0.0031847133757961776,2008.99125,True,buy_every_session,2016-04-11,-0.31847133757961776,0.02,-0.3384713375796178,10.983018715204079
2016-04-12,2032.5,2058.5,2029.25,2055.75,True,False,False,0.011439114391143868,2008.8,True,buy_every_session,2016-04-12,1.1439114391143868,0.02,1.1239114391143867,12.106930154318466
2016-04-13,2055.25,2077.0,2054.0,2076.0,True,False,False,0.010096095365527358,2008.70125,True,buy_every_session,2016-04-13,1.0096095365527358,0.02,0.9896095365527358,13.096539690871202
2016-04-14,2076.25,2081.75,2068.5,2076.5,True,False,False,0.00012040939193247446,2008.83125,True,buy_every_session,2016-04-14,0.012040939193247446,0.02,-0.007959060806752554,13.088580630064449
2016-04-15,2077.75,2080.0,2069.5,2075.0,False,True,False,-0.0013235471062447157,2008.93375,True,buy_every_session,2016-04-15,-0.13235471062447157,0.02,-0.15235471062447156,12.936225919439977
2016-04-18,2064.25,2088.75,2058.5,2086.75,True,False,False,0.01089984255782972,2009.0125,True,buy_every_session,2016-04-18,1.089984255782972,0.02,1.069984255782972,14.006210175222948
2016-04-19,2085.25,2098.5,2084.75,2093.75,True,False,False,0.004076249850137881,2009.1375,True,buy_every_session,2016-04-19,0.4076249850137881,0.02,0.38762498501378806,14.393835160236737
2016-04-20,2094.25,2105.25,2085.75,2098.0,True,False,False,0.0017906171660500014,2009.305,True,buy_every_session,2016-04-20,0.17906171660500014,0.02,0.15906171660500015,14.552896876841737
2016-04-21,2097.75,2104.0,2078.75,2082.75,False,True,False,-0.007150518412584961,2009.35,True,buy_every_session,2016-04-21,-0.7150518412584961,0.02,-0.7350518412584961,13.817845035583241
2016-04-22,2079.75,2089.0,2075.0,2086.0,True,False,False,0.0030051688904917384,2009.58375,True,buy_every_session,2016-04-22,0.30051688904917384,0.02,0.2805168890491738,14.098361924632416
2016-04-25,2091.5,2091.5,2071.0,2083.25,False,True,False,-0.003944537413339666,2009.79375,True,buy_every_session,2016-04-25,-0.3944537413339666,0.02,-0.4144537413339666,13.683908183298449
2016-04-26,2084.25,2091.25,2079.5,2088.5,True,False,False,0.0020391027947703755,2009.89125,True,buy_every_session,2016-04-26,0.20391027947703755,0.02,0.18391027947703756,13.867818462775487
2016-04-27,2082.25,2094.0,2076.25,2090.75,True,False,False,0.004082122703805924,2009.8725,True,buy_every_session,2016-04-27,0.4082122703805924,0.02,0.38821227038059236,14.256030733156079
2016-04-28,2092.5,2094.25,2065.25,2072.5,False,True,False,-0.009557945041816063,2009.725,True,buy_every_session,2016-04-28,-0.9557945041816063,0.02,-0.9757945041816063,13.280236228974474
2016-04-29,2073.75,2076.0,2045.75,2059.0,False,True,False,-0.0071127185051235164,2009.49875,True,buy_every_session,2016-04-29,-0.7112718505123516,0.02,-0.7312718505123517,12.548964378462122
2016-05-02,2060.75,2077.5,2055.5,2074.25,True,False,False,0.006551012980710924,2009.285,True,buy_every_session,2016-05-02,0.6551012980710924,0.02,0.6351012980710924,13.184065676533214
2016-05-03,2075.5,2076.25,2048.0,2057.0,False,True,False,-0.008913514815707013,2008.97625,True,buy_every_session,2016-05-03,-0.8913514815707013,0.02,-0.9113514815707013,12.272714194962512
2016-05-04,2057.5,2060.25,2039.0,2047.0,False,True,False,-0.0051032806804374164,2008.60125,True,buy_every_session,2016-05-04,-0.5103280680437416,0.02,-0.5303280680437417,11.74238612691877
2016-05-05,2046.5,2060.0,2039.5,2044.0,False,True,False,-0.0012215978499877655,2008.24875,True,buy_every_session,2016-05-05,-0.12215978499877655,0.02,-0.14215978499877654,11.600226341919994
2016-05-06,2043.5,2054.5,2030.5,2052.75,True,False,False,0.0045265475899192165,2007.9725,True,buy_every_session,2016-05-06,0.45265475899192165,0.02,0.43265475899192163,12.032881100911915
2016-05-09,2053.0,2059.75,2048.25,2054.25,True,False,False,0.0006088650754991765,2007.75125,True,buy_every_session,2016-05-09,0.060886507549917646,0.02,0.04088650754991764,12.073767608461832
2016-05-10,2054.0,2079.75,2048.0,2077.5,True,False,False,0.011441090555014632,2007.75125,True,buy_every_session,2016-05-10,1.1441090555014632,0.02,1.1241090555014632,13.197876663963296
2016-05-11,2077.25,2078.75,2057.5,2058.0,False,True,False,-0.009267059814658807,2007.71875,True,buy_every_session,2016-05-11,-0.9267059814658807,0.02,-0.9467059814658807,12.251170682497415
2016-05-12,2059.0,2072.75,2048.5,2058.75,False,True,False,-0.00012141816415733864,2007.57625,True,buy_every_session,2016-05-12,-0.012141816415733864,0.02,-0.03214181641573387,12.21902886608168
2016-05-13,2059.25,2063.5,2038.5,2043.5,False,True,False,-0.007648415685322374,2007.28625,True,buy_every_session,2016-05-13,-0.7648415685322374,0.02,-0.7848415685322374,11.434187297549443
2016-05-16,2041.25,2068.5,2035.0,2062.75,True,False,False,0.010532761788120126,2007.08125,True,buy_every_session,2016-05-16,1.0532761788120126,0.02,1.0332761788120126,12.467463476361456
2016-05-17,2062.0,2069.5,2036.75,2043.5,False,True,False,-0.008971871968962208,2006.80625,True,buy_every_session,2016-05-17,-0.8971871968962208,0.02,-0.9171871968962209,11.550276279465235
2016-05-18,2043.75,2057.75,2030.75,2041.5,False,True,False,-0.0011009174311926717,2006.55875,True,buy_every_session,2016-05-18,-0.11009174311926717,0.02,-0.13009174311926716,11.420184536345968
2016-05-19,2043.5,2044.75,2022.0,2038.75,False,True,False,-0.0023244433569855616,2006.3375,True,buy_every_session,2016-05-19,-0.23244433569855616,0.02,-0.2524443356985562,11.167740200647412
2016-05-20,2038.75,2055.5,2037.25,2050.0,True,False,False,0.005518087063151489,2006.11875,True,buy_every_session,2016-05-20,0.5518087063151489,0.02,0.5318087063151489,11.69954890696256
2016-05-23,2053.25,2056.0,2043.5,2045.25,False,True,False,-0.0038962620236210332,2005.9475,True,buy_every_session,2016-05-23,-0.3896262023621033,0.02,-0.40962620236210334,11.289922704600457
2016-05-24,2045.0,2077.25,2041.25,2075.0,True,False,False,0.014669926650366705,2005.955,True,buy_every_session,2016-05-24,1.4669926650366705,0.02,1.4469926650366705,12.736915369637128
2016-05-25,2075.0,2092.5,2073.5,2087.25,True,False,False,0.005903614457831274,2005.8925,True,buy_every_session,2016-05-25,0.5903614457831274,0.02,0.5703614457831274,13.307276815420256
2016-05-26,2088.75,2091.75,2082.5,2089.75,True,False,False,0.0004787552363854086,2005.9425,True,buy_every_session,2016-05-26,0.04787552363854086,0.02,0.027875523638540862,13.335152339058796
2016-05-27,2090.5,2098.75,2088.0,2097.25,True,False,False,0.003228892609423495,2006.0075,True,buy_every_session,2016-05-27,0.3228892609423495,0.02,0.30288926094234947,13.638041600001145
2016-05-31,2100.0,2103.75,2086.0,2095.0,False,True,False,-0.0023809523809523725,2006.08,True,buy_every_session,2016-05-31,-0.23809523809523725,0.02,-0.25809523809523727,13.379946361905908
2016-06-01,2094.0,2099.25,2083.25,2098.0,True,False,False,0.0019102196752627254,2006.1225,True,buy_every_session,2016-06-01,0.19102196752627254,0.02,0.17102196752627255,13.55096832943218
2016-06-02,2096.75,2104.75,2086.75,2103.75,True,False,False,0.003338500059616001,2006.145,True,buy_every_session,2016-06-02,0.3338500059616001,0.02,0.31385000596160006,13.86481833539378
2016-06-03,2103.5,2106.0,2082.75,2097.75,False,True,False,-0.0027335393391966223,2006.16375,True,buy_every_session,2016-06-03,-0.27335393391966223,0.02,-0.29335393391966225,13.571464401474117
2016-06-06,2097.5,2112.25,2094.0,2108.25,True,False,False,0.005125148986889094,2006.34125,True,buy_every_session,2016-06-06,0.5125148986889094,0.02,0.4925148986889094,14.063979300163027
2016-06-07,2108.25,2118.0,2106.5,2110.25,True,False,False,0.0009486540969998458,2006.765,True,buy_every_session,2016-06-07,0.09486540969998458,0.02,0.07486540969998458,14.138844709863012
2016-06-08,2110.25,2119.75,2106.5,2118.0,True,False,False,0.003672550645658079,2007.4975,True,buy_every_session,2016-06-08,0.3672550645658079,0.02,0.3472550645658079,14.48609977442882
2016-06-09,2117.75,2118.5,2106.25,2114.25,False,True,False,-0.001652697438318973,2008.7125,True,buy_every_session,2016-06-09,-0.1652697438318973,0.02,-0.1852697438318973,14.300830030596922
2016-06-10,2113.75,2114.0,2088.5,2096.25,False,True,False,-0.008279124778237779,2009.83,True,buy_every_session,2016-06-10,-0.8279124778237779,0.02,-0.8479124778237779,13.452917552773144
2016-06-13,2089.25,2098.25,2075.75,2078.75,False,True,False,-0.005025726935503183,2010.53375,True,buy_every_session,2016-06-13,-0.5025726935503183,0.02,-0.5225726935503183,12.930344859222826
2016-06-14,2077.0,2081.75,2063.25,2074.5,False,True,False,-0.0012036591237362115,2010.96,True,buy_every_session,2016-06-14,-0.12036591237362115,0.02,-0.14036591237362114,12.789978946849205
2016-06-15,2072.75,2086.25,2068.75,2071.75,False,True,False,-0.00048245085031961565,2011.37,True,buy_every_session,2016-06-15,-0.048245085031961565,0.02,-0.06824508503196157,12.721733861817244
2016-06-16,2070.5,2080.0,2050.0,2079.25,True,False,False,0.004226032359333498,2011.92,True,buy_every_session,2016-06-16,0.4226032359333498,0.02,0.4026032359333498,13.124337097750594
2016-06-17,2077.75,2083.0,2073.75,2078.5,True,False,False,0.0003609673926121548,2012.7325,True,buy_every_session,2016-06-17,0.03609673926121548,0.02,0.016096739261215482,13.140433837011809
2016-06-20,2071.0,2092.5,2070.25,2074.25,True,False,False,0.0015692901979720286,2013.36875,True,buy_every_session,2016-06-20,0.15692901979720286,0.02,0.13692901979720287,13.277362856809011
2016-06-21,2079.0,2086.0,2074.0,2080.5,True,False,False,0.0007215007215006786,2014.04125,True,buy_every_session,2016-06-21,0.07215007215006786,0.02,0.05215007215006785,13.32951292895908
2016-06-22,2079.25,2091.25,2075.25,2076.75,False,True,False,-0.001202356618973166,2014.81625,True,buy_every_session,2016-06-22,-0.1202356618973166,0.02,-0.1402356618973166,13.189277267061764
2016-06-23,2083.0,2113.25,2083.0,2105.75,True,False,False,0.010921747479596844,2015.51625,True,buy_every_session,2016-06-23,1.0921747479596844,0.02,1.0721747479596844,14.261452015021447
2016-06-24,2115.75,2119.5,1999.0,2018.5,False,True,False,-0.04596478790027181,2015.895,True,buy_every_session,2016-06-24,-4.596478790027181,0.02,-4.61647879002718,9.644973224994267
2016-06-27,2013.75,2022.5,1981.5,1985.0,False,True,False,-0.014276846679081356,2016.0725,True,buy_every_session,2016-06-27,-1.4276846679081356,0.02,-1.4476846679081357,8.197288557086132
2016-06-28,1982.5,2029.75,1982.25,2028.5,True,False,False,0.023203026481714906,2016.41375,True,buy_every_session,2016-06-28,2.3203026481714906,0.02,2.3003026481714905,10.497591205257622
2016-06-29,2028.25,2074.75,2022.75,2066.75,True,False,False,0.018981880931837836,2016.9775,True,buy_every_session,2016-06-29,1.8981880931837836,0.02,1.8781880931837835,12.375779298441406
2016-06-30,2072.25,2091.25,2056.5,2090.25,True,False,False,0.008686210640608039,2017.53,True,buy_every_session,2016-06-30,0.8686210640608039,0.02,0.8486210640608038,13.22440036250221
2016-07-01,2086.5,2100.75,2081.5,2096.25,True,False,False,0.004672897196261738,2018.02,True,buy_every_session,2016-07-01,0.4672897196261738,0.02,0.4472897196261738,13.671690082128384
2016-07-05,2099.75,2104.75,2072.5,2082.75,False,True,False,-0.008096201928801006,2018.495,True,buy_every_session,2016-07-05,-0.8096201928801006,0.02,-0.8296201928801006,12.842069889248283
2016-07-06,2084.0,2094.5,2065.75,2094.0,True,False,False,0.004798464491362786,2019.165,True,buy_every_session,2016-07-06,0.4798464491362786,0.02,0.4598464491362786,13.301916338384562
2016-07-07,2092.0,2102.0,2081.75,2092.0,False,False,True,0.0,2019.81,True,buy_every_session,2016-07-07,0.0,0.02,-0.02,13.281916338384562
2016-07-08,2092.0,2125.5,2087.5,2120.5,True,False,False,0.013623326959847137,2020.7525,True,buy_every_session,2016-07-08,1.3623326959847137,0.02,1.3423326959847137,14.624249034369276
2016-07-11,2120.25,2136.75,2120.0,2130.25,True,False,False,0.004716424949887887,2021.76125,True,buy_every_session,2016-07-11,0.47164249498878874,0.02,0.4516424949887887,15.075891529358065
2016-07-12,2130.75,2149.25,2128.5,2145.75,True,False,False,0.007039774727208625,2022.89625,True,buy_every_session,2016-07-12,0.7039774727208625,0.02,0.6839774727208625,15.759869002078927
2016-07-13,2145.75,2152.25,2139.5,2146.0,True,False,False,0.00011650937900498093,2024.03,True,buy_every_session,2016-07-13,0.011650937900498093,0.02,-0.008349062099501908,15.751519939979426
2016-07-14,2145.25,2168.0,2142.75,2157.25,True,False,False,0.00559375364176673,2025.45625,True,buy_every_session,2016-07-14,0.559375364176673,0.02,0.539375364176673,16.2908953041561
2016-07-15,2156.5,2164.75,2143.25,2152.75,False,True,False,-0.001738928819846941,2026.8475,True,buy_every_session,2016-07-15,-0.1738928819846941,0.02,-0.1938928819846941,16.097002422171403
2016-07-18,2154.5,2163.25,2152.75,2160.0,True,False,False,0.002552796472499397,2028.10375,True,buy_every_session,2016-07-18,0.2552796472499397,0.02,0.2352796472499397,16.332282069421343
2016-07-19,2160.0,2160.75,2151.25,2158.75,False,True,False,-0.0005787037037037202,2029.31375,True,buy_every_session,2016-07-19,-0.057870370370372015,0.02,-0.07787037037037202,16.25441169905097
2016-07-20,2159.0,2169.75,2155.25,2167.5,True,False,False,0.003937007874015741,2030.43625,True,buy_every_session,2016-07-20,0.3937007874015741,0.02,0.3737007874015741,16.628112486452544
2016-07-21,2168.25,2170.25,2153.5,2158.0,False,True,False,-0.004727314654675463,2031.3525,True,buy_every_session,2016-07-21,-0.4727314654675463,0.02,-0.4927314654675463,16.135381020984997
2016-07-22,2159.0,2169.25,2156.0,2167.5,True,False,False,0.003937007874015741,2032.3475,True,buy_every_session,2016-07-22,0.3937007874015741,0.02,0.3737007874015741,16.509081808386572
2016-07-25,2167.75,2172.5,2155.75,2162.25,False,True,False,-0.002537192941990507,2033.2225,True,buy_every_session,2016-07-25,-0.2537192941990507,0.02,-0.2737192941990507,16.23536251418752
2016-07-26,2162.75,2168.0,2153.75,2163.25,True,False,False,0.0002311871459947934,2034.00625,True,buy_every_session,2016-07-26,0.02311871459947934,0.02,0.0031187145994793393,16.238481228787002
2016-07-27,2166.0,2169.25,2152.0,2160.5,False,True,False,-0.0025392428439520165,2034.77125,True,buy_every_session,2016-07-27,-0.25392428439520165,0.02,-0.27392428439520167,15.9645569443918
2016-07-28,2162.75,2168.5,2153.5,2164.75,True,False,False,0.0009247485839787295,2035.54,True,buy_every_session,2016-07-28,0.09247485839787295,0.02,0.07247485839787295,16.037031802789674
2016-07-29,2165.5,2171.75,2157.5,2168.25,True,False,False,0.0012699145693835234,2036.41125,True,buy_every_session,2016-07-29,0.12699145693835234,0.02,0.10699145693835234,16.144023259728026
2016-08-01,2174.0,2177.75,2159.75,2164.5,False,True,False,-0.004369825206991695,2037.31375,True,buy_every_session,2016-08-01,-0.43698252069916954,0.02,-0.45698252069916956,15.687040739028857
2016-08-02,2166.0,2171.0,2141.5,2152.75,False,True,False,-0.006117266851338843,2037.9825,True,buy_every_session,2016-08-02,-0.6117266851338843,0.02,-0.6317266851338843,15.055314053894973
2016-08-03,2152.25,2158.25,2145.25,2157.0,True,False,False,0.0022069926820769137,2038.64,True,buy_every_session,2016-08-03,0.22069926820769137,0.02,0.20069926820769138,15.256013322102664
2016-08-04,2156.75,2164.25,2154.0,2159.25,True,False,False,0.00115915150110113,2039.29875,True,buy_every_session,2016-08-04,0.115915150110113,0.02,0.09591515011011299,15.351928472212776
2016-08-05,2159.5,2178.5,2159.25,2176.75,True,False,False,0.007987960175966702,2040.08,True,buy_every_session,2016-08-05,0.7987960175966702,0.02,0.7787960175966702,16.130724489809445
2016-08-08,2176.0,2183.0,2173.25,2175.5,False,True,False,-0.00022977941176471894,2040.915,True,buy_every_session,2016-08-08,-0.022977941176471894,0.02,-0.0429779411764719,16.087746548632975
2016-08-09,2176.0,2183.5,2173.75,2177.5,True,False,False,0.0006893382352941568,2041.5375,True,buy_every_session,2016-08-09,0.06893382352941568,0.02,0.04893382352941568,16.13668037216239
2016-08-10,2178.0,2181.5,2167.75,2172.75,False,True,False,-0.002410468319559267,2042.07125,True,buy_every_session,2016-08-10,-0.2410468319559267,0.02,-0.2610468319559267,15.875633540206465
2016-08-11,2172.5,2185.25,2170.0,2181.75,True,False,False,0.004257767548906832,2042.66875,True,buy_every_session,2016-08-11,0.42577675489068323,0.02,0.4057767548906832,16.28141029509715
2016-08-12,2181.75,2184.0,2175.5,2180.25,False,True,False,-0.0006875214850463607,2043.2675,True,buy_every_session,2016-08-12,-0.06875214850463607,0.02,-0.08875214850463607,16.192658146592514
2016-08-15,2180.75,2190.75,2180.5,2186.0,True,False,False,0.0024074286369368814,2043.775,True,buy_every_session,2016-08-15,0.24074286369368814,0.02,0.22074286369368815,16.4134010102862
2016-08-16,2186.0,2186.25,2175.25,2176.75,False,True,False,-0.004231473010063991,2044.24375,True,buy_every_session,2016-08-16,-0.4231473010063991,0.02,-0.4431473010063991,15.970253709279802
2016-08-17,2177.5,2182.0,2165.5,2179.75,True,False,False,0.001033295063145756,2044.77375,True,buy_every_session,2016-08-17,0.1033295063145756,0.02,0.0833295063145756,16.05358321559438
2016-08-18,2180.75,2184.5,2176.25,2183.5,True,False,False,0.0012610340479193294,2045.21375,True,buy_every_session,2016-08-18,0.12610340479193294,0.02,0.10610340479193293,16.159686620386314
2016-08-19,2183.5,2184.25,2172.5,2181.75,False,True,False,-0.0008014655369819046,2045.6075,True,buy_every_session,2016-08-19,-0.08014655369819046,0.02,-0.10014655369819046,16.059540066688122
2016-08-22,2181.75,2184.5,2173.5,2181.5,False,True,False,-0.00011458691417443045,2046.04125,True,buy_every_session,2016-08-22,-0.011458691417443045,0.02,-0.03145869141744305,16.02808137527068
2016-08-23,2180.75,2191.5,2179.25,2185.25,True,False,False,0.002063510260231549,2046.4975,True,buy_every_session,2016-08-23,0.20635102602315492,0.02,0.18635102602315493,16.214432401293834
2016-08-24,2185.75,2187.75,2168.75,2175.0,False,True,False,-0.004918220290518138,2046.90375,True,buy_every_session,2016-08-24,-0.4918220290518138,0.02,-0.5118220290518138,15.70261037224202
2016-08-25,2175.0,2177.25,2167.5,2173.5,False,True,False,-0.0006896551724138167,2047.40625,True,buy_every_session,2016-08-25,-0.06896551724138167,0.02,-0.08896551724138167,15.613644855000638
2016-08-26,2174.0,2186.75,2157.5,2168.5,False,True,False,-0.0025298988040478587,2047.85875,True,buy_every_session,2016-08-26,-0.25298988040478587,0.02,-0.2729898804047859,15.340654974595852
2016-08-29,2167.75,2182.25,2164.5,2179.25,True,False,False,0.0053050397877985045,2048.41,True,buy_every_session,2016-08-29,0.5305039787798504,0.02,0.5105039787798504,15.851158953375702
2016-08-30,2180.0,2181.5,2168.5,2175.25,False,True,False,-0.0021788990825688526,2049.08375,True,buy_every_session,2016-08-30,-0.21788990825688526,0.02,-0.23788990825688525,15.613269045118816
2016-08-31,2175.75,2176.25,2159.5,2169.5,False,True,False,-0.002872572676088758,2049.83875,True,buy_every_session,2016-08-31,-0.2872572676088758,0.02,-0.30725726760887584,15.30601177750994
2016-09-01,2169.0,2177.25,2154.75,2167.25,False,True,False,-0.0008068234209313019,2050.435,True,buy_every_session,2016-09-01,-0.08068234209313019,0.02,-0.10068234209313019,15.205329435416811
2016-09-02,2166.25,2183.75,2164.25,2178.0,True,False,False,0.005424120023081347,2051.08,True,buy_every_session,2016-09-02,0.5424120023081347,0.02,0.5224120023081347,15.727741437724946
2016-09-06,2179.25,2186.25,2173.0,2184.5,True,False,False,0.002409085694619728,2051.60375,True,buy_every_session,2016-09-06,0.2409085694619728,0.02,0.22090856946197282,15.948650007186918
2016-09-07,2185.25,2186.75,2177.5,2184.5,False,True,False,-0.0003432101590207237,2052.13,True,buy_every_session,2016-09-07,-0.03432101590207237,0.02,-0.054321015902072375,15.894328991284846
2016-09-08,2184.5,2189.25,2175.75,2177.5,False,True,False,-0.003204394598306237,2052.57375,True,buy_every_session,2016-09-08,-0.3204394598306237,0.02,-0.34043945983062374,15.553889531454223
2016-09-09,2177.25,2178.25,2119.75,2122.75,False,True,False,-0.02503157653002641,2052.76625,True,buy_every_session,2016-09-09,-2.503157653002641,0.02,-2.523157653002641,13.030731878451581
2016-09-12,2121.75,2162.75,2107.0,2158.5,True,False,False,0.017320607988688508,2053.135,True,buy_every_session,2016-09-12,1.7320607988688508,0.02,1.7120607988688508,14.742792677320432
2016-09-13,2156.25,2157.5,2119.0,2128.75,False,True,False,-0.012753623188405783,2053.33875,True,buy_every_session,2016-09-13,-1.2753623188405783,0.02,-1.2953623188405783,13.447430358479854
2016-09-14,2131.75,2141.25,2118.75,2120.25,False,True,False,-0.005394628826081882,2053.49,True,buy_every_session,2016-09-14,-0.5394628826081882,0.02,-0.5594628826081882,12.887967475871665
2016-09-15,2121.75,2151.5,2114.75,2145.0,True,False,False,0.010957935666313201,2053.81625,True,buy_every_session,2016-09-15,1.09579356663132,0.02,1.07579356663132,13.963761042502986
2016-09-16,2143.75,2144.25,2135.5,2141.75,False,True,False,-0.0009329446064140212,2054.025,True,buy_every_session,2016-09-16,-0.09329446064140212,0.02,-0.11329446064140213,13.850466581861584
2016-09-19,2132.25,2146.75,2127.75,2133.0,True,False,False,0.0003517411185367525,2054.2825,True,buy_every_session,2016-09-19,0.03517411185367525,0.02,0.015174111853675249,13.865640693715259
2016-09-20,2133.75,2143.5,2129.0,2131.0,False,True,False,-0.0012888107791446668,2054.68125,True,buy_every_session,2016-09-20,-0.12888107791446668,0.02,-0.14888107791446667,13.716759615800791
2016-09-21,2130.0,2157.5,2126.25,2156.25,True,False,False,0.012323943661971759,2055.02,True,buy_every_session,2016-09-21,1.232394366197176,0.02,1.2123943661971759,14.929153981997967
2016-09-22,2156.25,2172.75,2152.75,2168.25,True,False,False,0.0055652173913043335,2055.45625,True,buy_every_session,2016-09-22,0.5565217391304333,0.02,0.5365217391304333,15.4656757211284
2016-09-23,2168.25,2169.5,2156.0,2158.0,False,True,False,-0.004727314654675463,2055.9525,True,buy_every_session,2016-09-23,-0.4727314654675463,0.02,-0.4927314654675463,14.972944255660854
2016-09-26,2156.25,2159.5,2136.75,2139.75,False,True,False,-0.007652173913043514,2056.44125,True,buy_every_session,2016-09-26,-0.7652173913043514,0.02,-0.7852173913043514,14.187726864356502
2016-09-27,2139.25,2154.0,2132.75,2152.75,True,False,False,0.006310622881851025,2056.95875,True,buy_every_session,2016-09-27,0.6310622881851025,0.02,0.6110622881851024,14.798789152541605
2016-09-28,2152.0,2165.25,2144.0,2163.25,True,False,False,0.005227695167286273,2057.72625,True,buy_every_session,2016-09-28,0.5227695167286273,0.02,0.5027695167286272,15.301558669270232
2016-09-29,2162.25,2167.0,2137.25,2148.5,False,True,False,-0.006359116660885622,2058.37625,True,buy_every_session,2016-09-29,-0.6359116660885622,0.02,-0.6559116660885622,14.64564700318167
2016-09-30,2145.75,2168.25,2135.75,2160.5,True,False,False,0.006874053361295651,2058.95125,True,buy_every_session,2016-09-30,0.6874053361295651,0.02,0.6674053361295651,15.313052339311236
2016-10-03,2158.75,2164.0,2146.75,2153.25,False,True,False,-0.002547770700636942,2059.3575,True,buy_every_session,2016-10-03,-0.2547770700636942,0.02,-0.27477707006369423,15.038275269247542
2016-10-04,2153.75,2159.75,2136.0,2144.75,False,True,False,-0.004178757980267012,2059.91,True,buy_every_session,2016-10-04,-0.41787579802670116,0.02,-0.4378757980267012,14.600399471220841
2016-10-05,2144.25,2158.0,2141.0,2153.25,True,False,False,0.0041972717733473885,2060.51375,True,buy_every_session,2016-10-05,0.41972717733473885,0.02,0.39972717733473884,15.00012664855558
2016-10-06,2153.25,2157.25,2143.25,2156.5,True,False,False,0.001509346336932449,2061.22125,True,buy_every_session,2016-10-06,0.1509346336932449,0.02,0.1309346336932449,15.131061282248826
2016-10-07,2155.25,2161.5,2138.0,2146.5,False,True,False,-0.00405985384526153,2061.77375,True,buy_every_session,2016-10-07,-0.40598538452615296,0.02,-0.425985384526153,14.705075897722672
2016-10-11,2159.5,2160.75,2121.75,2134.5,False,True,False,-0.011576753878212553,2062.18125,True,buy_every_session,2016-10-11,-1.1576753878212553,0.02,-1.1776753878212554,13.527400509901417
2016-10-12,2133.0,2140.75,2126.25,2131.5,False,True,False,-0.0007032348804500987,2062.5825,True,buy_every_session,2016-10-12,-0.07032348804500987,0.02,-0.09032348804500988,13.437077021856407
2016-10-13,2127.75,2132.25,2107.75,2126.25,False,True,False,-0.0007049700387733449,2062.97,True,buy_every_session,2016-10-13,-0.07049700387733449,0.02,-0.09049700387733449,13.346580017979072
2016-10-14,2126.25,2143.25,2122.25,2127.0,True,False,False,0.00035273368606691946,2063.24125,True,buy_every_session,2016-10-14,0.035273368606691946,0.02,0.015273368606691946,13.361853386585764
2016-10-17,2126.25,2130.0,2116.75,2123.0,False,True,False,-0.0015285126396237247,2063.58375,True,buy_every_session,2016-10-17,-0.15285126396237247,0.02,-0.17285126396237246,13.189002122623393
2016-10-18,2122.5,2139.75,2120.25,2132.0,True,False,False,0.004475853945818509,2064.06625,True,buy_every_session,2016-10-18,0.44758539458185087,0.02,0.42758539458185085,13.616587517205243
2016-10-19,2131.5,2142.5,2126.5,2138.0,True,False,False,0.003049495660333079,2064.71125,True,buy_every_session,2016-10-19,0.3049495660333079,0.02,0.2849495660333079,13.901537083238551
2016-10-20,2137.5,2144.5,2126.75,2137.0,False,True,False,-0.00023391812865491968,2065.3375,True,buy_every_session,2016-10-20,-0.023391812865491968,0.02,-0.04339181286549197,13.85814527037306
2016-10-21,2136.0,2138.5,2123.25,2134.75,False,True,False,-0.00058520599250933,2066.08125,True,buy_every_session,2016-10-21,-0.058520599250933,0.02,-0.07852059925093301,13.779624671122127
2016-10-24,2137.0,2149.0,2134.75,2144.25,True,False,False,0.0033926064576508264,2067.1375,True,buy_every_session,2016-10-24,0.33926064576508264,0.02,0.3192606457650826,14.098885316887209
2016-10-25,2144.75,2149.75,2135.25,2138.0,False,True,False,-0.003147219955705771,2068.27,True,buy_every_session,2016-10-25,-0.3147219955705771,0.02,-0.33472199557057714,13.764163321316632
2016-10-26,2135.25,2140.0,2124.75,2134.0,False,True,False,-0.0005854115443156838,2069.36875,True,buy_every_session,2016-10-26,-0.058541154431568376,0.02,-0.07854115443156838,13.685622166885064
2016-10-27,2133.75,2143.75,2122.5,2123.5,False,True,False,-0.004803749267721202,2070.36125,True,buy_every_session,2016-10-27,-0.48037492677212024,0.02,-0.5003749267721203,13.185247240112943
2016-10-28,2127.25,2135.25,2112.5,2123.75,False,True,False,-0.0016453167234692367,2071.5725,True,buy_every_session,2016-10-28,-0.16453167234692367,0.02,-0.18453167234692366,13.00071556776602
2016-10-31,2120.0,2130.5,2114.75,2120.0,False,False,True,0.0,2072.6,True,buy_every_session,2016-10-31,0.0,0.02,-0.02,12.98071556776602
2016-11-01,2123.5,2129.5,2091.0,2103.75,False,True,False,-0.009300682834942342,2073.74375,True,buy_every_session,2016-11-01,-0.9300682834942342,0.02,-0.9500682834942342,12.030647284271787
2016-11-02,2102.25,2106.5,2087.25,2092.25,False,True,False,-0.004756808181710093,2074.84,True,buy_every_session,2016-11-02,-0.47568081817100927,0.02,-0.4956808181710093,11.534966466100776
2016-11-03,2088.25,2098.75,2079.75,2083.5,False,True,False,-0.0022746318687896228,2075.9825,True,buy_every_session,2016-11-03,-0.22746318687896228,0.02,-0.24746318687896227,11.287503279221815
2016-11-04,2084.0,2094.25,2078.75,2080.0,False,True,False,-0.0019193857965451588,2077.0775,True,buy_every_session,2016-11-04,-0.19193857965451588,0.02,-0.21193857965451587,11.075564699567298
2016-11-07,2106.0,2130.75,2102.75,2129.0,True,False,False,0.010921177587844166,2078.22625,True,buy_every_session,2016-11-07,1.0921177587844166,0.02,1.0721177587844166,12.147682458351715
2016-11-08,2129.0,2143.25,2119.0,2135.5,True,False,False,0.0030530765617660105,2079.5525,True,buy_every_session,2016-11-08,0.30530765617660105,0.02,0.28530765617660103,12.432990114528316
2016-11-09,2138.0,2166.75,2028.5,2160.25,True,False,False,0.010406922357343307,2080.87375,True,buy_every_session,2016-11-09,1.0406922357343307,0.02,1.0206922357343307,13.453682350262646
2016-11-10,2159.5,2180.5,2147.75,2167.25,True,False,False,0.0035887937022458516,2082.335,True,buy_every_session,2016-11-10,0.35887937022458516,0.02,0.33887937022458514,13.792561720487232
2016-11-14,2164.5,2174.5,2152.25,2160.5,False,True,False,-0.0018480018480018234,2083.73375,True,buy_every_session,2016-11-14,-0.18480018480018234,0.02,-0.20480018480018233,13.587761535687049
2016-11-15,2161.0,2179.75,2158.5,2179.25,True,False,False,0.008445164275798334,2084.98,True,buy_every_session,2016-11-15,0.8445164275798334,0.02,0.8245164275798333,14.412277963266883
2016-11-16,2179.0,2185.0,2168.75,2172.75,False,True,False,-0.0028682882055989234,2086.1875,True,buy_every_session,2016-11-16,-0.28682882055989234,0.02,-0.30682882055989236,14.105449142706991
2016-11-17,2172.5,2185.5,2171.75,2184.25,True,False,False,0.005408515535097802,2087.62125,True,buy_every_session,2016-11-17,0.5408515535097802,0.02,0.5208515535097802,14.626300696216772
2016-11-18,2184.0,2187.5,2176.5,2180.75,False,True,False,-0.0014880952380952328,2088.9825,True,buy_every_session,2016-11-18,-0.14880952380952328,0.02,-0.16880952380952327,14.457491172407249
2016-11-21,2179.5,2196.5,2178.5,2193.0,True,False,False,0.006194081211287061,2090.40875,True,buy_every_session,2016-11-21,0.6194081211287061,0.02,0.5994081211287061,15.056899293535954
2016-11-22,2193.25,2203.0,2191.75,2200.25,True,False,False,0.0031916106235039265,2092.03375,True,buy_every_session,2016-11-22,0.31916106235039265,0.02,0.29916106235039264,15.356060355886347
2016-11-23,2201.25,2203.5,2192.0,2200.75,False,True,False,-0.00022714366837028876,2093.7775,True,buy_every_session,2016-11-23,-0.022714366837028876,0.02,-0.04271436683702888,15.313345989049319
2016-11-25,2201.0,2211.75,2197.5,2211.25,True,False,False,0.004656974102680511,2095.5925,True,buy_every_session,2016-11-25,0.4656974102680511,0.02,0.4456974102680511,15.75904339931737
2016-11-28,2208.0,2209.5,2198.25,2200.75,False,True,False,-0.0032835144927536586,2097.3625,True,buy_every_session,2016-11-28,-0.32835144927536586,0.02,-0.3483514492753659,15.410691950042004
2016-11-29,2200.25,2209.5,2196.25,2203.75,True,False,False,0.0015907283263265626,2099.25875,True,buy_every_session,2016-11-29,0.15907283263265626,0.02,0.13907283263265627,15.54976478267466
2016-11-30,2203.25,2213.75,2197.25,2198.75,False,True,False,-0.002042437308521494,2100.96125,True,buy_every_session,2016-11-30,-0.20424373085214942,0.02,-0.2242437308521494,15.325521051822511
2016-12-01,2199.5,2203.0,2186.0,2192.0,False,True,False,-0.0034098658786088087,2102.4775,True,buy_every_session,2016-12-01,-0.3409865878608809,0.02,-0.3609865878608809,14.96453446396163
2016-12-02,2190.5,2197.25,2184.25,2192.0,True,False,False,0.0006847751654872614,2103.82375,True,buy_every_session,2016-12-02,0.06847751654872614,0.02,0.04847751654872613,15.013011980510356
2016-12-05,2184.0,2208.75,2179.0,2204.25,True,False,False,0.0092719780219781,2105.2625,True,buy_every_session,2016-12-05,0.92719780219781,0.02,0.90719780219781,15.920209782708167
2016-12-06,2205.0,2212.0,2200.25,2210.0,True,False,False,0.0022675736961450532,2106.74,True,buy_every_session,2016-12-06,0.22675736961450532,0.02,0.20675736961450533,16.12696715232267
2016-12-07,2211.25,2241.25,2206.75,2236.75,True,False,False,0.011531938948558418,2108.2425,True,buy_every_session,2016-12-07,1.1531938948558418,0.02,1.1331938948558418,17.260161047178514
2016-12-08,2236.5,2251.5,2232.5,2247.75,True,False,False,0.005030181086519203,2109.90125,True,buy_every_session,2016-12-08,0.5030181086519203,0.02,0.4830181086519203,17.743179155830433
2016-12-09,2246.75,2261.25,2245.0,2260.0,True,False,False,0.005897407366195706,2111.55,True,buy_every_session,2016-12-09,0.5897407366195706,0.02,0.5697407366195706,18.312919892450005
2016-12-12,2260.75,2270.25,2252.25,2256.0,False,True,False,-0.002101072652880731,2113.0775,True,buy_every_session,2016-12-12,-0.2101072652880731,0.02,-0.2301072652880731,18.082812627161932
2016-12-13,2256.0,2278.25,2253.25,2273.25,True,False,False,0.007646276595744572,2114.73,True,buy_every_session,2016-12-13,0.7646276595744572,0.02,0.7446276595744572,18.82744028673639
2016-12-14,2273.25,2277.0,2248.0,2257.0,False,True,False,-0.007148355878147994,2116.3675,True,buy_every_session,2016-12-14,-0.7148355878147994,0.02,-0.7348355878147994,18.09260469892159
2016-12-15,2256.0,2272.75,2252.25,2263.5,True,False,False,0.0033244680851063357,2117.795,True,buy_every_session,2016-12-15,0.3324468085106336,0.02,0.31244680851063356,18.405051507432223
2016-12-16,2264.25,2269.5,2261.75,2267.5,True,False,False,0.0014353538699347634,2119.215,True,buy_every_session,2016-12-16,0.14353538699347634,0.02,0.12353538699347634,18.5285868944257
2016-12-19,2256.0,2263.75,2254.0,2260.0,True,False,False,0.0017730496453900457,2120.5625,True,buy_every_session,2016-12-19,0.17730496453900457,0.02,0.15730496453900458,18.685891858964705
2016-12-20,2260.25,2269.5,2260.0,2266.5,True,False,False,0.002765180842827064,2121.92,True,buy_every_session,2016-12-20,0.2765180842827064,0.02,0.2565180842827064,18.942409943247412
2016-12-21,2267.25,2268.0,2258.0,2260.5,False,True,False,-0.002977174991730114,2123.2275,True,buy_every_session,2016-12-21,-0.2977174991730114,0.02,-0.3177174991730114,18.6246924440744
2016-12-22,2258.25,2261.0,2251.5,2258.75,True,False,False,0.00022141038414691394,2124.61625,True,buy_every_session,2016-12-22,0.022141038414691394,0.02,0.0021410384146913937,18.626833482489094
2016-12-23,2257.5,2261.0,2254.25,2260.0,True,False,False,0.001107419712070845,2125.97125,True,buy_every_session,2016-12-23,0.11074197120708451,0.02,0.0907419712070845,18.717575453696178
2016-12-27,2258.75,2269.5,2257.75,2261.0,True,False,False,0.0009961261759823259,2127.3325,True,buy_every_session,2016-12-27,0.09961261759823259,0.02,0.07961261759823259,18.79718807129441
2016-12-28,2261.25,2267.5,2243.5,2245.25,False,True,False,-0.007075732448866723,2128.45875,True,buy_every_session,2016-12-28,-0.7075732448866723,0.02,-0.7275732448866723,18.069614826407737
2016-12-29,2245.5,2250.0,2239.5,2245.0,False,True,False,-0.00022266755733690857,2129.59,True,buy_every_session,2016-12-29,-0.022266755733690857,0.02,-0.04226675573369086,18.027348070674044
2016-12-30,2246.25,2252.75,2228.0,2236.25,False,True,False,-0.004451864218141366,2130.6925,True,buy_every_session,2016-12-30,-0.4451864218141366,0.02,-0.4651864218141366,17.562161648859906
2017-01-03,2240.75,2259.5,2239.5,2252.5,True,False,False,0.0052437799843803035,2131.82,True,buy_every_session,2017-01-03,0.5243779984380303,0.02,0.5043779984380303,18.066539647297937
2017-01-04,2252.75,2267.25,2251.0,2264.25,True,False,False,0.005104871823327084,2132.9425,True,buy_every_session,2017-01-04,0.5104871823327084,0.02,0.4904871823327084,18.557026829630644
2017-01-05,2264.5,2266.0,2254.0,2264.25,False,True,False,-0.00011039964672110436,2134.02375,True,buy_every_session,2017-01-05,-0.011039964672110436,0.02,-0.031039964672110436,18.525986864958533
2017-01-06,2264.25,2277.0,2258.25,2271.5,True,False,False,0.0032019432483161303,2135.1675,True,buy_every_session,2017-01-06,0.32019432483161303,0.02,0.300194324831613,18.826181189790145
2017-01-09,2271.25,2275.25,2263.5,2265.0,False,True,False,-0.0027517886626307053,2136.28,True,buy_every_session,2017-01-09,-0.27517886626307053,0.02,-0.29517886626307055,18.531002323527073
2017-01-10,2264.5,2274.0,2259.5,2263.75,False,True,False,-0.0003311989401634241,2137.455,True,buy_every_session,2017-01-10,-0.03311989401634241,0.02,-0.053119894016342414,18.477882429510732
2017-01-11,2263.75,2271.75,2255.0,2270.5,True,False,False,0.0029817780231915503,2138.665,True,buy_every_session,2017-01-11,0.298177802319155,0.02,0.278177802319155,18.75606023182989
2017-01-12,2270.5,2270.5,2248.5,2263.5,False,True,False,-0.0030830213609337465,2139.8425,True,buy_every_session,2017-01-12,-0.30830213609337465,0.02,-0.32830213609337466,18.427758095736515
2017-01-13,2264.5,2273.5,2262.75,2272.5,True,False,False,0.0035327886950762277,2140.9675,True,buy_every_session,2017-01-13,0.3532788695076228,0.02,0.33327886950762275,18.761036965244138
2017-01-17,2270.25,2270.5,2257.25,2262.75,False,True,False,-0.0033036009250082543,2142.005,True,buy_every_session,2017-01-17,-0.33036009250082543,0.02,-0.35036009250082545,18.410676872743313
2017-01-18,2262.0,2268.5,2258.25,2266.5,True,False,False,0.0019893899204244114,2143.08,True,buy_every_session,2017-01-18,0.19893899204244114,0.02,0.17893899204244115,18.589615864785753
2017-01-19,2265.5,2269.5,2253.0,2261.5,False,True,False,-0.001765614654601677,2144.0625,True,buy_every_session,2017-01-19,-0.1765614654601677,0.02,-0.1965614654601677,18.393054399325585
2017-01-20,2261.0,2272.75,2259.75,2266.0,True,False,False,0.002211410880141429,2145.105,True,buy_every_session,2017-01-20,0.2211410880141429,0.02,0.2011410880141429,18.59419548733973
2017-01-23,2266.0,2267.5,2251.75,2262.0,False,True,False,-0.001765225066195919,2146.22125,True,buy_every_session,2017-01-23,-0.1765225066195919,0.02,-0.1965225066195919,18.397672980720138
2017-01-24,2260.75,2280.5,2259.5,2274.5,True,False,False,0.006082052416233497,2147.2925,True,buy_every_session,2017-01-24,0.6082052416233497,0.02,0.5882052416233496,18.985878222343487
2017-01-25,2275.75,2295.25,2274.75,2294.0,True,False,False,0.00801933428540047,2148.5875,True,buy_every_session,2017-01-25,0.801933428540047,0.02,0.781933428540047,19.767811650883534
2017-01-26,2293.75,2299.5,2289.5,2294.0,True,False,False,0.0001089918256129696,2149.85375,True,buy_every_session,2017-01-26,0.01089918256129696,0.02,-0.00910081743870304,19.75871083344483
2017-01-27,2294.0,2296.75,2287.0,2289.0,False,True,False,-0.0021795989537924942,2151.12625,True,buy_every_session,2017-01-27,-0.21795989537924942,0.02,-0.23795989537924941,19.520750938065582
2017-01-30,2282.0,2285.75,2263.25,2276.0,False,True,False,-0.002629272567922891,2152.2275,True,buy_every_session,2017-01-30,-0.2629272567922891,0.02,-0.28292725679228914,19.237823681273294
2017-01-31,2275.75,2278.25,2262.25,2274.5,False,True,False,-0.0005492694716027202,2153.22,True,buy_every_session,2017-01-31,-0.05492694716027202,0.02,-0.07492694716027203,19.162896734113023
2017-02-01,2277.0,2285.0,2268.25,2274.5,False,True,False,-0.0010979358805446315,2154.21,True,buy_every_session,2017-02-01,-0.10979358805446315,0.02,-0.12979358805446314,19.03310314605856
2017-02-02,2275.0,2279.75,2264.5,2275.5,True,False,False,0.00021978021978030782,2155.2125,True,buy_every_session,2017-02-02,0.02197802197803078,0.02,0.0019780219780307813,19.03508116803659
2017-02-03,2274.0,2294.0,2270.5,2291.0,True,False,False,0.007475813544415066,2156.23375,True,buy_every_session,2017-02-03,0.7475813544415066,0.02,0.7275813544415066,19.7626625224781
2017-02-06,2293.0,2294.25,2283.5,2286.5,False,True,False,-0.0028347143480157433,2157.1975,True,buy_every_session,2017-02-06,-0.28347143480157433,0.02,-0.30347143480157435,19.459191087676523
2017-02-07,2286.25,2295.0,2284.0,2288.5,True,False,False,0.0009841443411700013,2158.15,True,buy_every_session,2017-02-07,0.09841443411700013,0.02,0.07841443411700012,19.537605521793523
2017-02-08,2285.75,2292.0,2281.0,2290.25,True,False,False,0.0019687192387618513,2159.1875,True,buy_every_session,2017-02-08,0.19687192387618513,0.02,0.17687192387618514,19.714477445669708
2017-02-09,2290.5,2307.75,2287.75,2304.25,True,False,False,0.006003056101287818,2160.27875,True,buy_every_session,2017-02-09,0.6003056101287818,0.02,0.5803056101287818,20.29478305579849
2017-02-10,2304.25,2315.75,2303.0,2312.75,True,False,False,0.0036888358468047944,2161.42625,True,buy_every_session,2017-02-10,0.36888358468047944,0.02,0.3488835846804794,20.64366664047897
2017-02-13,2314.25,2329.0,2313.25,2326.25,True,False,False,0.005185265204709966,2162.615,True,buy_every_session,2017-02-13,0.5185265204709966,0.02,0.49852652047099655,21.142193160949965
2017-02-14,2326.5,2337.75,2319.75,2337.0,True,False,False,0.004513217279174642,2163.84625,True,buy_every_session,2017-02-14,0.45132172791746417,0.02,0.43132172791746415,21.57351488886743
2017-02-15,2335.5,2351.5,2331.25,2350.5,True,False,False,0.006422607578676853,2165.23625,True,buy_every_session,2017-02-15,0.6422607578676853,0.02,0.6222607578676853,22.195775646735115
2017-02-16,2350.25,2350.75,2336.75,2345.5,False,True,False,-0.0020210615891926853,2166.66875,True,buy_every_session,2017-02-16,-0.20210615891926853,0.02,-0.22210615891926852,21.973669487815847
2017-02-17,2345.0,2348.75,2336.5,2348.0,True,False,False,0.0012793176972281106,2168.0375,True,buy_every_session,2017-02-17,0.12793176972281106,0.02,0.10793176972281106,22.081601257538658
2017-02-21,2346.5,2365.0,2346.0,2360.0,True,False,False,0.005753249520562553,2169.5525,True,buy_every_session,2017-02-21,0.5753249520562553,0.02,0.5553249520562553,22.636926209594915
2017-02-22,2360.0,2363.75,2355.25,2361.0,True,False,False,0.0004237288135593431,2171.1225,True,buy_every_session,2017-02-22,0.04237288135593431,0.02,0.02237288135593431,22.65929909095085
2017-02-23,2362.0,2367.5,2353.0,2362.75,True,False,False,0.00031752751905167464,2172.71625,True,buy_every_session,2017-02-23,0.031752751905167464,0.02,0.011752751905167464,22.671051842856016
2017-02-24,2361.5,2365.75,2349.5,2365.0,True,False,False,0.0014821088291341322,2174.2775,True,buy_every_session,2017-02-24,0.14821088291341322,0.02,0.12821088291341323,22.79926272576943
2017-02-27,2362.75,2370.75,2361.0,2368.25,True,False,False,0.002327796000423321,2175.8475,True,buy_every_session,2017-02-27,0.2327796000423321,0.02,0.21277960004233212,23.012042325811763
2017-02-28,2365.75,2368.75,2357.5,2362.75,False,True,False,-0.001268096798055618,2177.27375,True,buy_every_session,2017-02-28,-0.1268096798055618,0.02,-0.14680967980556178,22.865232646006202
2017-03-01,2364.5,2401.0,2363.25,2393.5,True,False,False,0.012264749418481768,2178.95125,True,buy_every_session,2017-03-01,1.2264749418481768,0.02,1.2064749418481768,24.07170758785438
2017-03-02,2392.25,2394.25,2378.0,2382.0,False,True,False,-0.0042846692444351575,2180.5675,True,buy_every_session,2017-03-02,-0.42846692444351575,0.02,-0.44846692444351577,23.623240663410865
2017-03-03,2379.75,2383.25,2373.75,2381.25,True,False,False,0.0006303183107470023,2182.25625,True,buy_every_session,2017-03-03,0.06303183107470023,0.02,0.043031831074700225,23.666272494485565
2017-03-06,2380.25,2380.75,2367.0,2375.5,False,True,False,-0.0019955886986661175,2183.82,True,buy_every_session,2017-03-06,-0.19955886986661175,0.02,-0.21955886986661174,23.446713624618955
2017-03-07,2371.25,2375.5,2364.5,2366.5,False,True,False,-0.002003162888771781,2185.435,True,buy_every_session,2017-03-07,-0.20031628887717812,0.02,-0.2203162888771781,23.226397335741776
2017-03-08,2365.75,2373.0,2359.5,2364.0,False,True,False,-0.0007397231321990549,2187.0475,True,buy_every_session,2017-03-08,-0.0739723132199055,0.02,-0.0939723132199055,23.132425022521872
2017-03-09,2363.75,2369.25,2354.0,2366.25,True,False,False,0.0010576414595451222,2188.685,True,buy_every_session,2017-03-09,0.10576414595451222,0.02,0.08576414595451222,23.218189168476385
2017-03-10,2367.5,2379.75,2362.25,2371.75,True,False,False,0.0017951425554383338,2190.29375,True,buy_every_session,2017-03-10,0.17951425554383338,0.02,0.1595142555438334,23.37770342402022
2017-03-13,2370.75,2375.25,2368.0,2375.0,True,False,False,0.0017926816408309065,2191.9425,True,buy_every_session,2017-03-13,0.17926816408309065,0.02,0.15926816408309066,23.53697158810331
2017-03-14,2374.0,2374.75,2358.0,2366.5,False,True,False,-0.00315922493681553,2193.4,True,buy_every_session,2017-03-14,-0.315922493681553,0.02,-0.335922493681553,23.201049094421755
2017-03-15,2367.0,2390.5,2366.5,2383.75,True,False,False,0.007076468103084155,2194.8825,True,buy_every_session,2017-03-15,0.7076468103084155,0.02,0.6876468103084155,23.88869590473017
2017-03-16,2382.5,2392.0,2376.75,2382.75,True,False,False,0.00010493179433357369,2196.3475,True,buy_every_session,2017-03-16,0.01049317943335737,0.02,-0.009506820566642631,23.879189084163528
2017-03-17,2382.25,2385.75,2379.0,2384.5,True,False,False,0.0009444852555358096,2197.78375,True,buy_every_session,2017-03-17,0.09444852555358096,0.02,0.07444852555358096,23.95363760971711
2017-03-20,2373.75,2376.0,2365.5,2370.25,False,True,False,-0.0014744602422327446,2199.16,True,buy_every_session,2017-03-20,-0.14744602422327446,0.02,-0.16744602422327445,23.786191585493835
2017-03-21,2369.0,2378.75,2338.0,2342.25,False,True,False,-0.011291684254959855,2200.38125,True,buy_every_session,2017-03-21,-1.1291684254959855,0.02,-1.1491684254959855,22.63702315999785
2017-03-22,2340.5,2348.75,2332.25,2342.5,True,False,False,0.0008545182653278971,2201.575,True,buy_every_session,2017-03-22,0.08545182653278971,0.02,0.0654518265327897,22.70247498653064
2017-03-23,2342.25,2356.0,2338.25,2340.0,False,True,False,-0.0009606147934678733,2202.78625,True,buy_every_session,2017-03-23,-0.09606147934678733,0.02,-0.11606147934678733,22.586413507183853
2017-03-24,2341.0,2352.75,2331.75,2344.75,True,False,False,0.001601879538658757,2203.96875,True,buy_every_session,2017-03-24,0.1601879538658757,0.02,0.1401879538658757,22.72660146104973
2017-03-27,2337.0,2341.5,2317.75,2338.5,True,False,False,0.0006418485237484894,2205.11,True,buy_every_session,2017-03-27,0.06418485237484894,0.02,0.04418485237484894,22.770786313424576
2017-03-28,2340.5,2360.5,2333.5,2351.5,True,False,False,0.004699850459303656,2206.2775,True,buy_every_session,2017-03-28,0.4699850459303656,0.02,0.4499850459303656,23.22077135935494
2017-03-29,2353.0,2359.75,2348.75,2357.0,True,False,False,0.0016999575010625545,2207.49125,True,buy_every_session,2017-03-29,0.16999575010625545,0.02,0.14999575010625546,23.370767109461198
2017-03-30,2357.0,2366.75,2353.25,2364.5,True,False,False,0.0031820110309714877,2208.8325,True,buy_every_session,2017-03-30,0.3182011030971488,0.02,0.29820110309714876,23.668968212558347
2017-03-31,2365.5,2366.75,2356.75,2359.25,False,True,False,-0.0026421475375184578,2210.235,True,buy_every_session,2017-03-31,-0.2642147537518458,0.02,-0.2842147537518458,23.3847534588065
2017-04-03,2357.5,2363.25,2340.0,2356.0,False,True,False,-0.0006362672322375307,2211.6425,True,buy_every_session,2017-04-03,-0.06362672322375307,0.02,-0.08362672322375307,23.30112673558275
2017-04-04,2354.25,2358.75,2344.75,2356.5,True,False,False,0.0009557183816502057,2213.06625,True,buy_every_session,2017-04-04,0.09557183816502057,0.02,0.07557183816502057,23.37669857374777
2017-04-05,2358.75,2375.0,2343.75,2346.5,False,True,False,-0.005193428722840454,2214.4025,True,buy_every_session,2017-04-05,-0.5193428722840454,0.02,-0.5393428722840454,22.837355701463725
2017-04-06,2345.5,2361.25,2338.0,2353.75,True,False,False,0.003517373694308157,2215.77875,True,buy_every_session,2017-04-06,0.3517373694308157,0.02,0.33173736943081567,23.16909307089454
2017-04-07,2355.25,2360.75,2336.75,2352.25,False,True,False,-0.001273750132682272,2217.16875,True,buy_every_session,2017-04-07,-0.1273750132682272,0.02,-0.1473750132682272,23.021718057626313
2017-04-10,2351.75,2363.25,2347.5,2352.5,True,False,False,0.0003189114489210443,2218.52875,True,buy_every_session,2017-04-10,0.03189114489210443,0.02,0.011891144892104428,23.033609202518416
2017-04-11,2354.25,2355.75,2333.25,2351.0,False,True,False,-0.0013804821068280626,2219.9,True,buy_every_session,2017-04-11,-0.13804821068280626,0.02,-0.15804821068280625,22.87556099183561
2017-04-12,2351.75,2356.5,2337.5,2340.75,False,True,False,-0.004677367917508279,2221.075,True,buy_every_session,2017-04-12,-0.46773679175082794,0.02,-0.48773679175082796,22.387824200084783
2017-04-13,2338.75,2345.0,2324.0,2327.5,False,True,False,-0.0048102618920363716,2222.62,True,buy_every_session,2017-04-13,-0.48102618920363716,0.02,-0.5010261892036372,21.886798010881144
2017-04-17,2324.0,2346.0,2322.75,2345.0,True,False,False,0.009036144578313143,2224.42,True,buy_every_session,2017-04-17,0.9036144578313143,0.02,0.8836144578313143,22.770412468712458
2017-04-18,2345.0,2347.0,2330.25,2337.25,False,True,False,-0.0033049040511726746,2225.96375,True,buy_every_session,2017-04-18,-0.33049040511726746,0.02,-0.3504904051172675,22.41992206359519
2017-04-19,2337.75,2349.25,2331.25,2333.75,False,True,False,-0.0017110469468506473,2227.29875,True,buy_every_session,2017-04-19,-0.17110469468506473,0.02,-0.19110469468506472,22.228817368910125
2017-04-20,2333.25,2358.25,2332.5,2352.0,True,False,False,0.008036001285760097,2228.6075,True,buy_every_session,2017-04-20,0.8036001285760097,0.02,0.7836001285760097,23.012417497486133
2017-04-21,2352.75,2356.0,2340.5,2347.5,False,True,False,-0.002231431303793441,2229.86375,True,buy_every_session,2017-04-21,-0.22314313037934408,0.02,-0.24314313037934407,22.76927436710679
2017-04-24,2365.75,2376.75,2365.25,2370.0,True,False,False,0.001796470463912181,2231.3,True,buy_every_session,2017-04-24,0.1796470463912181,0.02,0.1596470463912181,22.928921413498006
2017-04-25,2370.0,2389.25,2368.25,2385.0,True,False,False,0.006329113924050667,2232.755,True,buy_every_session,2017-04-25,0.6329113924050667,0.02,0.6129113924050666,23.541832805903073
2017-04-26,2383.0,2394.75,2381.5,2382.25,False,True,False,-0.0003147293327737666,2234.20625,True,buy_every_session,2017-04-26,-0.03147293327737666,0.02,-0.05147293327737666,23.490359872625696
2017-04-27,2381.5,2388.75,2378.75,2386.0,True,False,False,0.001889565399957993,2235.53375,True,buy_every_session,2017-04-27,0.1889565399957993,0.02,0.16895653999579932,23.659316412621497
2017-04-28,2386.25,2388.75,2378.25,2380.5,False,True,False,-0.002409638554216831,2236.785,True,buy_every_session,2017-04-28,-0.24096385542168308,0.02,-0.2609638554216831,23.398352557199814
2017-05-01,2381.5,2390.75,2377.0,2387.0,True,False,False,0.002309468822170979,2237.99125,True,buy_every_session,2017-05-01,0.23094688221709792,0.02,0.21094688221709793,23.609299439416912
2017-05-02,2386.25,2388.75,2381.75,2385.75,False,True,False,-0.00020953378732324612,2239.19,True,buy_every_session,2017-05-02,-0.020953378732324612,0.02,-0.040953378732324616,23.568346060684586
2017-05-03,2384.0,2386.0,2375.5,2383.25,False,True,False,-0.00031459731543626024,2240.32,True,buy_every_session,2017-05-03,-0.031459731543626024,0.02,-0.05145973154362603,23.51688632914096
2017-05-04,2382.0,2390.75,2376.0,2385.5,True,False,False,0.001469353484466751,2241.48375,True,buy_every_session,2017-05-04,0.1469353484466751,0.02,0.12693534844667512,23.643821677587635
2017-05-05,2386.0,2399.25,2379.0,2397.75,True,False,False,0.004924559932942163,2242.6725,True,buy_every_session,2017-05-05,0.4924559932942163,0.02,0.4724559932942163,24.11627767088185
2017-05-08,2402.5,2403.75,2389.75,2395.0,False,True,False,-0.003121748178980255,2243.85375,True,buy_every_session,2017-05-08,-0.3121748178980255,0.02,-0.3321748178980255,23.784102852983825
2017-05-09,2394.5,2400.0,2388.75,2393.25,False,True,False,-0.0005220296512842282,2244.9825,True,buy_every_session,2017-05-09,-0.05220296512842282,0.02,-0.07220296512842282,23.711899887855402
2017-05-10,2391.75,2397.0,2387.5,2395.25,True,False,False,0.0014633636458660781,2246.16875,True,buy_every_session,2017-05-10,0.14633636458660781,0.02,0.12633636458660782,23.83823625244201
2017-05-11,2395.0,2395.25,2379.0,2391.0,False,True,False,-0.001670146137787043,2247.28625,True,buy_every_session,2017-05-11,-0.1670146137787043,0.02,-0.1870146137787043,23.651221638663305
2017-05-12,2390.25,2391.5,2384.25,2388.75,False,True,False,-0.0006275494195168152,2248.41875,True,buy_every_session,2017-05-12,-0.06275494195168152,0.02,-0.08275494195168152,23.568466696711624
2017-05-15,2388.75,2402.25,2388.0,2398.5,True,False,False,0.004081632653061273,2249.595,True,buy_every_session,2017-05-15,0.40816326530612734,0.02,0.3881632653061273,23.95662996201775
2017-05-16,2399.75,2404.5,2393.75,2397.0,False,True,False,-0.0011459527034065609,2250.7775,True,buy_every_session,2017-05-16,-0.11459527034065609,0.02,-0.13459527034065608,23.822034691677093
2017-05-17,2396.5,2396.75,2354.75,2357.5,False,True,False,-0.016273732526601248,2251.74125,True,buy_every_session,2017-05-17,-1.6273732526601248,0.02,-1.6473732526601248,22.17466143901697
2017-05-18,2355.0,2375.0,2344.5,2363.5,True,False,False,0.0036093418259024457,2252.7175,True,buy_every_session,2017-05-18,0.36093418259024457,0.02,0.34093418259024455,22.515595621607215
2017-05-19,2364.0,2388.0,2361.0,2381.5,True,False,False,0.007402707275803833,2253.8025,True,buy_every_session,2017-05-19,0.7402707275803833,0.02,0.7202707275803832,23.2358663491876
2017-05-22,2381.75,2394.25,2378.25,2392.75,True,False,False,0.004618452818305974,2255.0025,True,buy_every_session,2017-05-22,0.46184528183059737,0.02,0.44184528183059735,23.677711631018198
2017-05-23,2393.5,2399.5,2386.75,2398.0,True,False,False,0.0018800919156047868,2256.2075,True,buy_every_session,2017-05-23,0.18800919156047868,0.02,0.1680091915604787,23.845720822578677
2017-05-24,2397.0,2404.0,2394.75,2402.0,True,False,False,0.0020859407592823676,2257.42125,True,buy_every_session,2017-05-24,0.20859407592823676,0.02,0.18859407592823677,24.034314898506913
2017-05-25,2403.0,2417.75,2402.5,2413.5,True,False,False,0.004369538077403146,2258.605,True,buy_every_session,2017-05-25,0.43695380774031456,0.02,0.41695380774031454,24.451268706247227
2017-05-26,2413.0,2415.75,2408.0,2413.75,True,False,False,0.00031081641110652924,2259.79625,True,buy_every_session,2017-05-26,0.031081641110652924,0.02,0.011081641110652924,24.46235034735788
2017-05-30,2414.0,2417.0,2407.75,2410.75,False,True,False,-0.001346313173156588,2260.9625,True,buy_every_session,2017-05-30,-0.1346313173156588,0.02,-0.1546313173156588,24.30771903004222
2017-05-31,2410.5,2416.75,2402.75,2411.0,True,False,False,0.000207425845260234,2262.15375,True,buy_every_session,2017-05-31,0.0207425845260234,0.02,0.0007425845260233994,24.308461614568245
2017-06-01,2413.75,2430.5,2410.5,2429.5,True,False,False,0.0065251165199378125,2263.3925,True,buy_every_session,2017-06-01,0.6525116519937812,0.02,0.6325116519937812,24.940973266562025
2017-06-02,2429.25,2439.75,2427.0,2437.75,True,False,False,0.003499022331995505,2264.68,True,buy_every_session,2017-06-02,0.3499022331995505,0.02,0.3299022331995505,25.270875499761576
2017-06-05,2435.25,2439.0,2433.0,2434.5,False,True,False,-0.0003079765937789025,2265.9225,True,buy_every_session,2017-06-05,-0.030797659377890252,0.02,-0.050797659377890256,25.220077840383688
2017-06-06,2434.25,2435.75,2426.25,2430.75,False,True,False,-0.0014378145219267058,2267.1925,True,buy_every_session,2017-06-06,-0.14378145219267058,0.02,-0.16378145219267057,25.05629638819102
2017-06-07,2429.5,2435.0,2424.0,2432.0,True,False,False,0.0010290183165260203,2268.45375,True,buy_every_session,2017-06-07,0.10290183165260203,0.02,0.08290183165260202,25.13919821984362
2017-06-08,2431.5,2439.0,2427.25,2432.5,True,False,False,0.00041126876413732916,2269.69875,True,buy_every_session,2017-06-08,0.041126876413732916,0.02,0.021126876413732915,25.160325096257353
2017-06-09,2427.25,2445.75,2414.75,2430.5,True,False,False,0.00133896384797616,2270.9425,True,buy_every_session,2017-06-09,0.133896384797616,0.02,0.113896384797616,25.27422148105497
2017-06-12,2430.0,2431.0,2419.0,2428.5,False,True,False,-0.0006172839506173311,2272.1775,True,buy_every_session,2017-06-12,-0.06172839506173311,0.02,-0.08172839506173311,25.192493085993235
2017-06-13,2428.75,2441.5,2427.25,2440.0,True,False,False,0.0046320123520329215,2273.45125,True,buy_every_session,2017-06-13,0.46320123520329215,0.02,0.44320123520329213,25.635694321196528
2017-06-14,2440.25,2445.5,2427.75,2437.25,False,True,False,-0.0012293822354266792,2274.7625,True,buy_every_session,2017-06-14,-0.12293822354266792,0.02,-0.1429382235426679,25.49275609765386
2017-06-15,2436.0,2436.0,2418.25,2434.25,False,True,False,-0.0007183908045976795,2276.06625,True,buy_every_session,2017-06-15,-0.07183908045976795,0.02,-0.09183908045976795,25.400917017194093
2017-06-16,2433.75,2439.0,2432.5,2433.75,False,False,True,0.0,2277.3925,True,buy_every_session,2017-06-16,0.0,0.02,-0.02,25.380917017194093
2017-06-19,2433.5,2451.5,2432.75,2447.5,True,False,False,0.005753030614341403,2278.73375,True,buy_every_session,2017-06-19,0.5753030614341403,0.02,0.5553030614341403,25.936220078628235
2017-06-20,2447.75,2451.0,2434.0,2437.5,False,True,False,-0.004187519150240071,2280.045,True,buy_every_session,2017-06-20,-0.4187519150240071,0.02,-0.4387519150240071,25.49746816360423
2017-06-21,2435.75,2440.0,2428.0,2433.5,False,True,False,-0.0009237401211126262,2281.365,True,buy_every_session,2017-06-21,-0.09237401211126262,0.02,-0.11237401211126262,25.385094151492964
2017-06-22,2431.75,2439.0,2428.0,2431.75,False,False,True,0.0,2282.6875,True,buy_every_session,2017-06-22,0.0,0.02,-0.02,25.365094151492965
2017-06-23,2431.25,2438.75,2428.25,2435.0,True,False,False,0.0015424164524422412,2283.9725,True,buy_every_session,2017-06-23,0.15424164524422412,0.02,0.13424164524422413,25.49933579673719
2017-06-26,2432.0,2447.5,2430.0,2436.0,True,False,False,0.00164473684210531,2285.23,True,buy_every_session,2017-06-26,0.164473684210531,0.02,0.144473684210531,25.64380948094772
2017-06-27,2435.75,2437.25,2416.5,2420.5,False,True,False,-0.006260905265318639,2286.41,True,buy_every_session,2017-06-27,-0.6260905265318639,0.02,-0.6460905265318639,24.997718954415856
2017-06-28,2417.0,2442.5,2413.75,2438.5,True,False,False,0.008895324782788538,2287.715,True,buy_every_session,2017-06-28,0.8895324782788538,0.02,0.8695324782788538,25.867251432694708
2017-06-29,2442.0,2445.0,2402.25,2420.0,False,True,False,-0.009009009009009028,2289.20125,True,buy_every_session,2017-06-29,-0.9009009009009028,0.02,-0.9209009009009028,24.946350531793804
2017-06-30,2420.75,2429.75,2415.0,2421.0,True,False,False,0.0001032737787876048,2290.51375,True,buy_every_session,2017-06-30,0.01032737787876048,0.02,-0.00967262212123952,24.936677909672564
2017-07-03,2422.0,2436.5,2421.5,2425.0,True,False,False,0.0012386457473163581,2291.995,True,buy_every_session,2017-07-03,0.12386457473163581,0.02,0.10386457473163581,25.0405424844042
2017-07-05,2423.75,2432.25,2419.25,2428.0,True,False,False,0.0017534811758639357,2293.53375,True,buy_every_session,2017-07-05,0.17534811758639357,0.02,0.15534811758639358,25.19589060199059
2017-07-06,2428.0,2430.5,2405.25,2408.5,False,True,False,-0.008031301482701814,2294.85125,True,buy_every_session,2017-07-06,-0.8031301482701814,0.02,-0.8231301482701814,24.37276045372041
2017-07-07,2409.25,2425.0,2407.5,2422.5,True,False,False,0.005499636816436615,2296.255,True,buy_every_session,2017-07-07,0.5499636816436615,0.02,0.5299636816436615,24.90272413536407
2017-07-10,2423.0,2430.0,2419.25,2424.5,True,False,False,0.0006190672719768031,2297.7125,True,buy_every_session,2017-07-10,0.06190672719768031,0.02,0.04190672719768031,24.944630862561752
2017-07-11,2423.75,2427.75,2410.25,2424.5,True,False,False,0.0003094378545642762,2299.18,True,buy_every_session,2017-07-11,0.03094378545642762,0.02,0.010943785456427619,24.955574648018178
2017-07-12,2425.0,2443.75,2422.5,2440.0,True,False,False,0.006185567010309256,2300.59875,True,buy_every_session,2017-07-12,0.6185567010309256,0.02,0.5985567010309256,25.554131349049104
2017-07-13,2441.25,2447.0,2439.0,2445.5,True,False,False,0.0017409114183308816,2301.985,True,buy_every_session,2017-07-13,0.17409114183308816,0.02,0.15409114183308817,25.708222490882193
2017-07-14,2446.5,2461.25,2442.0,2456.0,True,False,False,0.0038830983036992617,2303.475,True,buy_every_session,2017-07-14,0.38830983036992617,0.02,0.36830983036992615,26.07653232125212
2017-07-17,2457.0,2460.5,2454.0,2458.5,True,False,False,0.0006105006105006083,2305.06875,True,buy_every_session,2017-07-17,0.06105006105006083,0.02,0.04105006105006083,26.11758238230218
2017-07-18,2459.25,2461.0,2448.0,2457.75,False,True,False,-0.0006099420555046864,2306.59375,True,buy_every_session,2017-07-18,-0.06099420555046864,0.02,-0.08099420555046864,26.036588176751714
2017-07-19,2459.75,2472.0,2457.75,2471.5,True,False,False,0.004776908222380305,2308.135,True,buy_every_session,2017-07-19,0.4776908222380305,0.02,0.4576908222380305,26.494278998989746
2017-07-20,2471.0,2476.25,2465.5,2471.25,True,False,False,0.00010117361392159019,2309.74875,True,buy_every_session,2017-07-20,0.010117361392159019,0.02,-0.009882638607840982,26.484396360381904
2017-07-21,2472.5,2475.25,2462.75,2469.5,False,True,False,-0.0012133468149646554,2311.29375,True,buy_every_session,2017-07-21,-0.12133468149646554,0.02,-0.14133468149646553,26.343061678885437
2017-07-24,2469.75,2470.5,2463.5,2468.5,False,True,False,-0.0005061241016297569,2312.87,True,buy_every_session,2017-07-24,-0.050612410162975685,0.02,-0.07061241016297569,26.27244926872246
2017-07-25,2467.0,2478.75,2466.25,2474.0,True,False,False,0.0028374543980542732,2314.51625,True,buy_every_session,2017-07-25,0.2837454398054273,0.02,0.2637454398054273,26.536194708527887
2017-07-26,2475.25,2479.75,2471.5,2473.25,False,True,False,-0.0008079991920008078,2316.11625,True,buy_every_session,2017-07-26,-0.08079991920008078,0.02,-0.10079991920008079,26.435394789327805
2017-07-27,2474.5,2480.5,2457.0,2472.0,False,True,False,-0.0010103051121438389,2317.69375,True,buy_every_session,2017-07-27,-0.10103051121438389,0.02,-0.12103051121438389,26.314364278113423
2017-07-28,2472.0,2472.0,2461.5,2470.25,False,True,False,-0.0007079288025889641,2319.3125,True,buy_every_session,2017-07-28,-0.0707928802588964,0.02,-0.09079288025889641,26.223571397854528
2017-07-31,2470.5,2475.0,2465.25,2468.0,False,True,False,-0.0010119409026513315,2320.98,True,buy_every_session,2017-07-31,-0.10119409026513315,0.02,-0.12119409026513316,26.102377307589396
2017-08-01,2468.0,2477.25,2466.25,2472.25,True,False,False,0.0017220421393842056,2322.68375,True,buy_every_session,2017-08-01,0.17220421393842056,0.02,0.15220421393842057,26.254581521527818
2017-08-02,2474.0,2476.0,2463.25,2473.5,False,True,False,-0.00020210185933711156,2324.42,True,buy_every_session,2017-08-02,-0.020210185933711156,0.02,-0.04021018593371116,26.21437133559411
2017-08-03,2473.25,2474.5,2466.0,2471.75,False,True,False,-0.0006064894369756102,2326.14375,True,buy_every_session,2017-08-03,-0.06064894369756102,0.02,-0.08064894369756102,26.133722391896548
2017-08-04,2470.75,2477.75,2467.75,2472.0,True,False,False,0.0005059192552867575,2327.88875,True,buy_every_session,2017-08-04,0.05059192552867575,0.02,0.03059192552867575,26.164314317425223
2017-08-07,2472.25,2478.25,2472.0,2477.5,True,False,False,0.0021235716452623343,2329.61625,True,buy_every_session,2017-08-07,0.21235716452623343,0.02,0.19235716452623344,26.356671481951455
2017-08-08,2477.5,2488.5,2467.5,2472.75,False,True,False,-0.0019172552976791657,2331.29,True,buy_every_session,2017-08-08,-0.19172552976791657,0.02,-0.21172552976791656,26.144945952183537
2017-08-09,2470.0,2474.5,2459.0,2473.0,True,False,False,0.0012145748987855143,2332.97,True,buy_every_session,2017-08-09,0.12145748987855143,0.02,0.10145748987855142,26.24640344206209
2017-08-10,2474.0,2474.25,2432.75,2437.5,False,True,False,-0.0147534357316087,2334.48375,True,buy_every_session,2017-08-10,-1.47534357316087,0.02,-1.49534357316087,24.75105986890122
2017-08-11,2434.5,2446.5,2430.25,2440.0,True,False,False,0.002259190798931998,2335.9625,True,buy_every_session,2017-08-11,0.22591907989319981,0.02,0.20591907989319982,24.95697894879442
2017-08-14,2441.5,2466.5,2441.5,2463.5,True,False,False,0.009010853983207001,2337.59,True,buy_every_session,2017-08-14,0.9010853983207001,0.02,0.8810853983207001,25.838064347115118
2017-08-15,2464.5,2473.25,2460.0,2463.75,False,True,False,-0.00030432136335967197,2339.23875,True,buy_every_session,2017-08-15,-0.030432136335967197,0.02,-0.0504321363359672,25.78763221077915
2017-08-16,2464.5,2474.0,2461.5,2467.5,True,False,False,0.00121728545343891,2340.95875,True,buy_every_session,2017-08-16,0.12172854534389099,0.02,0.10172854534389099,25.889360756123043
2017-08-17,2466.75,2468.5,2423.75,2429.5,False,True,False,-0.015100841187797753,2342.4875,True,buy_every_session,2017-08-17,-1.5100841187797753,0.02,-1.5300841187797753,24.359276637343267
2017-08-18,2426.75,2439.5,2419.5,2426.75,False,False,True,0.0,2344.02125,True,buy_every_session,2017-08-18,0.0,0.02,-0.02,24.339276637343268
2017-08-21,2428.75,2431.5,2415.75,2428.0,False,True,False,-0.00030880082346884663,2345.6425,True,buy_every_session,2017-08-21,-0.030880082346884663,0.02,-0.05088008234688467,24.288396554996382
2017-08-22,2428.0,2454.25,2427.5,2452.75,True,False,False,0.01019357495881379,2347.445,True,buy_every_session,2017-08-22,1.019357495881379,0.02,0.9993574958813789,25.287754050877762
2017-08-23,2453.0,2454.75,2438.75,2441.5,False,True,False,-0.004688136975132484,2349.235,True,buy_every_session,2017-08-23,-0.4688136975132484,0.02,-0.48881369751324844,24.798940353364515
2017-08-24,2440.25,2449.0,2434.5,2440.75,True,False,False,0.0002048970392378724,2351.03875,True,buy_every_session,2017-08-24,0.02048970392378724,0.02,0.0004897039237872387,24.7994300572883
2017-08-25,2442.5,2453.5,2437.5,2442.5,False,False,True,0.0,2352.60625,True,buy_every_session,2017-08-25,0.0,0.02,-0.02,24.7794300572883
2017-08-28,2442.0,2449.25,2436.25,2443.75,True,False,False,0.000716625716625785,2354.1475,True,buy_every_session,2017-08-28,0.0716625716625785,0.02,0.051662571662578496,24.83109262895088
2017-08-29,2434.0,2448.5,2421.0,2447.0,True,False,False,0.00534100246507796,2355.58125,True,buy_every_session,2017-08-29,0.534100246507796,0.02,0.514100246507796,25.345192875458675
2017-08-30,2446.5,2459.75,2442.75,2455.75,True,False,False,0.0037809115062334975,2357.02375,True,buy_every_session,2017-08-30,0.37809115062334975,0.02,0.35809115062334973,25.703284026082024
2017-08-31,2455.25,2474.25,2454.75,2470.0,True,False,False,0.006007534874248988,2358.57125,True,buy_every_session,2017-08-31,0.6007534874248988,0.02,0.5807534874248987,26.284037513506924
2017-09-01,2470.25,2479.75,2470.0,2474.25,True,False,False,0.001619269304726334,2360.04625,True,buy_every_session,2017-09-01,0.1619269304726334,0.02,0.1419269304726334,26.425964443979556
2017-09-05,2461.25,2471.25,2445.5,2459.75,False,True,False,-0.0006094464195023352,2361.48125,True,buy_every_session,2017-09-05,-0.060944641950233525,0.02,-0.08094464195023353,26.345019802029324
2017-09-06,2460.25,2469.0,2456.5,2465.5,True,False,False,0.0021339294787114937,2362.8875,True,buy_every_session,2017-09-06,0.21339294787114937,0.02,0.19339294787114938,26.538412749900473
2017-09-07,2464.0,2468.75,2457.5,2466.5,True,False,False,0.0010146103896104819,2364.31625,True,buy_every_session,2017-09-07,0.10146103896104819,0.02,0.08146103896104818,26.619873788861522
2017-09-08,2466.5,2467.5,2456.75,2462.5,False,True,False,-0.0016217311980539773,2365.66375,True,buy_every_session,2017-09-08,-0.16217311980539773,0.02,-0.18217311980539772,26.437700669056124
2017-09-11,2468.0,2489.0,2468.0,2487.5,True,False,False,0.007901134521880016,2367.1,True,buy_every_session,2017-09-11,0.7901134521880016,0.02,0.7701134521880015,27.207814121244127
2017-09-12,2488.25,2497.0,2486.75,2496.0,True,False,False,0.0031146388023710614,2368.57625,True,buy_every_session,2017-09-12,0.31146388023710614,0.02,0.2914638802371061,27.499278001481233
2017-09-13,2497.0,2497.5,2490.75,2496.5,False,True,False,-0.0002002402883459764,2370.0025,True,buy_every_session,2017-09-13,-0.02002402883459764,0.02,-0.040024028834597644,27.459253972646636
2017-09-14,2496.25,2498.25,2489.5,2496.5,True,False,False,0.00010015022533793605,2371.48125,True,buy_every_session,2017-09-14,0.010015022533793605,0.02,-0.009984977466206395,27.44926899518043
2017-09-15,2496.0,2496.5,2489.5,2496.0,False,False,True,0.0,2372.9425,True,buy_every_session,2017-09-15,0.0,0.02,-0.02,27.42926899518043
2017-09-18,2499.0,2506.0,2497.75,2502.75,True,False,False,0.0015006002400961282,2374.4625,True,buy_every_session,2017-09-18,0.15006002400961282,0.02,0.13006002400961283,27.55932901919004
2017-09-19,2502.75,2506.0,2501.0,2504.75,True,False,False,0.0007991209669364618,2376.02625,True,buy_every_session,2017-09-19,0.07991209669364618,0.02,0.05991209669364618,27.61924111588369
2017-09-20,2503.75,2507.25,2494.0,2505.25,True,False,False,0.0005991013479780261,2377.5925,True,buy_every_session,2017-09-20,0.059910134797802606,0.02,0.0399101347978026,27.659151250681493
2017-09-21,2504.5,2506.25,2496.5,2501.0,False,True,False,-0.0013974845278498238,2379.07625,True,buy_every_session,2017-09-21,-0.13974845278498238,0.02,-0.15974845278498237,27.49940279789651
2017-09-22,2500.75,2501.0,2492.0,2499.5,False,True,False,-0.0004998500449865384,2380.52375,True,buy_every_session,2017-09-22,-0.04998500449865384,0.02,-0.06998500449865384,27.429417793397857
2017-09-25,2499.0,2504.5,2485.0,2497.0,False,True,False,-0.0008003201280512018,2381.825,True,buy_every_session,2017-09-25,-0.08003201280512018,0.02,-0.10003201280512018,27.329385780592737
2017-09-26,2498.0,2501.25,2492.25,2495.5,False,True,False,-0.0010008006405124448,2383.06375,True,buy_every_session,2017-09-26,-0.10008006405124448,0.02,-0.12008006405124448,27.209305716541493
2017-09-27,2495.0,2509.25,2493.0,2504.5,True,False,False,0.0038076152304609145,2384.28625,True,buy_every_session,2017-09-27,0.38076152304609145,0.02,0.36076152304609144,27.570067239587583
2017-09-28,2503.25,2508.25,2499.0,2507.75,True,False,False,0.001797663038050512,2385.545,True,buy_every_session,2017-09-28,0.1797663038050512,0.02,0.15976630380505122,27.729833543392633
2017-09-29,2507.75,2517.75,2504.75,2516.0,True,False,False,0.0032898016149935927,2386.75875,True,buy_every_session,2017-09-29,0.32898016149935927,0.02,0.30898016149935925,28.038813704891993
2017-10-02,2518.0,2528.0,2517.0,2526.25,True,False,False,0.0032764098490865035,2388.105,True,buy_every_session,2017-10-02,0.32764098490865035,0.02,0.30764098490865033,28.346454689800645
2017-10-03,2527.25,2533.5,2525.5,2532.75,True,False,False,0.0021762785636560977,2389.45125,True,buy_every_session,2017-10-03,0.21762785636560977,0.02,0.19762785636560978,28.544082546166255
2017-10-04,2533.0,2538.0,2529.0,2536.25,True,False,False,0.0012830635609948349,2390.795,True,buy_every_session,2017-10-04,0.1283063560994835,0.02,0.10830635609948348,28.652388902265738
2017-10-05,2535.25,2550.75,2534.5,2550.0,True,False,False,0.0058179666699536,2392.245,True,buy_every_session,2017-10-05,0.58179666699536,0.02,0.56179666699536,29.214185569261097
2017-10-06,2548.75,2549.75,2541.5,2545.0,False,True,False,-0.0014713094654241754,2393.6375,True,buy_every_session,2017-10-06,-0.14713094654241754,0.02,-0.16713094654241753,29.04705462271868
2017-10-09,2543.25,2550.5,2539.25,2543.75,True,False,False,0.00019659884006695272,2395.05375,True,buy_every_session,2017-10-09,0.019659884006695272,0.02,-0.0003401159933047286,29.046714506725376
2017-10-10,2543.25,2553.25,2542.75,2548.5,True,False,False,0.0020642878207017823,2396.5025,True,buy_every_session,2017-10-10,0.20642878207017823,0.02,0.18642878207017824,29.233143288795553
2017-10-11,2548.75,2553.5,2544.25,2553.0,True,False,False,0.0016674840608141839,2397.9675,True,buy_every_session,2017-10-11,0.1667484060814184,0.02,0.1467484060814184,29.37989169487697
2017-10-12,2552.25,2553.25,2546.25,2549.5,False,True,False,-0.0010774806543246696,2399.41,True,buy_every_session,2017-10-12,-0.10774806543246696,0.02,-0.12774806543246695,29.252143629444504
2017-10-13,2548.0,2555.5,2547.0,2552.75,True,False,False,0.001864207221350167,2400.9475,True,buy_every_session,2017-10-13,0.1864207221350167,0.02,0.1664207221350167,29.41856435157952
2017-10-16,2552.25,2557.75,2550.75,2556.25,True,False,False,0.0015672445881085295,2402.50375,True,buy_every_session,2017-10-16,0.15672445881085295,0.02,0.13672445881085296,29.555288810390373
2017-10-17,2555.5,2557.75,2552.25,2557.0,True,False,False,0.0005869692819409078,2404.1075,True,buy_every_session,2017-10-17,0.05869692819409078,0.02,0.03869692819409078,29.593985738584465
2017-10-18,2556.5,2562.25,2556.25,2560.0,True,False,False,0.001369059260708072,2405.645,True,buy_every_session,2017-10-18,0.1369059260708072,0.02,0.1169059260708072,29.71089166465527
2017-10-19,2560.0,2561.5,2542.5,2560.5,True,False,False,0.0001953125000000444,2407.12625,True,buy_every_session,2017-10-19,0.01953125000000444,0.02,-0.0004687499999955595,29.710422914655275
2017-10-20,2561.0,2574.5,2559.5,2574.0,True,False,False,0.0050761421319796,2408.675,True,buy_every_session,2017-10-20,0.50761421319796,0.02,0.48761421319795994,30.198037127853237
2017-10-23,2572.75,2577.25,2561.5,2563.5,False,True,False,-0.0035953745991643693,2410.135,True,buy_every_session,2017-10-23,-0.35953745991643693,0.02,-0.37953745991643695,29.8184996679368
2017-10-24,2562.5,2570.25,2562.25,2567.25,True,False,False,0.0018536585365853675,2411.64625,True,buy_every_session,2017-10-24,0.18536585365853675,0.02,0.16536585365853676,29.983865521595334
2017-10-25,2564.75,2566.25,2541.5,2558.5,False,True,False,-0.002436884686616625,2413.12,True,buy_every_session,2017-10-25,-0.2436884686616625,0.02,-0.2636884686616625,29.72017705293367
2017-10-26,2559.5,2565.0,2555.5,2561.5,True,False,False,0.0007814026176988786,2414.575,True,buy_every_session,2017-10-26,0.07814026176988786,0.02,0.05814026176988786,29.77831731470356
2017-10-27,2561.5,2580.75,2557.5,2578.5,True,False,False,0.006636736287331635,2416.15,True,buy_every_session,2017-10-27,0.6636736287331635,0.02,0.6436736287331635,30.421990943436725
2017-10-30,2575.5,2578.25,2565.5,2568.25,False,True,False,-0.002814987381091094,2417.62875,True,buy_every_session,2017-10-30,-0.2814987381091094,0.02,-0.30149873810910943,30.120492205327615
2017-10-31,2568.0,2575.5,2566.75,2572.75,True,False,False,0.0018496884735201835,2419.17875,True,buy_every_session,2017-10-31,0.18496884735201835,0.02,0.16496884735201836,30.285461052679633
2017-11-01,2572.75,2585.5,2571.0,2574.75,True,False,False,0.000777378291711095,2420.72,True,buy_every_session,2017-11-01,0.0777378291711095,0.02,0.05773782917110949,30.343198881850743
2017-11-02,2571.5,2578.5,2562.25,2576.75,True,False,False,0.0020416099552789113,2422.29625,True,buy_every_session,2017-11-02,0.20416099552789113,0.02,0.18416099552789114,30.527359877378633
2017-11-03,2577.5,2585.5,2573.5,2582.75,True,False,False,0.002036857419980498,2423.88,True,buy_every_session,2017-11-03,0.20368574199804979,0.02,0.1836857419980498,30.711045619376684
2017-11-06,2580.0,2590.0,2575.5,2588.75,True,False,False,0.0033914728682169493,2425.51375,True,buy_every_session,2017-11-06,0.3391472868216949,0.02,0.3191472868216949,31.03019290619838
2017-11-07,2587.75,2593.5,2580.75,2586.75,False,True,False,-0.00038643609313104843,2427.075,True,buy_every_session,2017-11-07,-0.03864360931310484,0.02,-0.05864360931310485,30.971549296885275
2017-11-08,2584.0,2592.5,2579.75,2591.0,True,False,False,0.002708978328173295,2428.56,True,buy_every_session,2017-11-08,0.2708978328173295,0.02,0.25089783281732947,31.222447129702605
2017-11-09,2591.25,2594.5,2563.25,2584.0,False,True,False,-0.0027978774722624555,2430.01,True,buy_every_session,2017-11-09,-0.27978774722624555,0.02,-0.29978774722624557,30.92265938247636
2017-11-10,2582.0,2585.75,2571.5,2579.5,False,True,False,-0.0009682416731215948,2431.4625,True,buy_every_session,2017-11-10,-0.09682416731215948,0.02,-0.11682416731215949,30.8058352151642
2017-11-13,2580.25,2585.5,2570.25,2582.0,True,False,False,0.0006782288537932057,2432.9925,True,buy_every_session,2017-11-13,0.06782288537932057,0.02,0.04782288537932057,30.853658100543523
2017-11-14,2580.25,2582.25,2564.25,2578.0,False,True,False,-0.0008720085263056454,2434.51,True,buy_every_session,2017-11-14,-0.08720085263056454,0.02,-0.10720085263056454,30.746457247912957
2017-11-15,2576.75,2577.0,2555.5,2565.0,False,True,False,-0.00456000776171539,2435.9625,True,buy_every_session,2017-11-15,-0.456000776171539,0.02,-0.476000776171539,30.27045647174142
2017-11-16,2564.25,2589.5,2562.25,2585.0,True,False,False,0.008092034708004237,2437.51,True,buy_every_session,2017-11-16,0.8092034708004237,0.02,0.7892034708004236,31.059659942541842
2017-11-17,2584.25,2586.0,2574.75,2576.25,False,True,False,-0.0030956757279675395,2438.93625,True,buy_every_session,2017-11-17,-0.30956757279675395,0.02,-0.32956757279675397,30.730092369745087
2017-11-20,2576.0,2584.0,2567.75,2582.0,True,False,False,0.0023291925465838137,2440.41375,True,buy_every_session,2017-11-20,0.23291925465838137,0.02,0.21291925465838138,30.943011624403468
2017-11-21,2582.0,2600.5,2579.25,2596.25,True,False,False,0.0055189775367932015,2441.9525,True,buy_every_session,2017-11-21,0.5518977536793201,0.02,0.5318977536793201,31.47490937808279
2017-11-22,2595.75,2600.0,2592.75,2594.5,False,True,False,-0.00048155639025326824,2443.47375,True,buy_every_session,2017-11-22,-0.048155639025326824,0.02,-0.06815563902532683,31.40675373905746
2017-11-24,2593.25,2603.0,2589.5,2601.0,True,False,False,0.0029885279089945094,2444.9575,True,buy_every_session,2017-11-24,0.29885279089945094,0.02,0.2788527908994509,31.68560652995691
2017-11-27,2601.0,2605.5,2596.5,2601.75,True,False,False,0.00028835063437138153,2446.4025,True,buy_every_session,2017-11-27,0.028835063437138153,0.02,0.008835063437138153,31.69444159339405
2017-11-28,2602.25,2627.0,2597.5,2626.0,True,False,False,0.009126717263906237,2447.90125,True,buy_every_session,2017-11-28,0.9126717263906237,0.02,0.8926717263906236,32.58711331978467
2017-11-29,2625.5,2634.25,2619.75,2625.0,False,True,False,-0.00019043991620648626,2449.34125,True,buy_every_session,2017-11-29,-0.019043991620648626,0.02,-0.03904399162064863,32.54806932816402
2017-11-30,2625.0,2658.5,2621.75,2648.0,True,False,False,0.008761904761904749,2450.82875,True,buy_every_session,2017-11-30,0.8761904761904749,0.02,0.8561904761904748,33.404259804354496
2017-12-01,2640.75,2650.75,2605.0,2644.0,True,False,False,0.0012307109722615728,2452.32125,True,buy_every_session,2017-12-01,0.12307109722615728,0.02,0.10307109722615727,33.50733090158065
2017-12-04,2654.5,2665.25,2633.75,2638.25,False,True,False,-0.006121680165756316,2453.7725,True,buy_every_session,2017-12-04,-0.6121680165756316,0.02,-0.6321680165756316,32.87516288500502
2017-12-05,2636.0,2648.75,2627.25,2628.25,False,True,False,-0.0029400606980273247,2455.11375,True,buy_every_session,2017-12-05,-0.2940060698027325,0.02,-0.3140060698027325,32.56115681520229
2017-12-06,2626.75,2634.5,2620.0,2629.25,True,False,False,0.0009517464547443844,2456.455,True,buy_every_session,2017-12-06,0.09517464547443844,0.02,0.07517464547443843,32.63633146067673
2017-12-07,2630.5,2641.25,2626.25,2639.5,True,False,False,0.003421402775137805,2457.83875,True,buy_every_session,2017-12-07,0.3421402775137805,0.02,0.3221402775137805,32.95847173819051
2017-12-08,2639.5,2652.5,2637.75,2651.0,True,False,False,0.004356885773820762,2459.26875,True,buy_every_session,2017-12-08,0.4356885773820762,0.02,0.4156885773820762,33.37416031557259
2017-12-11,2652.0,2664.75,2649.25,2661.5,True,False,False,0.0035822021116138636,2460.735,True,buy_every_session,2017-12-11,0.35822021116138636,0.02,0.33822021116138634,33.71238052673397
2017-12-12,2662.75,2670.25,2660.5,2665.0,True,False,False,0.0008449910806496153,2462.24625,True,buy_every_session,2017-12-12,0.08449910806496153,0.02,0.06449910806496152,33.77687963479894
2017-12-13,2665.5,2672.5,2656.75,2666.5,True,False,False,0.0003751641343088252,2463.61125,True,buy_every_session,2017-12-13,0.03751641343088252,0.02,0.017516413430882522,33.79439604822982
2017-12-14,2665.5,2670.75,2649.25,2653.25,False,True,False,-0.004595760645282332,2464.9675,True,buy_every_session,2017-12-14,-0.4595760645282332,0.02,-0.4795760645282332,33.31481998370159
2017-12-15,2650.0,2667.25,2650.0,2666.75,True,False,False,0.006320754716981236,2466.395,True,buy_every_session,2017-12-15,0.6320754716981236,0.02,0.6120754716981236,33.926895455399716
2017-12-18,2683.0,2698.0,2682.5,2694.5,True,False,False,0.004286246738725241,2467.99,True,buy_every_session,2017-12-18,0.4286246738725241,0.02,0.4086246738725241,34.33552012927224
2017-12-19,2695.0,2698.0,2682.5,2684.0,False,True,False,-0.004081632653061273,2469.5775,True,buy_every_session,2017-12-19,-0.40816326530612734,0.02,-0.42816326530612736,33.907356863966115
2017-12-20,2684.75,2695.5,2679.0,2681.5,False,True,False,-0.0012105410187168708,2471.165,True,buy_every_session,2017-12-20,-0.12105410187168708,0.02,-0.14105410187168707,33.766302762094426
2017-12-21,2681.5,2696.0,2680.75,2687.75,True,False,False,0.002330785008390901,2472.7725,True,buy_every_session,2017-12-21,0.2330785008390901,0.02,0.2130785008390901,33.979381262933515
2017-12-22,2686.75,2691.5,2682.25,2686.0,False,True,False,-0.00027914766911696365,2474.34375,True,buy_every_session,2017-12-22,-0.027914766911696365,0.02,-0.04791476691169637,33.93146649602182
2017-12-26,2686.75,2689.5,2683.5,2687.0,True,False,False,9.304922303887686e-05,2475.90375,True,buy_every_session,2017-12-26,0.009304922303887686,0.02,-0.010695077696112314,33.92077141832571
2017-12-27,2687.5,2691.0,2681.5,2685.5,False,True,False,-0.0007441860465116079,2477.49875,True,buy_every_session,2017-12-27,-0.07441860465116079,0.02,-0.0944186046511608,33.826352813674546
2017-12-28,2684.0,2689.0,2683.0,2685.75,True,False,False,0.000652011922503748,2479.00875,True,buy_every_session,2017-12-28,0.0652011922503748,0.02,0.04520119225037479,33.87155400592492
2017-12-29,2684.75,2698.25,2667.75,2676.0,False,True,False,-0.0032591488965453275,2480.475,True,buy_every_session,2017-12-29,-0.32591488965453275,0.02,-0.34591488965453276,33.52563911627039
2018-01-02,2675.25,2696.0,2674.5,2693.0,True,False,False,0.006634893935146158,2482.0175,True,buy_every_session,2018-01-02,0.6634893935146158,0.02,0.6434893935146158,34.169128509785004
2018-01-03,2693.75,2714.25,2692.25,2711.0,True,False,False,0.006403712296983777,2483.72125,True,buy_every_session,2018-01-03,0.6403712296983777,0.02,0.6203712296983777,34.78949973948338
2018-01-04,2710.25,2729.0,2708.5,2723.75,True,False,False,0.004981090305322455,2485.62875,True,buy_every_session,2018-01-04,0.49810903053224553,0.02,0.4781090305322455,35.26760877001563
2018-01-05,2725.0,2743.25,2723.75,2742.5,True,False,False,0.006422018348623881,2487.62875,True,buy_every_session,2018-01-05,0.6422018348623881,0.02,0.6222018348623881,35.889810604878015
2018-01-08,2741.75,2748.5,2736.5,2746.75,True,False,False,0.0018236527765114197,2489.6625,True,buy_every_session,2018-01-08,0.18236527765114197,0.02,0.16236527765114198,36.052175882529156
2018-01-09,2746.5,2760.0,2742.75,2752.25,True,False,False,0.002093573639177171,2491.7,True,buy_every_session,2018-01-09,0.2093573639177171,0.02,0.1893573639177171,36.24153324644687
2018-01-10,2749.75,2752.0,2736.5,2750.5,True,False,False,0.00027275206836985255,2493.76,True,buy_every_session,2018-01-10,0.027275206836985255,0.02,0.007275206836985255,36.24880845328386
2018-01-11,2750.0,2770.5,2747.75,2769.5,True,False,False,0.007090909090909037,2495.85,True,buy_every_session,2018-01-11,0.7090909090909037,0.02,0.6890909090909036,36.93789936237476
2018-01-12,2768.75,2790.0,2766.75,2788.75,True,False,False,0.007223476297968379,2498.00875,True,buy_every_session,2018-01-12,0.7223476297968379,0.02,0.7023476297968378,37.6402469921716
2018-01-16,2789.75,2808.5,2769.25,2782.5,False,True,False,-0.00259879917555339,2500.09875,True,buy_every_session,2018-01-16,-0.259879917555339,0.02,-0.27987991755533903,37.360367074616256
2018-01-17,2782.75,2809.5,2779.0,2803.75,True,False,False,0.007546491779714337,2502.32125,True,buy_every_session,2018-01-17,0.7546491779714337,0.02,0.7346491779714337,38.09501625258769
2018-01-18,2803.25,2808.0,2793.75,2796.25,False,True,False,-0.0024971015785248962,2504.5225,True,buy_every_session,2018-01-18,-0.24971015785248962,0.02,-0.26971015785248964,37.825306094735204
2018-01-19,2797.0,2815.0,2791.75,2811.0,True,False,False,0.005005362888809373,2506.795,True,buy_every_session,2018-01-19,0.5005362888809373,0.02,0.48053628888093725,38.30584238361614
2018-01-22,2804.0,2838.25,2802.0,2835.25,True,False,False,0.011144793152639165,2509.23875,True,buy_every_session,2018-01-22,1.1144793152639165,0.02,1.0944793152639165,39.400321698880056
2018-01-23,2835.25,2844.75,2828.75,2839.5,True,False,False,0.0014989859800722538,2511.6675,True,buy_every_session,2018-01-23,0.14989859800722538,0.02,0.1298985980072254,39.53022029688728
2018-01-24,2837.0,2855.25,2825.5,2841.0,True,False,False,0.0014099400775466897,2514.11125,True,buy_every_session,2018-01-24,0.14099400775466897,0.02,0.12099400775466897,39.65121430464195
2018-01-25,2840.0,2853.75,2830.75,2841.25,True,False,False,0.00044014084507049134,2516.555,True,buy_every_session,2018-01-25,0.044014084507049134,0.02,0.024014084507049133,39.675228389149
2018-01-26,2842.25,2876.0,2841.25,2874.5,True,False,False,0.011346644383850801,2519.1725,True,buy_every_session,2018-01-26,1.1346644383850801,0.02,1.1146644383850801,40.789892827534075
2018-01-29,2874.25,2878.5,2851.5,2853.5,False,True,False,-0.007219274593372238,2521.73625,True,buy_every_session,2018-01-29,-0.7219274593372238,0.02,-0.7419274593372238,40.04796536819685
2018-01-30,2853.25,2858.0,2818.5,2824.5,False,True,False,-0.010076228861824243,2524.22125,True,buy_every_session,2018-01-30,-1.0076228861824243,0.02,-1.0276228861824244,39.02034248201443
2018-01-31,2823.25,2839.75,2813.0,2825.75,True,False,False,0.0008855042946958047,2526.625,True,buy_every_session,2018-01-31,0.08855042946958047,0.02,0.06855042946958047,39.08889291148401
2018-02-01,2828.75,2837.25,2809.5,2822.5,False,True,False,-0.002209456473707516,2529.05125,True,buy_every_session,2018-02-01,-0.22094564737075162,0.02,-0.2409456473707516,38.84794726411326
2018-02-02,2826.5,2831.0,2755.25,2756.75,False,True,False,-0.024677162568547684,2531.16625,True,buy_every_session,2018-02-02,-2.4677162568547684,0.02,-2.4877162568547684,36.36023100725849
2018-02-05,2757.0,2763.0,2595.75,2607.75,False,True,False,-0.05413492927094665,2532.445,True,buy_every_session,2018-02-05,-5.413492927094666,0.02,-5.433492927094665,30.926738080163826
2018-02-06,2624.0,2699.75,2529.0,2694.25,True,False,False,0.02677210365853666,2534.17875,True,buy_every_session,2018-02-06,2.677210365853666,0.02,2.657210365853666,33.583948446017494
2018-02-07,2685.5,2726.75,2660.5,2668.25,False,True,False,-0.006423384844535418,2535.67,True,buy_every_session,2018-02-07,-0.6423384844535418,0.02,-0.6623384844535418,32.92160996156395
2018-02-08,2664.75,2686.5,2577.0,2593.5,False,True,False,-0.0267379679144385,2536.7125,True,buy_every_session,2018-02-08,-2.67379679144385,0.02,-2.69379679144385,30.2278131701201
2018-02-09,2593.75,2637.75,2530.25,2619.0,True,False,False,0.009734939759036054,2537.89625,True,buy_every_session,2018-02-09,0.9734939759036054,0.02,0.9534939759036054,31.181307146023705
2018-02-12,2628.25,2671.5,2620.0,2655.25,True,False,False,0.010272995339103863,2539.2425,True,buy_every_session,2018-02-12,1.0272995339103863,0.02,1.0072995339103863,32.18860667993409
2018-02-13,2653.25,2667.5,2634.25,2661.75,True,False,False,0.00320361820408932,2540.64875,True,buy_every_session,2018-02-13,0.320361820408932,0.02,0.300361820408932,32.48896850034302
2018-02-14,2662.5,2701.75,2627.0,2697.0,True,False,False,0.012957746478873267,2542.19875,True,buy_every_session,2018-02-14,1.2957746478873267,0.02,1.2757746478873266,33.764743148230345
2018-02-15,2695.5,2736.75,2688.5,2734.0,True,False,False,0.014283064366536813,2543.94,True,buy_every_session,2018-02-15,1.4283064366536813,0.02,1.4083064366536813,35.173049584884026
2018-02-16,2734.0,2754.75,2722.25,2735.0,True,False,False,0.00036576444769576,2545.69875,True,buy_every_session,2018-02-16,0.036576444769576,0.02,0.016576444769576,35.1896260296536
2018-02-20,2734.5,2747.75,2705.75,2714.0,False,True,False,-0.00749680014627907,2547.34125,True,buy_every_session,2018-02-20,-0.749680014627907,0.02,-0.769680014627907,34.419946015025694
2018-02-21,2714.5,2747.75,2693.5,2698.75,False,True,False,-0.00580217351261747,2548.84625,True,buy_every_session,2018-02-21,-0.580217351261747,0.02,-0.600217351261747,33.81972866376395
2018-02-22,2698.5,2731.0,2682.0,2711.5,True,False,False,0.004817491198814139,2550.42875,True,buy_every_session,2018-02-22,0.4817491198814139,0.02,0.46174911988141387,34.28147778364536
2018-02-23,2712.75,2750.25,2710.0,2748.75,True,False,False,0.013270666298037082,2552.20625,True,buy_every_session,2018-02-23,1.3270666298037082,0.02,1.3070666298037081,35.588544413449064
2018-02-26,2751.5,2786.0,2742.5,2784.5,True,False,False,0.011993458113756184,2554.1525,True,buy_every_session,2018-02-26,1.1993458113756184,0.02,1.1793458113756183,36.76789022482468
2018-02-27,2783.5,2789.75,2742.0,2747.5,False,True,False,-0.012933357283994917,2555.935,True,buy_every_session,2018-02-27,-1.2933357283994917,0.02,-1.3133357283994918,35.45455449642519
2018-02-28,2746.5,2762.0,2712.0,2714.5,False,True,False,-0.011651192426724966,2557.56375,True,buy_every_session,2018-02-28,-1.1651192426724966,0.02,-1.1851192426724966,34.26943525375269
2018-03-01,2718.25,2731.0,2658.5,2678.25,False,True,False,-0.014715349949416034,2558.9625,True,buy_every_session,2018-03-01,-1.4715349949416034,0.02,-1.4915349949416035,32.77790025881109
2018-03-02,2678.75,2696.0,2647.0,2690.25,True,False,False,0.0042930471301914075,2560.42875,True,buy_every_session,2018-03-02,0.42930471301914075,0.02,0.40930471301914073,33.187204971830226
2018-03-05,2683.25,2727.75,2663.75,2718.5,True,False,False,0.01313705394577469,2562.23375,True,buy_every_session,2018-03-05,1.313705394577469,0.02,1.293705394577469,34.4809103664077
2018-03-06,2719.0,2734.5,2710.25,2724.0,True,False,False,0.0018389113644723398,2564.03625,True,buy_every_session,2018-03-06,0.18389113644723398,0.02,0.163891136447234,34.64480150285493
2018-03-07,2700.0,2730.25,2681.25,2723.25,True,False,False,0.008611111111111125,2565.745,True,buy_every_session,2018-03-07,0.8611111111111125,0.02,0.8411111111111125,35.48591261396604
2018-03-08,2722.5,2740.5,2720.0,2739.25,True,False,False,0.006152433425160808,2567.4775,True,buy_every_session,2018-03-08,0.6152433425160808,0.02,0.5952433425160808,36.08115595648212
2018-03-09,2736.5,2787.0,2730.0,2784.0,True,False,False,0.017357938973140863,2569.4075,True,buy_every_session,2018-03-09,1.7357938973140863,0.02,1.7157938973140863,37.79694985379621
2018-03-12,2784.0,2800.5,2779.0,2784.0,False,False,True,0.0,2571.3175,True,buy_every_session,2018-03-12,0.0,0.02,-0.02,37.776949853796204
2018-03-13,2782.25,2802.5,2758.5,2768.5,False,True,False,-0.004942043310270483,2573.0925,True,buy_every_session,2018-03-13,-0.4942043310270483,0.02,-0.5142043310270483,37.26274552276916
2018-03-14,2763.0,2779.5,2744.25,2749.75,False,True,False,-0.004795512124502355,2574.7725,True,buy_every_session,2018-03-14,-0.47955121245023546,0.02,-0.4995512124502355,36.76319431031892
2018-03-15,2750.75,2763.5,2741.0,2751.5,True,False,False,0.000272652912841842,2576.47625,True,buy_every_session,2018-03-15,0.0272652912841842,0.02,0.007265291284184201,36.77045960160311
2018-03-16,2753.75,2757.0,2747.0,2752.75,False,True,False,-0.00036314117113023237,2578.185,True,buy_every_session,2018-03-16,-0.036314117113023237,0.02,-0.05631411711302324,36.71414548449008
2018-03-19,2756.25,2756.5,2697.25,2722.75,False,True,False,-0.012154195011337854,2579.65125,True,buy_every_session,2018-03-19,-1.2154195011337854,0.02,-1.2354195011337854,35.4787259833563
2018-03-20,2721.5,2729.0,2712.75,2723.5,True,False,False,0.0007348888480618321,2581.08,True,buy_every_session,2018-03-20,0.07348888480618321,0.02,0.053488884806183204,35.532214868162484
2018-03-21,2723.25,2744.0,2712.5,2718.25,False,True,False,-0.0018360414945377546,2582.49875,True,buy_every_session,2018-03-21,-0.18360414945377546,0.02,-0.20360414945377545,35.32861071870871
2018-03-22,2718.25,2726.25,2641.75,2643.25,False,True,False,-0.027591281155154967,2583.56125,True,buy_every_session,2018-03-22,-2.7591281155154967,0.02,-2.7791281155154968,32.54948260319321
2018-03-23,2645.75,2658.75,2586.0,2597.75,False,True,False,-0.018142303694604567,2584.39,True,buy_every_session,2018-03-23,-1.8142303694604567,0.02,-1.8342303694604567,30.715252233732755
2018-03-26,2595.0,2662.75,2591.0,2659.5,True,False,False,0.02485549132947984,2585.525,True,buy_every_session,2018-03-26,2.485549132947984,0.02,2.465549132947984,33.18080136668074
2018-03-27,2659.5,2679.75,2596.0,2615.75,False,True,False,-0.016450460612897122,2586.45125,True,buy_every_session,2018-03-27,-1.6450460612897122,0.02,-1.6650460612897122,31.51575530539103
2018-03-28,2612.75,2633.75,2593.0,2607.5,False,True,False,-0.002009377093101117,2587.34625,True,buy_every_session,2018-03-28,-0.20093770931011168,0.02,-0.22093770931011167,31.294817596080918
2018-03-29,2609.75,2659.5,2601.0,2643.0,True,False,False,0.012740683973560651,2588.36125,True,buy_every_session,2018-03-29,1.2740683973560651,0.02,1.2540683973560651,32.54888599343698
2018-04-02,2635.0,2641.5,2552.0,2575.0,False,True,False,-0.022770398481973486,2589.05,True,buy_every_session,2018-04-02,-2.2770398481973486,0.02,-2.2970398481973486,30.251846145239632
2018-04-03,2581.25,2618.75,2573.5,2613.25,True,False,False,0.012397094430992794,2589.945,True,buy_every_session,2018-04-03,1.2397094430992794,0.02,1.2197094430992794,31.471555588338912
2018-04-04,2612.0,2649.75,2559.5,2647.0,True,False,False,0.013399693721286354,2591.01125,True,buy_every_session,2018-04-04,1.3399693721286354,0.02,1.3199693721286354,32.79152496046755
2018-04-05,2645.75,2672.25,2644.0,2661.75,True,False,False,0.006047434564868226,2592.0825,True,buy_every_session,2018-04-05,0.6047434564868226,0.02,0.5847434564868226,33.37626841695437
2018-04-06,2663.0,2664.0,2584.5,2605.75,False,True,False,-0.02149831017649273,2592.92375,True,buy_every_session,2018-04-06,-2.149831017649273,0.02,-2.169831017649273,31.206437399305095
2018-04-09,2607.5,2653.75,2607.5,2619.0,True,False,False,0.004410354745925327,2593.85125,True,buy_every_session,2018-04-09,0.4410354745925327,0.02,0.42103547459253265,31.627472873897627
2018-04-10,2617.75,2666.25,2612.25,2655.0,True,False,False,0.014229777480660788,2594.9675,True,buy_every_session,2018-04-10,1.4229777480660788,0.02,1.4029777480660788,33.03045062196371
2018-04-11,2654.5,2661.25,2626.0,2641.0,False,True,False,-0.005085703522320628,2595.9975,True,buy_every_session,2018-04-11,-0.5085703522320628,0.02,-0.5285703522320628,32.50188026973164
2018-04-12,2642.5,2675.0,2639.75,2664.0,True,False,False,0.008136234626300753,2597.1375,True,buy_every_session,2018-04-12,0.8136234626300753,0.02,0.7936234626300753,33.295503732361716
2018-04-13,2661.75,2680.5,2644.75,2657.25,False,True,False,-0.0016906170752324368,2598.32125,True,buy_every_session,2018-04-13,-0.16906170752324368,0.02,-0.18906170752324367,33.10644202483847
2018-04-16,2673.25,2687.0,2660.75,2681.75,True,False,False,0.0031796502384737746,2599.5375,True,buy_every_session,2018-04-16,0.31796502384737746,0.02,0.29796502384737744,33.40440704868585
2018-04-17,2679.25,2713.75,2678.75,2706.5,True,False,False,0.010170756741625375,2600.97,True,buy_every_session,2018-04-17,1.0170756741625375,0.02,0.9970756741625375,34.401482722848385
2018-04-18,2704.5,2718.5,2703.75,2709.75,True,False,False,0.0019412090959511907,2602.41375,True,buy_every_session,2018-04-18,0.19412090959511907,0.02,0.17412090959511908,34.5756036324435
2018-04-19,2711.75,2713.25,2681.5,2693.0,False,True,False,-0.00691435419931774,2603.75375,True,buy_every_session,2018-04-19,-0.691435419931774,0.02,-0.7114354199317741,33.86416821251173
2018-04-20,2692.5,2698.25,2659.75,2671.5,False,True,False,-0.007799442896935904,2604.97125,True,buy_every_session,2018-04-20,-0.7799442896935904,0.02,-0.7999442896935904,33.06422392281814
2018-04-23,2683.0,2684.75,2657.25,2671.25,False,True,False,-0.004379426015654109,2606.285,True,buy_every_session,2018-04-23,-0.43794260156541087,0.02,-0.4579426015654109,32.60628132125272
2018-04-24,2672.0,2688.5,2616.0,2635.25,False,True,False,-0.01375374251497008,2607.34875,True,buy_every_session,2018-04-24,-1.375374251497008,0.02,-1.395374251497008,31.210907069755716
2018-04-25,2635.25,2648.25,2611.25,2644.5,True,False,False,0.0035101034057489766,2608.44875,True,buy_every_session,2018-04-25,0.35101034057489766,0.02,0.33101034057489764,31.541917410330615
2018-04-26,2648.25,2677.5,2639.5,2674.5,True,False,False,0.009912206173888327,2609.69875,True,buy_every_session,2018-04-26,0.9912206173888327,0.02,0.9712206173888327,32.51313802771945
2018-04-27,2675.5,2676.25,2657.75,2671.5,False,True,False,-0.0014950476546440328,2610.85625,True,buy_every_session,2018-04-27,-0.14950476546440328,0.02,-0.16950476546440327,32.34363326225505
2018-04-30,2670.5,2682.25,2645.0,2647.0,False,True,False,-0.008799850215315486,2611.86375,True,buy_every_session,2018-04-30,-0.8799850215315486,0.02,-0.8999850215315486,31.443648240723498
2018-05-01,2646.25,2658.0,2623.25,2652.25,True,False,False,0.0022673594709494704,2612.845,True,buy_every_session,2018-05-01,0.22673594709494704,0.02,0.20673594709494705,31.650384187818446
2018-05-02,2655.5,2658.5,2624.25,2627.5,False,True,False,-0.010544153643381682,2613.69,True,buy_every_session,2018-05-02,-1.0544153643381682,0.02,-1.0744153643381682,30.575968823480277
2018-05-03,2626.75,2636.25,2591.25,2631.75,True,False,False,0.0019034929094889907,2614.56,True,buy_every_session,2018-05-03,0.19034929094889907,0.02,0.17034929094889908,30.746318114429176
2018-05-04,2631.75,2669.5,2612.25,2663.0,True,False,False,0.0118742281751687,2615.5175,True,buy_every_session,2018-05-04,1.18742281751687,0.02,1.16742281751687,31.913740931946045
2018-05-07,2662.75,2681.5,2661.25,2670.0,True,False,False,0.0027227490376491303,2616.51125,True,buy_every_session,2018-05-07,0.27227490376491303,0.02,0.252274903764913,32.16601583571096
2018-05-08,2668.0,2674.25,2652.25,2670.25,True,False,False,0.0008433283358320054,2617.515,True,buy_every_session,2018-05-08,0.08433283358320054,0.02,0.06433283358320054,32.23034866929416
2018-05-09,2669.75,2700.0,2666.5,2696.0,True,False,False,0.009832381309111238,2618.6525,True,buy_every_session,2018-05-09,0.9832381309111238,0.02,0.9632381309111238,33.19358680020528
2018-05-10,2696.0,2725.0,2692.75,2718.75,True,False,False,0.008438427299703344,2619.87625,True,buy_every_session,2018-05-10,0.8438427299703344,0.02,0.8238427299703344,34.01742953017562
2018-05-11,2716.25,2732.5,2716.25,2729.5,True,False,False,0.004878048780487809,2621.1575,True,buy_every_session,2018-05-11,0.4878048780487809,0.02,0.4678048780487809,34.4852344082244
2018-05-14,2727.25,2741.25,2724.25,2731.0,True,False,False,0.0013750114584287765,2622.4525,True,buy_every_session,2018-05-14,0.13750114584287765,0.02,0.11750114584287764,34.60273555406728
2018-05-15,2728.5,2731.25,2700.5,2709.0,False,True,False,-0.007146783947223789,2623.64625,True,buy_every_session,2018-05-15,-0.7146783947223789,0.02,-0.734678394722379,33.8680571593449
2018-05-16,2711.25,2728.0,2704.5,2723.0,True,False,False,0.004333794375288136,2624.92125,True,buy_every_session,2018-05-16,0.4333794375288136,0.02,0.41337943752881356,34.28143659687371
2018-05-17,2721.75,2732.0,2711.0,2718.75,False,True,False,-0.0011022320198401658,2626.15375,True,buy_every_session,2018-05-17,-0.11022320198401658,0.02,-0.13022320198401657,34.151213394889695
2018-05-18,2718.75,2727.0,2708.75,2713.0,False,True,False,-0.002114942528735675,2627.35125,True,buy_every_session,2018-05-18,-0.2114942528735675,0.02,-0.23149425287356748,33.91971914201613
2018-05-21,2728.75,2739.25,2724.25,2733.0,True,False,False,0.0015574896930830029,2628.6575,True,buy_every_session,2018-05-21,0.1557489693083003,0.02,0.1357489693083003,34.05546811132443
2018-05-22,2731.25,2741.75,2721.5,2726.0,False,True,False,-0.0019221967963386488,2629.9275,True,buy_every_session,2018-05-22,-0.19221967963386488,0.02,-0.21221967963386487,33.84324843169057
2018-05-23,2724.5,2733.0,2704.5,2730.75,True,False,False,0.0022939988988806004,2631.19375,True,buy_every_session,2018-05-23,0.22939988988806004,0.02,0.20939988988806005,34.05264832157863
2018-05-24,2729.75,2733.25,2705.75,2727.5,False,True,False,-0.0008242513050645828,2632.4675,True,buy_every_session,2018-05-24,-0.08242513050645828,0.02,-0.10242513050645828,33.95022319107217
2018-05-25,2726.75,2737.75,2713.75,2718.25,False,True,False,-0.003117264142293963,2633.69375,True,buy_every_session,2018-05-25,-0.3117264142293963,0.02,-0.3317264142293963,33.618496776842775
2018-05-29,2721.25,2724.25,2675.0,2692.25,False,True,False,-0.010656867248507118,2634.9675,True,buy_every_session,2018-05-29,-1.0656867248507118,0.02,-1.0856867248507118,32.532810051992065
2018-05-30,2693.25,2729.25,2685.75,2724.5,True,False,False,0.01160308177852043,2636.39,True,buy_every_session,2018-05-30,1.160308177852043,0.02,1.140308177852043,33.67311822984411
2018-05-31,2720.25,2728.25,2699.75,2705.5,False,True,False,-0.005422295744876404,2637.6,True,buy_every_session,2018-05-31,-0.5422295744876404,0.02,-0.5622295744876404,33.11088865535647
2018-06-01,2707.5,2737.0,2706.0,2733.75,True,False,False,0.00969529085872578,2638.95,True,buy_every_session,2018-06-01,0.969529085872578,0.02,0.949529085872578,34.060417741229045
2018-06-04,2731.0,2749.25,2729.0,2745.5,True,False,False,0.005309410472354559,2640.34,True,buy_every_session,2018-06-04,0.5309410472354559,0.02,0.5109410472354559,34.5713587884645
2018-06-05,2746.0,2753.25,2739.0,2751.5,True,False,False,0.0020029133284777956,2641.95,True,buy_every_session,2018-06-05,0.20029133284777956,0.02,0.18029133284777957,34.75165012131228
2018-06-06,2751.0,2774.75,2748.0,2772.25,True,False,False,0.007724463831334072,2643.6775,True,buy_every_session,2018-06-06,0.7724463831334072,0.02,0.7524463831334072,35.50409650444569
2018-06-07,2773.25,2779.75,2760.0,2772.25,False,True,False,-0.00036058775804559406,2645.39875,True,buy_every_session,2018-06-07,-0.036058775804559406,0.02,-0.05605877580455941,35.44803772864113
2018-06-08,2771.0,2779.75,2752.0,2778.75,True,False,False,0.0027968242511728914,2647.02875,True,buy_every_session,2018-06-08,0.27968242511728914,0.02,0.2596824251172891,35.70772015375842
2018-06-11,2771.0,2790.5,2770.5,2783.0,True,False,False,0.004330566582461115,2648.73625,True,buy_every_session,2018-06-11,0.4330566582461115,0.02,0.4130566582461115,36.120776812004536
2018-06-12,2781.25,2789.75,2778.5,2784.0,True,False,False,0.0009887640449437463,2650.4525,True,buy_every_session,2018-06-12,0.09887640449437463,0.02,0.07887640449437462,36.19965321649891
2018-06-13,2788.0,2791.75,2773.75,2774.25,False,True,False,-0.004931850789096082,2652.11125,True,buy_every_session,2018-06-13,-0.49318507890960817,0.02,-0.5131850789096082,35.6864681375893
2018-06-14,2773.25,2789.25,2767.5,2783.25,True,False,False,0.0036058775804561627,2653.80875,True,buy_every_session,2018-06-14,0.36058775804561627,0.02,0.34058775804561625,36.027055895634916
2018-06-15,2782.5,2784.0,2766.25,2776.5,False,True,False,-0.0021563342318059453,2655.45625,True,buy_every_session,2018-06-15,-0.21563342318059453,0.02,-0.23563342318059452,35.79142247245432
2018-06-18,2780.0,2786.75,2761.25,2779.75,False,True,False,-8.992805755392297e-05,2657.07625,True,buy_every_session,2018-06-18,-0.008992805755392297,0.02,-0.028992805755392297,35.76242966669893
2018-06-19,2778.25,2780.25,2735.75,2766.25,False,True,False,-0.004319265724826771,2658.5575,True,buy_every_session,2018-06-19,-0.4319265724826771,0.02,-0.4519265724826771,35.31050309421625
2018-06-20,2765.25,2778.25,2757.25,2772.0,True,False,False,0.0024410089503661414,2660.04625,True,buy_every_session,2018-06-20,0.24410089503661414,0.02,0.22410089503661415,35.534603989252865
2018-06-21,2771.75,2785.25,2747.0,2752.5,False,True,False,-0.006945070803643927,2661.51,True,buy_every_session,2018-06-21,-0.6945070803643927,0.02,-0.7145070803643927,34.82009690888847
2018-06-22,2750.5,2768.5,2749.25,2759.5,True,False,False,0.003272132339574574,2662.98,True,buy_every_session,2018-06-22,0.3272132339574574,0.02,0.30721323395745737,35.12731014284593
2018-06-25,2757.0,2758.0,2700.5,2722.25,False,True,False,-0.012604280014508529,2664.25875,True,buy_every_session,2018-06-25,-1.2604280014508529,0.02,-1.280428001450853,33.84688214139508
2018-06-26,2721.75,2735.25,2714.75,2728.5,True,False,False,0.002480022044640373,2665.58875,True,buy_every_session,2018-06-26,0.2480022044640373,0.02,0.22800220446403732,34.07488434585912
2018-06-27,2726.5,2748.0,2701.0,2705.0,False,True,False,-0.007885567577480268,2666.67625,True,buy_every_session,2018-06-27,-0.7885567577480268,0.02,-0.8085567577480268,33.26632758811109
2018-06-28,2705.0,2726.25,2693.25,2719.5,True,False,False,0.00536044362292043,2667.79375,True,buy_every_session,2018-06-28,0.536044362292043,0.02,0.516044362292043,33.78237195040313
2018-06-29,2720.0,2745.5,2716.75,2721.5,True,False,False,0.0005514705882352366,2668.91875,True,buy_every_session,2018-06-29,0.055147058823523665,0.02,0.03514705882352366,33.81751900922666
2018-07-02,2721.0,2728.5,2698.5,2727.25,True,False,False,0.002296949650863578,2670.0725,True,buy_every_session,2018-07-02,0.22969496508635778,0.02,0.2096949650863578,34.027213974313014
2018-07-03,2727.25,2741.5,2712.0,2713.25,False,True,False,-0.00513337611146758,2671.15875,True,buy_every_session,2018-07-03,-0.513337611146758,0.02,-0.533337611146758,33.49387636316626
2018-07-05,2713.0,2739.75,2710.75,2738.5,True,False,False,0.009399189089568827,2672.3375,True,buy_every_session,2018-07-05,0.9399189089568827,0.02,0.9199189089568827,34.41379527212314
2018-07-06,2737.0,2766.25,2731.25,2763.0,True,False,False,0.009499451954694926,2673.62875,True,buy_every_session,2018-07-06,0.9499451954694926,0.02,0.9299451954694926,35.34374046759263
2018-07-09,2762.0,2788.0,2761.75,2787.5,True,False,False,0.009232440260680708,2675.04,True,buy_every_session,2018-07-09,0.9232440260680708,0.02,0.9032440260680707,36.246984493660705
2018-07-10,2787.5,2797.75,2780.5,2796.75,True,False,False,0.0033183856502241316,2676.51875,True,buy_every_session,2018-07-10,0.33183856502241316,0.02,0.31183856502241314,36.55882305868312
2018-07-11,2780.75,2787.75,2765.75,2774.0,False,True,False,-0.002427402679133328,2677.89125,True,buy_every_session,2018-07-11,-0.2427402679133328,0.02,-0.2627402679133328,36.29608279076979
2018-07-12,2776.75,2801.0,2773.75,2798.5,True,False,False,0.007832898172323688,2679.39875,True,buy_every_session,2018-07-12,0.7832898172323688,0.02,0.7632898172323688,37.05937260800216
2018-07-13,2798.5,2807.25,2793.25,2803.25,True,False,False,0.0016973378595677158,2680.9375,True,buy_every_session,2018-07-13,0.16973378595677158,0.02,0.1497337859567716,37.209106393958926
2018-07-16,2804.75,2809.0,2795.0,2796.5,False,True,False,-0.002941438630894022,2682.3975,True,buy_every_session,2018-07-16,-0.2941438630894022,0.02,-0.31414386308940223,36.89496253086952
2018-07-17,2795.75,2815.75,2789.75,2811.25,True,False,False,0.005544129482249804,2683.915,True,buy_every_session,2018-07-17,0.5544129482249804,0.02,0.5344129482249804,37.4293754790945
2018-07-18,2813.0,2818.25,2806.75,2816.0,True,False,False,0.0010664770707429216,2685.415,True,buy_every_session,2018-07-18,0.10664770707429216,0.02,0.08664770707429216,37.516023186168795
2018-07-19,2814.5,2818.0,2800.25,2805.25,False,True,False,-0.0032865517853970516,2686.81,True,buy_every_session,2018-07-19,-0.32865517853970516,0.02,-0.3486551785397052,37.167368007629086
2018-07-20,2805.5,2810.5,2793.0,2800.75,False,True,False,-0.0016931028337194842,2688.15,True,buy_every_session,2018-07-20,-0.16931028337194842,0.02,-0.1893102833719484,36.97805772425714
2018-07-23,2805.25,2812.5,2792.5,2812.0,True,False,False,0.002406202655734768,2689.52875,True,buy_every_session,2018-07-23,0.24062026557347682,0.02,0.22062026557347683,37.19867798983062
2018-07-24,2810.5,2831.25,2810.25,2821.0,True,False,False,0.0037359900373599153,2690.88375,True,buy_every_session,2018-07-24,0.37359900373599153,0.02,0.3535990037359915,37.552276993566615
2018-07-25,2819.25,2849.5,2814.0,2841.25,True,False,False,0.007803493837013287,2692.365,True,buy_every_session,2018-07-25,0.7803493837013287,0.02,0.7603493837013287,38.31262637726795
2018-07-26,2835.25,2846.5,2833.25,2842.5,True,False,False,0.002557093730711557,2693.85875,True,buy_every_session,2018-07-26,0.2557093730711557,0.02,0.23570937307115572,38.5483357503391
2018-07-27,2840.25,2847.0,2808.75,2817.5,False,True,False,-0.00800985828712264,2695.20375,True,buy_every_session,2018-07-27,-0.800985828712264,0.02,-0.820985828712264,37.72734992162683
2018-07-30,2816.0,2821.75,2798.25,2803.25,False,True,False,-0.0045276988636363535,2696.455,True,buy_every_session,2018-07-30,-0.45276988636363535,0.02,-0.47276988636363537,37.254580035263196
2018-07-31,2805.5,2827.75,2802.75,2817.0,True,False,False,0.0040990910711102835,2697.7925,True,buy_every_session,2018-07-31,0.40990910711102835,0.02,0.38990910711102833,37.644489142374226
2018-08-01,2824.25,2825.75,2805.5,2810.75,False,True,False,-0.0047800300964857545,2699.0825,True,buy_every_session,2018-08-01,-0.47800300964857545,0.02,-0.49800300964857547,37.14648613272565
2018-08-02,2814.0,2831.25,2791.0,2828.5,True,False,False,0.00515280739161339,2700.44375,True,buy_every_session,2018-08-02,0.515280739161339,0.02,0.49528073916133897,37.641766871886986
2018-08-03,2830.75,2841.5,2824.75,2839.5,True,False,False,0.003091053607701122,2701.85625,True,buy_every_session,2018-08-03,0.3091053607701122,0.02,0.2891053607701122,37.9308722326571
2018-08-06,2841.5,2853.5,2835.0,2850.0,True,False,False,0.002991377793418959,2703.30625,True,buy_every_session,2018-08-06,0.2991377793418959,0.02,0.2791377793418959,38.210010011998996
2018-08-07,2849.25,2863.75,2848.25,2859.75,True,False,False,0.0036851803106081604,2704.8025,True,buy_every_session,2018-08-07,0.36851803106081604,0.02,0.348518031060816,38.55852804305981
2018-08-08,2860.5,2862.5,2852.5,2855.25,False,True,False,-0.0018353434714211136,2706.20875,True,buy_every_session,2018-08-08,-0.18353434714211136,0.02,-0.20353434714211135,38.3549936959177
2018-08-09,2853.5,2862.75,2850.5,2853.75,True,False,False,8.761170492377346e-05,2707.66,True,buy_every_session,2018-08-09,0.008761170492377346,0.02,-0.011238829507622655,38.34375486641007
2018-08-10,2852.5,2852.75,2826.0,2836.75,False,True,False,-0.005521472392638005,2709.0075,True,buy_every_session,2018-08-10,-0.5521472392638005,0.02,-0.5721472392638005,37.771607627146274
2018-08-13,2835.75,2843.75,2820.0,2825.5,False,True,False,-0.0036145640483117303,2710.3425,True,buy_every_session,2018-08-13,-0.36145640483117303,0.02,-0.38145640483117305,37.3901512223151
2018-08-14,2826.75,2843.5,2825.75,2841.0,True,False,False,0.005041124966834731,2711.74,True,buy_every_session,2018-08-14,0.5041124966834731,0.02,0.4841124966834731,37.87426371899857
2018-08-15,2841.75,2843.0,2803.0,2821.25,False,True,False,-0.00721386469605001,2712.95375,True,buy_every_session,2018-08-15,-0.721386469605001,0.02,-0.741386469605001,37.132877249393566
2018-08-16,2822.25,2851.75,2817.5,2844.75,True,False,False,0.007972362476747374,2714.33625,True,buy_every_session,2018-08-16,0.7972362476747374,0.02,0.7772362476747374,37.9101134970683
2018-08-17,2843.5,2857.0,2835.0,2852.25,True,False,False,0.0030771935994373667,2715.73375,True,buy_every_session,2018-08-17,0.30771935994373667,0.02,0.28771935994373665,38.19783285701204
2018-08-20,2851.75,2860.75,2850.25,2858.5,True,False,False,0.0023669676514421756,2717.1525,True,buy_every_session,2018-08-20,0.23669676514421756,0.02,0.21669676514421757,38.41452962215626
2018-08-21,2856.75,2874.0,2852.0,2861.75,True,False,False,0.001750240658090485,2718.5775,True,buy_every_session,2018-08-21,0.1750240658090485,0.02,0.1550240658090485,38.56955368796531
2018-08-22,2853.0,2868.25,2846.25,2861.25,True,False,False,0.0028916929547844195,2719.97,True,buy_every_session,2018-08-22,0.28916929547844195,0.02,0.26916929547844193,38.83872298344375
2018-08-23,2861.75,2869.75,2854.75,2858.0,False,True,False,-0.0013103870009609775,2721.31625,True,buy_every_session,2018-08-23,-0.13103870009609775,0.02,-0.15103870009609774,38.68768428334766
2018-08-24,2858.25,2877.5,2856.25,2876.75,True,False,False,0.006472491909385036,2722.76625,True,buy_every_session,2018-08-24,0.6472491909385036,0.02,0.6272491909385036,39.314933474286164
2018-08-27,2877.75,2899.5,2876.75,2898.5,True,False,False,0.007210494309790594,2724.30375,True,buy_every_session,2018-08-27,0.7210494309790594,0.02,0.7010494309790594,40.015982905265226
2018-08-28,2899.0,2906.25,2894.25,2899.25,True,False,False,8.623663332185671e-05,2725.88,True,buy_every_session,2018-08-28,0.008623663332185671,0.02,-0.011376336667814329,40.00460656859741
2018-08-29,2900.5,2917.5,2897.5,2914.75,True,False,False,0.00491294604378556,2727.55625,True,buy_every_session,2018-08-29,0.491294604378556,0.02,0.47129460437855597,40.475901172975966
2018-08-30,2915.75,2916.25,2895.5,2902.0,False,True,False,-0.0047157678127411895,2729.15625,True,buy_every_session,2018-08-30,-0.47157678127411895,0.02,-0.49157678127411897,39.98432439170185
2018-08-31,2898.0,2907.5,2891.75,2902.0,True,False,False,0.0013802622498275685,2730.77625,True,buy_every_session,2018-08-31,0.13802622498275685,0.02,0.11802622498275685,40.1023506166846
2018-09-04,2906.5,2912.5,2885.5,2898.25,False,True,False,-0.002838465508343324,2732.4425,True,buy_every_session,2018-09-04,-0.2838465508343324,0.02,-0.30384655083433243,39.798504065850274
2018-09-05,2898.75,2900.5,2877.5,2888.25,False,True,False,-0.0036222509702458217,2733.95875,True,buy_every_session,2018-09-05,-0.36222509702458217,0.02,-0.3822250970245822,39.416278968825694
2018-09-06,2888.5,2893.0,2868.0,2879.0,False,True,False,-0.0032889042755755993,2735.4725,True,buy_every_session,2018-09-06,-0.32889042755755993,0.02,-0.34889042755755995,39.06738854126813
2018-09-07,2877.75,2885.0,2865.0,2874.75,False,True,False,-0.0010424811050300242,2736.93625,True,buy_every_session,2018-09-07,-0.10424811050300242,0.02,-0.12424811050300243,38.943140430765126
2018-09-10,2873.75,2888.25,2873.25,2880.25,True,False,False,0.002261852979556389,2738.35625,True,buy_every_session,2018-09-10,0.2261852979556389,0.02,0.20618529795563892,39.14932572872077
2018-09-11,2879.75,2893.0,2867.25,2889.75,True,False,False,0.003472523656567361,2739.8325,True,buy_every_session,2018-09-11,0.3472523656567361,0.02,0.3272523656567361,39.4765780943775
2018-09-12,2890.0,2895.25,2879.5,2888.5,False,True,False,-0.0005190311418684646,2741.27,True,buy_every_session,2018-09-12,-0.051903114186846455,0.02,-0.07190311418684646,39.404674980190656
2018-09-13,2887.0,2907.0,2884.75,2905.25,True,False,False,0.006321440942154588,2742.7875,True,buy_every_session,2018-09-13,0.6321440942154588,0.02,0.6121440942154588,40.016819074406115
2018-09-14,2904.75,2912.25,2896.75,2906.25,True,False,False,0.0005163955589981839,2744.18875,True,buy_every_session,2018-09-14,0.05163955589981839,0.02,0.031639555899818386,40.04845863030593
2018-09-17,2903.5,2906.25,2887.25,2891.0,False,True,False,-0.004305148958153926,2745.51875,True,buy_every_session,2018-09-17,-0.4305148958153926,0.02,-0.4505148958153926,39.597943734490535
2018-09-18,2890.5,2912.5,2878.5,2906.5,True,False,False,0.005535374502681156,2746.81125,True,buy_every_session,2018-09-18,0.5535374502681156,0.02,0.5335374502681156,40.13148118475865
2018-09-19,2907.75,2913.75,2900.75,2910.0,True,False,False,0.0007737941707506302,2748.14125,True,buy_every_session,2018-09-19,0.07737941707506302,0.02,0.05737941707506301,40.18886060183371
2018-09-20,2911.25,2935.75,2908.25,2934.0,True,False,False,0.007814512666380447,2749.62,True,buy_every_session,2018-09-20,0.7814512666380447,0.02,0.7614512666380446,40.95031186847176
2018-09-21,2934.75,2944.0,2932.25,2943.0,True,False,False,0.0028111423460259743,2751.19375,True,buy_every_session,2018-09-21,0.28111423460259743,0.02,0.2611142346025974,41.21142610307435
2018-09-24,2929.5,2930.25,2917.75,2925.5,False,True,False,-0.0013654207202594693,2752.675,True,buy_every_session,2018-09-24,-0.13654207202594693,0.02,-0.15654207202594692,41.0548840310484
2018-09-25,2926.5,2934.25,2918.25,2921.25,False,True,False,-0.0017939518195797532,2754.08375,True,buy_every_session,2018-09-25,-0.17939518195797532,0.02,-0.19939518195797531,40.85548884909043
2018-09-26,2922.5,2936.0,2907.5,2911.5,False,True,False,-0.0037639007698887506,2755.38625,True,buy_every_session,2018-09-26,-0.37639007698887506,0.02,-0.3963900769888751,40.459098772101555
2018-09-27,2911.5,2932.0,2907.5,2920.0,True,False,False,0.0029194573244031297,2756.67875,True,buy_every_session,2018-09-27,0.29194573244031297,0.02,0.27194573244031295,40.73104450454187
2018-09-28,2922.25,2925.5,2908.0,2919.0,False,True,False,-0.0011121567285482525,2757.94875,True,buy_every_session,2018-09-28,-0.11121567285482525,0.02,-0.13121567285482524,40.59982883168705
2018-10-01,2922.5,2942.0,2922.5,2930.0,True,False,False,0.0025662959794696683,2759.26625,True,buy_every_session,2018-10-01,0.2566295979469668,0.02,0.23662959794696684,40.836458429634014
2018-10-02,2929.25,2936.0,2917.5,2928.5,False,True,False,-0.00025603823504305456,2760.6425,True,buy_every_session,2018-10-02,-0.025603823504305456,0.02,-0.04560382350430546,40.790854606129706
2018-10-03,2929.0,2944.75,2924.75,2931.5,True,False,False,0.0008535336292250228,2761.96625,True,buy_every_session,2018-10-03,0.08535336292250228,0.02,0.06535336292250228,40.85620796905221
2018-10-04,2926.0,2926.25,2887.75,2907.75,False,True,False,-0.006237183868762819,2763.0325,True,buy_every_session,2018-10-04,-0.6237183868762819,0.02,-0.6437183868762819,40.21248958217593
2018-10-05,2910.0,2915.5,2873.25,2894.0,False,True,False,-0.005498281786941561,2764.0825,True,buy_every_session,2018-10-05,-0.5498281786941561,0.02,-0.5698281786941561,39.64266140348177
2018-10-08,2897.5,2898.25,2866.0,2893.75,False,True,False,-0.0012942191544434989,2765.14375,True,buy_every_session,2018-10-08,-0.1294219154443499,0.02,-0.14942191544434988,39.49323948803742
2018-10-09,2892.25,2900.0,2874.5,2888.25,False,True,False,-0.0013830063099662393,2766.14625,True,buy_every_session,2018-10-09,-0.13830063099662393,0.02,-0.15830063099662392,39.3349388570408
2018-10-10,2886.75,2891.25,2771.5,2781.0,False,True,False,-0.036632891660171474,2766.62125,True,buy_every_session,2018-10-10,-3.6632891660171474,0.02,-3.6832891660171474,35.65164969102365
2018-10-11,2776.5,2798.75,2712.25,2745.5,False,True,False,-0.01116513596254276,2766.91375,True,buy_every_session,2018-10-11,-1.116513596254276,0.02,-1.136513596254276,34.515136094769375
2018-10-12,2748.5,2785.0,2732.25,2768.5,True,False,False,0.007276696379843628,2767.32875,True,buy_every_session,2018-10-12,0.7276696379843628,0.02,0.7076696379843628,35.222805732753734
2018-10-15,2770.0,2778.75,2745.25,2749.0,False,True,False,-0.007581227436823101,2767.645,True,buy_every_session,2018-10-15,-0.7581227436823101,0.02,-0.7781227436823102,34.444682989071424
2018-10-16,2747.5,2819.0,2745.5,2817.75,True,False,False,0.02556869881710644,2768.35375,True,buy_every_session,2018-10-16,2.556869881710644,0.02,2.536869881710644,36.98155287078207
2018-10-17,2816.25,2824.25,2783.25,2816.25,False,False,True,0.0,2768.97,True,buy_every_session,2018-10-17,0.0,0.02,-0.02,36.961552870782064
2018-10-18,2813.25,2814.75,2756.5,2772.25,False,True,False,-0.014573891406735928,2769.27625,True,buy_every_session,2018-10-18,-1.4573891406735928,0.02,-1.4773891406735928,35.48416373010847
2018-10-19,2774.75,2800.5,2762.25,2767.5,False,True,False,-0.002612848004324708,2769.495,True,buy_every_session,2018-10-19,-0.2612848004324708,0.02,-0.28128480043247084,35.202878929676
2018-10-22,2758.0,2782.0,2749.75,2756.5,False,True,False,-0.0005438723712835047,2769.565,True,buy_every_session,2018-10-22,-0.054387237128350474,0.02,-0.07438723712835048,35.12849169254765
2018-10-23,2755.75,2757.5,2692.25,2746.25,False,True,False,-0.0034473373854667644,2769.5625,True,buy_every_session,2018-10-23,-0.34473373854667644,0.02,-0.36473373854667646,34.76375795400097
2018-10-24,2745.25,2750.0,2652.25,2664.25,False,True,False,-0.02950550951643749,2769.1225,True,buy_every_session,2018-10-24,-2.950550951643749,0.02,-2.970550951643749,31.793207002357224
2018-10-25,2673.75,2723.75,2658.75,2688.25,True,False,False,0.00542309490416093,2768.81125,True,buy_every_session,2018-10-25,0.542309490416093,0.02,0.522309490416093,32.31551649277332
2018-10-26,2678.0,2692.75,2627.25,2669.5,False,True,False,-0.0031740104555638693,2768.31125,True,buy_every_session,2018-10-26,-0.31740104555638693,0.02,-0.33740104555638695,31.978115447216933
2018-10-29,2667.0,2707.0,2603.0,2643.5,False,True,False,-0.008811398575178098,2767.585,True,buy_every_session,2018-10-29,-0.8811398575178098,0.02,-0.9011398575178098,31.076975589699124
2018-10-30,2639.0,2690.25,2633.25,2685.25,True,False,False,0.01752557787040554,2767.09875,True,buy_every_session,2018-10-30,1.752557787040554,0.02,1.732557787040554,32.80953337673968
2018-10-31,2690.75,2737.25,2682.0,2711.0,True,False,False,0.007525782774319367,2766.635,True,buy_every_session,2018-10-31,0.7525782774319367,0.02,0.7325782774319367,33.54211165417161
2018-11-01,2706.0,2741.25,2705.5,2738.0,True,False,False,0.01182557280118246,2766.34375,True,buy_every_session,2018-11-01,1.182557280118246,0.02,1.162557280118246,34.704668934289856
2018-11-02,2724.0,2766.25,2699.5,2724.25,True,False,False,9.177679882532708e-05,2765.91,True,buy_every_session,2018-11-02,0.009177679882532708,0.02,-0.010822320117467293,34.69384661417239
2018-11-05,2722.5,2743.75,2712.75,2739.5,True,False,False,0.006244260789715295,2765.43125,True,buy_every_session,2018-11-05,0.6244260789715295,0.02,0.6044260789715294,35.298272693143915
2018-11-06,2739.0,2761.0,2729.75,2759.0,True,False,False,0.007301935012778316,2765.02875,True,buy_every_session,2018-11-06,0.7301935012778316,0.02,0.7101935012778315,36.00846619442174
2018-11-07,2756.75,2817.75,2744.75,2816.5,True,False,False,0.021674072730570426,2764.90625,True,buy_every_session,2018-11-07,2.1674072730570426,0.02,2.1474072730570426,38.155873467478784
2018-11-08,2815.75,2818.0,2795.0,2808.75,False,True,False,-0.0024860161591050423,2764.74375,True,buy_every_session,2018-11-08,-0.24860161591050423,0.02,-0.26860161591050424,37.88727185156828
2018-11-09,2804.0,2811.25,2764.5,2779.0,False,True,False,-0.00891583452211131,2764.26625,True,buy_every_session,2018-11-09,-0.891583452211131,0.02,-0.911583452211131,36.975688399357146
2018-11-12,2778.75,2795.25,2722.25,2727.75,False,True,False,-0.01835357624831313,2763.6375,True,buy_every_session,2018-11-12,-1.835357624831313,0.02,-1.855357624831313,35.12033077452583
2018-11-13,2732.0,2755.75,2714.5,2727.5,False,True,False,-0.0016471449487555079,2763.1525,True,buy_every_session,2018-11-13,-0.1647144948755508,0.02,-0.18471449487555078,34.93561627965028
2018-11-14,2731.25,2748.25,2686.25,2698.5,False,True,False,-0.011990846681922185,2762.51625,True,buy_every_session,2018-11-14,-1.1990846681922185,0.02,-1.2190846681922185,33.716531611458066
2018-11-15,2702.0,2736.75,2671.25,2734.5,True,False,False,0.012028127313101322,2762.07625,True,buy_every_session,2018-11-15,1.2028127313101322,0.02,1.1828127313101322,34.899344342768195
2018-11-16,2731.75,2748.75,2708.75,2743.0,True,False,False,0.004118239223940723,2762.0075,True,buy_every_session,2018-11-16,0.4118239223940723,0.02,0.39182392239407227,35.29116826516227
2018-11-19,2733.0,2748.0,2681.5,2696.25,False,True,False,-0.013446761800219531,2762.45,True,buy_every_session,2018-11-19,-1.344676180021953,0.02,-1.3646761800219531,33.92649208514032
2018-11-20,2696.25,2696.75,2631.75,2640.0,False,True,False,-0.020862308762169657,2762.17875,True,buy_every_session,2018-11-20,-2.0862308762169657,0.02,-2.1062308762169657,31.820261208923352
2018-11-21,2639.75,2671.25,2632.25,2649.0,True,False,False,0.003504119708305664,2762.0825,True,buy_every_session,2018-11-21,0.3504119708305664,0.02,0.3304119708305664,32.150673179753916
2018-11-23,2635.5,2647.5,2626.0,2629.5,False,True,False,-0.0022766078542970636,2762.2625,True,buy_every_session,2018-11-23,-0.22766078542970636,0.02,-0.24766078542970635,31.90301239432421
2018-11-26,2633.5,2676.25,2631.5,2670.0,True,False,False,0.013859882285931269,2762.5175,True,buy_every_session,2018-11-26,1.3859882285931269,0.02,1.3659882285931269,33.26900062291734
2018-11-27,2661.0,2686.75,2655.25,2683.5,True,False,False,0.008455467869222133,2762.65875,True,buy_every_session,2018-11-27,0.8455467869222133,0.02,0.8255467869222133,34.09454740983955
2018-11-28,2686.25,2745.0,2681.0,2741.5,True,False,False,0.020567705909725564,2763.0575,True,buy_every_session,2018-11-28,2.0567705909725564,0.02,2.0367705909725564,36.13131800081211
2018-11-29,2738.0,2754.5,2723.25,2744.25,True,False,False,0.0022826880934989635,2763.29375,True,buy_every_session,2018-11-29,0.22826880934989635,0.02,0.20826880934989636,36.339586810162004
2018-11-30,2742.0,2764.75,2729.0,2758.25,True,False,False,0.0059263311451496214,2763.415,True,buy_every_session,2018-11-30,0.5926331145149621,0.02,0.5726331145149621,36.91221992467697
2018-12-03,2793.5,2814.0,2773.5,2790.75,False,True,False,-0.0009844281367460406,2763.69375,True,buy_every_session,2018-12-03,-0.09844281367460406,0.02,-0.11844281367460406,36.79377711100236
2018-12-04,2789.75,2790.5,2696.0,2701.75,False,True,False,-0.031544045165337375,2763.6325,True,buy_every_session,2018-12-04,-3.1544045165337375,0.02,-3.1744045165337376,33.61937259446863
2018-12-06,2713.25,2714.0,2621.25,2691.0,False,True,False,-0.008200497558278785,2763.59375,True,buy_every_session,2018-12-06,-0.8200497558278785,0.02,-0.8400497558278786,32.77932283864075
2018-12-07,2694.25,2709.75,2623.25,2636.0,False,True,False,-0.021620116915653687,2763.21625,True,buy_every_session,2018-12-07,-2.1620116915653687,0.02,-2.1820116915653687,30.597311147075384
2018-12-10,2625.0,2648.5,2583.0,2643.0,True,False,False,0.006857142857142895,2762.6875,True,buy_every_session,2018-12-10,0.6857142857142895,0.02,0.6657142857142895,31.263025432789675
2018-12-11,2644.0,2678.0,2621.25,2641.25,False,True,False,-0.0010400907715581997,2761.97125,True,buy_every_session,2018-12-11,-0.10400907715581997,0.02,-0.12400907715581998,31.139016355633856
2018-12-12,2632.5,2686.5,2631.75,2652.5,True,False,False,0.007597340930674212,2761.49625,True,buy_every_session,2018-12-12,0.7597340930674212,0.02,0.7397340930674212,31.87875044870128
2018-12-13,2653.0,2671.0,2637.25,2645.5,False,True,False,-0.0028269883151149644,2761.15125,True,buy_every_session,2018-12-13,-0.28269883151149644,0.02,-0.30269883151149646,31.576051617189783
2018-12-14,2646.5,2648.75,2594.0,2602.0,False,True,False,-0.016814660872850884,2760.77,True,buy_every_session,2018-12-14,-1.6814660872850884,0.02,-1.7014660872850884,29.874585529904696
2018-12-17,2594.0,2613.75,2530.5,2552.5,False,True,False,-0.015998457979953695,2760.08125,True,buy_every_session,2018-12-17,-1.5998457979953695,0.02,-1.6198457979953695,28.254739731909325
2018-12-18,2553.75,2574.75,2528.0,2535.75,False,True,False,-0.007048458149779724,2759.1675,True,buy_every_session,2018-12-18,-0.7048458149779724,0.02,-0.7248458149779724,27.529893916931353
2018-12-19,2530.5,2593.25,2488.0,2503.25,False,True,False,-0.010768622801817784,2758.06375,True,buy_every_session,2018-12-19,-1.0768622801817784,0.02,-1.0968622801817784,26.433031636749575
2018-12-20,2503.5,2517.5,2441.0,2485.75,False,True,False,-0.007090073896544813,2756.87625,True,buy_every_session,2018-12-20,-0.7090073896544813,0.02,-0.7290073896544813,25.704024247095095
2018-12-21,2487.0,2491.25,2466.75,2467.75,False,True,False,-0.007740249296340984,2755.51875,True,buy_every_session,2018-12-21,-0.7740249296340984,0.02,-0.7940249296340984,24.909999317460997
2018-12-24,2407.75,2434.5,2340.5,2341.75,False,True,False,-0.027411483750389376,2753.3075,True,buy_every_session,2018-12-24,-2.7411483750389376,0.02,-2.7611483750389376,22.148850942422058
2018-12-26,2348.5,2477.75,2316.75,2471.0,True,False,False,0.05216095380029806,2751.7425,True,buy_every_session,2018-12-26,5.216095380029806,0.02,5.196095380029806,27.344946322451865
2018-12-27,2470.25,2498.75,2397.0,2495.0,True,False,False,0.010019228822993664,2750.375,True,buy_every_session,2018-12-27,1.0019228822993664,0.02,0.9819228822993664,28.32686920475123
2018-12-28,2491.5,2523.0,2472.75,2486.0,False,True,False,-0.002207505518763808,2749.05625,True,buy_every_session,2018-12-28,-0.22075055187638082,0.02,-0.2407505518763808,28.08611865287485
2018-12-31,2495.5,2513.0,2482.75,2505.25,True,False,False,0.003907032658785781,2747.825,True,buy_every_session,2018-12-31,0.39070326587857807,0.02,0.37070326587857805,28.456821918753427
2019-01-02,2508.0,2521.25,2452.25,2511.0,True,False,False,0.0011961722488038617,2746.61625,True,buy_every_session,2019-01-02,0.11961722488038617,0.02,0.09961722488038617,28.556439143633813
2019-01-03,2482.25,2493.5,2443.25,2447.75,False,True,False,-0.013898680632490668,2745.24125,True,buy_every_session,2019-01-03,-1.3898680632490668,0.02,-1.4098680632490668,27.146571080384746
2019-01-04,2451.75,2539.25,2438.5,2531.25,True,False,False,0.03242581829305591,2744.28,True,buy_every_session,2019-01-04,3.242581829305591,0.02,3.222581829305591,30.369152909690335
2019-01-07,2537.25,2567.5,2523.25,2550.5,True,False,False,0.005222189378263797,2743.44125,True,buy_every_session,2019-01-07,0.5222189378263797,0.02,0.5022189378263797,30.871371847516716
2019-01-08,2553.25,2581.25,2547.5,2572.5,True,False,False,0.007539410555174708,2743.0875,True,buy_every_session,2019-01-08,0.7539410555174708,0.02,0.7339410555174708,31.605312903034186
2019-01-09,2569.5,2596.75,2568.5,2582.5,True,False,False,0.0050593500681066494,2743.01125,True,buy_every_session,2019-01-09,0.505935006810665,0.02,0.4859350068106649,32.09124790984485
2019-01-10,2580.0,2599.5,2560.5,2594.0,True,False,False,0.005426356589147252,2742.68375,True,buy_every_session,2019-01-10,0.5426356589147252,0.02,0.5226356589147252,32.613883568759576
2019-01-11,2594.0,2597.75,2577.0,2595.0,True,False,False,0.00038550501156509043,2742.58,True,buy_every_session,2019-01-11,0.03855050115650904,0.02,0.018550501156509042,32.63243406991609
2019-01-14,2588.5,2592.0,2567.25,2580.5,False,True,False,-0.0030905930075333377,2742.445,True,buy_every_session,2019-01-14,-0.30905930075333377,0.02,-0.3290593007533338,32.30337476916275
2019-01-15,2581.5,2613.75,2580.0,2605.5,True,False,False,0.009296920395119201,2742.2575,True,buy_every_session,2019-01-15,0.9296920395119201,0.02,0.9096920395119201,33.21306680867467
2019-01-16,2605.75,2626.25,2602.5,2613.25,True,False,False,0.0028782500239854514,2742.44875,True,buy_every_session,2019-01-16,0.28782500239854514,0.02,0.2678250023985451,33.480891811073214
2019-01-17,2614.5,2645.5,2596.5,2635.25,True,False,False,0.007936507936507908,2742.55875,True,buy_every_session,2019-01-17,0.7936507936507908,0.02,0.7736507936507908,34.254542604724
2019-01-18,2636.75,2677.75,2632.75,2671.5,True,False,False,0.013179103062482156,2742.68125,True,buy_every_session,2019-01-18,1.3179103062482156,0.02,1.2979103062482156,35.552452910972214
2019-01-22,2669.25,2673.5,2616.5,2632.0,False,True,False,-0.013955230870094648,2742.5325,True,buy_every_session,2019-01-22,-1.3955230870094648,0.02,-1.4155230870094648,34.136929823962745
2019-01-23,2630.75,2653.75,2612.5,2638.25,True,False,False,0.0028508980328803,2742.695,True,buy_every_session,2019-01-23,0.28508980328803,0.02,0.26508980328803,34.40201962725077
2019-01-24,2635.0,2647.5,2626.0,2634.0,False,True,False,-0.0003795066413662118,2742.77,True,buy_every_session,2019-01-24,-0.03795066413662118,0.02,-0.057950664136621186,34.344068963114154
2019-01-25,2636.25,2672.5,2634.5,2663.5,True,False,False,0.010336652441915506,2742.8125,True,buy_every_session,2019-01-25,1.0336652441915506,0.02,1.0136652441915506,35.357734207305704
2019-01-28,2660.0,2663.5,2622.25,2642.0,False,True,False,-0.006766917293233088,2742.8175,True,buy_every_session,2019-01-28,-0.6766917293233088,0.02,-0.6966917293233088,34.66104247798239
2019-01-29,2640.25,2650.0,2628.5,2640.25,False,False,True,0.0,2742.69875,True,buy_every_session,2019-01-29,0.0,0.02,-0.02,34.64104247798239
2019-01-30,2648.5,2689.75,2636.25,2682.5,True,False,False,0.012837455163299927,2742.825,True,buy_every_session,2019-01-30,1.2837455163299927,0.02,1.2637455163299927,35.90478799431238
2019-01-31,2683.5,2713.0,2675.75,2704.5,True,False,False,0.007825600894354467,2742.93875,True,buy_every_session,2019-01-31,0.7825600894354467,0.02,0.7625600894354467,36.667348083747825
2019-02-01,2707.75,2716.0,2695.5,2704.25,False,True,False,-0.0012925860954666746,2742.9275,True,buy_every_session,2019-02-01,-0.12925860954666746,0.02,-0.14925860954666745,36.518089474201155
2019-02-04,2699.25,2725.0,2697.0,2721.25,True,False,False,0.008150412151523678,2742.985,True,buy_every_session,2019-02-04,0.8150412151523678,0.02,0.7950412151523678,37.31313068935352
2019-02-05,2719.5,2737.75,2716.25,2731.0,True,False,False,0.004228718514432739,2743.175,True,buy_every_session,2019-02-05,0.4228718514432739,0.02,0.40287185144327387,37.716002540796794
2019-02-06,2730.75,2736.5,2722.25,2729.5,False,True,False,-0.0004577497024627064,2743.465,True,buy_every_session,2019-02-06,-0.04577497024627064,0.02,-0.06577497024627064,37.65022757055052
2019-02-07,2727.0,2729.25,2685.5,2704.0,False,True,False,-0.008434176751008438,2743.62875,True,buy_every_session,2019-02-07,-0.8434176751008438,0.02,-0.8634176751008438,36.78680989544968
2019-02-08,2702.0,2709.0,2680.75,2706.25,True,False,False,0.0015729089563285559,2743.98375,True,buy_every_session,2019-02-08,0.1572908956328556,0.02,0.1372908956328556,36.92410079108254
2019-02-11,2710.75,2721.5,2700.5,2708.25,False,True,False,-0.000922253988748456,2744.3025,True,buy_every_session,2019-02-11,-0.0922253988748456,0.02,-0.1122253988748456,36.81187539220769
2019-02-12,2707.0,2748.0,2705.5,2744.75,True,False,False,0.013945326930181023,2744.65375,True,buy_every_session,2019-02-12,1.3945326930181023,0.02,1.3745326930181023,38.18640808522579
2019-02-13,2743.5,2762.0,2742.75,2749.5,True,False,False,0.002186987424822373,2745.04375,True,buy_every_session,2019-02-13,0.2186987424822373,0.02,0.19869874248223732,38.38510682770803
2019-02-14,2749.25,2763.0,2730.25,2743.5,False,True,False,-0.0020914794944075776,2745.52625,True,buy_every_session,2019-02-14,-0.20914794944075776,0.02,-0.22914794944075775,38.15595887826727
2019-02-15,2741.25,2778.5,2729.0,2777.0,True,False,False,0.013041495668034697,2746.15,True,buy_every_session,2019-02-15,1.3041495668034697,0.02,1.2841495668034697,39.44010844507074
2019-02-19,2777.0,2787.5,2766.0,2778.75,True,False,False,0.0006301764494058837,2746.90625,True,buy_every_session,2019-02-19,0.06301764494058837,0.02,0.043017644940588365,39.48312609001133
2019-02-20,2777.75,2790.75,2773.25,2787.0,True,False,False,0.0033300333003329907,2747.6825,True,buy_every_session,2019-02-20,0.33300333003329907,0.02,0.31300333003329905,39.79612942004463
2019-02-21,2787.0,2798.0,2764.25,2774.25,False,True,False,-0.00457481162540363,2748.23875,True,buy_every_session,2019-02-21,-0.457481162540363,0.02,-0.477481162540363,39.318648257504265
2019-02-22,2773.5,2795.5,2770.5,2791.25,True,False,False,0.006399855777897923,2748.845,True,buy_every_session,2019-02-22,0.6399855777897923,0.02,0.6199855777897922,39.938633835294056
2019-02-25,2799.5,2814.0,2794.5,2797.0,False,True,False,-0.0008930166101089876,2749.47875,True,buy_every_session,2019-02-25,-0.08930166101089876,0.02,-0.10930166101089876,39.82933217428316
2019-02-26,2795.75,2803.5,2783.25,2791.5,False,True,False,-0.0015201645354555593,2749.95625,True,buy_every_session,2019-02-26,-0.15201645354555593,0.02,-0.17201645354555592,39.65731572073761
2019-02-27,2788.0,2797.25,2775.0,2795.0,True,False,False,0.002510760401721601,2750.3375,True,buy_every_session,2019-02-27,0.2510760401721601,0.02,0.23107604017216013,39.88839176090977
2019-02-28,2795.25,2795.75,2781.75,2784.75,False,True,False,-0.003756372417493936,2750.61375,True,buy_every_session,2019-02-28,-0.3756372417493936,0.02,-0.39563724174939363,39.49275451916038
2019-03-01,2785.25,2808.25,2783.0,2805.0,True,False,False,0.007090925410645266,2750.98375,True,buy_every_session,2019-03-01,0.7090925410645266,0.02,0.6890925410645266,40.181847060224904
2019-03-04,2814.0,2819.75,2767.5,2791.5,False,True,False,-0.007995735607675858,2751.39625,True,buy_every_session,2019-03-04,-0.7995735607675858,0.02,-0.8195735607675858,39.36227349945732
2019-03-05,2790.5,2799.0,2783.25,2791.5,True,False,False,0.0003583587170759017,2751.73875,True,buy_every_session,2019-03-05,0.03583587170759017,0.02,0.015835871707590172,39.3781093711649
2019-03-06,2786.5,2792.75,2768.5,2771.5,False,True,False,-0.005383097075183918,2752.0025,True,buy_every_session,2019-03-06,-0.5383097075183918,0.02,-0.5583097075183918,38.81979966364651
2019-03-07,2770.5,2776.25,2738.5,2750.0,False,True,False,-0.00739938639234794,2752.1875,True,buy_every_session,2019-03-07,-0.739938639234794,0.02,-0.759938639234794,38.05986102441172
2019-03-08,2749.0,2751.5,2722.0,2747.0,False,True,False,-0.0007275372862859397,2752.2575,True,buy_every_session,2019-03-08,-0.07275372862859397,0.02,-0.09275372862859398,37.96710729578312
2019-03-11,2745.5,2787.5,2736.75,2784.0,True,False,False,0.014022946639956402,2752.5475,True,buy_every_session,2019-03-11,1.4022946639956402,0.02,1.3822946639956402,39.34940195977876
2019-03-12,2784.75,2798.25,2780.5,2792.0,True,False,False,0.0026034653020916565,2752.85375,True,buy_every_session,2019-03-12,0.26034653020916565,0.02,0.24034653020916566,39.589748489987926
2019-03-13,2792.25,2821.25,2783.0,2814.5,True,False,False,0.007968484197331982,2753.28875,True,buy_every_session,2019-03-13,0.7968484197331982,0.02,0.7768484197331982,40.366596909721125
2019-03-14,2816.0,2820.0,2803.75,2807.25,False,True,False,-0.0031072443181817677,2753.73375,True,buy_every_session,2019-03-14,-0.31072443181817677,0.02,-0.3307244318181768,40.03587247790295
2019-03-15,2808.0,2821.5,2807.5,2811.889892578125,True,False,False,0.0013852893796741927,2754.3319494628904,True,buy_every_session,2019-03-15,0.13852893796741927,0.02,0.11852893796741927,40.15440141587037
2019-03-18,2827.0,2842.0,2824.0,2840.5,True,False,False,0.004775380261761608,2754.911949462891,True,buy_every_session,2019-03-18,0.4775380261761608,0.02,0.4575380261761608,40.61193944204653
2019-03-19,2841.5,2858.75,2829.0,2836.5,False,True,False,-0.0017596339961287732,2755.5669494628905,True,buy_every_session,2019-03-19,-0.17596339961287732,0.02,-0.19596339961287731,40.41597604243365
2019-03-20,2837.25,2849.25,2817.25,2827.0,False,True,False,-0.003612653097189167,2756.0331994628905,True,buy_every_session,2019-03-20,-0.3612653097189167,0.02,-0.3812653097189167,40.03471073271473
2019-03-21,2823.75,2866.0,2813.75,2862.5,True,False,False,0.013722886232846454,2756.6181994628905,True,buy_every_session,2019-03-21,1.3722886232846454,0.02,1.3522886232846454,41.38699935599937
2019-03-22,2859.5,2864.75,2805.25,2810.75,False,True,False,-0.017048435041091103,2756.914449462891,True,buy_every_session,2019-03-22,-1.7048435041091103,0.02,-1.7248435041091104,39.66215585189026
2019-03-25,2813.0,2818.5,2789.5,2807.0,False,True,False,-0.0021329541414859543,2757.0881994628908,True,buy_every_session,2019-03-25,-0.21329541414859543,0.02,-0.23329541414859542,39.42886043774167
2019-03-26,2808.5,2835.0,2806.0,2823.0,True,False,False,0.005162898344311939,2757.3419494628906,True,buy_every_session,2019-03-26,0.5162898344311939,0.02,0.4962898344311939,39.925150272172864
2019-03-27,2823.5,2831.75,2791.75,2810.5,False,True,False,-0.004604214627235703,2757.5006994628907,True,buy_every_session,2019-03-27,-0.4604214627235703,0.02,-0.48042146272357034,39.444728809449295
2019-03-28,2807.0,2824.25,2795.0,2821.0,True,False,False,0.004987531172069737,2757.6906994628907,True,buy_every_session,2019-03-28,0.4987531172069737,0.02,0.47875311720697367,39.923481926656265
2019-03-29,2820.5,2840.75,2820.25,2837.75,True,False,False,0.006115936890622287,2757.9594494628905,True,buy_every_session,2019-03-29,0.6115936890622287,0.02,0.5915936890622286,40.515075615718494
2019-04-01,2844.5,2873.5,2844.5,2870.5,True,False,False,0.009140446475654818,2758.4406994628907,True,buy_every_session,2019-04-01,0.9140446475654818,0.02,0.8940446475654817,41.409120263283974
2019-04-02,2868.5,2873.75,2862.25,2867.0,False,True,False,-0.000522921387484776,2758.8594494628906,True,buy_every_session,2019-04-02,-0.0522921387484776,0.02,-0.0722921387484776,41.336828124535494
2019-04-03,2866.0,2889.25,2865.25,2879.75,True,False,False,0.004797627355198841,2759.3756994628907,True,buy_every_session,2019-04-03,0.47976273551988413,0.02,0.4597627355198841,41.796590860055375
2019-04-04,2880.75,2885.75,2871.0,2882.75,True,False,False,0.0006942636466198415,2759.8906994628906,True,buy_every_session,2019-04-04,0.06942636466198415,0.02,0.04942636466198415,41.84601722471736
2019-04-05,2882.5,2898.0,2880.5,2896.0,True,False,False,0.004683434518647056,2760.539449462891,True,buy_every_session,2019-04-05,0.4683434518647056,0.02,0.4483434518647056,42.294360676582066
2019-04-08,2896.25,2899.75,2884.25,2898.25,True,False,False,0.0006905481225722987,2761.1706994628908,True,buy_every_session,2019-04-08,0.06905481225722987,0.02,0.049054812257229866,42.3434154888393
2019-04-09,2898.5,2900.0,2877.25,2882.5,False,True,False,-0.005520096601690505,2761.820699462891,True,buy_every_session,2019-04-09,-0.5520096601690505,0.02,-0.5720096601690505,41.77140582867025
2019-04-10,2882.0,2896.0,2878.0,2894.5,True,False,False,0.004337265787647482,2762.4956994628906,True,buy_every_session,2019-04-10,0.4337265787647482,0.02,0.41372657876474817,42.18513240743499
2019-04-11,2894.75,2900.0,2885.25,2891.75,False,True,False,-0.0010363589256412453,2763.3431994628904,True,buy_every_session,2019-04-11,-0.10363589256412453,0.02,-0.12363589256412454,42.06149651487087
2019-04-12,2892.0,2914.75,2890.75,2912.5,True,False,False,0.007088520055325009,2764.2631994628905,True,buy_every_session,2019-04-12,0.7088520055325009,0.02,0.6888520055325009,42.75034852040337
2019-04-15,2912.0,2914.5,2900.5,2909.5,False,True,False,-0.000858516483516536,2765.2856994628905,True,buy_every_session,2019-04-15,-0.0858516483516536,0.02,-0.1058516483516536,42.64449687205172
2019-04-16,2910.25,2921.25,2904.5,2911.5,True,False,False,0.0004295163645735567,2766.2456994628906,True,buy_every_session,2019-04-16,0.04295163645735567,0.02,0.022951636457355668,42.667448508509075
2019-04-17,2910.25,2923.5,2898.5,2900.5,False,True,False,-0.0033502276436732092,2767.1406994628906,True,buy_every_session,2019-04-17,-0.3350227643673209,0.02,-0.35502276436732094,42.312425744141756
2019-04-18,2901.0,2911.75,2889.5,2910.0,True,False,False,0.0031023784901758056,2768.0544494628907,True,buy_every_session,2019-04-18,0.31023784901758056,0.02,0.29023784901758054,42.602663593159335
2019-04-22,2908.75,2915.75,2899.0,2912.5,True,False,False,0.0012892135797164528,2769.0506994628904,True,buy_every_session,2019-04-22,0.12892135797164528,0.02,0.10892135797164527,42.71158495113098
2019-04-23,2911.75,2939.75,2908.0,2938.0,True,False,False,0.009015197046449819,2770.048199462891,True,buy_every_session,2019-04-23,0.9015197046449819,0.02,0.8815197046449819,43.59310465577596
2019-04-24,2937.25,2939.75,2927.75,2930.75,False,True,False,-0.002212954293982494,2770.8869494628907,True,buy_every_session,2019-04-24,-0.22129542939824942,0.02,-0.2412954293982494,43.35180922637771
2019-04-25,2930.0,2935.75,2914.25,2926.25,False,True,False,-0.0012798634812286602,2771.5806994628906,True,buy_every_session,2019-04-25,-0.12798634812286602,0.02,-0.147986348122866,43.20382287825485
2019-04-26,2923.75,2942.75,2917.25,2941.5,True,False,False,0.006070970500213768,2772.3044494628907,True,buy_every_session,2019-04-26,0.6070970500213768,0.02,0.5870970500213768,43.790919928276224
2019-04-29,2939.25,2951.5,2937.75,2943.0,True,False,False,0.001275835672365444,2773.1494494628905,True,buy_every_session,2019-04-29,0.1275835672365444,0.02,0.1075835672365444,43.89850349551277
2019-04-30,2942.5,2956.5,2926.0,2948.5,True,False,False,0.0020390824129141727,2773.8994494628905,True,buy_every_session,2019-04-30,0.20390824129141727,0.02,0.18390824129141728,44.08241173680419
2019-05-01,2955.0,2961.25,2916.0,2923.0,False,True,False,-0.010829103214890057,2774.4981994628906,True,buy_every_session,2019-05-01,-1.0829103214890057,0.02,-1.1029103214890057,42.979501415315184
2019-05-02,2916.5,2932.75,2901.0,2917.5,True,False,False,0.0003428767358135687,2775.1031994628906,True,buy_every_session,2019-05-02,0.03428767358135687,0.02,0.01428767358135687,42.99378908889654
2019-05-03,2918.5,2949.5,2916.5,2947.5,True,False,False,0.00993661127291423,2775.7844494628907,True,buy_every_session,2019-05-03,0.9936611272914231,0.02,0.9736611272914231,43.96745021618796
2019-05-06,2917.75,2938.25,2883.5,2932.5,True,False,False,0.005055265187216218,2776.3669494628907,True,buy_every_session,2019-05-06,0.5055265187216218,0.02,0.4855265187216218,44.45297673490958
2019-05-07,2911.75,2930.5,2862.5,2890.75,False,True,False,-0.007212157637159766,2776.7944494628905,True,buy_every_session,2019-05-07,-0.7212157637159766,0.02,-0.7412157637159766,43.711760971193605
2019-05-08,2889.75,2899.5,2868.75,2887.25,False,True,False,-0.0008651267410675345,2777.226949462891,True,buy_every_session,2019-05-08,-0.08651267410675345,0.02,-0.10651267410675345,43.60524829708685
2019-05-09,2884.0,2885.5,2836.25,2872.75,False,True,False,-0.0039008321775312327,2777.5306994628904,True,buy_every_session,2019-05-09,-0.39008321775312327,0.02,-0.4100832177531233,43.19516507933373
2019-05-10,2869.75,2893.0,2826.0,2887.0,True,False,False,0.006010976565902881,2777.860699462891,True,buy_every_session,2019-05-10,0.6010976565902881,0.02,0.5810976565902881,43.776262735924014
2019-05-13,2858.5,2869.25,2802.0,2807.0,False,True,False,-0.01801644218995979,2777.6894494628905,True,buy_every_session,2019-05-13,-1.8016442189959792,0.02,-1.8216442189959792,41.954618516928036
2019-05-14,2806.0,2853.75,2799.75,2839.25,True,False,False,0.011849607982893806,2777.673199462891,True,buy_every_session,2019-05-14,1.1849607982893806,0.02,1.1649607982893806,43.119579315217415
2019-05-15,2840.75,2860.0,2815.0,2855.0,True,False,False,0.005016280911731119,2777.860699462891,True,buy_every_session,2019-05-15,0.5016280911731119,0.02,0.4816280911731119,43.60120740639053
2019-05-16,2853.5,2894.0,2840.5,2878.5,True,False,False,0.00876117049237779,2778.2369494628906,True,buy_every_session,2019-05-16,0.876117049237779,0.02,0.856117049237779,44.45732445562831
2019-05-17,2879.75,2887.5,2852.5,2862.0,False,True,False,-0.0061637294904071105,2778.4619494628905,True,buy_every_session,2019-05-17,-0.616372949040711,0.02,-0.6363729490407111,43.8209515065876
2019-05-20,2861.5,2876.5,2832.5,2844.0,False,True,False,-0.006115673597763438,2778.6281994628907,True,buy_every_session,2019-05-20,-0.6115673597763438,0.02,-0.6315673597763438,43.18938414681126
2019-05-21,2848.0,2870.75,2846.25,2866.0,True,False,False,0.006320224719101208,2778.8156994628907,True,buy_every_session,2019-05-21,0.6320224719101208,0.02,0.6120224719101208,43.80140661872138
2019-05-22,2864.75,2869.5,2848.25,2857.5,False,True,False,-0.002530761846583518,2778.9056994628904,True,buy_every_session,2019-05-22,-0.2530761846583518,0.02,-0.2730761846583518,43.52833043406303
2019-05-23,2857.75,2858.5,2805.75,2819.5,False,True,False,-0.013384655760650843,2778.7531994628907,True,buy_every_session,2019-05-23,-1.3384655760650843,0.02,-1.3584655760650843,42.16986485799794
2019-05-24,2821.75,2842.0,2819.25,2831.75,True,False,False,0.0035439000620183236,2778.6131994628904,True,buy_every_session,2019-05-24,0.35439000620183236,0.02,0.33439000620183235,42.50425486419977
2019-05-28,2831.0,2841.25,2800.5,2805.0,False,True,False,-0.009184033910279,2778.3619494628906,True,buy_every_session,2019-05-28,-0.9184033910278999,0.02,-0.9384033910278999,41.565851473171875
2019-05-29,2804.25,2806.0,2766.25,2780.0,False,True,False,-0.00864758848176872,2777.9931994628905,True,buy_every_session,2019-05-29,-0.864758848176872,0.02,-0.884758848176872,40.681092624995
2019-05-30,2779.5,2799.0,2776.5,2790.5,True,False,False,0.003957546321280869,2777.7619494628907,True,buy_every_session,2019-05-30,0.3957546321280869,0.02,0.3757546321280869,41.05684725712309
2019-05-31,2788.75,2791.0,2750.0,2752.5,False,True,False,-0.012998655311519447,2777.3969494628905,True,buy_every_session,2019-05-31,-1.2998655311519447,0.02,-1.3198655311519447,39.73698172597114
2019-06-03,2741.0,2763.75,2728.75,2749.5,True,False,False,0.0031010580080261807,2776.9394494628905,True,buy_every_session,2019-06-03,0.31010580080261807,0.02,0.29010580080261805,40.02708752677376
2019-06-04,2754.0,2806.25,2744.0,2805.0,True,False,False,0.0185185185185186,2776.8581994628908,True,buy_every_session,2019-06-04,1.85185185185186,0.02,1.83185185185186,41.85893937862562
2019-06-05,2806.5,2829.5,2801.0,2827.75,True,False,False,0.00757170853376099,2776.7731994628907,True,buy_every_session,2019-06-05,0.757170853376099,0.02,0.737170853376099,42.59611023200172
2019-06-06,2820.5,2853.0,2812.75,2845.75,True,False,False,0.008952313419606561,2776.7406994628905,True,buy_every_session,2019-06-06,0.8952313419606561,0.02,0.8752313419606561,43.47134157396238
2019-06-07,2840.0,2886.25,2838.0,2875.0,True,False,False,0.012323943661971759,2776.8231994628904,True,buy_every_session,2019-06-07,1.232394366197176,0.02,1.2123943661971759,44.68373594015955
2019-06-10,2893.25,2905.75,2880.5,2889.25,False,True,False,-0.0013825282986260623,2776.9606994628907,True,buy_every_session,2019-06-10,-0.13825282986260623,0.02,-0.15825282986260622,44.525483110296946
2019-06-11,2890.25,2911.5,2879.25,2887.0,False,True,False,-0.0011244702015396069,2777.0894494628906,True,buy_every_session,2019-06-11,-0.11244702015396069,0.02,-0.13244702015396068,44.393036090142985
2019-06-12,2887.25,2891.0,2875.25,2881.0,False,True,False,-0.0021646895835136792,2777.204449462891,True,buy_every_session,2019-06-12,-0.21646895835136792,0.02,-0.2364689583513679,44.15656713179162
2019-06-13,2882.0,2896.5,2867.25,2894.5,True,False,False,0.004337265787647482,2777.2931994628907,True,buy_every_session,2019-06-13,0.4337265787647482,0.02,0.41372657876474817,44.57029371055636
2019-06-14,2893.75,2898.75,2880.5,2890.5,False,True,False,-0.0011231101511879338,2777.2531994628907,True,buy_every_session,2019-06-14,-0.11231101511879338,0.02,-0.13231101511879337,44.43798269543757
2019-06-17,2890.75,2900.75,2887.75,2892.0,True,False,False,0.00043241373346014633,2777.2169494628906,True,buy_every_session,2019-06-17,0.04324137334601463,0.02,0.023241373346014633,44.46122406878359
2019-06-18,2893.5,2931.75,2884.5,2921.75,True,False,False,0.009763262484879798,2777.2519494628905,True,buy_every_session,2019-06-18,0.9763262484879798,0.02,0.9563262484879798,45.41755031727157
2019-06-19,2920.5,2932.5,2909.0,2929.0,True,False,False,0.0029104605375791515,2777.3869494628907,True,buy_every_session,2019-06-19,0.29104605375791515,0.02,0.27104605375791513,45.68859637102948
2019-06-20,2926.75,2960.0,2926.0,2955.75,True,False,False,0.009908601691295704,2777.6556994628904,True,buy_every_session,2019-06-20,0.9908601691295704,0.02,0.9708601691295704,46.659456540159056
2019-06-21,2953.75,2956.0,2944.0,2953.89990234375,True,False,False,5.07498413033769e-05,2777.9339489746094,True,buy_every_session,2019-06-21,0.00507498413033769,0.02,-0.01492501586966231,46.64453152428939
2019-06-24,2948.0,2961.75,2947.25,2952.0,True,False,False,0.0013568521031208647,2778.2526989746093,True,buy_every_session,2019-06-24,0.13568521031208647,0.02,0.11568521031208646,46.76021673460148
2019-06-25,2951.0,2958.25,2920.0,2922.0,False,True,False,-0.00982717722805826,2778.4676989746094,True,buy_every_session,2019-06-25,-0.9827177228058259,0.02,-1.002717722805826,45.75749901179565
2019-06-26,2922.5,2939.0,2914.5,2918.0,False,True,False,-0.0015397775876817565,2778.6839489746094,True,buy_every_session,2019-06-26,-0.15397775876817565,0.02,-0.17397775876817564,45.58352125302748
2019-06-27,2914.75,2935.75,2914.75,2931.0,True,False,False,0.005575092203447873,2778.9376989746092,True,buy_every_session,2019-06-27,0.5575092203447873,0.02,0.5375092203447873,46.121030473372265
2019-06-28,2932.75,2955.25,2930.0,2944.25,True,False,False,0.003921234336373702,2779.2101989746093,True,buy_every_session,2019-06-28,0.39212343363737023,0.02,0.3721234336373702,46.493153907009635
2019-07-01,2970.0,2981.75,2955.5,2967.75,False,True,False,-0.0007575757575757347,2779.6064489746095,True,buy_every_session,2019-07-01,-0.07575757575757347,0.02,-0.09575757575757347,46.39739633125206
2019-07-02,2968.0,2980.0,2958.5,2979.5,True,False,False,0.0038746630727761744,2779.977698974609,True,buy_every_session,2019-07-02,0.38746630727761744,0.02,0.3674663072776174,46.76486263852968
2019-07-03,2979.0,3001.5,2973.75,3000.25,True,False,False,0.007133266196710286,2780.4476989746095,True,buy_every_session,2019-07-03,0.7133266196710286,0.02,0.6933266196710286,47.458189258200704
2019-07-05,3000.75,3006.0,2971.25,2990.5,False,True,False,-0.003415812713488342,2780.9451989746094,True,buy_every_session,2019-07-05,-0.3415812713488342,0.02,-0.3615812713488342,47.09660798685187
2019-07-08,2990.75,2994.75,2973.25,2978.5,False,True,False,-0.0040959625511994835,2781.3051989746095,True,buy_every_session,2019-07-08,-0.40959625511994835,0.02,-0.42959625511994837,46.667011731731925
2019-07-09,2977.75,2986.25,2963.5,2982.0,True,False,False,0.0014272521198892552,2781.665198974609,True,buy_every_session,2019-07-09,0.14272521198892552,0.02,0.12272521198892551,46.789736943720854
2019-07-10,2982.25,3007.5,2971.25,2997.5,True,False,False,0.005113588733338892,2781.9826989746093,True,buy_every_session,2019-07-10,0.5113588733338892,0.02,0.49135887333388917,47.28109581705474
2019-07-11,2996.0,3006.75,2992.5,3004.0,True,False,False,0.002670226969292422,2782.287698974609,True,buy_every_session,2019-07-11,0.2670226969292422,0.02,0.2470226969292422,47.52811851398398
2019-07-12,3003.0,3018.0,3002.25,3015.5,True,False,False,0.004162504162504188,2782.7376989746094,True,buy_every_session,2019-07-12,0.4162504162504188,0.02,0.3962504162504188,47.9243689302344
2019-07-15,3015.25,3023.5,3010.75,3017.25,True,False,False,0.0006632949175027214,2783.2176989746094,True,buy_every_session,2019-07-15,0.06632949175027214,0.02,0.046329491750272137,47.97069842198467
2019-07-16,3017.25,3021.75,3004.5,3007.0,False,True,False,-0.0033971331510481706,2783.6951989746094,True,buy_every_session,2019-07-16,-0.33971331510481706,0.02,-0.3597133151048171,47.61098510687985
2019-07-17,3005.75,3013.0,2980.5,2985.0,False,True,False,-0.006903435082758036,2784.0201989746092,True,buy_every_session,2019-07-17,-0.6903435082758036,0.02,-0.7103435082758036,46.90064159860405
2019-07-18,2980.75,3005.25,2974.5,2997.5,True,False,False,0.005619391092845705,2784.412698974609,True,buy_every_session,2019-07-18,0.5619391092845705,0.02,0.5419391092845705,47.44258070788862
2019-07-19,3003.75,3009.75,2969.5,2977.0,False,True,False,-0.008905534748231414,2784.6476989746093,True,buy_every_session,2019-07-19,-0.8905534748231414,0.02,-0.9105534748231414,46.53202723306548
2019-07-22,2974.5,2993.5,2972.5,2989.0,True,False,False,0.004874768868717405,2784.9501989746095,True,buy_every_session,2019-07-22,0.4874768868717405,0.02,0.4674768868717405,46.99950411993722
2019-07-23,2988.75,3008.5,2987.5,3008.0,True,False,False,0.006440819740694215,2785.3326989746092,True,buy_every_session,2019-07-23,0.6440819740694215,0.02,0.6240819740694215,47.62358609400664
2019-07-24,3003.0,3022.0,2996.0,3021.5,True,False,False,0.0061605061605061184,2785.9014489746096,True,buy_every_session,2019-07-24,0.6160506160506118,0.02,0.5960506160506118,48.21963671005725
2019-07-25,3018.0,3027.75,2998.0,3006.5,False,True,False,-0.003810470510271724,2786.4639489746096,True,buy_every_session,2019-07-25,-0.3810470510271724,0.02,-0.4010470510271724,47.81858965903008
2019-07-26,3006.5,3029.5,3006.0,3024.5,True,False,False,0.005987028105770786,2787.1176989746095,True,buy_every_session,2019-07-26,0.5987028105770786,0.02,0.5787028105770786,48.39729246960716
2019-07-29,3022.0,3027.25,3015.5,3021.75,False,True,False,-8.272667107878107e-05,2787.7851989746096,True,buy_every_session,2019-07-29,-0.008272667107878107,0.02,-0.028272667107878107,48.36901980249928
2019-07-30,3022.25,3027.5,3001.5,3012.25,False,True,False,-0.0033087931177102625,2788.9414489746096,True,buy_every_session,2019-07-30,-0.33087931177102625,0.02,-0.35087931177102627,48.01814049072826
2019-07-31,3016.25,3020.75,2958.0,2982.25,False,True,False,-0.011272275176129276,2790.1251989746092,True,buy_every_session,2019-07-31,-1.1272275176129276,0.02,-1.1472275176129276,46.87091297311533
2019-08-01,2970.25,3014.25,2944.5,2952.0,False,True,False,-0.006144263950845885,2791.0426989746093,True,buy_every_session,2019-08-01,-0.6144263950845885,0.02,-0.6344263950845885,46.23648657803074
2019-08-02,2950.25,2961.0,2913.5,2932.5,False,True,False,-0.00601643928480633,2791.9601989746093,True,buy_every_session,2019-08-02,-0.601643928480633,0.02,-0.621643928480633,45.61484264955011
2019-08-05,2929.25,2933.5,2820.5,2830.0,False,True,False,-0.033882393104036845,2792.0214489746095,True,buy_every_session,2019-08-05,-3.3882393104036845,0.02,-3.4082393104036846,42.206603339146426
2019-08-06,2816.25,2883.75,2775.75,2876.0,True,False,False,0.021216156236129713,2792.3201989746094,True,buy_every_session,2019-08-06,2.1216156236129713,0.02,2.1016156236129713,44.3082189627594
2019-08-07,2873.75,2891.5,2823.25,2880.5,True,False,False,0.0023488473249237973,2792.861448974609,True,buy_every_session,2019-08-07,0.23488473249237973,0.02,0.21488473249237974,44.52310369525178
2019-08-08,2879.0,2940.75,2870.5,2940.0,True,False,False,0.021187912469607495,2793.7239489746094,True,buy_every_session,2019-08-08,2.1187912469607495,0.02,2.0987912469607495,46.62189494221253
2019-08-09,2928.0,2935.75,2899.0,2919.75,False,True,False,-0.002817622950819665,2794.540198974609,True,buy_every_session,2019-08-09,-0.2817622950819665,0.02,-0.3017622950819665,46.32013264713056
2019-08-12,2918.75,2931.0,2872.5,2880.25,False,True,False,-0.013190578158458255,2795.2101989746093,True,buy_every_session,2019-08-12,-1.3190578158458255,0.02,-1.3390578158458255,44.98107483128474
2019-08-13,2882.25,2944.25,2866.75,2932.0,True,False,False,0.01726082053950906,2796.548948974609,True,buy_every_session,2019-08-13,1.7260820539509059,0.02,1.7060820539509058,46.687156885235645
2019-08-14,2931.0,2936.5,2835.75,2840.75,False,True,False,-0.03079153872398499,2797.3114489746094,True,buy_every_session,2019-08-14,-3.079153872398499,0.02,-3.099153872398499,43.58800301283715
2019-08-15,2836.0,2871.75,2817.75,2848.5,True,False,False,0.004407616361072009,2798.2064489746094,True,buy_every_session,2019-08-15,0.44076163610720087,0.02,0.42076163610720085,44.00876464894435
2019-08-16,2851.0,2894.75,2849.5,2891.5,True,False,False,0.01420554191511747,2799.446448974609,True,buy_every_session,2019-08-16,1.420554191511747,0.02,1.400554191511747,45.409318840456095
2019-08-19,2893.0,2932.25,2892.5,2923.75,True,False,False,0.010629104735568662,2800.6389489746093,True,buy_every_session,2019-08-19,1.0629104735568662,0.02,1.0429104735568662,46.45222931401296
2019-08-20,2921.25,2932.25,2894.25,2898.25,False,True,False,-0.007873341891313612,2801.5751989746095,True,buy_every_session,2019-08-20,-0.7873341891313612,0.02,-0.8073341891313612,45.6448951248816
2019-08-21,2893.25,2932.5,2893.0,2929.25,True,False,False,0.012442754687635116,2802.5314489746092,True,buy_every_session,2019-08-21,1.2442754687635116,0.02,1.2242754687635116,46.86917059364511
2019-08-22,2931.25,2939.75,2904.25,2922.25,False,True,False,-0.0030703624733475765,2803.5214489746095,True,buy_every_session,2019-08-22,-0.30703624733475765,0.02,-0.32703624733475767,46.54213434631035
2019-08-23,2920.25,2936.75,2834.0,2855.5,False,True,False,-0.022172759181576907,2804.1014489746094,True,buy_every_session,2019-08-23,-2.2172759181576907,0.02,-2.2372759181576907,44.304858428152656
2019-08-26,2831.0,2888.5,2810.25,2883.25,True,False,False,0.01845637583892623,2804.7226989746096,True,buy_every_session,2019-08-26,1.8456375838926231,0.02,1.825637583892623,46.13049601204528
2019-08-27,2882.75,2899.5,2860.0,2865.5,False,True,False,-0.005983869568987998,2804.9676989746094,True,buy_every_session,2019-08-27,-0.5983869568987998,0.02,-0.6183869568987999,45.512109055146475
2019-08-28,2866.25,2890.5,2851.75,2889.75,True,False,False,0.008198866114260683,2805.372698974609,True,buy_every_session,2019-08-28,0.8198866114260683,0.02,0.7998866114260683,46.31199566657254
2019-08-29,2883.25,2930.75,2875.25,2926.75,True,False,False,0.01508714124685695,2806.111448974609,True,buy_every_session,2019-08-29,1.508714124685695,0.02,1.488714124685695,47.800709791258235
2019-08-30,2923.25,2946.5,2913.25,2924.75,True,False,False,0.0005131275121867951,2807.0964489746093,True,buy_every_session,2019-08-30,0.05131275121867951,0.02,0.031312751218679505,47.83202254247691
2019-09-03,2901.0,2926.5,2889.0,2906.0,True,False,False,0.0017235436056532993,2807.9889489746092,True,buy_every_session,2019-09-03,0.17235436056532993,0.02,0.15235436056532994,47.98437690304225
2019-09-04,2903.0,2939.5,2902.0,2938.5,True,False,False,0.012228728901136687,2809.1889489746095,True,buy_every_session,2019-09-04,1.2228728901136687,0.02,1.2028728901136687,49.187249793155914
2019-09-05,2938.0,2986.5,2936.5,2972.0,True,False,False,0.011572498298161982,2810.3764489746095,True,buy_every_session,2019-09-05,1.1572498298161982,0.02,1.1372498298161982,50.32449962297211
2019-09-06,2970.75,2988.25,2970.25,2980.75,True,False,False,0.0033661533282840495,2811.5651989746093,True,buy_every_session,2019-09-06,0.33661533282840495,0.02,0.3166153328284049,50.64111495580052
2019-09-09,2980.25,2991.5,2969.5,2978.25,False,True,False,-0.0006710846405503235,2812.975198974609,True,buy_every_session,2019-09-09,-0.06710846405503235,0.02,-0.08710846405503235,50.55400649174548
2019-09-10,2979.25,2985.0,2957.25,2978.5,False,True,False,-0.00025174121003612715,2814.6676989746093,True,buy_every_session,2019-09-10,-0.025174121003612715,0.02,-0.04517412100361272,50.50883237074187
2019-09-11,2979.0,3004.25,2972.0,3002.0,True,False,False,0.007720711648204093,2816.4326989746096,True,buy_every_session,2019-09-11,0.7720711648204093,0.02,0.7520711648204093,51.26090353556228
2019-09-12,3003.0,3021.75,3001.0,3011.75,True,False,False,0.002913752913752843,2818.3439489746092,True,buy_every_session,2019-09-12,0.2913752913752843,0.02,0.27137529137528427,51.532278826937564
2019-09-13,3010.0,3023.75,3003.5,3006.5,False,True,False,-0.0011627906976744429,2820.0264489746096,True,buy_every_session,2019-09-13,-0.11627906976744429,0.02,-0.13627906976744428,51.39599975717012
2019-09-16,2993.5,3003.25,2981.25,2999.0,True,False,False,0.0018373141807248583,2821.6039489746095,True,buy_every_session,2019-09-16,0.18373141807248583,0.02,0.16373141807248584,51.559731175242604
2019-09-17,3001.75,3006.5,2991.5,3005.5,True,False,False,0.0012492712584326604,2822.923948974609,True,buy_every_session,2019-09-17,0.12492712584326604,0.02,0.10492712584326604,51.66465830108587
2019-09-18,3006.0,3011.0,2978.5,3006.25,True,False,False,8.316699933463845e-05,2824.2339489746096,True,buy_every_session,2019-09-18,0.008316699933463845,0.02,-0.011683300066536156,51.652975001019335
2019-09-19,3008.0,3022.25,2988.75,3006.0,False,True,False,-0.0006648936170212671,2825.4726989746096,True,buy_every_session,2019-09-19,-0.06648936170212671,0.02,-0.08648936170212672,51.56648563931721
2019-09-20,3005.5,3015.5,3001.75,3013.610107421875,True,False,False,0.002698422033563519,2826.5869995117187,True,buy_every_session,2019-09-20,0.2698422033563519,0.02,0.2498422033563519,51.81632784267356
2019-09-23,2995.75,3008.25,2982.0,2997.0,True,False,False,0.0004172577818575274,2828.063249511719,True,buy_every_session,2019-09-23,0.04172577818575274,0.02,0.021725778185752737,51.83805362085931
2019-09-24,3001.0,3012.25,2958.5,2970.25,False,True,False,-0.010246584471842679,2829.4594995117186,True,buy_every_session,2019-09-24,-1.024658447184268,0.02,-1.044658447184268,50.793395173675044
2019-09-25,2971.0,2991.75,2953.75,2986.25,True,False,False,0.0051329518680578445,2831.210749511719,True,buy_every_session,2019-09-25,0.5132951868057845,0.02,0.49329518680578444,51.286690360480826
2019-09-26,2985.75,2995.0,2964.25,2980.5,False,True,False,-0.0017583521728209428,2832.898249511719,True,buy_every_session,2019-09-26,-0.17583521728209428,0.02,-0.19583521728209427,51.09085514319873
2019-09-27,2979.75,2993.0,2946.25,2963.75,False,True,False,-0.005369577984730256,2834.5107495117186,True,buy_every_session,2019-09-27,-0.5369577984730256,0.02,-0.5569577984730256,50.5338973447257
2019-09-30,2976.0,2986.25,2964.5,2978.5,True,False,False,0.0008400537634407623,2836.1407495117187,True,buy_every_session,2019-09-30,0.08400537634407623,0.02,0.06400537634407623,50.59790272106978
2019-10-01,2984.0,2994.5,2937.0,2937.75,False,True,False,-0.015499329758713154,2837.6019995117185,True,buy_every_session,2019-10-01,-1.5499329758713154,0.02,-1.5699329758713154,49.02796974519846
2019-10-02,2942.25,2949.0,2874.0,2880.5,False,True,False,-0.02098733962103827,2838.994499511719,True,buy_every_session,2019-10-02,-2.098733962103827,0.02,-2.118733962103827,46.90923578309464
2019-10-03,2883.75,2912.5,2855.0,2911.75,True,False,False,0.009709579540528868,2840.790749511719,True,buy_every_session,2019-10-03,0.9709579540528868,0.02,0.9509579540528867,47.860193737147526
2019-10-04,2911.5,2953.25,2896.75,2951.0,True,False,False,0.013566889919285563,2842.866999511719,True,buy_every_session,2019-10-04,1.3566889919285563,0.02,1.3366889919285563,49.19688272907608
2019-10-07,2929.75,2959.5,2928.0,2937.5,True,False,False,0.0026452769007594412,2845.0382495117187,True,buy_every_session,2019-10-07,0.2645276900759441,0.02,0.24452769007594413,49.44141041915202
2019-10-08,2934.5,2950.0,2890.5,2892.5,False,True,False,-0.014312489350826407,2847.071999511719,True,buy_every_session,2019-10-08,-1.4312489350826407,0.02,-1.4512489350826407,47.99016148406938
2019-10-09,2893.5,2934.25,2888.25,2919.0,True,False,False,0.00881285640228091,2849.3282495117187,True,buy_every_session,2019-10-09,0.8812856402280911,0.02,0.8612856402280911,48.85144712429747
2019-10-10,2920.5,2954.0,2881.75,2941.0,True,False,False,0.007019346002396842,2852.324499511719,True,buy_every_session,2019-10-10,0.7019346002396842,0.02,0.6819346002396842,49.53338172453716
2019-10-11,2949.0,2994.0,2941.75,2970.75,True,False,False,0.007375381485249299,2854.8232495117186,True,buy_every_session,2019-10-11,0.7375381485249299,0.02,0.7175381485249299,50.25091987306209
2019-10-14,2968.0,2982.5,2953.75,2965.5,False,True,False,-0.0008423180592992408,2857.1757495117185,True,buy_every_session,2019-10-14,-0.08423180592992408,0.02,-0.10423180592992408,50.14668806713217
2019-10-15,2966.75,3003.25,2966.5,2997.75,True,False,False,0.01044914468694702,2859.7344995117187,True,buy_every_session,2019-10-15,1.044914468694702,0.02,1.024914468694702,51.17160253582687
2019-10-16,2996.5,2997.75,2984.75,2991.5,False,True,False,-0.0016686133822793048,2862.165749511719,True,buy_every_session,2019-10-16,-0.16686133822793048,0.02,-0.18686133822793047,50.98474119759894
2019-10-17,2992.25,3008.0,2985.25,2998.0,True,False,False,0.0019216308797727066,2864.6007495117187,True,buy_every_session,2019-10-17,0.19216308797727066,0.02,0.17216308797727067,51.15690428557621
2019-10-18,2997.75,3001.25,2975.0,2988.25,False,True,False,-0.003169043449253617,2867.3032495117186,True,buy_every_session,2019-10-18,-0.3169043449253617,0.02,-0.3369043449253617,50.819999940650845
2019-10-21,2984.75,3007.5,2983.75,3006.5,True,False,False,0.007287042465868199,2869.679499511719,True,buy_every_session,2019-10-21,0.7287042465868199,0.02,0.7087042465868199,51.528704187237665
2019-10-22,3006.5,3014.25,2988.25,2994.5,False,True,False,-0.003991352070513932,2871.8994995117187,True,buy_every_session,2019-10-22,-0.39913520705139316,0.02,-0.4191352070513932,51.109568980186275
2019-10-23,2992.0,3006.0,2982.0,3005.75,True,False,False,0.004595588235294157,2874.065749511719,True,buy_every_session,2019-10-23,0.4595588235294157,0.02,0.43955882352941567,51.54912780371569
2019-10-24,3006.0,3015.25,2998.75,3004.25,False,True,False,-0.0005821689953426912,2876.1744995117188,True,buy_every_session,2019-10-24,-0.05821689953426912,0.02,-0.07821689953426912,51.47091090418142
2019-10-25,3003.75,3026.5,3000.0,3020.25,True,False,False,0.005493133583021281,2878.3057495117187,True,buy_every_session,2019-10-25,0.5493133583021281,0.02,0.5293133583021281,52.00022426248355
2019-10-28,3023.0,3042.75,3022.75,3036.25,True,False,False,0.00438306318226922,2880.511999511719,True,buy_every_session,2019-10-28,0.438306318226922,0.02,0.418306318226922,52.418530580710474
2019-10-29,3038.25,3046.25,3029.5,3035.75,False,True,False,-0.0008228420966016614,2882.7882495117187,True,buy_every_session,2019-10-29,-0.08228420966016614,0.02,-0.10228420966016614,52.316246371050305
2019-10-30,3036.5,3055.0,3023.25,3047.75,True,False,False,0.003704923431582463,2884.9994995117186,True,buy_every_session,2019-10-30,0.3704923431582463,0.02,0.3504923431582463,52.66673871420855
2019-10-31,3051.75,3052.0,3020.25,3035.75,False,True,False,-0.005242893421807171,2887.1119995117188,True,buy_every_session,2019-10-31,-0.5242893421807171,0.02,-0.5442893421807171,52.12244937202783
2019-11-01,3036.0,3065.0,3033.0,3063.25,True,False,False,0.008975625823451905,2889.2519995117186,True,buy_every_session,2019-11-01,0.8975625823451905,0.02,0.8775625823451905,53.00001195437302
2019-11-04,3064.75,3083.75,3064.75,3075.75,True,False,False,0.0035891997715964408,2891.273249511719,True,buy_every_session,2019-11-04,0.3589199771596441,0.02,0.33891997715964406,53.33893193153266
2019-11-05,3076.75,3085.75,3069.75,3072.0,False,True,False,-0.0015438368408222658,2893.4732495117187,True,buy_every_session,2019-11-05,-0.15438368408222658,0.02,-0.17438368408222657,53.16454824745043
2019-11-06,3071.5,3078.0,3063.0,3075.5,True,False,False,0.0013022952954582223,2895.659499511719,True,buy_every_session,2019-11-06,0.13022952954582223,0.02,0.11022952954582223,53.27477777699625
2019-11-07,3077.25,3097.0,3070.25,3086.0,True,False,False,0.002843447883662309,2897.9194995117186,True,buy_every_session,2019-11-07,0.2843447883662309,0.02,0.2643447883662309,53.53912256536248
2019-11-08,3086.25,3092.5,3072.5,3090.5,True,False,False,0.0013770757391655675,2900.054499511719,True,buy_every_session,2019-11-08,0.13770757391655675,0.02,0.11770757391655674,53.65683013927904
2019-11-11,3090.5,3092.25,3074.5,3087.5,False,True,False,-0.0009707167125060367,2902.281999511719,True,buy_every_session,2019-11-11,-0.09707167125060367,0.02,-0.11707167125060368,53.53975846802843
2019-11-12,3087.75,3102.0,3081.25,3092.0,True,False,False,0.0013764067686827808,2904.540749511719,True,buy_every_session,2019-11-12,0.13764067686827808,0.02,0.11764067686827807,53.65739914489671
2019-11-13,3091.25,3097.0,3075.75,3095.5,True,False,False,0.0013748483623130525,2906.605749511719,True,buy_every_session,2019-11-13,0.13748483623130525,0.02,0.11748483623130525,53.77488398112801
2019-11-14,3096.25,3099.75,3081.75,3097.0,True,False,False,0.00024222850222033188,2908.568249511719,True,buy_every_session,2019-11-14,0.024222850222033188,0.02,0.004222850222033187,53.77910683135005
2019-11-15,3097.0,3119.5,3095.75,3118.25,True,False,False,0.006861478850500591,2910.6382495117186,True,buy_every_session,2019-11-15,0.6861478850500591,0.02,0.6661478850500591,54.44525471640011
2019-11-18,3119.0,3127.75,3111.0,3121.75,True,False,False,0.0008816928502726196,2912.6407495117187,True,buy_every_session,2019-11-18,0.08816928502726196,0.02,0.06816928502726195,54.51342400142737
2019-11-19,3121.5,3132.5,3112.75,3118.5,False,True,False,-0.0009610764055741905,2914.5782495117187,True,buy_every_session,2019-11-19,-0.09610764055741905,0.02,-0.11610764055741905,54.39731636086995
2019-11-20,3116.5,3118.5,3090.75,3109.0,False,True,False,-0.0024065458045884336,2916.4757495117187,True,buy_every_session,2019-11-20,-0.24065458045884336,0.02,-0.2606545804588434,54.13666178041111
2019-11-21,3097.25,3114.5,3091.25,3104.0,True,False,False,0.002179352651545674,2918.4757495117187,True,buy_every_session,2019-11-21,0.2179352651545674,0.02,0.1979352651545674,54.33459704556568
2019-11-22,3104.0,3114.5,3097.75,3111.5,True,False,False,0.0024162371134019978,2920.5019995117186,True,buy_every_session,2019-11-22,0.24162371134019978,0.02,0.22162371134019979,54.55622075690588
2019-11-25,3119.0,3133.5,3116.5,3132.75,True,False,False,0.004408464251362654,2922.6244995117186,True,buy_every_session,2019-11-25,0.4408464251362654,0.02,0.42084642513626536,54.97706718204215
2019-11-26,3131.25,3145.0,3128.0,3143.75,True,False,False,0.003992015968063978,2924.619499511719,True,buy_every_session,2019-11-26,0.3992015968063978,0.02,0.37920159680639776,55.356268778848545
2019-11-27,3143.75,3155.0,3141.75,3153.75,True,False,False,0.0031809145129224614,2926.6407495117187,True,buy_every_session,2019-11-27,0.31809145129224614,0.02,0.2980914512922461,55.65436023014079
2019-11-29,3154.75,3155.0,3139.5,3143.75,False,True,False,-0.003486805610587229,2928.641999511719,True,buy_every_session,2019-11-29,-0.3486805610587229,0.02,-0.36868056105872293,55.285679669082064
2019-12-02,3146.25,3158.0,3110.25,3114.25,False,True,False,-0.010170838299563001,2930.3282495117187,True,buy_every_session,2019-12-02,-1.0170838299563,0.02,-1.0370838299563,54.24859583912576
2019-12-03,3114.25,3121.75,3069.5,3091.0,False,True,False,-0.0074656819458939205,2931.889499511719,True,buy_every_session,2019-12-03,-0.746568194589392,0.02,-0.7665681945893921,53.48202764453637
2019-12-04,3091.75,3119.5,3081.75,3111.0,True,False,False,0.006226247270963103,2933.509499511719,True,buy_every_session,2019-12-04,0.6226247270963103,0.02,0.6026247270963103,54.084652371632686
2019-12-05,3111.0,3124.75,3103.25,3117.75,True,False,False,0.002169720347155346,2935.2269995117185,True,buy_every_session,2019-12-05,0.2169720347155346,0.02,0.19697203471553462,54.28162440634822
2019-12-06,3117.75,3151.0,3117.0,3146.0,True,False,False,0.009061021570042405,2937.000749511719,True,buy_every_session,2019-12-06,0.9061021570042405,0.02,0.8861021570042404,55.16772656335246
2019-12-09,3146.5,3149.5,3131.25,3134.5,False,True,False,-0.00381376132210387,2938.688249511719,True,buy_every_session,2019-12-09,-0.381376132210387,0.02,-0.40137613221038704,54.76635043114207
2019-12-10,3133.5,3143.0,3116.25,3136.0,True,False,False,0.0007978299026647484,2940.4107495117187,True,buy_every_session,2019-12-10,0.07978299026647484,0.02,0.059782990266474836,54.82613342140855
2019-12-11,3135.5,3144.5,3129.5,3143.0,True,False,False,0.002391963004305442,2942.150749511719,True,buy_every_session,2019-12-11,0.23919630043054418,0.02,0.2191963004305442,55.045329721839096
2019-12-12,3144.0,3177.5,3137.25,3168.0,True,False,False,0.007633587786259444,2944.0669995117187,True,buy_every_session,2019-12-12,0.7633587786259444,0.02,0.7433587786259443,55.78868850046504
2019-12-13,3175.75,3185.0,3156.75,3172.0,False,True,False,-0.0011808234275367813,2945.9019995117187,True,buy_every_session,2019-12-13,-0.11808234275367813,0.02,-0.13808234275367812,55.650606157711366
2019-12-16,3176.5,3198.75,3173.75,3194.25,True,False,False,0.00558791122304414,2947.915749511719,True,buy_every_session,2019-12-16,0.558791122304414,0.02,0.538791122304414,56.18939728001578
2019-12-17,3192.5,3199.25,3187.75,3192.0,False,True,False,-0.0001566170712608006,2949.918249511719,True,buy_every_session,2019-12-17,-0.01566170712608006,0.02,-0.035661707126080064,56.1537355728897
2019-12-18,3189.5,3199.0,3188.5,3194.75,True,False,False,0.0016460260228876589,2952.034499511719,True,buy_every_session,2019-12-18,0.1646026022887659,0.02,0.1446026022887659,56.298338175178465
2019-12-19,3195.0,3209.0,3190.25,3207.0,True,False,False,0.00375586854460086,2954.3194995117187,True,buy_every_session,2019-12-19,0.375586854460086,0.02,0.355586854460086,56.65392502963855
2019-12-20,3208.5,3231.02001953125,3204.25,3231.02001953125,True,False,False,0.007018862250662394,2956.739599609375,True,buy_every_session,2019-12-20,0.7018862250662394,0.02,0.6818862250662394,57.33581125470479
2019-12-23,3227.0,3234.25,3224.25,3227.25,True,False,False,7.747133560576103e-05,2958.955849609375,True,buy_every_session,2019-12-23,0.007747133560576103,0.02,-0.012252866439423898,57.32355838826536
2019-12-24,3228.25,3231.25,3222.5,3225.75,False,True,False,-0.000774413381863237,2961.124599609375,True,buy_every_session,2019-12-24,-0.0774413381863237,0.02,-0.09744133818632371,57.22611705007904
2019-12-26,3227.5,3244.75,3227.0,3244.5,True,False,False,0.005267234701781476,2963.274599609375,True,buy_every_session,2019-12-26,0.5267234701781476,0.02,0.5067234701781476,57.732840520257184
2019-12-27,3242.0,3254.0,3235.5,3237.5,False,True,False,-0.0013880320789636524,2965.425849609375,True,buy_every_session,2019-12-27,-0.13880320789636524,0.02,-0.15880320789636523,57.57403731236082
2019-12-30,3238.25,3244.25,3217.25,3223.5,False,True,False,-0.004554929359993798,2967.4839001464843,True,buy_every_session,2019-12-30,-0.4554929359993798,0.02,-0.4754929359993798,57.098544376361446
2019-12-31,3223.25,3236.25,3213.0,3231.0,True,False,False,0.002404405491351902,2969.436400146484,True,buy_every_session,2019-12-31,0.2404405491351902,0.02,0.2204405491351902,57.318984925496636
2020-01-02,3237.0,3261.75,3234.25,3259.0,True,False,False,0.006796416434970753,2971.5489001464844,True,buy_every_session,2020-01-02,0.6796416434970753,0.02,0.6596416434970753,57.97862656899371
2020-01-03,3261.0,3263.5,3206.75,3235.5,False,True,False,-0.007819687212511472,2973.5914001464844,True,buy_every_session,2020-01-03,-0.7819687212511472,0.02,-0.8019687212511473,57.17665784774256
2020-01-06,3220.25,3249.5,3208.75,3243.5,True,False,False,0.0072199363403462335,2975.4964001464846,True,buy_every_session,2020-01-06,0.7219936340346234,0.02,0.7019936340346233,57.87865148177718
2020-01-07,3243.5,3254.5,3226.0,3235.25,False,True,False,-0.0025435486357330284,2977.6189001464845,True,buy_every_session,2020-01-07,-0.25435486357330284,0.02,-0.27435486357330285,57.60429661820388
2020-01-08,3231.75,3267.75,3181.0,3260.25,True,False,False,0.008818751450452522,2979.885150146484,True,buy_every_session,2020-01-08,0.8818751450452522,0.02,0.8618751450452522,58.466171763249136
2020-01-09,3261.25,3276.75,3257.75,3276.0,True,False,False,0.004522805672671604,2982.1501501464845,True,buy_every_session,2020-01-09,0.45228056726716037,0.02,0.43228056726716035,58.8984523305163
2020-01-10,3275.5,3287.0,3260.75,3264.75,False,True,False,-0.0032819416882918784,2984.4214001464843,True,buy_every_session,2020-01-10,-0.32819416882918784,0.02,-0.34819416882918786,58.55025816168711
2020-01-13,3265.75,3291.0,3265.5,3289.75,True,False,False,0.007349000995177324,2986.7651501464843,True,buy_every_session,2020-01-13,0.7349000995177324,0.02,0.7149000995177324,59.265158261204846
2020-01-14,3289.25,3296.75,3275.25,3288.0,False,True,False,-0.00038002584175722554,2989.0164001464846,True,buy_every_session,2020-01-14,-0.038002584175722554,0.02,-0.05800258417572256,59.20715567702912
2020-01-15,3287.75,3299.0,3277.75,3293.75,True,False,False,0.0018249562770891181,2991.1326501464846,True,buy_every_session,2020-01-15,0.1824956277089118,0.02,0.16249562770891182,59.369651304738035
2020-01-16,3294.25,3318.0,3294.0,3316.5,True,False,False,0.006754192911891943,2993.3801501464845,True,buy_every_session,2020-01-16,0.6754192911891943,0.02,0.6554192911891943,60.02507059592723
2020-01-17,3316.75,3330.25,3316.0,3325.0,True,False,False,0.0024873746890781145,2995.6064001464842,True,buy_every_session,2020-01-17,0.24873746890781145,0.02,0.22873746890781146,60.25380806483504
2020-01-21,3325.0,3329.75,3307.25,3319.5,False,True,False,-0.0016541353383459079,2997.7901501464844,True,buy_every_session,2020-01-21,-0.1654135338345908,0.02,-0.18541353383459078,60.06839453100045
2020-01-22,3321.25,3337.5,3315.25,3319.75,False,True,False,-0.00045163718479490633,2999.9089001464845,True,buy_every_session,2020-01-22,-0.04516371847949063,0.02,-0.06516371847949064,60.00323081252096
2020-01-23,3317.25,3327.0,3301.25,3326.0,True,False,False,0.0026377270329338565,3002.0476501464846,True,buy_every_session,2020-01-23,0.26377270329338565,0.02,0.24377270329338566,60.24700351581435
2020-01-24,3326.5,3337.0,3280.5,3293.5,False,True,False,-0.00992033669021497,3004.1026501464844,True,buy_every_session,2020-01-24,-0.992033669021497,0.02,-1.012033669021497,59.23496984679285
2020-01-27,3269.75,3269.75,3233.0,3239.5,False,True,False,-0.009251471825063029,3005.8276501464843,True,buy_every_session,2020-01-27,-0.9251471825063029,0.02,-0.9451471825063029,58.28982266428655
2020-01-28,3239.5,3285.0,3238.75,3278.25,True,False,False,0.011961722488038173,3007.760150146484,True,buy_every_session,2020-01-28,1.1961722488038173,0.02,1.1761722488038173,59.46599491309036
2020-01-29,3281.75,3292.75,3265.25,3272.5,False,True,False,-0.0028186181153347922,3009.5601501464844,True,buy_every_session,2020-01-29,-0.2818618115334792,0.02,-0.30186181153347924,59.164133101556885
2020-01-30,3271.5,3295.25,3239.75,3289.75,True,False,False,0.005578480819196097,3011.4614001464843,True,buy_every_session,2020-01-30,0.5578480819196097,0.02,0.5378480819196096,59.7019811834765
2020-01-31,3292.0,3297.5,3212.75,3224.0,False,True,False,-0.020656136087484844,3013.0239001464843,True,buy_every_session,2020-01-31,-2.0656136087484844,0.02,-2.0856136087484844,57.61636757472802
2020-02-03,3222.75,3267.25,3222.0,3245.5,True,False,False,0.007059188581180598,3014.748900146484,True,buy_every_session,2020-02-03,0.7059188581180598,0.02,0.6859188581180597,58.302286432846074
2020-02-04,3244.25,3305.25,3236.0,3299.5,True,False,False,0.01703013023040767,3016.6964001464844,True,buy_every_session,2020-02-04,1.703013023040767,0.02,1.683013023040767,59.98529945588684
2020-02-05,3300.25,3338.0,3288.25,3335.0,True,False,False,0.010529505340504564,3018.8089001464846,True,buy_every_session,2020-02-05,1.0529505340504564,0.02,1.0329505340504563,61.018249989937296
2020-02-06,3337.0,3357.75,3332.5,3345.25,True,False,False,0.002472280491459422,3020.8451501464842,True,buy_every_session,2020-02-06,0.2472280491459422,0.02,0.22722804914594222,61.24547803908324
2020-02-07,3349.0,3350.0,3320.75,3325.5,False,True,False,-0.00701702000597193,3022.8189001464843,True,buy_every_session,2020-02-07,-0.701702000597193,0.02,-0.721702000597193,60.52377603848605
2020-02-10,3322.25,3353.5,3303.5,3353.0,True,False,False,0.009255775453382409,3024.9526501464843,True,buy_every_session,2020-02-10,0.9255775453382409,0.02,0.9055775453382409,61.42935358382429
2020-02-11,3351.0,3374.5,3349.25,3357.5,True,False,False,0.0019397194867203371,3027.0326501464842,True,buy_every_session,2020-02-11,0.1939719486720337,0.02,0.17397194867203372,61.60332553249632
2020-02-12,3360.5,3381.5,3355.5,3380.5,True,False,False,0.005951495313197386,3029.2201501464842,True,buy_every_session,2020-02-12,0.5951495313197386,0.02,0.5751495313197386,62.17847506381606
2020-02-13,3381.25,3384.75,3348.5,3377.5,False,True,False,-0.0011090573012938476,3031.365150146484,True,buy_every_session,2020-02-13,-0.11090573012938476,0.02,-0.13090573012938475,62.047569333686674
2020-02-14,3379.5,3388.5,3365.25,3381.0,True,False,False,0.00044385264092317023,3033.655150146484,True,buy_every_session,2020-02-14,0.04438526409231702,0.02,0.024385264092317022,62.07195459777899
2020-02-18,3382.25,3392.5,3355.25,3369.25,False,True,False,-0.003843595239855113,3035.9139001464846,True,buy_every_session,2020-02-18,-0.3843595239855113,0.02,-0.40435952398551134,61.66759507379348
2020-02-19,3372.0,3393.75,3370.75,3387.25,True,False,False,0.004522538552787614,3038.112650146484,True,buy_every_session,2020-02-19,0.4522538552787614,0.02,0.43225385527876137,62.09984892907224
2020-02-20,3391.75,3397.5,3339.25,3369.25,False,True,False,-0.0066337436426623375,3040.2964001464843,True,buy_every_session,2020-02-20,-0.6633743642662338,0.02,-0.6833743642662338,61.416474564806
2020-02-21,3367.0,3369.25,3328.0,3339.25,False,True,False,-0.008241758241758212,3042.5389001464846,True,buy_every_session,2020-02-21,-0.8241758241758212,0.02,-0.8441758241758213,60.57229874063018
2020-02-24,3309.0,3312.0,3213.75,3226.25,False,True,False,-0.025007555152614103,3044.2339001464843,True,buy_every_session,2020-02-24,-2.5007555152614103,0.02,-2.5207555152614103,58.05154322536877
2020-02-25,3223.0,3259.5,3117.25,3132.5,False,True,False,-0.028079429103319842,3045.5326501464842,True,buy_every_session,2020-02-25,-2.807942910331984,0.02,-2.827942910331984,55.223600315036784
2020-02-26,3138.0,3182.0,3091.0,3110.25,False,True,False,-0.008843212237093723,3046.6489001464843,True,buy_every_session,2020-02-26,-0.8843212237093723,0.02,-0.9043212237093723,54.31927909132741
2020-02-27,3100.25,3117.0,2944.5,2957.0,False,True,False,-0.0462059511329731,3047.3989001464843,True,buy_every_session,2020-02-27,-4.62059511329731,0.02,-4.64059511329731,49.6786839780301
2020-02-28,2950.0,2996.0,2853.25,2951.0,True,False,False,0.0003389830508475633,3047.9576501464844,True,buy_every_session,2020-02-28,0.03389830508475633,0.02,0.01389830508475633,49.69258228311486
2020-03-02,2900.0,3093.25,2889.25,3065.0,True,False,False,0.05689655172413799,3049.0076501464846,True,buy_every_session,2020-03-02,5.689655172413799,0.02,5.669655172413799,55.36223745552866
2020-03-03,3077.0,3137.0,2973.0,2997.0,False,True,False,-0.025999350016249645,3049.6001501464843,True,buy_every_session,2020-03-03,-2.5999350016249645,0.02,-2.6199350016249645,52.74230245390369
2020-03-04,2988.25,3129.5,2976.5,3114.75,True,False,False,0.042332468836275394,3050.8639001464844,True,buy_every_session,2020-03-04,4.233246883627539,0.02,4.21324688362754,56.95554933753123
2020-03-05,3109.25,3113.75,2996.5,3015.5,False,True,False,-0.03015196590817726,3051.7214001464845,True,buy_every_session,2020-03-05,-3.015196590817726,0.02,-3.035196590817726,53.920352746713505
2020-03-06,3024.25,3037.0,2898.0,2964.0,False,True,False,-0.019922294783830674,3052.2114001464843,True,buy_every_session,2020-03-06,-1.9922294783830674,0.02,-2.0122294783830674,51.908123268330435
2020-03-09,2916.0,2916.0,2715.0,2747.75,False,True,False,-0.057698902606310054,3051.6626501464843,True,buy_every_session,2020-03-09,-5.769890260631005,0.02,-5.7898902606310045,46.11823300769943
2020-03-10,2733.0,2884.75,2695.25,2865.75,True,False,False,0.048572996706915506,3051.893900146484,True,buy_every_session,2020-03-10,4.8572996706915506,0.02,4.837299670691551,50.95553267839098
2020-03-11,2859.5,2869.5,2702.75,2740.25,False,True,False,-0.04170309494666902,3051.436400146484,True,buy_every_session,2020-03-11,-4.170309494666902,0.02,-4.190309494666901,46.76522318372408
2020-03-12,2738.0,2774.0,2442.5,2469.0,False,True,False,-0.09824689554419286,3049.7564001464843,True,buy_every_session,2020-03-12,-9.824689554419287,0.02,-9.844689554419286,36.9205336293048
2020-03-13,2429.5,2707.75,2393.5,2696.0,True,False,False,0.10969335254167523,3049.3364001464843,True,buy_every_session,2020-03-13,10.969335254167522,0.02,10.949335254167522,47.86986888347232
2020-03-16,2673.75,2675.0,2360.25,2416.25,False,True,False,-0.09630668536699394,3047.4651501464846,True,buy_every_session,2020-03-16,-9.630668536699394,0.02,-9.650668536699394,38.21920034677293
2020-03-17,2417.25,2554.5,2365.0,2495.5,True,False,False,0.03237149653531901,3046.1801501464843,True,buy_every_session,2020-03-17,3.237149653531901,0.02,3.217149653531901,41.43635000030483
2020-03-18,2478.5,2498.0,2274.75,2414.0,False,True,False,-0.026023804720597177,3044.5026501464845,True,buy_every_session,2020-03-18,-2.6023804720597177,0.02,-2.6223804720597177,38.81396952824511
2020-03-19,2414.25,2474.0,2288.0,2403.25,False,True,False,-0.004556280418349434,3042.4939001464845,True,buy_every_session,2020-03-19,-0.45562804183494343,0.02,-0.47562804183494345,38.338341486410165
2020-03-20,2364.25,2512.75,2346.25,2437.97998046875,True,False,False,0.031185357076768616,3040.545050048828,True,buy_every_session,2020-03-20,3.1185357076768616,0.02,3.0985357076768616,41.436877194087025
2020-03-23,2220.25,2386.0,2174.0,2220.5,True,False,False,0.00011259993244006061,3037.418800048828,True,buy_every_session,2020-03-23,0.011259993244006061,0.02,-0.00874000675599394,41.42813718733103
2020-03-24,2233.25,2447.75,2230.5,2438.0,True,False,False,0.0916825254673681,3035.233800048828,True,buy_every_session,2020-03-24,9.16825254673681,0.02,9.14825254673681,50.576389734067845
2020-03-25,2442.75,2560.75,2386.0,2467.0,True,False,False,0.009927335994268649,3033.122550048828,True,buy_every_session,2020-03-25,0.9927335994268649,0.02,0.9727335994268649,51.54912333349471
2020-03-26,2471.0,2625.75,2402.25,2608.0,True,False,False,0.055443140428976134,3031.727550048828,True,buy_every_session,2020-03-26,5.544314042897613,0.02,5.524314042897614,57.07343737639233
2020-03-27,2627.75,2634.5,2505.25,2524.0,False,True,False,-0.03948244696032732,3029.9425500488283,True,buy_every_session,2020-03-27,-3.948244696032732,0.02,-3.968244696032732,53.10519268035959
2020-03-30,2459.0,2621.75,2445.0,2611.25,True,False,False,0.061915412769418365,3028.526300048828,True,buy_every_session,2020-03-30,6.1915412769418365,0.02,6.171541276941837,59.27673395730143
2020-03-31,2613.25,2635.75,2555.75,2569.75,False,True,False,-0.016645938964890417,3026.9225500488283,True,buy_every_session,2020-03-31,-1.6645938964890417,0.02,-1.6845938964890417,57.59214006081239
2020-04-01,2562.0,2562.25,2434.25,2448.0,False,True,False,-0.04449648711943799,3024.702550048828,True,buy_every_session,2020-04-01,-4.449648711943799,0.02,-4.469648711943798,53.12249134886859
2020-04-02,2459.0,2525.0,2424.75,2516.5,True,False,False,0.02338348922326139,3022.676300048828,True,buy_every_session,2020-04-02,2.338348922326139,0.02,2.318348922326139,55.44084027119473
2020-04-03,2513.75,2529.5,2449.0,2482.75,False,True,False,-0.012332173048234751,3020.4450500488283,True,buy_every_session,2020-04-03,-1.2332173048234751,0.02,-1.2532173048234752,54.18762296637126
2020-04-06,2485.0,2668.5,2484.75,2644.5,True,False,False,0.06418511066398391,3018.888800048828,True,buy_every_session,2020-04-06,6.418511066398391,0.02,6.398511066398392,60.58613403276965
2020-04-07,2645.5,2750.0,2623.5,2642.0,False,True,False,-0.0013230013230013382,3017.3293005371092,True,buy_every_session,2020-04-07,-0.13230013230013382,0.02,-0.1523001323001338,60.433833900469516
2020-04-08,2640.5,2752.5,2620.75,2735.0,True,False,False,0.03578867638704786,3016.244300537109,True,buy_every_session,2020-04-08,3.5788676387047857,0.02,3.5588676387047857,63.9927015391743
2020-04-09,2737.75,2809.5,2701.0,2779.75,True,False,False,0.015341064742945942,3015.5330505371094,True,buy_every_session,2020-04-09,1.5341064742945942,0.02,1.5141064742945942,65.5068080134689
2020-04-13,2811.0,2819.5,2711.0,2759.25,False,True,False,-0.01840981856990398,3014.7393005371096,True,buy_every_session,2020-04-13,-1.840981856990398,0.02,-1.860981856990398,63.6458261564785
2020-04-14,2760.0,2846.0,2752.5,2843.0,True,False,False,0.03007246376811601,3014.2993005371095,True,buy_every_session,2020-04-14,3.007246376811601,0.02,2.987246376811601,66.6330725332901
2020-04-15,2843.75,2845.5,2751.25,2775.0,False,True,False,-0.0241758241758242,3013.4530505371094,True,buy_every_session,2020-04-15,-2.41758241758242,0.02,-2.43758241758242,64.19549011570768
2020-04-16,2767.75,2831.5,2746.0,2787.5,True,False,False,0.007135760093939014,3012.5518005371096,True,buy_every_session,2020-04-16,0.7135760093939014,0.02,0.6935760093939014,64.88906612510159
2020-04-17,2863.0,2885.0,2821.0,2870.0,True,False,False,0.0024449877750611915,3012.0043005371094,True,buy_every_session,2020-04-17,0.24449877750611915,0.02,0.22449877750611916,65.1135649026077
2020-04-20,2861.5,2875.5,2804.25,2806.5,False,True,False,-0.0192206884501136,3011.0355505371094,True,buy_every_session,2020-04-20,-1.9220688450113599,0.02,-1.94206884501136,63.17149605759634
2020-04-21,2807.0,2833.25,2717.25,2732.0,False,True,False,-0.026718916993231256,3009.7430505371094,True,buy_every_session,2020-04-21,-2.6718916993231256,0.02,-2.6918916993231257,60.47960435827322
2020-04-22,2737.25,2808.0,2717.25,2788.5,True,False,False,0.018723171065850863,3008.7930505371096,True,buy_every_session,2020-04-22,1.8723171065850863,0.02,1.8523171065850863,62.331921464858304
2020-04-23,2790.5,2836.75,2772.75,2780.75,False,True,False,-0.0034939974914889316,3007.7868005371092,True,buy_every_session,2020-04-23,-0.34939974914889316,0.02,-0.3693997491488932,61.962521715709414
2020-04-24,2777.0,2835.0,2755.25,2829.5,True,False,False,0.018905293482174956,3006.9468005371095,True,buy_every_session,2020-04-24,1.8905293482174956,0.02,1.8705293482174956,63.83305106392691
2020-04-27,2829.0,2881.25,2812.75,2869.0,True,False,False,0.014139271827500854,3006.2718005371094,True,buy_every_session,2020-04-27,1.4139271827500854,0.02,1.3939271827500854,65.22697824667699
2020-04-28,2867.75,2913.5,2851.0,2867.25,False,True,False,-0.00017435271554355758,3005.5305505371093,True,buy_every_session,2020-04-28,-0.017435271554355758,0.02,-0.03743527155435576,65.18954297512263
2020-04-29,2870.5,2959.75,2860.75,2941.0,True,False,False,0.024560181153109317,3005.1493005371094,True,buy_every_session,2020-04-29,2.4560181153109317,0.02,2.4360181153109317,67.62556109043356
2020-04-30,2956.5,2965.0,2878.0,2902.5,False,True,False,-0.0182648401826484,3004.6268005371094,True,buy_every_session,2020-04-30,-1.82648401826484,0.02,-1.84648401826484,65.77907707216872
2020-05-01,2871.5,2879.75,2811.75,2821.75,False,True,False,-0.01732543966568001,3003.8105505371095,True,buy_every_session,2020-05-01,-1.732543966568001,0.02,-1.752543966568001,64.02653310560072
2020-05-04,2789.0,2835.75,2771.0,2825.25,True,False,False,0.012997490139835088,3002.9493005371096,True,buy_every_session,2020-05-04,1.2997490139835088,0.02,1.2797490139835088,65.30628211958422
2020-05-05,2827.0,2889.75,2824.5,2858.25,True,False,False,0.011054120976299986,3002.3555505371096,True,buy_every_session,2020-05-05,1.1054120976299986,0.02,1.0854120976299986,66.39169421721422
2020-05-06,2857.75,2886.25,2832.0,2833.5,False,True,False,-0.008485696789432229,3001.5780505371094,True,buy_every_session,2020-05-06,-0.8485696789432229,0.02,-0.8685696789432229,65.523124538271
2020-05-07,2832.0,2895.0,2823.0,2880.0,True,False,False,0.016949152542372836,3000.9380505371096,True,buy_every_session,2020-05-07,1.6949152542372836,0.02,1.6749152542372836,67.19803979250828
2020-05-08,2882.0,2933.0,2879.75,2928.5,True,False,False,0.01613462873004856,3000.4730505371094,True,buy_every_session,2020-05-08,1.6134628730048561,0.02,1.5934628730048561,68.79150266551314
2020-05-11,2920.75,2947.0,2889.75,2922.75,True,False,False,0.0006847556278353206,3000.054300537109,True,buy_every_session,2020-05-11,0.06847556278353206,0.02,0.04847556278353206,68.83997822829667
2020-05-12,2919.25,2939.25,2838.0,2852.5,False,True,False,-0.022865462019354243,2999.1943005371095,True,buy_every_session,2020-05-12,-2.2865462019354243,0.02,-2.3065462019354244,66.53343202636125
2020-05-13,2839.75,2876.75,2786.0,2813.0,False,True,False,-0.009419843296064823,2998.150550537109,True,buy_every_session,2020-05-13,-0.9419843296064823,0.02,-0.9619843296064823,65.57144769675477
2020-05-14,2820.25,2853.75,2760.25,2847.0,True,False,False,0.009484974736282181,2997.3243005371096,True,buy_every_session,2020-05-14,0.9484974736282181,0.02,0.9284974736282181,66.49994517038299
2020-05-15,2846.25,2863.5,2809.5,2846.5,True,False,False,8.783487044361493e-05,2996.6455505371096,True,buy_every_session,2020-05-15,0.008783487044361493,0.02,-0.011216512955638507,66.48872865742734
2020-05-18,2859.75,2964.75,2850.0,2948.0,True,False,False,0.030859340851473016,2996.6255505371096,True,buy_every_session,2020-05-18,3.0859340851473016,0.02,3.0659340851473016,69.55466274257465
2020-05-19,2945.0,2976.25,2914.25,2918.75,False,True,False,-0.008913412563667178,2996.556800537109,True,buy_every_session,2020-05-19,-0.8913412563667178,0.02,-0.9113412563667178,68.64332148620794
2020-05-20,2913.5,2975.75,2908.5,2968.5,True,False,False,0.018877638579028577,2997.2493005371093,True,buy_every_session,2020-05-20,1.8877638579028577,0.02,1.8677638579028577,70.5110853441108
2020-05-21,2972.25,2973.5,2933.0,2937.0,False,True,False,-0.011859702245773374,2997.554300537109,True,buy_every_session,2020-05-21,-1.1859702245773374,0.02,-1.2059702245773374,69.30511511953345
2020-05-22,2936.75,2957.5,2903.75,2953.0,True,False,False,0.005533327658125531,2997.9168005371093,True,buy_every_session,2020-05-22,0.5533327658125531,0.02,0.5333327658125531,69.83844788534601
2020-05-26,2948.5,3019.75,2947.5,2994.5,True,False,False,0.015601153128709466,2998.1893005371094,True,buy_every_session,2020-05-26,1.5601153128709466,0.02,1.5401153128709466,71.37856319821697
2020-05-27,2994.0,3039.5,2965.5,3035.5,True,False,False,0.013861055444221781,2998.7680505371095,True,buy_every_session,2020-05-27,1.3861055444221781,0.02,1.3661055444221781,72.74466874263915
2020-05-28,3035.0,3065.5,3019.5,3038.0,True,False,False,0.0009884678747940079,2999.556800537109,True,buy_every_session,2020-05-28,0.09884678747940079,0.02,0.07884678747940078,72.82351553011856
2020-05-29,3036.0,3058.25,2992.0,3042.0,True,False,False,0.0019762845849802257,3000.1068005371094,True,buy_every_session,2020-05-29,0.19762845849802257,0.02,0.17762845849802258,73.00114398861658
2020-06-01,3029.75,3059.0,3008.0,3054.0,True,False,False,0.008003960722831938,3001.1730505371092,True,buy_every_session,2020-06-01,0.8003960722831938,0.02,0.7803960722831937,73.78154006089977
2020-06-02,3052.75,3079.0,3035.0,3077.0,True,False,False,0.007943657358119749,3002.315550537109,True,buy_every_session,2020-06-02,0.7943657358119749,0.02,0.7743657358119749,74.55590579671174
2020-06-03,3078.0,3129.5,3074.25,3117.75,True,False,False,0.0129142300194931,3003.4468005371095,True,buy_every_session,2020-06-03,1.29142300194931,0.02,1.27142300194931,75.82732879866106
2020-06-04,3117.75,3126.75,3087.5,3110.5,False,True,False,-0.0023253949162056475,3004.3805505371092,True,buy_every_session,2020-06-04,-0.23253949162056475,0.02,-0.25253949162056477,75.57478930704049
2020-06-05,3113.25,3210.5,3106.5,3186.75,True,False,False,0.02360876897133224,3005.8230505371093,True,buy_every_session,2020-06-05,2.360876897133224,0.02,2.340876897133224,77.91566620417372
2020-06-08,3192.5,3231.25,3183.25,3227.5,True,False,False,0.010963194988253822,3007.3143005371094,True,buy_every_session,2020-06-08,1.0963194988253822,0.02,1.0763194988253821,78.9919857029991
2020-06-09,3227.75,3231.0,3190.0,3205.5,False,True,False,-0.006893346758578001,3008.7305505371096,True,buy_every_session,2020-06-09,-0.6893346758578001,0.02,-0.7093346758578001,78.2826510271413
2020-06-10,3204.75,3227.25,3179.75,3186.0,False,True,False,-0.005850690381465018,3010.3830505371093,True,buy_every_session,2020-06-10,-0.5850690381465018,0.02,-0.6050690381465018,77.6775819889948
2020-06-11,3183.75,3188.5,2996.25,3010.25,False,True,False,-0.054495484884177436,3011.0180505371095,True,buy_every_session,2020-06-11,-5.449548488417744,0.02,-5.469548488417743,72.20803350057706
2020-06-12,3011.75,3087.75,2982.0,3034.75,True,False,False,0.007636756038847947,3011.8643005371096,True,buy_every_session,2020-06-12,0.7636756038847947,0.02,0.7436756038847947,72.95170910446186
2020-06-15,2992.75,3079.25,2935.0,3073.0,True,False,False,0.02681480243922807,3012.7805505371093,True,buy_every_session,2020-06-15,2.681480243922807,0.02,2.661480243922807,75.61318934838467
2020-06-16,3076.25,3167.75,3071.25,3128.75,True,False,False,0.017066233238520967,3013.7905505371095,True,buy_every_session,2020-06-16,1.7066233238520967,0.02,1.6866233238520967,77.29981267223677
2020-06-17,3122.0,3157.75,3105.0,3118.0,False,True,False,-0.0012812299807815064,3014.7568005371095,True,buy_every_session,2020-06-17,-0.12812299807815064,0.02,-0.14812299807815063,77.15168967415862
2020-06-18,3115.0,3130.5,3075.25,3109.0,False,True,False,-0.0019261637239165186,3015.7718005371094,True,buy_every_session,2020-06-18,-0.19261637239165186,0.02,-0.21261637239165185,76.93907330176697
2020-06-19,3108.25,3196.0,3106.75,3161.260009765625,True,False,False,0.017054615866042067,3016.8856005859375,True,buy_every_session,2020-06-19,1.7054615866042067,0.02,1.6854615866042066,78.62453488837117
2020-06-22,3040.25,3114.25,3027.25,3110.75,True,False,False,0.023188882493216045,3017.5793505859374,True,buy_every_session,2020-06-22,2.3188882493216045,0.02,2.2988882493216045,80.92342313769278
2020-06-23,3111.75,3145.75,3060.0,3118.5,True,False,False,0.002169197396963085,3018.2681005859376,True,buy_every_session,2020-06-23,0.2169197396963085,0.02,0.19691973969630852,81.12034287738909
2020-06-24,3113.25,3128.5,3019.75,3049.0,False,True,False,-0.020637597366096494,3018.6218505859374,True,buy_every_session,2020-06-24,-2.0637597366096494,0.02,-2.0837597366096494,79.03658314077944
2020-06-25,3046.75,3079.5,3005.0,3070.75,True,False,False,0.007877246245999725,3019.0831005859377,True,buy_every_session,2020-06-25,0.7877246245999725,0.02,0.7677246245999725,79.80430776537942
2020-06-26,3071.25,3082.0,2992.5,3007.0,False,True,False,-0.02091982091982092,3019.1081005859373,True,buy_every_session,2020-06-26,-2.091982091982092,0.02,-2.111982091982092,77.69232567339733
2020-06-29,2986.25,3051.25,2983.5,3047.75,True,False,False,0.02059439095855997,3019.2881005859376,True,buy_every_session,2020-06-29,2.059439095855997,0.02,2.039439095855997,79.73176476925333
2020-06-30,3046.0,3101.25,3030.25,3090.25,True,False,False,0.014527248850952024,3019.7068505859374,True,buy_every_session,2020-06-30,1.4527248850952024,0.02,1.4327248850952023,81.16448965434853
2020-07-01,3085.25,3117.75,3062.75,3103.0,True,False,False,0.005753180455392526,3020.2268505859374,True,buy_every_session,2020-07-01,0.5753180455392526,0.02,0.5553180455392526,81.71980769988778
2020-07-02,3101.75,3156.5,3095.5,3129.0,True,False,False,0.00878536310147493,3020.8443505859377,True,buy_every_session,2020-07-02,0.878536310147493,0.02,0.858536310147493,82.57834401003528
2020-07-06,3125.25,3174.5,3105.75,3172.0,True,False,False,0.0149588032957364,3021.6731005859374,True,buy_every_session,2020-07-06,1.49588032957364,0.02,1.47588032957364,84.05422433960892
2020-07-07,3170.0,3184.0,3132.5,3136.5,False,True,False,-0.010567823343848537,3022.3256005859375,True,buy_every_session,2020-07-07,-1.0567823343848537,0.02,-1.0767823343848537,82.97744200522406
2020-07-08,3135.25,3166.25,3125.5,3163.5,True,False,False,0.009010445737979378,3023.075050048828,True,buy_every_session,2020-07-08,0.9010445737979378,0.02,0.8810445737979378,83.858486579022
2020-07-09,3166.25,3170.75,3105.25,3141.0,False,True,False,-0.007974733517568056,3023.795050048828,True,buy_every_session,2020-07-09,-0.7974733517568056,0.02,-0.8174733517568056,83.0410132272652
2020-07-10,3142.25,3181.25,3111.5,3178.5,True,False,False,0.0115363195162701,3024.836300048828,True,buy_every_session,2020-07-10,1.15363195162701,0.02,1.13363195162701,84.1746451788922
2020-07-13,3183.5,3226.25,3140.5,3148.25,False,True,False,-0.011072718705826934,3025.646300048828,True,buy_every_session,2020-07-13,-1.1072718705826934,0.02,-1.1272718705826934,83.04737330830952
2020-07-14,3149.75,3192.25,3119.0,3183.5,True,False,False,0.010715136121914437,3026.6613000488283,True,buy_every_session,2020-07-14,1.0715136121914437,0.02,1.0515136121914437,84.09888692050096
2020-07-15,3204.0,3233.25,3192.0,3219.5,True,False,False,0.004837702871410832,3027.940050048828,True,buy_every_session,2020-07-15,0.48377028714108317,0.02,0.46377028714108315,84.56265720764205
2020-07-16,3223.25,3228.5,3188.5,3194.5,False,True,False,-0.008919568758240959,3029.020050048828,True,buy_every_session,2020-07-16,-0.8919568758240959,0.02,-0.9119568758240959,83.65070033181794
2020-07-17,3198.5,3225.25,3194.75,3214.0,True,False,False,0.004846021572612269,3030.401300048828,True,buy_every_session,2020-07-17,0.4846021572612269,0.02,0.4646021572612269,84.11530248907917
2020-07-20,3214.5,3250.5,3190.25,3245.25,True,False,False,0.009566028931404569,3032.225050048828,True,buy_every_session,2020-07-20,0.9566028931404569,0.02,0.9366028931404569,85.05190538221963
2020-07-21,3243.75,3273.25,3239.25,3251.25,True,False,False,0.0023121387283238093,3033.9225500488283,True,buy_every_session,2020-07-21,0.23121387283238093,0.02,0.21121387283238094,85.263119255052
2020-07-22,3249.25,3271.75,3227.25,3265.5,True,False,False,0.0050011541124874714,3035.495050048828,True,buy_every_session,2020-07-22,0.5001154112487471,0.02,0.4801154112487471,85.74323466630075
2020-07-23,3267.75,3284.5,3214.25,3227.5,False,True,False,-0.01231734373804605,3036.9450500488283,True,buy_every_session,2020-07-23,-1.231734373804605,0.02,-1.251734373804605,84.49150029249614
2020-07-24,3230.0,3239.0,3191.5,3204.0,False,True,False,-0.00804953560371513,3038.502550048828,True,buy_every_session,2020-07-24,-0.804953560371513,0.02,-0.824953560371513,83.66654673212463
2020-07-27,3210.75,3235.0,3192.0,3232.25,True,False,False,0.006696254769134935,3040.068800048828,True,buy_every_session,2020-07-27,0.6696254769134935,0.02,0.6496254769134935,84.31617220903813
2020-07-28,3235.0,3246.75,3208.0,3213.0,False,True,False,-0.006800618238021583,3041.428800048828,True,buy_every_session,2020-07-28,-0.6800618238021583,0.02,-0.7000618238021583,83.61611038523597
2020-07-29,3215.0,3257.0,3204.25,3252.5,True,False,False,0.011664074650077794,3042.8375500488282,True,buy_every_session,2020-07-29,1.1664074650077794,0.02,1.1464074650077793,84.76251785024375
2020-07-30,3256.75,3269.0,3195.0,3248.75,False,True,False,-0.002456436631611214,3044.253800048828,True,buy_every_session,2020-07-30,-0.2456436631611214,0.02,-0.2656436631611214,84.49687418708262
2020-07-31,3269.25,3273.75,3212.5,3263.5,False,True,False,-0.001758813183451835,3045.582550048828,True,buy_every_session,2020-07-31,-0.1758813183451835,0.02,-0.1958813183451835,84.30099286873744
2020-08-03,3272.0,3295.5,3254.75,3288.5,True,False,False,0.005042787286063666,3047.0675500488283,True,buy_every_session,2020-08-03,0.5042787286063666,0.02,0.48427872860636656,84.78527159734381
2020-08-04,3290.75,3300.5,3271.0,3300.0,True,False,False,0.0028109093671655483,3048.577550048828,True,buy_every_session,2020-08-04,0.28109093671655483,0.02,0.2610909367165548,85.04636253406036
2020-08-05,3300.75,3323.25,3292.0,3316.0,True,False,False,0.004620162084374657,3050.216300048828,True,buy_every_session,2020-08-05,0.4620162084374657,0.02,0.4420162084374657,85.48837874249783
2020-08-06,3317.0,3345.5,3300.5,3344.25,True,False,False,0.008215254748266565,3051.9050500488283,True,buy_every_session,2020-08-06,0.8215254748266565,0.02,0.8015254748266565,86.28990421732449
2020-08-07,3343.75,3347.75,3322.25,3344.75,True,False,False,0.00029906542056079566,3053.656300048828,True,buy_every_session,2020-08-07,0.029906542056079566,0.02,0.009906542056079565,86.29981075938058
2020-08-10,3347.0,3357.25,3329.0,3352.75,True,False,False,0.0017179563788467522,3055.3913000488283,True,buy_every_session,2020-08-10,0.17179563788467522,0.02,0.15179563788467523,86.45160639726525
2020-08-11,3350.25,3379.0,3319.5,3330.0,False,True,False,-0.006044325050369337,3057.020050048828,True,buy_every_session,2020-08-11,-0.6044325050369337,0.02,-0.6244325050369337,85.82717389222832
2020-08-12,3339.5,3382.5,3326.25,3370.0,True,False,False,0.009133103758047545,3058.7688000488283,True,buy_every_session,2020-08-12,0.9133103758047545,0.02,0.8933103758047545,86.72048426803308
2020-08-13,3367.75,3382.0,3357.5,3367.75,False,False,True,0.0,3060.426300048828,True,buy_every_session,2020-08-13,0.0,0.02,-0.02,86.70048426803308
2020-08-14,3369.25,3380.5,3350.0,3361.5,False,True,False,-0.0023002151814202065,3062.055050048828,True,buy_every_session,2020-08-14,-0.23002151814202065,0.02,-0.25002151814202067,86.45046274989106
2020-08-17,3366.0,3382.75,3364.75,3379.75,True,False,False,0.004084967320261423,3063.7150500488283,True,buy_every_session,2020-08-17,0.40849673202614234,0.02,0.3884967320261423,86.8389594819172
2020-08-18,3379.25,3390.75,3365.25,3387.0,True,False,False,0.002293408300658495,3065.471300048828,True,buy_every_session,2020-08-18,0.2293408300658495,0.02,0.2093408300658495,87.04830031198306
2020-08-19,3388.75,3395.75,3365.5,3372.75,False,True,False,-0.004721504979712243,3067.0188000488283,True,buy_every_session,2020-08-19,-0.4721504979712243,0.02,-0.49215049797122434,86.55614981401183
2020-08-20,3370.25,3387.0,3344.75,3380.75,True,False,False,0.0031154958830947876,3068.543800048828,True,buy_every_session,2020-08-20,0.31154958830947876,0.02,0.29154958830947875,86.84769940232131
2020-08-21,3383.5,3396.25,3356.75,3392.5,True,False,False,0.002659967489286208,3070.146300048828,True,buy_every_session,2020-08-21,0.2659967489286208,0.02,0.2459967489286208,87.09369615124993
2020-08-24,3398.75,3429.5,3393.5,3427.5,True,False,False,0.008458992276572319,3071.906300048828,True,buy_every_session,2020-08-24,0.8458992276572319,0.02,0.8258992276572319,87.91959537890716
2020-08-25,3427.0,3448.75,3421.75,3443.0,True,False,False,0.004668806536329173,3073.691300048828,True,buy_every_session,2020-08-25,0.4668806536329173,0.02,0.4468806536329173,88.36647603254008
2020-08-26,3444.75,3483.5,3436.75,3480.25,True,False,False,0.010305537412003796,3075.640050048828,True,buy_every_session,2020-08-26,1.0305537412003796,0.02,1.0105537412003796,89.37702977374046
2020-08-27,3479.5,3498.25,3464.75,3485.25,True,False,False,0.0016525362839487912,3077.628800048828,True,buy_every_session,2020-08-27,0.16525362839487912,0.02,0.14525362839487913,89.52228340213534
2020-08-28,3488.0,3509.5,3480.75,3504.5,True,False,False,0.004730504587155959,3079.691300048828,True,buy_every_session,2020-08-28,0.4730504587155959,0.02,0.4530504587155959,89.97533386085094
2020-08-31,3508.5,3524.5,3490.0,3499.0,False,True,False,-0.002707709847513229,3081.708800048828,True,buy_every_session,2020-08-31,-0.2707709847513229,0.02,-0.2907709847513229,89.68456287609962
2020-09-01,3493.25,3530.0,3484.25,3527.0,True,False,False,0.009661490016460217,3083.858800048828,True,buy_every_session,2020-09-01,0.9661490016460217,0.02,0.9461490016460217,90.63071187774564
2020-09-02,3529.0,3587.0,3526.25,3579.25,True,False,False,0.014239161235477527,3086.1638000488283,True,buy_every_session,2020-09-02,1.4239161235477527,0.02,1.4039161235477526,92.0346280012934
2020-09-03,3578.75,3586.5,3424.5,3461.5,False,True,False,-0.0327628361858191,3087.8625500488283,True,buy_every_session,2020-09-03,-3.27628361858191,0.02,-3.29628361858191,88.73834438271149
2020-09-04,3454.75,3484.25,3347.75,3417.5,False,True,False,-0.010782256313770944,3089.357550048828,True,buy_every_session,2020-09-04,-1.0782256313770944,0.02,-1.0982256313770944,87.6401187513344
2020-09-08,3420.5,3447.0,3327.5,3335.5,False,True,False,-0.024850168104078363,3090.490050048828,True,buy_every_session,2020-09-08,-2.4850168104078363,0.02,-2.5050168104078363,85.13510194092656
2020-09-09,3315.25,3424.0,3295.5,3400.25,True,False,False,0.02563909207450421,3091.971300048828,True,buy_every_session,2020-09-09,2.563909207450421,0.02,2.543909207450421,87.67901114837699
2020-09-10,3396.0,3424.25,3327.25,3340.5,False,True,False,-0.016342756183745588,3093.116300048828,True,buy_every_session,2020-09-10,-1.6342756183745588,0.02,-1.6542756183745588,86.02473553000243
2020-09-11,3345.25,3375.0,3308.75,3333.75,False,True,False,-0.0034377101860847414,3094.1213000488283,True,buy_every_session,2020-09-11,-0.34377101860847414,0.02,-0.36377101860847416,85.66096451139396
2020-09-14,3350.0,3402.75,3345.5,3382.5,True,False,False,0.009701492537313339,3095.315050048828,True,buy_every_session,2020-09-14,0.9701492537313339,0.02,0.9501492537313339,86.6111137651253
2020-09-15,3379.5,3419.0,3376.0,3405.25,True,False,False,0.007619470335848533,3096.572550048828,True,buy_every_session,2020-09-15,0.7619470335848533,0.02,0.7419470335848533,87.35306079871015
2020-09-16,3405.0,3429.75,3384.0,3389.5,False,True,False,-0.004552129221732759,3097.801300048828,True,buy_every_session,2020-09-16,-0.4552129221732759,0.02,-0.47521292217327593,86.87784787653688
2020-09-17,3392.75,3396.5,3320.5,3361.5,False,True,False,-0.009210817183700537,3099.037550048828,True,buy_every_session,2020-09-17,-0.9210817183700537,0.02,-0.9410817183700537,85.93676615816682
2020-09-18,3355.75,3374.25,3341.75,3353.60009765625,False,True,False,-0.0006406622494971037,3100.3505505371095,True,buy_every_session,2020-09-18,-0.06406622494971037,0.02,-0.08406622494971037,85.85269993321711
2020-09-21,3314.5,3326.25,3217.75,3275.0,False,True,False,-0.011917332931060454,3101.170550537109,True,buy_every_session,2020-09-21,-1.1917332931060454,0.02,-1.2117332931060454,84.64096664011106
2020-09-22,3271.5,3309.5,3256.5,3299.25,True,False,False,0.008482347546996838,3102.0780505371094,True,buy_every_session,2020-09-22,0.8482347546996838,0.02,0.8282347546996838,85.46920139481074
2020-09-23,3303.75,3319.75,3221.0,3231.25,False,True,False,-0.02194475974271659,3102.5043005371094,True,buy_every_session,2020-09-23,-2.194475974271659,0.02,-2.214475974271659,83.25472542053907
2020-09-24,3228.0,3268.25,3198.0,3238.0,True,False,False,0.0030978934324659146,3103.0218005371094,True,buy_every_session,2020-09-24,0.30978934324659146,0.02,0.28978934324659145,83.54451476378567
2020-09-25,3243.5,3296.25,3206.5,3287.25,True,False,False,0.0134885154925235,3103.7780505371093,True,buy_every_session,2020-09-25,1.34885154925235,0.02,1.32885154925235,84.87336631303802
2020-09-28,3291.0,3351.25,3287.5,3346.0,True,False,False,0.016712245518079705,3104.7930505371096,True,buy_every_session,2020-09-28,1.6712245518079705,0.02,1.6512245518079705,86.52459086484599
2020-09-29,3348.75,3363.0,3316.5,3333.75,False,True,False,-0.004479283314669624,3105.6218005371093,True,buy_every_session,2020-09-29,-0.4479283314669624,0.02,-0.46792833146696244,86.05666253337903
2020-09-30,3330.0,3384.0,3291.25,3352.0,True,False,False,0.006606606606606613,3106.5218005371094,True,buy_every_session,2020-09-30,0.6606606606606613,0.02,0.6406606606606613,86.69732319403968
2020-10-01,3344.75,3388.0,3343.25,3367.75,True,False,False,0.006876448165034743,3107.389300537109,True,buy_every_session,2020-10-01,0.6876448165034743,0.02,0.6676448165034743,87.36496801054315
2020-10-02,3367.0,3375.5,3300.25,3339.25,False,True,False,-0.008241758241758212,3108.1255505371096,True,buy_every_session,2020-10-02,-0.8241758241758212,0.02,-0.8441758241758213,86.52079218636733
2020-10-05,3360.0,3400.0,3346.5,3393.0,True,False,False,0.009821428571428648,3109.116800537109,True,buy_every_session,2020-10-05,0.9821428571428648,0.02,0.9621428571428647,87.4829350435102
2020-10-06,3392.0,3421.75,3330.5,3353.25,False,True,False,-0.011423938679245293,3109.8480505371094,True,buy_every_session,2020-10-06,-1.1423938679245293,0.02,-1.1623938679245294,86.32054117558566
2020-10-07,3338.0,3416.75,3332.25,3406.75,True,False,False,0.020596165368484076,3110.726700439453,True,buy_every_session,2020-10-07,2.0596165368484076,0.02,2.0396165368484076,88.36015771243407
2020-10-08,3406.25,3447.25,3405.5,3437.5,True,False,False,0.00917431192660545,3111.777950439453,True,buy_every_session,2020-10-08,0.917431192660545,0.02,0.8974311926605449,89.25758890509462
2020-10-09,3447.25,3480.0,3445.25,3473.25,True,False,False,0.007542243817535654,3113.015450439453,True,buy_every_session,2020-10-09,0.7542243817535654,0.02,0.7342243817535654,89.99181328684818
2020-10-12,3467.5,3541.0,3464.25,3532.75,True,False,False,0.018817591925017974,3114.456700439453,True,buy_every_session,2020-10-12,1.8817591925017974,0.02,1.8617591925017973,91.85357247934998
2020-10-13,3534.0,3535.75,3491.5,3504.75,False,True,False,-0.008276740237690983,3115.7929504394533,True,buy_every_session,2020-10-13,-0.8276740237690983,0.02,-0.8476740237690983,91.00589845558088
2020-10-14,3502.0,3524.0,3472.0,3481.0,False,True,False,-0.0059965733866361726,3117.080450439453,True,buy_every_session,2020-10-14,-0.5996573386636173,0.02,-0.6196573386636173,90.38624111691726
2020-10-15,3479.25,3486.5,3431.5,3475.5,False,True,False,-0.001077818495365368,3118.302950439453,True,buy_every_session,2020-10-15,-0.1077818495365368,0.02,-0.1277818495365368,90.25845926738073
2020-10-16,3478.5,3508.5,3461.25,3462.25,False,True,False,-0.004671553830674191,3119.319200439453,True,buy_every_session,2020-10-16,-0.4671553830674191,0.02,-0.4871553830674191,89.77130388431331
2020-10-19,3471.0,3496.5,3410.75,3422.75,False,True,False,-0.013900893114376256,3120.255450439453,True,buy_every_session,2020-10-19,-1.3900893114376256,0.02,-1.4100893114376256,88.36121457287568
2020-10-20,3436.0,3469.75,3418.75,3432.25,False,True,False,-0.0010913853317811029,3121.1992004394533,True,buy_every_session,2020-10-20,-0.10913853317811029,0.02,-0.12913853317811028,88.23207603969757
2020-10-21,3437.0,3458.0,3420.5,3432.5,False,True,False,-0.0013092813500145128,3122.1854504394532,True,buy_every_session,2020-10-21,-0.13092813500145128,0.02,-0.15092813500145127,88.08114790469612
2020-10-22,3430.25,3453.0,3402.5,3449.25,True,False,False,0.00553895488667,3123.130450439453,True,buy_every_session,2020-10-22,0.553895488667,0.02,0.533895488667,88.61504339336312
2020-10-23,3455.75,3462.5,3431.5,3451.75,False,True,False,-0.0011574911379584885,3124.0092004394533,True,buy_every_session,2020-10-23,-0.11574911379584885,0.02,-0.13574911379584884,88.47929427956727
2020-10-26,3445.75,3446.25,3356.0,3393.5,False,True,False,-0.015163607342378316,3124.652950439453,True,buy_every_session,2020-10-26,-1.5163607342378316,0.02,-1.5363607342378316,86.94293354532944
2020-10-27,3394.25,3410.0,3368.25,3383.0,False,True,False,-0.003314428813434467,3125.119200439453,True,buy_every_session,2020-10-27,-0.3314428813434467,0.02,-0.3514428813434467,86.591490663986
2020-10-28,3369.0,3370.25,3260.75,3263.5,False,True,False,-0.03131493024636389,3124.996700439453,True,buy_every_session,2020-10-28,-3.1314930246363892,0.02,-3.1514930246363893,83.4399976393496
2020-10-29,3279.0,3333.75,3250.25,3302.25,True,False,False,0.007090576395242465,3125.039200439453,True,buy_every_session,2020-10-29,0.7090576395242465,0.02,0.6890576395242465,84.12905527887385
2020-10-30,3268.0,3296.25,3225.0,3264.75,False,True,False,-0.000994492044063655,3124.780450439453,True,buy_every_session,2020-10-30,-0.09944920440636551,0.02,-0.11944920440636551,84.00960607446748
2020-11-02,3260.0,3323.5,3243.25,3300.5,True,False,False,0.012423312883435678,3124.657950439453,True,buy_every_session,2020-11-02,1.2423312883435678,0.02,1.2223312883435677,85.23193736281105
2020-11-03,3304.0,3382.75,3301.25,3361.5,True,False,False,0.017403147699757815,3124.867950439453,True,buy_every_session,2020-11-03,1.7403147699757815,0.02,1.7203147699757815,86.95225213278684
2020-11-04,3362.75,3480.0,3319.0,3435.0,True,False,False,0.021485391420712263,3125.444200439453,True,buy_every_session,2020-11-04,2.1485391420712263,0.02,2.1285391420712263,89.08079127485807
2020-11-05,3448.0,3522.5,3428.25,3504.75,True,False,False,0.016458816705336332,3126.337950439453,True,buy_every_session,2020-11-05,1.6458816705336332,0.02,1.6258816705336332,90.7066729453917
2020-11-06,3508.75,3519.0,3456.75,3500.75,False,True,False,-0.0022800142500890574,3127.374200439453,True,buy_every_session,2020-11-06,-0.22800142500890574,0.02,-0.24800142500890573,90.4586715203828
2020-11-09,3522.5,3668.0,3515.75,3544.0,True,False,False,0.006103619588360587,3128.896700439453,True,buy_every_session,2020-11-09,0.6103619588360587,0.02,0.5903619588360587,91.04903347921885
2020-11-10,3549.5,3562.75,3506.5,3541.0,False,True,False,-0.002394703479363325,3130.2104504394533,True,buy_every_session,2020-11-10,-0.23947034793633248,0.02,-0.2594703479363325,90.78956313128252
2020-11-11,3546.25,3576.75,3531.0,3568.0,True,False,False,0.006133239337328122,3131.6879504394533,True,buy_every_session,2020-11-11,0.6133239337328122,0.02,0.5933239337328122,91.38288706501534
2020-11-12,3574.5,3574.5,3513.0,3532.5,False,True,False,-0.011749895090222395,3132.901700439453,True,buy_every_session,2020-11-12,-1.1749895090222395,0.02,-1.1949895090222395,90.1878975559931
2020-11-13,3537.5,3590.0,3518.0,3582.0,True,False,False,0.012579505300353455,3134.691700439453,True,buy_every_session,2020-11-13,1.2579505300353455,0.02,1.2379505300353455,91.42584808602845
2020-11-16,3587.0,3637.0,3586.5,3623.0,True,False,False,0.01003624198494557,3136.579200439453,True,buy_every_session,2020-11-16,1.003624198494557,0.02,0.9836241984945571,92.409472284523
2020-11-17,3625.5,3630.0,3584.25,3606.75,False,True,False,-0.005171700455109618,3138.115450439453,True,buy_every_session,2020-11-17,-0.5171700455109618,0.02,-0.5371700455109618,91.87230223901204
2020-11-18,3604.5,3623.25,3556.5,3565.0,False,True,False,-0.010958524067138264,3139.265450439453,True,buy_every_session,2020-11-18,-1.0958524067138264,0.02,-1.1158524067138265,90.75644983229822
2020-11-19,3562.0,3582.75,3542.25,3580.0,True,False,False,0.005053340819764163,3140.439200439453,True,buy_every_session,2020-11-19,0.5053340819764163,0.02,0.48533408197641625,91.24178391427463
2020-11-20,3560.0,3582.5,3542.75,3554.25,False,True,False,-0.001615168539325862,3141.5829504394533,True,buy_every_session,2020-11-20,-0.1615168539325862,0.02,-0.18151685393258618,91.06026706034204
2020-11-23,3546.5,3588.0,3545.5,3576.0,True,False,False,0.008318060059213206,3142.697950439453,True,buy_every_session,2020-11-23,0.8318060059213206,0.02,0.8118060059213206,91.87207306626337
2020-11-24,3576.0,3640.0,3575.25,3632.75,True,False,False,0.015869686800894955,3144.0742004394533,True,buy_every_session,2020-11-24,1.5869686800894955,0.02,1.5669686800894955,93.43904174635287
2020-11-25,3635.5,3655.0,3615.25,3627.25,False,True,False,-0.0022692889561271024,3145.307950439453,True,buy_every_session,2020-11-25,-0.22692889561271024,0.02,-0.24692889561271023,93.19211285074016
2020-11-27,3630.25,3642.75,3612.75,3636.5,True,False,False,0.0017216445148404702,3146.6029504394533,True,buy_every_session,2020-11-27,0.17216445148404702,0.02,0.15216445148404703,93.3442773022242
2020-11-30,3643.75,3652.0,3592.25,3623.25,False,True,False,-0.005626072041166386,3147.814200439453,True,buy_every_session,2020-11-30,-0.5626072041166386,0.02,-0.5826072041166386,92.76167009810756
2020-12-01,3631.0,3677.5,3626.0,3660.5,True,False,False,0.008124483613329625,3149.2704504394533,True,buy_every_session,2020-12-01,0.8124483613329625,0.02,0.7924483613329625,93.55411845944052
2020-12-02,3661.25,3672.75,3642.25,3667.25,True,False,False,0.0016387845681120616,3150.670450439453,True,buy_every_session,2020-12-02,0.16387845681120616,0.02,0.14387845681120617,93.69799691625172
2020-12-03,3671.0,3682.0,3655.25,3664.5,False,True,False,-0.001770634704440166,3152.146700439453,True,buy_every_session,2020-12-03,-0.1770634704440166,0.02,-0.1970634704440166,93.5009334458077
2020-12-04,3668.25,3700.0,3665.5,3698.0,True,False,False,0.008110134260205903,3153.9404504394533,True,buy_every_session,2020-12-04,0.8110134260205903,0.02,0.7910134260205903,94.29194687182829
2020-12-07,3694.75,3705.0,3672.25,3690.75,False,True,False,-0.0010826172271466428,3156.262950439453,True,buy_every_session,2020-12-07,-0.10826172271466428,0.02,-0.12826172271466427,94.16368514911362
2020-12-08,3682.75,3708.0,3664.25,3702.0,True,False,False,0.0052270721607494686,3159.110450439453,True,buy_every_session,2020-12-08,0.5227072160749469,0.02,0.5027072160749468,94.66639236518857
2020-12-09,3707.75,3714.75,3659.5,3672.5,False,True,False,-0.009507113478524731,3161.921700439453,True,buy_every_session,2020-12-09,-0.9507113478524731,0.02,-0.9707113478524731,93.6956810173361
2020-12-10,3669.5,3681.25,3644.0,3668.5,False,True,False,-0.00027251669164740644,3165.479200439453,True,buy_every_session,2020-12-10,-0.027251669164740644,0.02,-0.04725166916474065,93.64842934817136
2020-12-11,3670.0,3674.75,3628.25,3661.25,False,True,False,-0.0023841961852860694,3169.030450439453,True,buy_every_session,2020-12-11,-0.23841961852860694,0.02,-0.25841961852860695,93.39000972964276
2020-12-14,3677.75,3698.0,3642.75,3646.5,False,True,False,-0.008497043029025875,3171.9379504394533,True,buy_every_session,2020-12-14,-0.8497043029025875,0.02,-0.8697043029025875,92.52030542674017
2020-12-15,3653.0,3695.75,3642.75,3694.5,True,False,False,0.011360525595401016,3175.425450439453,True,buy_every_session,2020-12-15,1.1360525595401016,0.02,1.1160525595401016,93.63635798628027
2020-12-16,3697.75,3711.5,3687.0,3700.75,True,False,False,0.0008113041714556957,3178.3554504394533,True,buy_every_session,2020-12-16,0.08113041714556957,0.02,0.06113041714556956,93.69748840342584
2020-12-17,3704.5,3724.75,3699.5,3721.25,True,False,False,0.0045215278715076135,3181.8842004394533,True,buy_every_session,2020-12-17,0.45215278715076135,0.02,0.43215278715076133,94.12964119057659
2020-12-18,3721.5,3733.25,3707.75,3726.25,True,False,False,0.001276367056294525,3185.695450439453,True,buy_every_session,2020-12-18,0.1276367056294525,0.02,0.1076367056294525,94.23727789620604
2020-12-21,3718.25,3724.0,3596.0,3685.75,False,True,False,-0.008740671014590196,3190.385450439453,True,buy_every_session,2020-12-21,-0.8740671014590196,0.02,-0.8940671014590196,93.34321079474702
2020-12-22,3685.0,3695.0,3663.75,3677.25,False,True,False,-0.002103120759837207,3194.442950439453,True,buy_every_session,2020-12-22,-0.2103120759837207,0.02,-0.2303120759837207,93.1128987187633
2020-12-23,3674.25,3701.75,3651.0,3681.5,True,False,False,0.0019731918078520483,3199.149200439453,True,buy_every_session,2020-12-23,0.19731918078520483,0.02,0.17731918078520484,93.29021789954851
2020-12-24,3685.25,3696.0,3678.5,3695.0,True,False,False,0.002645682111118708,3205.2792004394532,True,buy_every_session,2020-12-24,0.2645682111118708,0.02,0.2445682111118708,93.53478611066038
2020-12-28,3682.0,3732.25,3676.0,3727.5,True,False,False,0.012357414448669113,3210.436700439453,True,buy_every_session,2020-12-28,1.2357414448669113,0.02,1.2157414448669113,94.75052755552728
2020-12-29,3731.0,3747.75,3714.5,3720.0,False,True,False,-0.0029482712409542033,3216.955450439453,True,buy_every_session,2020-12-29,-0.29482712409542033,0.02,-0.31482712409542035,94.43570043143187
2020-12-30,3724.5,3738.25,3716.5,3724.25,False,True,False,-6.712310377232633e-05,3223.099200439453,True,buy_every_session,2020-12-30,-0.006712310377232633,0.02,-0.026712310377232634,94.40898812105463
2020-12-31,3725.0,3753.0,3715.0,3748.75,True,False,False,0.0063758389261745485,3229.7729504394533,True,buy_every_session,2020-12-31,0.6375838926174549,0.02,0.6175838926174548,95.0265720136721
2021-01-04,3748.75,3773.25,3652.5,3692.25,False,True,False,-0.0150716905635212,3236.217950439453,True,buy_every_session,2021-01-04,-1.50716905635212,0.02,-1.52716905635212,93.49940295731997
2021-01-05,3695.0,3730.0,3673.25,3718.25,True,False,False,0.006292286874154174,3242.619300537109,True,buy_every_session,2021-01-05,0.6292286874154174,0.02,0.6092286874154174,94.1086316447354
2021-01-06,3717.5,3774.75,3685.5,3740.5,True,False,False,0.006186953597848044,3250.2193005371096,True,buy_every_session,2021-01-06,0.6186953597848044,0.02,0.5986953597848044,94.7073270045202
2021-01-07,3752.5,3804.0,3742.0,3795.5,True,False,False,0.01145902731512316,3257.0068005371095,True,buy_every_session,2021-01-07,1.145902731512316,0.02,1.125902731512316,95.83322973603251
2021-01-08,3797.75,3824.5,3775.0,3817.5,True,False,False,0.0052004476334672756,3263.7593005371095,True,buy_every_session,2021-01-08,0.5200447633467276,0.02,0.5000447633467275,96.33327449937923
2021-01-11,3815.5,3820.75,3776.5,3792.0,False,True,False,-0.006159087930808549,3269.679300537109,True,buy_every_session,2021-01-11,-0.6159087930808549,0.02,-0.6359087930808549,95.69736570629837
2021-01-12,3794.25,3806.75,3768.0,3794.5,True,False,False,6.588917440875086e-05,3276.0318005371096,True,buy_every_session,2021-01-12,0.006588917440875086,0.02,-0.013411082559124914,95.68395462373924
2021-01-13,3792.0,3813.5,3776.5,3803.75,True,False,False,0.003098628691983185,3281.994300537109,True,buy_every_session,2021-01-13,0.3098628691983185,0.02,0.2898628691983185,95.97381749293756
2021-01-14,3808.5,3817.75,3786.25,3791.25,False,True,False,-0.004529342260732538,3288.1018005371093,True,buy_every_session,2021-01-14,-0.45293422607325384,0.02,-0.47293422607325386,95.5008832668643
2021-01-15,3793.0,3797.75,3741.5,3762.25,False,True,False,-0.008107039282889583,3294.6730505371092,True,buy_every_session,2021-01-15,-0.8107039282889583,0.02,-0.8307039282889583,94.67017933857535
2021-01-19,3750.0,3797.0,3740.5,3790.5,True,False,False,0.01079999999999992,3301.0430505371096,True,buy_every_session,2021-01-19,1.079999999999992,0.02,1.059999999999992,95.73017933857534
2021-01-20,3796.75,3852.5,3788.5,3845.0,True,False,False,0.012708237308224124,3307.8543005371093,True,buy_every_session,2021-01-20,1.2708237308224124,0.02,1.2508237308224124,96.98100306939776
2021-01-21,3841.5,3859.75,3836.5,3846.0,True,False,False,0.0011714174150723178,3313.8618005371095,True,buy_every_session,2021-01-21,0.11714174150723178,0.02,0.09714174150723177,97.07814481090499
2021-01-22,3846.75,3849.0,3813.25,3834.25,False,True,False,-0.003249496328069146,3319.8230505371093,True,buy_every_session,2021-01-22,-0.3249496328069146,0.02,-0.3449496328069146,96.73319517809807
2021-01-25,3835.5,3853.25,3788.5,3848.5,True,False,False,0.0033893886064397805,3325.3905505371094,True,buy_every_session,2021-01-25,0.33893886064397805,0.02,0.31893886064397803,97.05213403874205
2021-01-26,3845.0,3862.25,3821.5,3842.5,False,True,False,-0.0006501950585175997,3330.7043005371092,True,buy_every_session,2021-01-26,-0.06501950585175997,0.02,-0.08501950585175998,96.96711453289029
2021-01-27,3845.25,3853.0,3706.5,3744.25,False,True,False,-0.026266172550549416,3335.6293005371094,True,buy_every_session,2021-01-27,-2.6266172550549416,0.02,-2.6466172550549416,94.32049727783536
2021-01-28,3735.25,3823.5,3703.5,3779.25,True,False,False,0.011779666688976675,3340.3105505371095,True,buy_every_session,2021-01-28,1.1779666688976675,0.02,1.1579666688976675,95.47846394673303
2021-01-29,3770.25,3777.25,3685.5,3705.25,False,True,False,-0.017240236058616798,3344.9618005371094,True,buy_every_session,2021-01-29,-1.7240236058616798,0.02,-1.7440236058616798,93.73444034087134
2021-02-01,3692.25,3777.0,3656.5,3765.75,True,False,False,0.019906561040016202,3349.8530505371095,True,buy_every_session,2021-02-01,1.9906561040016202,0.02,1.9706561040016202,95.70509644487296
2021-02-02,3764.75,3835.75,3760.0,3818.25,True,False,False,0.014210770967527653,3354.5943005371096,True,buy_every_session,2021-02-02,1.4210770967527653,0.02,1.4010770967527653,97.10617354162574
2021-02-03,3829.5,3843.5,3807.75,3823.5,False,True,False,-0.0015667841754798406,3359.679300537109,True,buy_every_session,2021-02-03,-0.15667841754798406,0.02,-0.17667841754798405,96.92949512407775
2021-02-04,3832.75,3869.75,3811.25,3864.5,True,False,False,0.008283869284456236,3365.3418005371095,True,buy_every_session,2021-02-04,0.8283869284456236,0.02,0.8083869284456235,97.73788205252337
2021-02-05,3864.25,3888.25,3860.0,3880.25,True,False,False,0.004140518858769537,3370.8005505371093,True,buy_every_session,2021-02-05,0.41405188587695374,0.02,0.3940518858769537,98.13193393840032
2021-02-08,3889.0,3911.25,3885.5,3908.0,True,False,False,0.004885574697865769,3376.4368005371093,True,buy_every_session,2021-02-08,0.4885574697865769,0.02,0.46855746978657686,98.6004914081869
2021-02-09,3910.5,3913.25,3895.0,3905.5,False,True,False,-0.0012786088735455836,3381.8168005371094,True,buy_every_session,2021-02-09,-0.12786088735455836,0.02,-0.14786088735455835,98.45263052083234
2021-02-10,3912.25,3928.5,3878.25,3903.0,False,True,False,-0.0023643683302447815,3386.9868005371095,True,buy_every_session,2021-02-10,-0.23643683302447815,0.02,-0.2564368330244782,98.19619368780786
2021-02-11,3907.0,3920.5,3884.5,3912.0,True,False,False,0.0012797542871769707,3392.210550537109,True,buy_every_session,2021-02-11,0.12797542871769707,0.02,0.10797542871769707,98.30416911652556
2021-02-12,3905.25,3936.25,3890.25,3931.0,True,False,False,0.006593687984123964,3397.1605505371094,True,buy_every_session,2021-02-12,0.6593687984123964,0.02,0.6393687984123964,98.94353791493795
2021-02-16,3936.5,3959.25,3918.75,3927.75,False,True,False,-0.0022227867394893908,3402.2868005371092,True,buy_every_session,2021-02-16,-0.22227867394893908,0.02,-0.24227867394893907,98.701259240989
2021-02-17,3929.0,3932.25,3896.5,3928.0,False,True,False,-0.0002545176889794387,3407.8180505371092,True,buy_every_session,2021-02-17,-0.02545176889794387,0.02,-0.045451768897943876,98.65580747209106
2021-02-18,3928.25,3936.0,3880.5,3909.5,False,True,False,-0.004773117800547344,3413.2393005371096,True,buy_every_session,2021-02-18,-0.4773117800547344,0.02,-0.4973117800547344,98.15849569203633
2021-02-19,3910.5,3931.0,3890.25,3903.0,False,True,False,-0.00191791331031832,3418.463050537109,True,buy_every_session,2021-02-19,-0.191791331031832,0.02,-0.21179133103183198,97.94670436100449
2021-02-22,3905.5,3914.5,3861.25,3873.5,False,True,False,-0.008193573166047852,3423.6630505371095,True,buy_every_session,2021-02-22,-0.8193573166047852,0.02,-0.8393573166047852,97.1073470443997
2021-02-23,3878.0,3896.0,3804.75,3878.0,False,False,True,0.0,3428.6530505371093,True,buy_every_session,2021-02-23,0.0,0.02,-0.02,97.0873470443997
2021-02-24,3876.25,3927.75,3851.75,3922.5,True,False,False,0.011931634956465764,3433.6230505371095,True,buy_every_session,2021-02-24,1.1931634956465764,0.02,1.1731634956465764,98.26051054004628
2021-02-25,3923.5,3934.5,3810.25,3828.0,False,True,False,-0.024340512297693406,3438.1493005371094,True,buy_every_session,2021-02-25,-2.4340512297693406,0.02,-2.4540512297693406,95.80645931027695
2021-02-26,3823.25,3858.5,3785.0,3809.25,False,True,False,-0.003661806055057837,3442.9330505371095,True,buy_every_session,2021-02-26,-0.3661806055057837,0.02,-0.3861806055057837,95.42027870477116
2021-03-01,3817.25,3912.0,3812.5,3898.75,True,False,False,0.021350448621389795,3448.3618005371095,True,buy_every_session,2021-03-01,2.1350448621389795,0.02,2.1150448621389795,97.53532356691014
2021-03-02,3903.25,3906.5,3865.5,3867.5,False,True,False,-0.00915903413821817,3453.4643005371095,True,buy_every_session,2021-03-02,-0.915903413821817,0.02,-0.935903413821817,96.59942015308832
2021-03-03,3867.5,3898.0,3813.0,3816.75,False,True,False,-0.01312217194570131,3458.315550537109,True,buy_every_session,2021-03-03,-1.312217194570131,0.02,-1.332217194570131,95.26720295851818
2021-03-04,3818.0,3842.25,3720.5,3765.5,False,True,False,-0.013750654793085348,3462.4030505371093,True,buy_every_session,2021-03-04,-1.3750654793085348,0.02,-1.3950654793085349,93.87213747920964
2021-03-05,3765.5,3850.0,3728.5,3839.0,True,False,False,0.01951932014340718,3467.0043005371094,True,buy_every_session,2021-03-05,1.9519320143407182,0.02,1.9319320143407182,95.80406949355036
2021-03-08,3854.75,3878.75,3796.25,3819.25,False,True,False,-0.009209416953109839,3471.2580505371093,True,buy_every_session,2021-03-08,-0.9209416953109839,0.02,-0.9409416953109839,94.86312779823938
2021-03-09,3831.25,3901.25,3826.25,3873.25,True,False,False,0.010962479608482845,3475.9393005371094,True,buy_every_session,2021-03-09,1.0962479608482845,0.02,1.0762479608482844,95.93937575908765
2021-03-10,3878.5,3916.25,3856.25,3896.5,True,False,False,0.0046409694469511376,3480.6568005371096,True,buy_every_session,2021-03-10,0.46409694469511376,0.02,0.44409694469511374,96.38347270378277
2021-03-11,3907.75,3958.5,3893.0,3936.75,True,False,False,0.007421150278293043,3485.3680505371094,True,buy_every_session,2021-03-11,0.7421150278293043,0.02,0.7221150278293043,97.10558773161208
2021-03-12,3937.5,3947.5,3910.25,3942.25,True,False,False,0.001206349206349211,3489.9018005371095,True,buy_every_session,2021-03-12,0.1206349206349211,0.02,0.10063492063492109,97.20622265224699
2021-03-15,3945.75,3969.75,3922.25,3967.5,True,False,False,0.005512260026610871,3494.5493005371095,True,buy_every_session,2021-03-15,0.5512260026610871,0.02,0.5312260026610871,97.73744865490808
2021-03-16,3967.0,3980.5,3952.75,3962.5,False,True,False,-0.0011343584572724996,3499.1518005371095,True,buy_every_session,2021-03-16,-0.11343584572724996,0.02,-0.13343584572724995,97.60401280918083
2021-03-17,3967.5,3983.75,3935.25,3974.0,True,False,False,0.0016383112791429344,3503.7518005371094,True,buy_every_session,2021-03-17,0.16383112791429344,0.02,0.14383112791429345,97.74784393709513
2021-03-18,3972.0,3988.75,3911.0,3916.5,False,True,False,-0.013972809667673669,3507.9493005371096,True,buy_every_session,2021-03-18,-1.397280966767367,0.02,-1.417280966767367,96.33056297032776
2021-03-19,3923.75,3934.25,3908.0,3912.6201171875,False,True,False,-0.002836542290538424,3511.923651123047,True,buy_every_session,2021-03-19,-0.2836542290538424,0.02,-0.30365422905384243,96.02690874127391
2021-03-22,3893.5,3944.5,3885.0,3930.0,True,False,False,0.00937459869012458,3516.021151123047,True,buy_every_session,2021-03-22,0.937459869012458,0.02,0.917459869012458,96.94436861028638
2021-03-23,3933.25,3938.75,3890.5,3899.75,False,True,False,-0.008517129600203344,3519.586151123047,True,buy_every_session,2021-03-23,-0.8517129600203344,0.02,-0.8717129600203344,96.07265565026604
2021-03-24,3905.75,3931.5,3877.5,3880.75,False,True,False,-0.006400819304871019,3522.852401123047,True,buy_every_session,2021-03-24,-0.6400819304871019,0.02,-0.660081930487102,95.41257371977895
2021-03-25,3882.75,3909.5,3843.25,3900.5,True,False,False,0.004571502156976326,3526.327401123047,True,buy_every_session,2021-03-25,0.4571502156976326,0.02,0.43715021569763257,95.84972393547658
2021-03-26,3907.5,3968.0,3900.75,3964.75,True,False,False,0.014651311580294202,3530.221151123047,True,buy_every_session,2021-03-26,1.4651311580294202,0.02,1.4451311580294202,97.294855093506
2021-03-29,3962.25,3971.25,3928.75,3959.0,False,True,False,-0.0008202410246703762,3534.9649011230467,True,buy_every_session,2021-03-29,-0.08202410246703762,0.02,-0.10202410246703762,97.19283099103896
2021-03-30,3965.25,3968.5,3933.75,3947.75,False,True,False,-0.004413340899060536,3539.529901123047,True,buy_every_session,2021-03-30,-0.4413340899060536,0.02,-0.4613340899060536,96.7314969011329
2021-03-31,3949.5,3983.75,3941.5,3967.5,True,False,False,0.004557538928978255,3544.002401123047,True,buy_every_session,2021-03-31,0.45575389289782553,0.02,0.4357538928978255,97.16725079403072
2021-04-01,3967.5,4015.25,3964.5,4010.0,True,False,False,0.010712035286704502,3548.408651123047,True,buy_every_session,2021-04-01,1.0712035286704502,0.02,1.0512035286704502,98.21845432270118
2021-04-05,4030.0,4073.75,4021.0,4067.75,True,False,False,0.00936724565756819,3553.157401123047,True,buy_every_session,2021-04-05,0.9367245657568191,0.02,0.916724565756819,99.135178888458
2021-04-06,4069.75,4076.0,4052.25,4064.0,False,True,False,-0.0014128631979851702,3557.932401123047,True,buy_every_session,2021-04-06,-0.14128631979851702,0.02,-0.161286319798517,98.97389256865948
2021-04-07,4067.0,4075.5,4056.5,4070.0,True,False,False,0.0007376444553726103,3562.4761010742186,True,buy_every_session,2021-04-07,0.07376444553726103,0.02,0.05376444553726102,99.02765701419673
2021-04-08,4074.25,4098.5,4072.5,4089.0,True,False,False,0.0036202982143953566,3567.3673510742187,True,buy_every_session,2021-04-08,0.36202982143953566,0.02,0.34202982143953564,99.36968683563627
2021-04-09,4098.0,4121.5,4081.0,4119.5,True,False,False,0.005246461688628523,3572.372351074219,True,buy_every_session,2021-04-09,0.5246461688628523,0.02,0.5046461688628523,99.87433300449912
2021-04-12,4114.25,4124.5,4104.5,4120.25,True,False,False,0.0014583459925867626,3577.7286010742187,True,buy_every_session,2021-04-12,0.14583459925867626,0.02,0.12583459925867627,100.0001676037578
2021-04-13,4122.75,4139.75,4101.25,4132.75,True,False,False,0.002425565459947876,3583.0386010742186,True,buy_every_session,2021-04-13,0.2425565459947876,0.02,0.2225565459947876,100.2227241497526
2021-04-14,4134.75,4144.0,4113.0,4118.0,False,True,False,-0.004051030896668473,3588.593601074219,True,buy_every_session,2021-04-14,-0.40510308966684727,0.02,-0.4251030896668473,99.79762106008575
2021-04-15,4123.5,4166.5,4119.5,4162.5,True,False,False,0.009457984721716883,3594.167351074219,True,buy_every_session,2021-04-15,0.9457984721716883,0.02,0.9257984721716883,100.72341953225744
2021-04-16,4162.75,4183.5,4154.25,4176.25,True,False,False,0.003243048465557674,3599.5973510742188,True,buy_every_session,2021-04-16,0.3243048465557674,0.02,0.3043048465557674,101.0277243788132
2021-04-19,4165.0,4174.75,4141.75,4155.5,False,True,False,-0.002280912364945986,3604.8598510742186,True,buy_every_session,2021-04-19,-0.22809123649459861,0.02,-0.2480912364945986,100.7796331423186
2021-04-20,4156.25,4167.25,4110.5,4126.5,False,True,False,-0.007157894736842141,3609.8473510742188,True,buy_every_session,2021-04-20,-0.7157894736842141,0.02,-0.7357894736842141,100.0438436686344
2021-04-21,4121.25,4167.25,4113.0,4164.75,True,False,False,0.01055505004549584,3614.8111010742186,True,buy_every_session,2021-04-21,1.055505004549584,0.02,1.035505004549584,101.07934867318397
2021-04-22,4157.5,4171.75,4115.25,4127.75,False,True,False,-0.007155742633794371,3619.767351074219,True,buy_every_session,2021-04-22,-0.7155742633794371,0.02,-0.7355742633794371,100.34377440980454
2021-04-23,4129.0,4186.75,4127.5,4171.5,True,False,False,0.010293049164446622,3624.807351074219,True,buy_every_session,2021-04-23,1.0293049164446622,0.02,1.0093049164446621,101.3530793262492
2021-04-26,4170.75,4186.0,4163.75,4179.5,True,False,False,0.002097944014865405,3629.999851074219,True,buy_every_session,2021-04-26,0.2097944014865405,0.02,0.1897944014865405,101.54287372773574
2021-04-27,4181.5,4192.5,4166.75,4179.0,False,True,False,-0.0005978715771852716,3635.002351074219,True,buy_every_session,2021-04-27,-0.05978715771852716,0.02,-0.07978715771852717,101.46308657001721
2021-04-28,4180.25,4193.75,4172.75,4176.25,False,True,False,-0.0009568805693439542,3640.142351074219,True,buy_every_session,2021-04-28,-0.09568805693439542,0.02,-0.11568805693439542,101.34739851308282
2021-04-29,4184.75,4211.0,4168.0,4203.5,True,False,False,0.004480554393930358,3645.2423510742187,True,buy_every_session,2021-04-29,0.4480554393930358,0.02,0.4280554393930358,101.77545395247586
2021-04-30,4200.75,4201.5,4167.25,4174.5,False,True,False,-0.006248884127834309,3650.017351074219,True,buy_every_session,2021-04-30,-0.6248884127834309,0.02,-0.6448884127834309,101.13056553969243
2021-05-03,4181.5,4202.5,4181.0,4185.75,True,False,False,0.001016381681214984,3654.9736010742185,True,buy_every_session,2021-05-03,0.1016381681214984,0.02,0.08163816812149839,101.21220370781393
2021-05-04,4184.25,4185.5,4120.5,4158.25,False,True,False,-0.006213777857441594,3659.6948510742186,True,buy_every_session,2021-05-04,-0.6213777857441594,0.02,-0.6413777857441594,100.57082592206977
2021-05-05,4158.25,4180.0,4153.0,4160.0,True,False,False,0.000420850117236915,3664.2686010742186,True,buy_every_session,2021-05-05,0.0420850117236915,0.02,0.0220850117236915,100.59291093379346
2021-05-06,4158.75,4197.25,4140.5,4194.25,True,False,False,0.008536218815749841,3668.9836010742188,True,buy_every_session,2021-05-06,0.8536218815749841,0.02,0.8336218815749841,101.42653281536845
2021-05-07,4197.5,4232.25,4191.75,4225.25,True,False,False,0.0066110780226324994,3673.7823510742187,True,buy_every_session,2021-05-07,0.6611078022632499,0.02,0.6411078022632499,102.0676406176317
2021-05-10,4226.75,4238.25,4172.0,4183.5,False,True,False,-0.010232448098420721,3678.562351074219,True,buy_every_session,2021-05-10,-1.0232448098420721,0.02,-1.0432448098420721,101.02439580778963
2021-05-11,4176.75,4185.5,4103.75,4146.25,False,True,False,-0.007302328365355826,3683.2736010742187,True,buy_every_session,2021-05-11,-0.7302328365355826,0.02,-0.7502328365355826,100.27416297125404
2021-05-12,4140.0,4150.5,4051.0,4058.75,False,True,False,-0.01962560386473433,3687.406101074219,True,buy_every_session,2021-05-12,-1.9625603864734331,0.02,-1.9825603864734331,98.2916025847806
2021-05-13,4053.5,4126.75,4029.25,4107.0,True,False,False,0.013198470457629119,3691.8761010742187,True,buy_every_session,2021-05-13,1.319847045762912,0.02,1.2998470457629119,99.59144963054352
2021-05-14,4112.5,4178.25,4105.25,4169.0,True,False,False,0.01373860182370823,3696.4586010742187,True,buy_every_session,2021-05-14,1.373860182370823,0.02,1.353860182370823,100.94530981291435
2021-05-17,4169.0,4178.75,4136.5,4157.75,False,True,False,-0.0026984888462461276,3701.0036010742188,True,buy_every_session,2021-05-17,-0.26984888462461276,0.02,-0.2898488846246128,100.65546092828973
2021-05-18,4159.0,4179.5,4111.5,4123.0,False,True,False,-0.008655926905506095,3705.301101074219,True,buy_every_session,2021-05-18,-0.8655926905506095,0.02,-0.8855926905506095,99.76986823773912
2021-05-19,4114.0,4123.0,4055.5,4111.5,False,True,False,-0.0006076810889644735,3709.4161010742187,True,buy_every_session,2021-05-19,-0.06076810889644735,0.02,-0.08076810889644735,99.68910012884267
2021-05-20,4107.75,4169.25,4084.5,4154.25,True,False,False,0.011320065729413908,3713.687351074219,True,buy_every_session,2021-05-20,1.1320065729413908,0.02,1.1120065729413908,100.80110670178406
2021-05-21,4152.5,4185.0,4147.0,4151.75,False,True,False,-0.00018061408789882272,3717.866101074219,True,buy_every_session,2021-05-21,-0.01806140878988227,0.02,-0.038061408789882276,100.76304529299418
2021-05-24,4151.5,4206.25,4142.5,4193.75,True,False,False,0.010177044441768146,3722.113601074219,True,buy_every_session,2021-05-24,1.0177044441768146,0.02,0.9977044441768146,101.760749737171
2021-05-25,4199.25,4212.75,4179.25,4185.5,False,True,False,-0.0032743942370661028,3726.3173510742185,True,buy_every_session,2021-05-25,-0.3274394237066103,0.02,-0.3474394237066103,101.4133103134644
2021-05-26,4188.0,4204.25,4180.5,4193.0,True,False,False,0.0011938872970391756,3730.5186010742186,True,buy_every_session,2021-05-26,0.11938872970391756,0.02,0.09938872970391756,101.51269904316831
2021-05-27,4193.0,4211.5,4177.75,4199.0,True,False,False,0.0014309563558312366,3734.863601074219,True,buy_every_session,2021-05-27,0.14309563558312366,0.02,0.12309563558312366,101.63579467875144
2021-05-28,4211.25,4217.5,4201.0,4202.5,False,True,False,-0.0020777678836449986,3739.026101074219,True,buy_every_session,2021-05-28,-0.20777678836449986,0.02,-0.22777678836449985,101.40801789038694
2021-06-01,4206.5,4230.0,4190.0,4198.5,False,True,False,-0.0019018186140496995,3743.1798510742187,True,buy_every_session,2021-06-01,-0.19018186140496995,0.02,-0.21018186140496994,101.19783602898197
2021-06-02,4198.5,4215.0,4190.75,4206.25,True,False,False,0.0018458973442896376,3747.403601074219,True,buy_every_session,2021-06-02,0.18458973442896376,0.02,0.16458973442896377,101.36242576341093
2021-06-03,4208.0,4213.25,4165.25,4191.25,False,True,False,-0.003980513307984768,3751.4611010742187,True,buy_every_session,2021-06-03,-0.39805133079847677,0.02,-0.4180513307984768,100.94437443261245
2021-06-04,4190.75,4232.0,4177.0,4228.25,True,False,False,0.008948278947682464,3755.667351074219,True,buy_every_session,2021-06-04,0.8948278947682464,0.02,0.8748278947682464,101.8192023273807
2021-06-07,4232.25,4232.5,4214.0,4225.5,False,True,False,-0.0015948963317384823,3759.9311010742185,True,buy_every_session,2021-06-07,-0.15948963317384823,0.02,-0.17948963317384822,101.63971269420685
2021-06-08,4227.5,4236.75,4205.75,4225.75,False,True,False,-0.0004139562389119389,3764.156101074219,True,buy_every_session,2021-06-08,-0.04139562389119389,0.02,-0.06139562389119389,101.57831707031566
2021-06-09,4225.5,4235.0,4217.0,4218.5,False,True,False,-0.0016566086853626594,3768.2861010742185,True,buy_every_session,2021-06-09,-0.16566086853626594,0.02,-0.18566086853626593,101.3926562017794
2021-06-10,4222.25,4249.0,4207.0,4238.0,True,False,False,0.003730238616851178,3772.338601074219,True,buy_every_session,2021-06-10,0.3730238616851178,0.02,0.3530238616851178,101.74568006346452
2021-06-11,4239.5,4247.75,4230.75,4245.75,True,False,False,0.0014742304517041394,3776.352351074219,True,buy_every_session,2021-06-11,0.14742304517041394,0.02,0.12742304517041395,101.87310310863494
2021-06-14,4248.0,4257.5,4233.5,4254.75,True,False,False,0.0015889830508475367,3780.224851074219,True,buy_every_session,2021-06-14,0.15889830508475367,0.02,0.13889830508475368,102.01200141371969
2021-06-15,4255.25,4267.5,4238.0,4246.5,False,True,False,-0.0020562834146055087,3784.031101074219,True,buy_every_session,2021-06-15,-0.20562834146055087,0.02,-0.22562834146055086,101.78637307225914
2021-06-16,4248.0,4251.25,4200.75,4223.0,False,True,False,-0.005885122410546173,3787.6236010742186,True,buy_every_session,2021-06-16,-0.5885122410546173,0.02,-0.6085122410546173,101.17786083120453
2021-06-17,4214.25,4232.5,4193.0,4222.25,True,False,False,0.0018983211722132243,3791.2398510742187,True,buy_every_session,2021-06-17,0.18983211722132243,0.02,0.16983211722132244,101.34769294842584
2021-06-18,4225.75,4231.0,4183.75,4187.25,False,True,False,-0.009110808732177733,3794.5411010742187,True,buy_every_session,2021-06-18,-0.9110808732177733,0.02,-0.9310808732177733,100.41661207520806
2021-06-21,4142.5,4219.75,4126.75,4213.75,True,False,False,0.017199758599879322,3797.713601074219,True,buy_every_session,2021-06-21,1.7199758599879322,0.02,1.6999758599879322,102.116587935196
2021-06-22,4219.25,4245.5,4205.75,4236.25,True,False,False,0.004029152100491817,3801.5873510742185,True,buy_every_session,2021-06-22,0.40291521004918174,0.02,0.3829152100491817,102.49950314524517
2021-06-23,4237.5,4248.25,4230.5,4231.5,False,True,False,-0.001415929203539834,3805.6573510742187,True,buy_every_session,2021-06-23,-0.1415929203539834,0.02,-0.1615929203539834,102.33791022489119
2021-06-24,4233.75,4263.75,4231.75,4256.0,True,False,False,0.005255388249188142,3810.2598510742187,True,buy_every_session,2021-06-24,0.5255388249188142,0.02,0.5055388249188142,102.84344904981
2021-06-25,4262.0,4276.75,4253.5,4271.25,True,False,False,0.0021703425621772965,3814.6148510742187,True,buy_every_session,2021-06-25,0.21703425621772965,0.02,0.19703425621772966,103.04048330602774
2021-06-28,4275.0,4282.0,4264.25,4280.5,True,False,False,0.0012865497076024468,3819.314851074219,True,buy_every_session,2021-06-28,0.12865497076024468,0.02,0.10865497076024468,103.14913827678798
2021-06-29,4280.5,4291.0,4271.75,4282.0,True,False,False,0.0003504263520617279,3824.0561010742185,True,buy_every_session,2021-06-29,0.03504263520617279,0.02,0.01504263520617279,103.16418091199415
2021-06-30,4284.75,4294.25,4269.25,4288.5,True,False,False,0.0008751969193068199,3828.5861010742187,True,buy_every_session,2021-06-30,0.08751969193068199,0.02,0.06751969193068198,103.23170060392484
2021-07-01,4294.25,4312.0,4286.0,4310.75,True,False,False,0.0038423473249111773,3833.113601074219,True,buy_every_session,2021-07-01,0.3842347324911177,0.02,0.3642347324911177,103.59593533641595
2021-07-02,4309.75,4347.0,4308.0,4342.75,True,False,False,0.007657056673820994,3837.8798510742185,True,buy_every_session,2021-07-02,0.7657056673820994,0.02,0.7457056673820994,104.34164100379805
2021-07-06,4341.0,4348.0,4305.25,4334.0,False,True,False,-0.0016125316747293006,3842.7423510742187,True,buy_every_session,2021-07-06,-0.16125316747293006,0.02,-0.18125316747293005,104.16038783632511
2021-07-07,4328.0,4353.25,4320.25,4349.75,True,False,False,0.0050254158964879725,3847.7231005859376,True,buy_every_session,2021-07-07,0.5025415896487972,0.02,0.48254158964879723,104.64292942597392
2021-07-08,4352.25,4352.25,4279.25,4313.0,False,True,False,-0.009018323855477073,3852.9131005859376,True,buy_every_session,2021-07-08,-0.9018323855477073,0.02,-0.9218323855477073,103.72109704042622
2021-07-09,4310.25,4364.0,4293.25,4360.0,True,False,False,0.01154225392958641,3858.2168505859377,True,buy_every_session,2021-07-09,1.154225392958641,0.02,1.134225392958641,104.85532243338486
2021-07-12,4362.0,4379.25,4341.75,4376.5,True,False,False,0.003324163227877097,3863.9431005859374,True,buy_every_session,2021-07-12,0.3324163227877097,0.02,0.3124163227877097,105.16773875617257
2021-07-13,4377.0,4383.75,4356.5,4361.25,False,True,False,-0.0035983550376970097,3869.5593505859374,True,buy_every_session,2021-07-13,-0.35983550376970097,0.02,-0.379835503769701,104.78790325240287
2021-07-14,4359.5,4384.5,4350.0,4367.75,True,False,False,0.001892418855373279,3874.9618505859376,True,buy_every_session,2021-07-14,0.1892418855373279,0.02,0.1692418855373279,104.9571451379402
2021-07-15,4366.5,4370.25,4332.5,4352.0,False,True,False,-0.0033207374327264283,3879.9918505859373,True,buy_every_session,2021-07-15,-0.33207374327264283,0.02,-0.35207374327264285,104.60507139466756
2021-07-16,4347.75,4368.0,4314.25,4318.5,False,True,False,-0.00672761773331032,3884.9156005859377,True,buy_every_session,2021-07-16,-0.672761773331032,0.02,-0.6927617733310321,103.91230962133653
2021-07-19,4320.0,4320.75,4224.0,4251.25,False,True,False,-0.01591435185185186,3889.4118505859374,True,buy_every_session,2021-07-19,-1.591435185185186,0.02,-1.611435185185186,102.30087443615135
2021-07-20,4262.75,4329.0,4252.75,4315.5,True,False,False,0.012374640783531676,3894.1506005859374,True,buy_every_session,2021-07-20,1.2374640783531676,0.02,1.2174640783531676,103.51833851450452
2021-07-21,4318.75,4355.25,4310.0,4350.5,True,False,False,0.0073516642547033495,3899.2068505859374,True,buy_every_session,2021-07-21,0.735166425470335,0.02,0.7151664254703349,104.23350493997485
2021-07-22,4355.0,4371.5,4341.5,4359.5,True,False,False,0.001033295063145756,3904.0393505859374,True,buy_every_session,2021-07-22,0.1033295063145756,0.02,0.0833295063145756,104.31683444628942
2021-07-23,4371.5,4408.25,4367.25,4403.0,True,False,False,0.007205764611689425,3909.2881005859376,True,buy_every_session,2021-07-23,0.7205764611689425,0.02,0.7005764611689425,105.01741090745836
2021-07-26,4400.5,4416.75,4375.5,4414.25,True,False,False,0.0031246449267128273,3914.3256005859375,True,buy_every_session,2021-07-26,0.31246449267128273,0.02,0.2924644926712827,105.30987540012964
2021-07-27,4415.75,4416.0,4364.75,4394.5,False,True,False,-0.004812319538017307,3919.1106005859374,True,buy_every_session,2021-07-27,-0.48123195380173067,0.02,-0.5012319538017307,104.8086434463279
2021-07-28,4380.0,4407.75,4377.5,4393.75,True,False,False,0.003139269406392753,3923.7131005859374,True,buy_every_session,2021-07-28,0.3139269406392753,0.02,0.29392694063927527,105.10257038696719
2021-07-29,4393.75,4422.5,4380.5,4411.75,True,False,False,0.004096728307254605,3928.1081005859373,True,buy_every_session,2021-07-29,0.40967283072546046,0.02,0.38967283072546044,105.49224321769265
2021-07-30,4394.25,4405.0,4370.75,4389.5,False,True,False,-0.0010809580702053623,3932.5318505859377,True,buy_every_session,2021-07-30,-0.10809580702053623,0.02,-0.12809580702053622,105.3641474106721
2021-08-02,4396.5,4419.75,4377.25,4379.75,False,True,False,-0.003809848743318578,3937.0256005859374,True,buy_every_session,2021-08-02,-0.3809848743318578,0.02,-0.4009848743318578,104.96316253634025
2021-08-03,4383.75,4417.0,4365.25,4415.0,True,False,False,0.007128599942971103,3941.7231005859376,True,buy_every_session,2021-08-03,0.7128599942971103,0.02,0.6928599942971103,105.65602253063736
2021-08-04,4409.75,4415.0,4391.25,4394.75,False,True,False,-0.003401553376041755,3946.3856005859375,True,buy_every_session,2021-08-04,-0.3401553376041755,0.02,-0.3601553376041755,105.29586719303319
2021-08-05,4396.25,4422.75,4393.75,4421.5,True,False,False,0.005743531418822778,3951.3793505859376,True,buy_every_session,2021-08-05,0.5743531418822778,0.02,0.5543531418822778,105.85022033491546
2021-08-06,4420.25,4433.25,4416.0,4429.5,True,False,False,0.002092641818901564,3956.3656005859375,True,buy_every_session,2021-08-06,0.2092641818901564,0.02,0.1892641818901564,106.03948451680562
2021-08-09,4428.0,4432.0,4412.25,4425.75,False,True,False,-0.000508130081300795,3961.3318505859374,True,buy_every_session,2021-08-09,-0.050813008130079496,0.02,-0.0708130081300795,105.96867150867554
2021-08-10,4427.25,4438.25,4416.5,4430.0,True,False,False,0.0006211530860014136,3966.2356005859374,True,buy_every_session,2021-08-10,0.06211530860014136,0.02,0.04211530860014136,106.01078681727569
2021-08-11,4429.25,4443.25,4420.75,4440.5,True,False,False,0.0025399333973019633,3971.1793505859373,True,buy_every_session,2021-08-11,0.25399333973019633,0.02,0.23399333973019634,106.24478015700588
2021-08-12,4440.0,4456.25,4430.25,4454.5,True,False,False,0.00326576576576576,3976.4843505859376,True,buy_every_session,2021-08-12,0.326576576576576,0.02,0.306576576576576,106.55135673358245
2021-08-13,4455.75,4463.25,4451.0,4462.5,True,False,False,0.001514896482073702,3981.8818505859376,True,buy_every_session,2021-08-13,0.1514896482073702,0.02,0.13148964820737022,106.68284638178982
2021-08-16,4456.25,4476.5,4432.5,4474.0,True,False,False,0.003983169705469747,3987.9343505859374,True,buy_every_session,2021-08-16,0.3983169705469747,0.02,0.37831697054697466,107.06116335233679
2021-08-17,4472.0,4472.25,4411.75,4443.5,False,True,False,-0.006372987477638592,3993.6406005859376,True,buy_every_session,2021-08-17,-0.6372987477638592,0.02,-0.6572987477638592,106.40386460457293
2021-08-18,4436.75,4449.75,4381.5,4394.5,False,True,False,-0.00952273623711053,3999.2893505859374,True,buy_every_session,2021-08-18,-0.952273623711053,0.02,-0.972273623711053,105.43159098086188
2021-08-19,4389.75,4414.75,4347.75,4401.5,True,False,False,0.002676690016515826,4004.7943505859375,True,buy_every_session,2021-08-19,0.2676690016515826,0.02,0.2476690016515826,105.67925998251347
2021-08-20,4403.75,4440.5,4371.75,4437.0,True,False,False,0.007550383196139654,4010.1718505859376,True,buy_every_session,2021-08-20,0.7550383196139654,0.02,0.7350383196139654,106.41429830212743
2021-08-23,4435.0,4485.75,4433.5,4475.5,True,False,False,0.009131905298759957,4015.3743505859375,True,buy_every_session,2021-08-23,0.9131905298759957,0.02,0.8931905298759957,107.30748883200343
2021-08-24,4481.0,4492.0,4476.75,4482.5,True,False,False,0.00033474670832411846,4020.2631005859375,True,buy_every_session,2021-08-24,0.033474670832411846,0.02,0.013474670832411845,107.32096350283584
2021-08-25,4483.5,4498.0,4476.25,4493.0,True,False,False,0.0021188803390208566,4025.2243505859374,True,buy_every_session,2021-08-25,0.21188803390208566,0.02,0.19188803390208567,107.51285153673793
2021-08-26,4493.75,4494.25,4465.0,4466.5,False,True,False,-0.006063977746870619,4029.8368505859376,True,buy_every_session,2021-08-26,-0.6063977746870619,0.02,-0.6263977746870619,106.88645376205086
2021-08-27,4470.0,4510.0,4462.25,4505.5,True,False,False,0.007941834451901553,4034.6593505859373,True,buy_every_session,2021-08-27,0.7941834451901553,0.02,0.7741834451901553,107.66063720724102
2021-08-30,4508.75,4534.5,4500.75,4525.25,True,False,False,0.003659550873301942,4039.4456005859374,True,buy_every_session,2021-08-30,0.3659550873301942,0.02,0.3459550873301942,108.00659229457122
2021-08-31,4529.5,4542.25,4512.5,4520.5,False,True,False,-0.0019869742797218315,4044.3856005859375,True,buy_every_session,2021-08-31,-0.19869742797218315,0.02,-0.21869742797218314,107.78789486659903
2021-09-01,4527.75,4540.0,4519.25,4521.25,False,True,False,-0.0014355916293965487,4049.0818505859374,True,buy_every_session,2021-09-01,-0.14355916293965487,0.02,-0.16355916293965486,107.62433570365938
2021-09-02,4522.5,4544.0,4516.0,4535.25,True,False,False,0.002819237147595466,4053.6431005859376,True,buy_every_session,2021-09-02,0.2819237147595466,0.02,0.26192371475954657,107.88625941841893
2021-09-03,4536.75,4549.5,4519.25,4534.5,False,True,False,-0.0004959497437593274,4058.2818505859377,True,buy_every_session,2021-09-03,-0.04959497437593274,0.02,-0.06959497437593275,107.816664444043
2021-09-07,4533.0,4548.0,4510.75,4519.25,False,True,False,-0.003033311272887751,4063.0531005859375,True,buy_every_session,2021-09-07,-0.3033311272887751,0.02,-0.3233311272887751,107.49333331675422
2021-09-08,4517.5,4524.75,4492.0,4512.5,False,True,False,-0.0011068068622025473,4067.7156005859374,True,buy_every_session,2021-09-08,-0.11068068622025473,0.02,-0.13068068622025472,107.36265263053396
2021-09-09,4511.0,4529.5,4485.5,4492.25,False,True,False,-0.004156506317889552,4072.4056005859375,True,buy_every_session,2021-09-09,-0.4156506317889552,0.02,-0.43565063178895524,106.927001998745
2021-09-10,4491.25,4518.25,4456.5,4458.25,False,True,False,-0.00734762037294745,4076.8168505859376,True,buy_every_session,2021-09-10,-0.734762037294745,0.02,-0.754762037294745,106.17223996145026
2021-09-13,4461.0,4492.75,4444.75,4469.0,True,False,False,0.001793319883434119,4080.9981005859377,True,buy_every_session,2021-09-13,0.1793319883434119,0.02,0.15933198834341192,106.33157194979367
2021-09-14,4475.5,4489.5,4435.0,4444.5,False,True,False,-0.0069266003798458264,4085.0843505859375,True,buy_every_session,2021-09-14,-0.6926600379845826,0.02,-0.7126600379845827,105.61891191180909
2021-09-15,4446.75,4487.5,4437.5,4481.75,True,False,False,0.007870916961826069,4089.3106005859377,True,buy_every_session,2021-09-15,0.7870916961826069,0.02,0.7670916961826069,106.3860036079917
2021-09-16,4486.0,4487.5,4443.0,4474.25,False,True,False,-0.0026192599197503164,4093.5656005859373,True,buy_every_session,2021-09-16,-0.26192599197503164,0.02,-0.28192599197503165,106.10407761601667
2021-09-17,4471.0,4482.5,4459.0,4464.330078125,False,True,False,-0.0014918188045179859,4097.584750976563,True,buy_every_session,2021-09-17,-0.1491818804517986,0.02,-0.16918188045179858,105.93489573556487
2021-09-20,4411.75,4418.0,4293.75,4348.25,False,True,False,-0.014393381311270992,4100.989750976562,True,buy_every_session,2021-09-20,-1.4393381311270992,0.02,-1.4593381311270992,104.47555760443777
2021-09-21,4342.5,4395.75,4329.25,4343.25,True,False,False,0.00017271157167519924,4104.383500976563,True,buy_every_session,2021-09-21,0.017271157167519924,0.02,-0.0027288428324800766,104.47282876160529
2021-09-22,4336.5,4406.5,4321.25,4384.0,True,False,False,0.01095353395595522,4107.813500976563,True,buy_every_session,2021-09-22,1.095353395595522,0.02,1.075353395595522,105.54818215720081
2021-09-23,4386.0,4455.0,4385.75,4438.0,True,False,False,0.011855905152758694,4111.549750976563,True,buy_every_session,2021-09-23,1.1855905152758694,0.02,1.1655905152758694,106.71377267247668
2021-09-24,4439.0,4453.0,4410.75,4445.75,True,False,False,0.0015206127506195433,4115.268500976563,True,buy_every_session,2021-09-24,0.15206127506195433,0.02,0.13206127506195434,106.84583394753864
2021-09-27,4446.0,4472.0,4425.0,4433.0,False,True,False,-0.0029239766081871066,4119.071000976563,True,buy_every_session,2021-09-27,-0.29239766081871066,0.02,-0.3123976608187107,106.53343628671993
2021-09-28,4429.75,4442.0,4334.75,4343.5,False,True,False,-0.019470624753089916,4122.446000976563,True,buy_every_session,2021-09-28,-1.9470624753089916,0.02,-1.9670624753089916,104.56637381141094
2021-09-29,4347.5,4378.75,4344.25,4349.75,True,False,False,0.0005175388154110561,4125.888500976563,True,buy_every_session,2021-09-29,0.051753881541105606,0.02,0.0317538815411056,104.59812769295205
2021-09-30,4360.0,4389.0,4294.25,4297.75,False,True,False,-0.014277522935779774,4129.144750976562,True,buy_every_session,2021-09-30,-1.4277522935779774,0.02,-1.4477522935779774,103.15037539937407
2021-10-01,4301.0,4365.75,4260.0,4343.75,True,False,False,0.00993954894210658,4132.391000976562,True,buy_every_session,2021-10-01,0.993954894210658,0.02,0.973954894210658,104.12433029358473
2021-10-04,4349.0,4362.0,4267.5,4291.25,False,True,False,-0.013278914693032884,4135.343500976563,True,buy_every_session,2021-10-04,-1.3278914693032884,0.02,-1.3478914693032884,102.77643882428144
2021-10-05,4295.75,4359.75,4269.0,4334.0,True,False,False,0.008904149450037924,4138.407250976563,True,buy_every_session,2021-10-05,0.8904149450037924,0.02,0.8704149450037924,103.64685376928523
2021-10-06,4334.0,4357.5,4273.75,4354.0,True,False,False,0.00461467466543608,4141.546000976563,True,buy_every_session,2021-10-06,0.46146746654360804,0.02,0.441467466543608,104.08832123582884
2021-10-07,4355.25,4421.5,4355.0,4390.0,True,False,False,0.007978876069111962,4145.067250976563,True,buy_every_session,2021-10-07,0.7978876069111962,0.02,0.7778876069111962,104.86620884274004
2021-10-08,4390.5,4407.75,4376.25,4382.25,False,True,False,-0.0018790570550051289,4148.592250976562,True,buy_every_session,2021-10-08,-0.1879057055005129,0.02,-0.20790570550051288,104.65830313723953
2021-10-11,4381.0,4407.5,4344.0,4351.0,False,True,False,-0.00684775165487328,4151.939750976562,True,buy_every_session,2021-10-11,-0.684775165487328,0.02,-0.704775165487328,103.9535279717522
2021-10-12,4347.75,4365.0,4317.25,4340.75,False,True,False,-0.00161002817549305,4155.168500976562,True,buy_every_session,2021-10-12,-0.161002817549305,0.02,-0.181002817549305,103.7725251542029
2021-10-13,4327.5,4364.75,4318.75,4355.0,True,False,False,0.006354708261120834,4158.306000976562,True,buy_every_session,2021-10-13,0.6354708261120834,0.02,0.6154708261120834,104.38799598031498
2021-10-14,4354.75,4437.25,4354.0,4429.0,True,False,False,0.017050347321889925,4161.851000976562,True,buy_every_session,2021-10-14,1.7050347321889925,0.02,1.6850347321889925,106.07303071250398
2021-10-15,4433.0,4467.5,4426.25,4462.5,True,False,False,0.006654635686893728,4165.542250976562,True,buy_every_session,2021-10-15,0.6654635686893728,0.02,0.6454635686893728,106.71849428119336
2021-10-18,4465.5,4479.75,4436.25,4477.5,True,False,False,0.002687269062815023,4169.186000976562,True,buy_every_session,2021-10-18,0.2687269062815023,0.02,0.24872690628150232,106.96722118747486
2021-10-19,4475.75,4517.5,4471.75,4511.25,True,False,False,0.007931631570127884,4173.281000976563,True,buy_every_session,2021-10-19,0.7931631570127884,0.02,0.7731631570127884,107.74038434448765
2021-10-20,4516.0,4532.25,4504.0,4528.0,True,False,False,0.0026572187776794376,4177.3297509765625,True,buy_every_session,2021-10-20,0.26572187776794376,0.02,0.24572187776794377,107.9861062222556
2021-10-21,4525.0,4543.25,4510.25,4541.75,True,False,False,0.0037016574585635453,4181.336000976563,True,buy_every_session,2021-10-21,0.37016574585635453,0.02,0.3501657458563545,108.33627196811196
2021-10-22,4530.0,4551.5,4515.25,4536.5,True,False,False,0.0014348785871964864,4185.041000976563,True,buy_every_session,2021-10-22,0.14348785871964864,0.02,0.12348785871964864,108.4597598268316
2021-10-25,4528.75,4566.25,4522.5,4558.0,True,False,False,0.006458735854264486,4188.743500976562,True,buy_every_session,2021-10-25,0.6458735854264486,0.02,0.6258735854264486,109.08563341225805
2021-10-26,4564.75,4590.0,4560.75,4565.25,True,False,False,0.00010953502382382574,4192.609750976562,True,buy_every_session,2021-10-26,0.010953502382382574,0.02,-0.009046497617617427,109.07658691464043
2021-10-27,4563.75,4576.75,4543.75,4544.5,False,True,False,-0.004218022459600124,4196.359750976562,True,buy_every_session,2021-10-27,-0.42180224596001237,0.02,-0.4418022459600124,108.63478466868042
2021-10-28,4548.75,4589.75,4545.25,4587.5,True,False,False,0.008518823852706747,4200.278500976562,True,buy_every_session,2021-10-28,0.8518823852706747,0.02,0.8318823852706747,109.4666670539511
2021-10-29,4577.0,4603.5,4559.25,4597.0,True,False,False,0.004369674459252737,4204.3072509765625,True,buy_every_session,2021-10-29,0.4369674459252737,0.02,0.4169674459252737,109.88363449987638
2021-11-01,4608.0,4619.5,4586.5,4605.75,False,True,False,-0.00048828125,4208.524750976562,True,buy_every_session,2021-11-01,-0.048828125,0.02,-0.068828125,109.81480637487638
2021-11-02,4605.75,4627.0,4593.25,4623.5,True,False,False,0.003853878304293623,4212.689750976562,True,buy_every_session,2021-11-02,0.3853878304293623,0.02,0.3653878304293623,110.18019420530574
2021-11-03,4621.25,4657.0,4613.0,4652.25,True,False,False,0.006708141736543105,4216.726000976562,True,buy_every_session,2021-11-03,0.6708141736543105,0.02,0.6508141736543105,110.83100837896005
2021-11-04,4651.5,4676.25,4650.75,4673.25,True,False,False,0.0046759109964527035,4220.862250976563,True,buy_every_session,2021-11-04,0.46759109964527035,0.02,0.44759109964527033,111.27859947860532
2021-11-05,4671.75,4711.75,4667.5,4690.25,True,False,False,0.003959972173168458,4225.1422509765625,True,buy_every_session,2021-11-05,0.3959972173168458,0.02,0.37599721731684577,111.65459669592217
2021-11-08,4678.5,4707.0,4676.25,4694.0,True,False,False,0.0033130276798118974,4229.3697509765625,True,buy_every_session,2021-11-08,0.33130276798118974,0.02,0.3113027679811897,111.96589946390336
2021-11-09,4690.75,4700.5,4663.25,4678.25,False,True,False,-0.0026648190587859055,4233.5485009765625,True,buy_every_session,2021-11-09,-0.26648190587859055,0.02,-0.28648190587859057,111.67941755802477
2021-11-10,4674.75,4680.25,4625.25,4642.0,False,True,False,-0.007005722231135381,4238.037250976562,True,buy_every_session,2021-11-10,-0.7005722231135381,0.02,-0.7205722231135381,110.95884533491123
2021-11-11,4645.0,4661.5,4638.0,4643.0,False,True,False,-0.00043057050592032464,4242.356000976562,True,buy_every_session,2021-11-11,-0.043057050592032464,0.02,-0.06305705059203247,110.8957882843192
2021-11-12,4647.0,4685.5,4643.75,4678.25,True,False,False,0.006724768667957903,4247.221000976562,True,buy_every_session,2021-11-12,0.6724768667957903,0.02,0.6524768667957903,111.54826515111499
2021-11-15,4684.75,4697.5,4667.0,4679.0,False,True,False,-0.001227386733550384,4251.787250976562,True,buy_every_session,2021-11-15,-0.12273867335503841,0.02,-0.1427386733550384,111.40552647775995
2021-11-16,4680.75,4709.75,4670.75,4696.0,True,False,False,0.003258024889173816,4256.176000976562,True,buy_every_session,2021-11-16,0.3258024889173816,0.02,0.3058024889173816,111.71132896667733
2021-11-17,4696.5,4701.0,4679.25,4686.25,False,True,False,-0.0021824763121472968,4260.489750976562,True,buy_every_session,2021-11-17,-0.21824763121472968,0.02,-0.23824763121472967,111.4730813354626
2021-11-18,4685.25,4706.5,4668.0,4701.5,True,False,False,0.0034683314657701914,4264.674750976563,True,buy_every_session,2021-11-18,0.34683314657701914,0.02,0.3268331465770191,111.79991448203961
2021-11-19,4705.25,4723.5,4684.25,4694.5,False,True,False,-0.002284682004144334,4268.746000976563,True,buy_every_session,2021-11-19,-0.2284682004144334,0.02,-0.24846820041443338,111.55144628162518
2021-11-22,4701.0,4740.5,4674.25,4679.75,False,True,False,-0.004520314826632621,4272.604750976562,True,buy_every_session,2021-11-22,-0.4520314826632621,0.02,-0.4720314826632621,111.0794147989619
2021-11-23,4686.0,4695.5,4649.0,4688.5,True,False,False,0.0005335040546308178,4276.519750976562,True,buy_every_session,2021-11-23,0.053350405463081785,0.02,0.03335040546308178,111.11276520442499
2021-11-24,4686.25,4702.25,4656.25,4699.0,True,False,False,0.002720725526807133,4280.499750976563,True,buy_every_session,2021-11-24,0.2720725526807133,0.02,0.25207255268071327,111.3648377571057
2021-11-26,4700.5,4717.0,4577.25,4595.75,False,True,False,-0.022284863312413528,4283.918500976562,True,buy_every_session,2021-11-26,-2.2284863312413528,0.02,-2.2484863312413528,109.11635142586435
2021-11-29,4589.0,4669.75,4588.75,4651.0,True,False,False,0.013510568751361918,4287.518500976563,True,buy_every_session,2021-11-29,1.3510568751361918,0.02,1.3310568751361918,110.44740830100055
2021-11-30,4657.25,4667.5,4557.0,4566.25,False,True,False,-0.01953942777390094,4290.711000976563,True,buy_every_session,2021-11-30,-1.9539427773900941,0.02,-1.9739427773900942,108.47346552361046
2021-12-01,4587.5,4650.75,4497.75,4508.5,False,True,False,-0.017220708446866517,4293.613500976562,True,buy_every_session,2021-12-01,-1.7220708446866517,0.02,-1.7420708446866517,106.7313946789238
2021-12-02,4514.75,4593.75,4505.5,4575.75,True,False,False,0.013511268619524897,4296.944750976562,True,buy_every_session,2021-12-02,1.3511268619524897,0.02,1.3311268619524896,108.06252154087629
2021-12-03,4587.25,4606.5,4492.0,4537.5,False,True,False,-0.010845277671807763,4300.117250976563,True,buy_every_session,2021-12-03,-1.0845277671807763,0.02,-1.1045277671807763,106.95799377369552
2021-12-06,4542.25,4611.75,4531.5,4590.0,True,False,False,0.010512411249931297,4303.699750976562,True,buy_every_session,2021-12-06,1.0512411249931297,0.02,1.0312411249931297,107.98923489868865
2021-12-07,4594.25,4697.25,4587.25,4685.0,True,False,False,0.019752952059639783,4307.734750976562,True,buy_every_session,2021-12-07,1.9752952059639783,0.02,1.9552952059639783,109.94453010465263
2021-12-08,4695.25,4712.0,4671.75,4699.0,True,False,False,0.0007986795165326743,4311.617250976563,True,buy_every_session,2021-12-08,0.07986795165326743,0.02,0.05986795165326743,110.0043980563059
2021-12-09,4697.25,4706.0,4662.25,4667.0,False,True,False,-0.006439938261748934,4315.812250976563,True,buy_every_session,2021-12-09,-0.6439938261748934,0.02,-0.6639938261748934,109.34040423013101
2021-12-10,4669.25,4712.75,4664.25,4711.0,True,False,False,0.00894147882422236,4320.321000976563,True,buy_every_session,2021-12-10,0.894147882422236,0.02,0.874147882422236,110.21455211255325
2021-12-13,4711.25,4731.0,4664.75,4668.75,False,True,False,-0.00902096046696732,4324.171000976563,True,buy_every_session,2021-12-13,-0.902096046696732,0.02,-0.9220960466967321,109.29245606585651
2021-12-14,4672.0,4686.0,4606.0,4637.0,False,True,False,-0.007491438356164393,4328.018500976563,True,buy_every_session,2021-12-14,-0.7491438356164393,0.02,-0.7691438356164393,108.52331223024008
2021-12-15,4637.75,4715.0,4611.25,4709.5,True,False,False,0.015470864104361048,4332.482250976563,True,buy_every_session,2021-12-15,1.5470864104361048,0.02,1.5270864104361048,110.05039864067618
2021-12-16,4711.5,4752.5,4651.25,4668.75,False,True,False,-0.009073543457497557,4336.998500976562,True,buy_every_session,2021-12-16,-0.9073543457497557,0.02,-0.9273543457497557,109.12304429492642
2021-12-17,4674.25,4677.75,4629.5,4636.4599609375,False,True,False,-0.008084727830668048,4340.98580078125,True,buy_every_session,2021-12-17,-0.8084727830668048,0.02,-0.8284727830668048,108.29457151185962
2021-12-20,4612.0,4621.5,4520.25,4558.5,False,True,False,-0.011600173460537766,4344.68205078125,True,buy_every_session,2021-12-20,-1.1600173460537766,0.02,-1.1800173460537766,107.11455416580584
2021-12-21,4567.75,4643.0,4565.75,4640.75,True,False,False,0.01598161020195943,4348.51955078125,True,buy_every_session,2021-12-21,1.5981610201959429,0.02,1.5781610201959428,108.69271518600179
2021-12-22,4641.75,4690.5,4622.25,4686.0,True,False,False,0.009533042494748845,4352.46705078125,True,buy_every_session,2021-12-22,0.9533042494748845,0.02,0.9333042494748844,109.62601943547668
2021-12-23,4689.0,4731.25,4684.25,4715.75,True,False,False,0.00570484111750913,4356.36205078125,True,buy_every_session,2021-12-23,0.570484111750913,0.02,0.5504841117509129,110.1765035472276
2021-12-27,4717.0,4784.25,4713.25,4782.25,True,False,False,0.01383294466822127,4360.56205078125,True,buy_every_session,2021-12-27,1.383294466822127,0.02,1.363294466822127,111.53979801404972
2021-12-28,4780.5,4798.0,4770.5,4778.5,False,True,False,-0.0004183662796778398,4364.61705078125,True,buy_every_session,2021-12-28,-0.04183662796778398,0.02,-0.06183662796778398,111.47796138608194
2021-12-29,4781.0,4796.0,4770.0,4784.5,True,False,False,0.0007320644216690653,4368.72705078125,True,buy_every_session,2021-12-29,0.07320644216690653,0.02,0.05320644216690652,111.53116782824885
2021-12-30,4784.75,4799.75,4767.25,4772.25,False,True,False,-0.002612466691049642,4372.71830078125,True,buy_every_session,2021-12-30,-0.2612466691049642,0.02,-0.2812466691049642,111.2499211591439
2021-12-31,4773.75,4778.5,4750.5,4758.5,False,True,False,-0.003194553548049206,4376.92830078125,True,buy_every_session,2021-12-31,-0.3194553548049206,0.02,-0.3394553548049206,110.91046580433897
2022-01-03,4771.0,4791.25,4747.5,4786.0,True,False,False,0.003143994969608155,4381.295200195313,True,buy_every_session,2022-01-03,0.3143994969608155,0.02,0.29439949696081547,111.20486530129979
2022-01-04,4785.25,4808.25,4764.5,4784.25,False,True,False,-0.00020897549762288747,4385.566450195312,True,buy_every_session,2022-01-04,-0.020897549762288747,0.02,-0.04089754976228875,111.1639677515375
2022-01-05,4783.5,4788.25,4689.5,4692.5,False,True,False,-0.019023727396258017,4389.530200195312,True,buy_every_session,2022-01-05,-1.9023727396258017,0.02,-1.9223727396258017,109.2415950119117
2022-01-06,4692.0,4715.75,4662.0,4687.5,False,True,False,-0.0009590792838874984,4393.563950195313,True,buy_every_session,2022-01-06,-0.09590792838874984,0.02,-0.11590792838874985,109.12568708352295
2022-01-07,4695.0,4705.75,4653.75,4667.75,False,True,False,-0.005804046858360001,4397.400200195312,True,buy_every_session,2022-01-07,-0.5804046858360001,0.02,-0.6004046858360002,108.52528239768695
2022-01-10,4671.25,4681.75,4572.75,4662.25,False,True,False,-0.0019266791544019224,4400.887700195312,True,buy_every_session,2022-01-10,-0.19266791544019224,0.02,-0.21266791544019223,108.31261448224676
2022-01-11,4663.5,4707.5,4627.25,4705.0,True,False,False,0.008898895679210872,4404.617700195313,True,buy_every_session,2022-01-11,0.8898895679210872,0.02,0.8698895679210872,109.18250405016785
2022-01-12,4704.0,4739.5,4695.0,4716.25,True,False,False,0.0026041666666667407,4408.460200195313,True,buy_every_session,2022-01-12,0.26041666666667407,0.02,0.24041666666667408,109.42292071683453
2022-01-13,4719.25,4736.25,4642.5,4652.0,False,True,False,-0.014250145679927995,4411.882700195312,True,buy_every_session,2022-01-13,-1.4250145679927995,0.02,-1.4450145679927995,107.97790614884173
2022-01-14,4655.0,4667.0,4606.0,4654.75,False,True,False,-5.370569280338522e-05,4415.106450195312,True,buy_every_session,2022-01-14,-0.005370569280338522,0.02,-0.025370569280338522,107.95253557956138
2022-01-18,4666.0,4671.75,4560.0,4571.25,False,True,False,-0.020306472353193272,4417.623950195312,True,buy_every_session,2022-01-18,-2.0306472353193272,0.02,-2.0506472353193272,105.90188834424205
2022-01-19,4577.75,4603.0,4517.25,4524.25,False,True,False,-0.011686964119927867,4419.925200195313,True,buy_every_session,2022-01-19,-1.1686964119927867,0.02,-1.1886964119927868,104.71319193224926
2022-01-20,4526.0,4594.25,4437.75,4474.75,False,True,False,-0.011323464427750785,4421.948950195312,True,buy_every_session,2022-01-20,-1.1323464427750785,0.02,-1.1523464427750785,103.56084548947418
2022-01-21,4454.25,4487.0,4381.25,4390.0,False,True,False,-0.014424426109895028,4423.453950195312,True,buy_every_session,2022-01-21,-1.4424426109895028,0.02,-1.4624426109895028,102.09840287848468
2022-01-24,4389.0,4427.5,4212.75,4403.75,True,False,False,0.0033606744133058974,4424.875200195313,True,buy_every_session,2022-01-24,0.33606744133058974,0.02,0.3160674413305897,102.41447031981527
2022-01-25,4402.75,4406.75,4276.5,4349.0,False,True,False,-0.012208278916586268,4426.018950195313,True,buy_every_session,2022-01-25,-1.2208278916586268,0.02,-1.2408278916586268,101.17364242815664
2022-01-26,4308.75,4446.25,4294.25,4341.5,True,False,False,0.007600812300551096,4427.062700195313,True,buy_every_session,2022-01-26,0.7600812300551096,0.02,0.7400812300551096,101.91372365821175
2022-01-27,4345.25,4422.0,4263.25,4317.75,False,True,False,-0.006328749784247134,4428.061450195312,True,buy_every_session,2022-01-27,-0.6328749784247134,0.02,-0.6528749784247134,101.26084867978703
2022-01-28,4348.0,4426.0,4266.25,4423.25,True,False,False,0.017306807727690998,4429.365200195312,True,buy_every_session,2022-01-28,1.7306807727690998,0.02,1.7106807727690998,102.97152945255613
2022-01-31,4423.5,4507.75,4395.5,4504.25,True,False,False,0.018254775630157205,4431.005200195313,True,buy_every_session,2022-01-31,1.8254775630157205,0.02,1.8054775630157205,104.77700701557184
2022-02-01,4493.25,4554.75,4474.0,4535.0,True,False,False,0.009291715350804086,4432.902700195313,True,buy_every_session,2022-02-01,0.9291715350804086,0.02,0.9091715350804086,105.68617855065224
2022-02-02,4552.0,4586.0,4535.25,4577.25,True,False,False,0.005547012302284715,4435.156450195313,True,buy_every_session,2022-02-02,0.5547012302284715,0.02,0.5347012302284715,106.22087978088072
2022-02-03,4545.75,4548.25,4462.0,4469.0,False,True,False,-0.01688390254633454,4436.677700195312,True,buy_every_session,2022-02-03,-1.688390254633454,0.02,-1.708390254633454,104.51248952624726
2022-02-04,4518.0,4532.5,4438.5,4492.5,False,True,False,-0.005644090305444882,4438.501450195313,True,buy_every_session,2022-02-04,-0.5644090305444882,0.02,-0.5844090305444882,103.92808049570277
2022-02-07,4497.0,4514.5,4462.75,4475.75,False,True,False,-0.004725372470535949,4440.022700195313,True,buy_every_session,2022-02-07,-0.4725372470535949,0.02,-0.4925372470535949,103.43554324864918
2022-02-08,4484.0,4523.75,4456.25,4512.5,True,False,False,0.006355932203389925,4441.687700195313,True,buy_every_session,2022-02-08,0.6355932203389925,0.02,0.6155932203389924,104.05113646898818
2022-02-09,4519.0,4585.0,4517.25,4577.75,True,False,False,0.01300066386368659,4443.681450195312,True,buy_every_session,2022-02-09,1.300066386368659,0.02,1.280066386368659,105.33120285535684
2022-02-10,4582.25,4583.75,4476.0,4497.5,False,True,False,-0.01849528070271156,4445.287700195313,True,buy_every_session,2022-02-10,-1.8495280702711558,0.02,-1.8695280702711559,103.46167478508568
2022-02-11,4494.5,4520.5,4393.25,4409.5,False,True,False,-0.01891200355990652,4446.317700195313,True,buy_every_session,2022-02-11,-1.891200355990652,0.02,-1.911200355990652,101.55047442909502
2022-02-14,4411.75,4428.0,4354.0,4394.0,False,True,False,-0.00402334674448912,4447.4152001953125,True,buy_every_session,2022-02-14,-0.402334674448912,0.02,-0.42233467444891204,101.1281397546461
2022-02-15,4393.5,4468.0,4381.75,4464.5,True,False,False,0.016160236713326448,4448.808950195313,True,buy_every_session,2022-02-15,1.6160236713326448,0.02,1.5960236713326448,102.72416342597874
2022-02-16,4458.75,4484.5,4422.75,4470.0,True,False,False,0.002523128679562614,4450.367700195313,True,buy_every_session,2022-02-16,0.2523128679562614,0.02,0.2323128679562614,102.95647629393501
2022-02-17,4464.25,4474.75,4367.25,4374.5,False,True,False,-0.0201041608332867,4451.440200195312,True,buy_every_session,2022-02-17,-2.01041608332867,0.02,-2.03041608332867,100.92606021060634
2022-02-18,4374.75,4411.5,4321.0,4343.5,False,True,False,-0.0071432653294474235,4452.186450195312,True,buy_every_session,2022-02-18,-0.7143265329447424,0.02,-0.7343265329447424,100.19173367766159
2022-02-22,4324.25,4391.25,4250.0,4300.0,False,True,False,-0.005607908885933988,4452.560200195312,True,buy_every_session,2022-02-22,-0.5607908885933988,0.02,-0.5807908885933988,99.61094278906819
2022-02-23,4310.75,4345.5,4212.5,4222.0,False,True,False,-0.0205880647219161,4452.752700195312,True,buy_every_session,2022-02-23,-2.05880647219161,0.02,-2.07880647219161,97.53213631687657
2022-02-24,4215.5,4290.0,4101.75,4284.0,True,False,False,0.01624955521290472,4453.441450195312,True,buy_every_session,2022-02-24,1.624955521290472,0.02,1.604955521290472,99.13709183816705
2022-02-25,4266.75,4384.25,4227.5,4380.0,True,False,False,0.0265424503427667,4455.047700195312,True,buy_every_session,2022-02-25,2.65424503427667,0.02,2.63424503427667,101.77133687244373
2022-02-28,4299.5,4385.5,4251.5,4368.0,True,False,False,0.015932085126177498,4456.3527001953125,True,buy_every_session,2022-02-28,1.5932085126177498,0.02,1.5732085126177497,103.34454538506148
2022-03-01,4367.5,4399.0,4275.0,4303.75,False,True,False,-0.014596451058958237,4457.0264501953125,True,buy_every_session,2022-03-01,-1.4596451058958237,0.02,-1.4796451058958238,101.86490027916565
2022-03-02,4308.75,4399.25,4278.25,4381.75,True,False,False,0.01694226863939652,4458.146450195312,True,buy_every_session,2022-03-02,1.6942268639396518,0.02,1.6742268639396518,103.5391271431053
2022-03-03,4373.75,4418.75,4341.0,4359.25,False,True,False,-0.0033152329236925127,4459.327700195313,True,buy_every_session,2022-03-03,-0.33152329236925127,0.02,-0.3515232923692513,103.18760385073605
2022-03-04,4366.5,4374.5,4281.25,4327.25,False,True,False,-0.008988892705828477,4460.406450195313,True,buy_every_session,2022-03-04,-0.8988892705828477,0.02,-0.9188892705828478,102.2687145801532
2022-03-07,4308.75,4325.25,4185.25,4198.5,False,True,False,-0.025587467362924277,4460.627700195312,True,buy_every_session,2022-03-07,-2.5587467362924277,0.02,-2.5787467362924277,99.68996784386077
2022-03-08,4186.5,4275.0,4138.75,4168.75,False,True,False,-0.004239818464110812,4460.712700195312,True,buy_every_session,2022-03-08,-0.42398184641108116,0.02,-0.4439818464110812,99.2459859974497
2022-03-09,4153.0,4298.25,4152.0,4275.25,True,False,False,0.02943655189019978,4461.1202001953125,True,buy_every_session,2022-03-09,2.943655189019978,0.02,2.923655189019978,102.16964118646968
2022-03-10,4279.0,4282.25,4207.0,4257.25,False,True,False,-0.005082963309184341,4461.478950195313,True,buy_every_session,2022-03-10,-0.5082963309184341,0.02,-0.5282963309184341,101.64134485555124
2022-03-11,4258.5,4335.5,4198.0,4201.5,False,True,False,-0.013384994716449494,4461.521450195312,True,buy_every_session,2022-03-11,-1.3384994716449494,0.02,-1.3584994716449494,100.28284538390629
2022-03-14,4216.0,4254.5,4160.75,4172.0,False,True,False,-0.010436432637571103,4461.386450195312,True,buy_every_session,2022-03-14,-1.0436432637571103,0.02,-1.0636432637571103,99.21920212014918
2022-03-15,4180.25,4271.5,4138.0,4262.0,True,False,False,0.019556246635966668,4461.683950195313,True,buy_every_session,2022-03-15,1.9556246635966668,0.02,1.9356246635966667,101.15482678374585
2022-03-16,4257.5,4376.0,4246.25,4358.0,True,False,False,0.02360540223135632,4462.481450195312,True,buy_every_session,2022-03-16,2.360540223135632,0.02,2.340540223135632,103.49536700688148
2022-03-17,4370.5,4415.25,4329.0,4410.25,True,False,False,0.00909506921404879,4463.501450195313,True,buy_every_session,2022-03-17,0.909506921404879,0.02,0.889506921404879,104.38487392828635
2022-03-18,4393.0,4409.35009765625,4373.75,4409.35009765625,True,False,False,0.0037218524143523,4464.5919506835935,True,buy_every_session,2022-03-18,0.37218524143523,0.02,0.35218524143523,104.73705916972159
2022-03-21,4460.0,4473.0,4415.0,4452.25,False,True,False,-0.0017376681614349465,4465.711950683593,True,buy_every_session,2022-03-21,-0.17376681614349465,0.02,-0.19376681614349464,104.5432923535781
2022-03-22,4456.75,4514.75,4433.0,4505.0,True,False,False,0.010826274751781106,4467.109450683593,True,buy_every_session,2022-03-22,1.0826274751781106,0.02,1.0626274751781106,105.6059198287562
2022-03-23,4504.0,4514.0,4444.75,4447.5,False,True,False,-0.01254440497335707,4468.218200683594,True,buy_every_session,2022-03-23,-1.254440497335707,0.02,-1.274440497335707,104.3314793314205
2022-03-24,4449.25,4517.5,4445.75,4512.5,True,False,False,0.014215879080743843,4469.688200683594,True,buy_every_session,2022-03-24,1.4215879080743843,0.02,1.4015879080743843,105.73306723949489
2022-03-25,4516.25,4539.0,4493.25,4536.5,True,False,False,0.004483808469416095,4471.180700683593,True,buy_every_session,2022-03-25,0.4483808469416095,0.02,0.4283808469416095,106.1614480864365
2022-03-28,4535.25,4572.25,4509.75,4568.0,True,False,False,0.0072212116200871534,4472.791950683593,True,buy_every_session,2022-03-28,0.7221211620087153,0.02,0.7021211620087153,106.8635692484452
2022-03-29,4570.25,4631.0,4565.25,4625.5,True,False,False,0.012089054209288408,4474.6457006835935,True,buy_every_session,2022-03-29,1.2089054209288408,0.02,1.1889054209288408,108.05247466937405
2022-03-30,4621.25,4627.5,4574.75,4596.0,False,True,False,-0.005463889640248798,4476.393200683594,True,buy_every_session,2022-03-30,-0.5463889640248798,0.02,-0.5663889640248798,107.48608570534917
2022-03-31,4599.0,4614.25,4526.25,4530.75,False,True,False,-0.014840182648401812,4477.931950683594,True,buy_every_session,2022-03-31,-1.4840182648401812,0.02,-1.5040182648401812,105.98206744050898
2022-04-01,4541.0,4555.5,4501.25,4539.25,False,True,False,-0.00038537767011670443,4479.516950683594,True,buy_every_session,2022-04-01,-0.03853776701167044,0.02,-0.05853776701167045,105.92352967349731
2022-04-04,4538.25,4580.0,4527.75,4577.75,True,False,False,0.00870379551589262,4481.469450683594,True,buy_every_session,2022-04-04,0.8703795515892621,0.02,0.850379551589262,106.77390922508657
2022-04-05,4576.25,4588.75,4507.75,4520.25,False,True,False,-0.012237093690248613,4483.001950683593,True,buy_every_session,2022-04-05,-1.2237093690248613,0.02,-1.2437093690248613,105.53019985606171
2022-04-06,4526.25,4528.75,4444.5,4475.75,False,True,False,-0.011157138911902842,4484.199450683594,True,buy_every_session,2022-04-06,-1.1157138911902842,0.02,-1.1357138911902842,104.39448596487144
2022-04-07,4471.25,4517.25,4444.5,4496.25,True,False,False,0.0055912776069331205,4485.523200683594,True,buy_every_session,2022-04-07,0.559127760693312,0.02,0.539127760693312,104.93361372556475
2022-04-08,4494.75,4519.75,4468.75,4483.5,False,True,False,-0.0025029200734190127,4486.660700683594,True,buy_every_session,2022-04-08,-0.25029200734190127,0.02,-0.2702920073419013,104.66332171822285
2022-04-11,4488.75,4491.25,4403.5,4409.0,False,True,False,-0.01776663881927043,4487.349450683594,True,buy_every_session,2022-04-11,-1.776663881927043,0.02,-1.796663881927043,102.8666578362958
2022-04-12,4411.0,4466.75,4375.5,4393.0,False,True,False,-0.0040807073226025725,4487.911950683594,True,buy_every_session,2022-04-12,-0.40807073226025725,0.02,-0.42807073226025727,102.43858710403555
2022-04-13,4396.75,4449.5,4384.0,4442.25,True,False,False,0.0103485529083982,4488.713200683594,True,buy_every_session,2022-04-13,1.03485529083982,0.02,1.01485529083982,103.45344239487537
2022-04-14,4438.5,4455.75,4385.0,4387.5,False,True,False,-0.011490368367691794,4489.2082006835935,True,buy_every_session,2022-04-14,-1.1490368367691794,0.02,-1.1690368367691795,102.28440555810619
2022-04-18,4390.0,4406.25,4355.5,4386.75,False,True,False,-0.0007403189066059745,4489.588200683594,True,buy_every_session,2022-04-18,-0.07403189066059745,0.02,-0.09403189066059746,102.19037366744558
2022-04-19,4399.0,4467.0,4371.75,4459.25,True,False,False,0.013696294612411952,4490.170700683594,True,buy_every_session,2022-04-19,1.3696294612411952,0.02,1.3496294612411952,103.54000312868678
2022-04-20,4441.0,4484.25,4432.75,4455.5,True,False,False,0.0032650303985588547,4490.778200683594,True,buy_every_session,2022-04-20,0.32650303985588547,0.02,0.30650303985588545,103.84650616854266
2022-04-21,4468.0,4509.0,4380.0,4390.5,False,True,False,-0.017345568487018848,4490.981950683594,True,buy_every_session,2022-04-21,-1.7345568487018848,0.02,-1.7545568487018848,102.09194931984078
2022-04-22,4385.75,4393.25,4247.5,4267.25,False,True,False,-0.02701932394687334,4490.753200683594,True,buy_every_session,2022-04-22,-2.701932394687334,0.02,-2.721932394687334,99.37001692515345
2022-04-25,4259.0,4296.5,4195.25,4292.75,True,False,False,0.007924395397980843,4490.416950683593,True,buy_every_session,2022-04-25,0.7924395397980843,0.02,0.7724395397980843,100.14245646495154
2022-04-26,4294.0,4303.5,4136.75,4170.5,False,True,False,-0.028761061946902644,4489.386950683594,True,buy_every_session,2022-04-26,-2.8761061946902644,0.02,-2.8961061946902644,97.24635027026127
2022-04-27,4149.5,4236.25,4149.0,4180.25,True,False,False,0.0074105313893240154,4488.481950683594,True,buy_every_session,2022-04-27,0.7410531389324015,0.02,0.7210531389324015,97.96740340919368
2022-04-28,4213.0,4303.5,4182.5,4283.5,True,False,False,0.016733918822691596,4488.0607006835935,True,buy_every_session,2022-04-28,1.6733918822691596,0.02,1.6533918822691596,99.62079529146284
2022-04-29,4244.0,4279.75,4118.75,4127.5,False,True,False,-0.02745051837888779,4486.938200683594,True,buy_every_session,2022-04-29,-2.745051837888779,0.02,-2.765051837888779,96.85574345357406
2022-05-02,4144.0,4165.75,4056.0,4151.0,True,False,False,0.0016891891891892552,4486.1007006835935,True,buy_every_session,2022-05-02,0.16891891891892552,0.02,0.14891891891892553,97.00466237249299
2022-05-03,4145.5,4195.75,4129.0,4169.25,True,False,False,0.005729103847545547,4485.690700683594,True,buy_every_session,2022-05-03,0.5729103847545547,0.02,0.5529103847545547,97.55757275724754
2022-05-04,4171.25,4303.0,4142.75,4295.25,True,False,False,0.029727299970032872,4485.589450683594,True,buy_every_session,2022-05-04,2.972729997003287,0.02,2.952729997003287,100.51030275425083
2022-05-05,4289.75,4300.75,4099.25,4143.25,False,True,False,-0.034151174310857235,4484.553200683594,True,buy_every_session,2022-05-05,-3.4151174310857235,0.02,-3.4351174310857235,97.0751853231651
2022-05-06,4146.5,4153.25,4062.0,4119.5,False,True,False,-0.006511515736163043,4483.353200683594,True,buy_every_session,2022-05-06,-0.6511515736163043,0.02,-0.6711515736163043,96.4040337495488
2022-05-09,4087.25,4099.0,3970.0,3987.5,False,True,False,-0.024405162395253477,4481.275700683594,True,buy_every_session,2022-05-09,-2.4405162395253477,0.02,-2.4605162395253477,93.94351751002345
2022-05-10,3993.25,4065.5,3953.0,3996.75,True,False,False,0.0008764790584110393,4479.188200683594,True,buy_every_session,2022-05-10,0.08764790584110393,0.02,0.06764790584110393,94.01116541586455
2022-05-11,3990.5,4050.5,3923.75,3930.25,False,True,False,-0.015098358601678963,4476.866950683594,True,buy_every_session,2022-05-11,-1.5098358601678963,0.02,-1.5298358601678963,92.48132955569666
2022-05-12,3939.75,3961.75,3855.0,3927.25,False,True,False,-0.003172790151659388,4474.534450683594,True,buy_every_session,2022-05-12,-0.3172790151659388,0.02,-0.33727901516593883,92.14405054053073
2022-05-13,3916.25,4036.0,3915.5,4019.75,True,False,False,0.02642834344079148,4472.574450683594,True,buy_every_session,2022-05-13,2.642834344079148,0.02,2.622834344079148,94.76688488460988
2022-05-16,4025.0,4043.5,3979.5,4004.75,False,True,False,-0.00503105590062114,4470.650700683594,True,buy_every_session,2022-05-16,-0.503105590062114,0.02,-0.523105590062114,94.24377929454776
2022-05-17,4002.0,4091.5,4000.5,4084.75,True,False,False,0.020677161419290435,4469.175700683594,True,buy_every_session,2022-05-17,2.0677161419290435,0.02,2.0477161419290435,96.29149543647681
2022-05-18,4091.25,4095.0,3905.5,3922.75,False,True,False,-0.041185456767491635,4466.714450683594,True,buy_every_session,2022-05-18,-4.1185456767491635,0.02,-4.138545676749163,92.15294975972765
2022-05-19,3916.5,3943.5,3856.0,3897.75,False,True,False,-0.004787437763309033,4464.229450683593,True,buy_every_session,2022-05-19,-0.47874377633090326,0.02,-0.4987437763309033,91.65420598339675
2022-05-20,3900.5,3949.5,3807.5,3899.5,False,True,False,-0.00025637738751438377,4461.619450683594,True,buy_every_session,2022-05-20,-0.025637738751438377,0.02,-0.04563773875143838,91.60856824464531
2022-05-23,3910.5,3982.25,3906.5,3971.75,True,False,False,0.01566295870093337,4459.330700683594,True,buy_every_session,2022-05-23,1.5662958700933372,0.02,1.5462958700933371,93.15486411473864
2022-05-24,3951.75,3954.5,3872.0,3940.5,False,True,False,-0.002846840007591611,4456.9044506835935,True,buy_every_session,2022-05-24,-0.2846840007591611,0.02,-0.30468400075916113,92.85018011397948
2022-05-25,3950.0,3997.75,3913.5,3976.75,True,False,False,0.006772151898734258,4454.638200683594,True,buy_every_session,2022-05-25,0.6772151898734258,0.02,0.6572151898734258,93.5073953038529
2022-05-26,3972.25,4073.5,3960.5,4055.75,True,False,False,0.021020832022153657,4452.714450683594,True,buy_every_session,2022-05-26,2.1020832022153657,0.02,2.0820832022153657,95.58947850606828
2022-05-27,4047.5,4168.25,4041.25,4155.75,True,False,False,0.026744904261890134,4451.220700683593,True,buy_every_session,2022-05-27,2.6744904261890134,0.02,2.6544904261890134,98.24396893225729
2022-05-31,4164.5,4202.25,4102.75,4131.25,False,True,False,-0.007984151758914648,4449.564450683593,True,buy_every_session,2022-05-31,-0.7984151758914648,0.02,-0.8184151758914648,97.42555375636583
2022-06-01,4138.5,4165.0,4071.5,4099.0,False,True,False,-0.009544520961701108,4447.689450683593,True,buy_every_session,2022-06-01,-0.9544520961701108,0.02,-0.9744520961701109,96.45110166019572
2022-06-02,4097.75,4179.0,4072.25,4175.25,True,False,False,0.018912818009883425,4446.348200683594,True,buy_every_session,2022-06-02,1.8912818009883425,0.02,1.8712818009883425,98.32238346118406
2022-06-03,4177.75,4189.0,4096.75,4107.0,False,True,False,-0.016934953024953625,4444.910700683594,True,buy_every_session,2022-06-03,-1.6934953024953625,0.02,-1.7134953024953625,96.6088881586887
2022-06-06,4110.5,4168.25,4104.5,4120.5,True,False,False,0.0024327940639825574,4443.505700683594,True,buy_every_session,2022-06-06,0.24327940639825574,0.02,0.22327940639825575,96.83216756508696
2022-06-07,4122.0,4164.0,4076.0,4158.75,True,False,False,0.00891557496360984,4442.1144506835935,True,buy_every_session,2022-06-07,0.891557496360984,0.02,0.871557496360984,97.70372506144794
2022-06-08,4150.75,4160.0,4105.25,4114.0,False,True,False,-0.00885382159850634,4440.306950683594,True,buy_every_session,2022-06-08,-0.885382159850634,0.02,-0.905382159850634,96.79834290159731
2022-06-09,4116.0,4144.25,4014.75,4016.25,False,True,False,-0.02423469387755106,4437.9757006835935,True,buy_every_session,2022-06-09,-2.423469387755106,0.02,-2.443469387755106,94.35487351384221
2022-06-10,4025.25,4029.5,3895.25,3899.0,False,True,False,-0.031364511521023486,4435.005700683594,True,buy_every_session,2022-06-10,-3.1364511521023486,0.02,-3.1564511521023486,91.19842236173986
2022-06-13,3870.75,3876.5,3732.5,3750.5,False,True,False,-0.031066330814441656,4431.425700683594,True,buy_every_session,2022-06-13,-3.1066330814441656,0.02,-3.1266330814441656,88.07178928029569
2022-06-14,3758.25,3805.0,3705.25,3736.75,False,True,False,-0.0057207476884187924,4427.581950683594,True,buy_every_session,2022-06-14,-0.5720747688418792,0.02,-0.5920747688418793,87.4797145114538
2022-06-15,3740.0,3839.0,3720.25,3789.25,True,False,False,0.013168449197860976,4423.901950683594,True,buy_every_session,2022-06-15,1.3168449197860976,0.02,1.2968449197860976,88.7765594312399
2022-06-16,3794.25,3828.75,3639.0,3668.25,False,True,False,-0.03320814390195692,4419.640700683593,True,buy_every_session,2022-06-16,-3.320814390195692,0.02,-3.340814390195692,85.43574504104421
2022-06-17,3677.5,3710.75,3663.760009765625,3663.760009765625,False,True,False,-0.0037362311990142283,4415.353250732422,True,buy_every_session,2022-06-17,-0.37362311990142283,0.02,-0.39362311990142285,85.0421219211428
2022-06-21,3684.0,3783.75,3661.5,3767.75,True,False,False,0.02273344191096638,4411.515750732422,True,buy_every_session,2022-06-21,2.273344191096638,0.02,2.253344191096638,87.29546611223944
2022-06-22,3766.25,3805.5,3693.25,3762.75,False,True,False,-0.0009293063391968559,4407.657000732422,True,buy_every_session,2022-06-22,-0.09293063391968559,0.02,-0.1129306339196856,87.18253547831975
2022-06-23,3761.25,3805.75,3735.0,3799.75,True,False,False,0.010235958790295818,4404.059500732422,True,buy_every_session,2022-06-23,1.0235958790295818,0.02,1.0035958790295818,88.18613135734932
2022-06-24,3785.25,3919.75,3781.25,3916.25,True,False,False,0.03460801796446744,4401.078250732422,True,buy_every_session,2022-06-24,3.460801796446744,0.02,3.440801796446744,91.62693315379607
2022-06-27,3915.0,3948.0,3892.5,3903.75,False,True,False,-0.002873563218390829,4398.135750732422,True,buy_every_session,2022-06-27,-0.2873563218390829,0.02,-0.3073563218390829,91.319576831957
2022-06-28,3911.25,3950.0,3821.75,3825.5,False,True,False,-0.021923937360178947,4394.972000732422,True,buy_every_session,2022-06-28,-2.1923937360178947,0.02,-2.2123937360178947,89.10718309593909
2022-06-29,3828.25,3840.0,3801.25,3821.25,False,True,False,-0.0018285117220662173,4391.733250732422,True,buy_every_session,2022-06-29,-0.18285117220662173,0.02,-0.20285117220662172,88.90433192373247
2022-06-30,3822.75,3825.0,3741.25,3789.5,False,True,False,-0.008697926885095852,4388.458250732422,True,buy_every_session,2022-06-30,-0.8697926885095852,0.02,-0.8897926885095853,88.01453923522288
2022-07-01,3782.0,3833.5,3744.5,3827.25,True,False,False,0.011964569011105208,4385.185750732422,True,buy_every_session,2022-07-01,1.1964569011105208,0.02,1.1764569011105208,89.19099613633341
2022-07-05,3828.5,3857.75,3744.0,3834.0,True,False,False,0.001436593966305244,4381.984500732422,True,buy_every_session,2022-07-05,0.1436593966305244,0.02,0.1236593966305244,89.31465553296394
2022-07-06,3838.0,3875.0,3808.75,3848.25,True,False,False,0.002670661803022334,4378.904100341797,True,buy_every_session,2022-07-06,0.2670661803022334,0.02,0.2470661803022334,89.56172171326617
2022-07-07,3853.75,3914.25,3832.5,3905.0,True,False,False,0.013298734998378192,4376.687850341797,True,buy_every_session,2022-07-07,1.3298734998378192,0.02,1.3098734998378192,90.87159521310399
2022-07-08,3897.0,3922.0,3868.0,3901.25,True,False,False,0.001090582499358561,4374.4778503417965,True,buy_every_session,2022-07-08,0.10905824993585611,0.02,0.0890582499358561,90.96065346303985
2022-07-11,3900.0,3900.75,3850.0,3856.75,False,True,False,-0.011089743589743573,4371.841600341797,True,buy_every_session,2022-07-11,-1.1089743589743573,0.02,-1.1289743589743573,89.83167910406549
2022-07-12,3862.0,3876.5,3804.75,3823.75,False,True,False,-0.009904194717762826,4368.770350341797,True,buy_every_session,2022-07-12,-0.9904194717762826,0.02,-1.0104194717762827,88.8212596322892
2022-07-13,3825.0,3873.0,3752.0,3804.5,False,True,False,-0.005359477124183054,4365.564100341797,True,buy_every_session,2022-07-13,-0.5359477124183054,0.02,-0.5559477124183054,88.2653119198709
2022-07-14,3795.75,3806.25,3723.75,3793.25,False,True,False,-0.0006586313640255526,4362.365350341797,True,buy_every_session,2022-07-14,-0.06586313640255526,0.02,-0.08586313640255526,88.17944878346835
2022-07-15,3797.75,3868.25,3780.25,3865.0,True,False,False,0.017707853334210988,4359.972850341797,True,buy_every_session,2022-07-15,1.7707853334210988,0.02,1.7507853334210988,89.93023411688944
2022-07-18,3878.5,3909.5,3820.25,3833.75,False,True,False,-0.011537965708392384,4357.3928503417965,True,buy_every_session,2022-07-18,-1.1537965708392384,0.02,-1.1737965708392384,88.7564375460502
2022-07-19,3838.5,3948.0,3834.0,3937.5,True,False,False,0.02579132473622514,4355.591600341797,True,buy_every_session,2022-07-19,2.579132473622514,0.02,2.559132473622514,91.3155700196727
2022-07-20,3947.0,3977.25,3922.25,3962.5,True,False,False,0.003927033189764284,4353.685350341797,True,buy_every_session,2022-07-20,0.3927033189764284,0.02,0.3727033189764284,91.68827333864914
2022-07-21,3954.0,4004.75,3930.25,4001.25,True,False,False,0.011949924127465872,4352.235350341797,True,buy_every_session,2022-07-21,1.1949924127465872,0.02,1.1749924127465872,92.86326575139573
2022-07-22,3988.0,4016.25,3941.5,3965.0,False,True,False,-0.00576730190571717,4350.390350341797,True,buy_every_session,2022-07-22,-0.576730190571717,0.02,-0.5967301905717171,92.26653556082401
2022-07-25,3967.75,3988.75,3946.0,3970.0,True,False,False,0.0005670720181463196,4348.470350341797,True,buy_every_session,2022-07-25,0.05670720181463196,0.02,0.036707201814631954,92.30324276263865
2022-07-26,3959.0,3964.5,3913.25,3923.25,False,True,False,-0.009030058095478632,4346.136600341797,True,buy_every_session,2022-07-26,-0.9030058095478632,0.02,-0.9230058095478633,91.38023695309079
2022-07-27,3939.25,4042.75,3938.75,4024.5,True,False,False,0.02164117535063781,4344.347850341797,True,buy_every_session,2022-07-27,2.164117535063781,0.02,2.144117535063781,93.52435448815457
2022-07-28,4022.0,4111.0,3994.5,4073.5,True,False,False,0.012804574838388927,4342.960350341797,True,buy_every_session,2022-07-28,1.2804574838388927,0.02,1.2604574838388927,94.78481197199346
2022-07-29,4105.0,4144.0,4081.0,4133.5,True,False,False,0.006942752740560332,4341.9241003417965,True,buy_every_session,2022-07-29,0.6942752740560332,0.02,0.6742752740560332,95.45908724604949
2022-08-01,4137.5,4147.25,4097.0,4120.5,False,True,False,-0.004108761329305155,4340.751600341797,True,buy_every_session,2022-08-01,-0.4108761329305155,0.02,-0.4308761329305155,95.02821111311897
2022-08-02,4119.75,4143.0,4080.5,4093.75,False,True,False,-0.006311062564476,4339.075350341797,True,buy_every_session,2022-08-02,-0.6311062564476,0.02,-0.6511062564476,94.37710485667137
2022-08-03,4097.0,4170.0,4084.5,4156.25,True,False,False,0.014461801318037537,4337.544100341797,True,buy_every_session,2022-08-03,1.4461801318037537,0.02,1.4261801318037537,95.80328498847511
2022-08-04,4150.25,4173.25,4136.0,4152.25,True,False,False,0.00048189868080239506,4335.917850341797,True,buy_every_session,2022-08-04,0.048189868080239506,0.02,0.028189868080239506,95.83147485655535
2022-08-05,4152.0,4166.25,4103.75,4146.75,False,True,False,-0.0012644508670520693,4334.095350341797,True,buy_every_session,2022-08-05,-0.12644508670520693,0.02,-0.14644508670520692,95.68502976985013
2022-08-08,4149.75,4188.0,4129.25,4141.75,False,True,False,-0.0019278269775288015,4332.164100341797,True,buy_every_session,2022-08-08,-0.19278269775288015,0.02,-0.21278269775288014,95.47224707209725
2022-08-09,4148.5,4155.0,4113.0,4124.5,False,True,False,-0.005785223574786058,4330.077850341797,True,buy_every_session,2022-08-09,-0.5785223574786058,0.02,-0.5985223574786058,94.87372471461865
2022-08-10,4128.75,4213.5,4113.75,4210.0,True,False,False,0.019679079624583817,4328.445350341797,True,buy_every_session,2022-08-10,1.9679079624583817,0.02,1.9479079624583817,96.82163267707703
2022-08-11,4210.75,4260.5,4202.75,4209.75,False,True,False,-0.00023748738348272624,4326.704100341797,True,buy_every_session,2022-08-11,-0.023748738348272624,0.02,-0.04374873834827263,96.77788393872876
2022-08-12,4219.25,4282.75,4208.25,4281.0,True,False,False,0.014635302482668644,4325.282850341797,True,buy_every_session,2022-08-12,1.4635302482668644,0.02,1.4435302482668644,98.22141418699563
2022-08-15,4277.0,4304.75,4249.0,4298.25,True,False,False,0.004968435819499684,4324.051600341797,True,buy_every_session,2022-08-15,0.49684358194996836,0.02,0.47684358194996834,98.6982577689456
2022-08-16,4294.5,4327.5,4278.75,4307.75,True,False,False,0.003085341716148493,4322.652850341797,True,buy_every_session,2022-08-16,0.3085341716148493,0.02,0.2885341716148493,98.98679194056045
2022-08-17,4309.25,4315.0,4255.0,4276.75,False,True,False,-0.007541915646574249,4321.051600341797,True,buy_every_session,2022-08-17,-0.7541915646574249,0.02,-0.7741915646574249,98.21260037590302
2022-08-18,4279.5,4295.5,4258.0,4286.5,True,False,False,0.00163570510573674,4319.4553503417965,True,buy_every_session,2022-08-18,0.163570510573674,0.02,0.143570510573674,98.35617088647669
2022-08-19,4287.0,4288.0,4220.75,4231.5,False,True,False,-0.012946116165150401,4317.495350341796,True,buy_every_session,2022-08-19,-1.29461161651504,0.02,-1.31461161651504,97.04155926996165
2022-08-22,4221.0,4221.5,4131.5,4141.25,False,True,False,-0.018893627102582355,4314.940350341797,True,buy_every_session,2022-08-22,-1.8893627102582355,0.02,-1.9093627102582356,95.13219655970342
2022-08-23,4147.0,4161.75,4118.0,4130.5,False,True,False,-0.003978779840848823,4312.226600341797,True,buy_every_session,2022-08-23,-0.3978779840848823,0.02,-0.4178779840848823,94.71431857561853
2022-08-24,4128.25,4158.5,4110.75,4142.75,True,False,False,0.0035123841821596002,4309.489100341797,True,buy_every_session,2022-08-24,0.35123841821596,0.02,0.33123841821596,95.0455569938345
2022-08-25,4148.75,4202.75,4143.0,4201.0,True,False,False,0.012594154865923413,4307.024100341797,True,buy_every_session,2022-08-25,1.2594154865923413,0.02,1.2394154865923412,96.28497248042683
2022-08-26,4198.25,4217.25,4042.75,4059.5,False,True,False,-0.0330494849044245,4303.930350341797,True,buy_every_session,2022-08-26,-3.3049484904424498,0.02,-3.3249484904424498,92.96002398998438
2022-08-29,4024.0,4064.0,4006.75,4031.25,True,False,False,0.001801689860835065,4300.876600341797,True,buy_every_session,2022-08-29,0.1801689860835065,0.02,0.16016898608350652,93.12019297606788
2022-08-30,4035.75,4072.75,3964.5,3987.5,False,True,False,-0.011955646410208742,4297.599100341797,True,buy_every_session,2022-08-30,-1.1955646410208742,0.02,-1.2155646410208742,91.90462833504701
2022-08-31,3987.25,4018.25,3953.0,3956.5,False,True,False,-0.007712082262210762,4293.990350341797,True,buy_every_session,2022-08-31,-0.7712082262210762,0.02,-0.7912082262210762,91.11342010882593
2022-09-01,3958.0,3971.25,3903.5,3968.75,True,False,False,0.0027160181910055314,4290.439100341797,True,buy_every_session,2022-09-01,0.27160181910055314,0.02,0.2516018191005531,91.36502192792649
2022-09-02,3967.5,4019.25,3906.0,3924.5,False,True,False,-0.010838059231253916,4286.581600341797,True,buy_every_session,2022-09-02,-1.0838059231253916,0.02,-1.1038059231253916,90.2612160048011
2022-09-06,3929.0,3963.25,3886.75,3910.5,False,True,False,-0.004708577246118617,4282.702850341797,True,buy_every_session,2022-09-06,-0.4708577246118617,0.02,-0.4908577246118617,89.77035828018924
2022-09-07,3907.5,3988.75,3883.5,3980.0,True,False,False,0.01855406269993609,4279.095350341797,True,buy_every_session,2022-09-07,1.8554062699936091,0.02,1.8354062699936091,91.60576455018285
2022-09-08,3980.0,4011.5,3942.75,4005.5,True,False,False,0.006407035175879372,4275.650350341797,True,buy_every_session,2022-09-08,0.6407035175879372,0.02,0.6207035175879372,92.2264680677708
2022-09-09,4010.25,4077.25,4005.75,4067.25,True,False,False,0.014213577707125502,4272.587850341797,True,buy_every_session,2022-09-09,1.4213577707125502,0.02,1.4013577707125502,93.62782583848335
2022-09-12,4077.25,4119.75,4062.25,4110.75,True,False,False,0.008216322276043853,4269.699100341797,True,buy_every_session,2022-09-12,0.8216322276043853,0.02,0.8016322276043852,94.42945806608773
2022-09-13,4118.25,4158.0,3919.75,3931.25,False,True,False,-0.04540763673890613,4265.860350341797,True,buy_every_session,2022-09-13,-4.540763673890613,0.02,-4.560763673890612,89.86869439219711
2022-09-14,3936.75,3962.75,3911.25,3947.5,True,False,False,0.0027306788594652076,4262.619100341797,True,buy_every_session,2022-09-14,0.27306788594652076,0.02,0.25306788594652074,90.12176227814363
2022-09-15,3955.0,3959.5,3888.0,3902.0,False,True,False,-0.013400758533501866,4258.874100341797,True,buy_every_session,2022-09-15,-1.3400758533501866,0.02,-1.3600758533501867,88.76168642479345
2022-09-16,3888.5,3888.5,3846.0,3871.239990234375,False,True,False,-0.004438732098656306,4255.399050292969,True,buy_every_session,2022-09-16,-0.4438732098656306,0.02,-0.46387320986563063,88.29781321492783
2022-09-19,3889.5,3927.0,3846.25,3917.25,True,False,False,0.007134593135364353,4252.442800292969,True,buy_every_session,2022-09-19,0.7134593135364353,0.02,0.6934593135364353,88.99127252846426
2022-09-20,3923.0,3936.25,3843.25,3872.75,False,True,False,-0.012809074687738953,4248.927800292969,True,buy_every_session,2022-09-20,-1.2809074687738953,0.02,-1.3009074687738953,87.69036505969036
2022-09-21,3878.75,3925.25,3792.0,3806.25,False,True,False,-0.01869158878504673,4245.271550292969,True,buy_every_session,2022-09-21,-1.869158878504673,0.02,-1.8891588785046731,85.80120618118569
2022-09-22,3794.0,3833.0,3763.5,3772.0,False,True,False,-0.00579862941486553,4241.1815502929685,True,buy_every_session,2022-09-22,-0.579862941486553,0.02,-0.5998629414865531,85.20134323969914
2022-09-23,3777.25,3783.25,3660.25,3709.0,False,True,False,-0.018068700774372837,4236.301550292968,True,buy_every_session,2022-09-23,-1.8068700774372837,0.02,-1.8268700774372837,83.37447316226186
2022-09-26,3705.25,3730.5,3657.5,3670.0,False,True,False,-0.009513528102017443,4231.156550292969,True,buy_every_session,2022-09-26,-0.9513528102017443,0.02,-0.9713528102017444,82.40312035206011
2022-09-27,3668.0,3733.0,3635.25,3661.0,False,True,False,-0.001908396946564861,4226.126550292969,True,buy_every_session,2022-09-27,-0.1908396946564861,0.02,-0.21083969465648608,82.19228065740363
2022-09-28,3668.5,3751.25,3613.0,3732.0,True,False,False,0.017309527054654383,4221.231550292969,True,buy_every_session,2022-09-28,1.7309527054654383,0.02,1.7109527054654383,83.90323336286907
2022-09-29,3730.25,3736.0,3622.0,3654.25,False,True,False,-0.020373969573084905,4216.1590502929685,True,buy_every_session,2022-09-29,-2.0373969573084905,0.02,-2.0573969573084905,81.84583640556059
2022-09-30,3656.5,3693.75,3595.25,3601.5,False,True,False,-0.015041706549979494,4210.981550292969,True,buy_every_session,2022-09-30,-1.5041706549979494,0.02,-1.5241706549979495,80.32166575056264
2022-10-03,3593.25,3711.75,3571.75,3690.25,True,False,False,0.026995060182286146,4205.885300292969,True,buy_every_session,2022-10-03,2.6995060182286146,0.02,2.6795060182286146,83.00117176879125
2022-10-04,3696.5,3808.75,3686.25,3803.25,True,False,False,0.02887866901122682,4201.557800292969,True,buy_every_session,2022-10-04,2.887866901122682,0.02,2.867866901122682,85.86903866991393
2022-10-05,3801.0,3820.0,3734.0,3794.0,False,True,False,-0.0018416206261510082,4197.345500488282,True,buy_every_session,2022-10-05,-0.18416206261510082,0.02,-0.2041620626151008,85.66487660729884
2022-10-06,3795.75,3819.5,3750.0,3756.75,False,True,False,-0.01027464927879862,4193.336750488281,True,buy_every_session,2022-10-06,-1.027464927879862,0.02,-1.047464927879862,84.61741167941898
2022-10-07,3745.75,3770.5,3632.5,3653.25,False,True,False,-0.024694653941133238,4188.399250488281,True,buy_every_session,2022-10-07,-2.4694653941133238,0.02,-2.489465394113324,82.12794628530565
2022-10-10,3638.75,3667.5,3600.0,3625.25,False,True,False,-0.0037100652696667735,4183.095500488282,True,buy_every_session,2022-10-10,-0.37100652696667735,0.02,-0.39100652696667737,81.73693975833898
2022-10-11,3624.75,3653.25,3579.0,3599.25,False,True,False,-0.007034967928822633,4177.513000488281,True,buy_every_session,2022-10-11,-0.7034967928822633,0.02,-0.7234967928822633,81.01344296545672
2022-10-12,3607.0,3635.25,3585.5,3588.5,False,True,False,-0.005128915996673089,4171.544250488281,True,buy_every_session,2022-10-12,-0.5128915996673089,0.02,-0.5328915996673089,80.48055136578941
2022-10-13,3596.25,3697.75,3502.0,3681.75,True,False,False,0.023774765380604856,4166.060500488281,True,buy_every_session,2022-10-13,2.3774765380604856,0.02,2.3574765380604856,82.83802790384989
2022-10-14,3680.25,3733.75,3591.25,3597.5,False,True,False,-0.022484885537667254,4160.125500488281,True,buy_every_session,2022-10-14,-2.2484885537667254,0.02,-2.2684885537667254,80.56953935008316
2022-10-17,3591.0,3702.5,3590.5,3689.25,True,False,False,0.02736006683375103,4154.7105004882815,True,buy_every_session,2022-10-17,2.736006683375103,0.02,2.716006683375103,83.28554603345826
2022-10-18,3706.25,3777.25,3697.25,3732.75,True,False,False,0.007150084317032013,4149.581750488282,True,buy_every_session,2022-10-18,0.7150084317032013,0.02,0.6950084317032013,83.98055446516146
2022-10-19,3759.75,3774.25,3676.75,3707.25,False,True,False,-0.013963694394574122,4144.188000488281,True,buy_every_session,2022-10-19,-1.3963694394574122,0.02,-1.4163694394574122,82.56418502570405
2022-10-20,3708.0,3748.0,3666.25,3675.25,False,True,False,-0.008832254584681731,4138.643000488281,True,buy_every_session,2022-10-20,-0.8832254584681731,0.02,-0.9032254584681731,81.66095956723588
2022-10-21,3677.75,3773.25,3641.5,3764.0,True,False,False,0.023451838760111476,4134.000500488281,True,buy_every_session,2022-10-21,2.3451838760111476,0.02,2.3251838760111476,83.98614344324703
2022-10-24,3771.0,3822.0,3736.5,3809.25,True,False,False,0.010143198090692085,4129.609250488281,True,buy_every_session,2022-10-24,1.0143198090692085,0.02,0.9943198090692085,84.98046325231624
2022-10-25,3803.25,3874.25,3790.0,3870.25,True,False,False,0.017616512193518785,4125.621750488282,True,buy_every_session,2022-10-25,1.7616512193518785,0.02,1.7416512193518785,86.72211447166812
2022-10-26,3841.0,3897.5,3824.25,3841.0,False,False,True,0.0,4121.515500488281,True,buy_every_session,2022-10-26,0.0,0.02,-0.02,86.70211447166812
2022-10-27,3844.25,3870.75,3757.5,3819.5,False,True,False,-0.00643818690251674,4117.088000488281,True,buy_every_session,2022-10-27,-0.643818690251674,0.02,-0.6638186902516741,86.03829578141645
2022-10-28,3798.25,3924.25,3776.75,3911.25,True,False,False,0.02975054301322988,4113.063000488281,True,buy_every_session,2022-10-28,2.975054301322988,0.02,2.955054301322988,88.99335008273944
2022-10-31,3911.5,3914.75,3872.25,3883.0,False,True,False,-0.007286207337338646,4109.218000488281,True,buy_every_session,2022-10-31,-0.7286207337338646,0.02,-0.7486207337338646,88.24472934900558
2022-11-01,3884.0,3928.0,3852.5,3866.0,False,True,False,-0.004634397528321288,4105.274250488281,True,buy_every_session,2022-11-01,-0.4634397528321288,0.02,-0.4834397528321288,87.76128959617346
2022-11-02,3863.0,3907.0,3760.25,3768.75,False,True,False,-0.024398136163603423,4101.261750488281,True,buy_every_session,2022-11-02,-2.4398136163603423,0.02,-2.4598136163603423,85.30147597981312
2022-11-03,3766.75,3782.5,3704.25,3727.75,False,True,False,-0.01035375323554788,4097.279250488281,True,buy_every_session,2022-11-03,-1.035375323554788,0.02,-1.055375323554788,84.24610065625833
2022-11-04,3724.0,3805.5,3711.0,3779.5,True,False,False,0.01490332975295372,4093.803000488281,True,buy_every_session,2022-11-04,1.490332975295372,0.02,1.470332975295372,85.71643363155371
2022-11-07,3750.0,3821.75,3738.25,3815.25,True,False,False,0.017400000000000082,4090.9292504882815,True,buy_every_session,2022-11-07,1.7400000000000082,0.02,1.7200000000000082,87.43643363155373
2022-11-08,3812.75,3867.0,3792.75,3835.25,True,False,False,0.005901252376893318,4088.0867504882813,True,buy_every_session,2022-11-08,0.5901252376893318,0.02,0.5701252376893318,88.00655886924305
2022-11-09,3832.5,3848.75,3750.0,3755.5,False,True,False,-0.020091324200913196,4085.119250488281,True,buy_every_session,2022-11-09,-2.0091324200913196,0.02,-2.0291324200913197,85.97742644915174
2022-11-10,3757.0,3973.5,3751.5,3961.0,True,False,False,0.05429864253393668,4083.2167504882814,True,buy_every_session,2022-11-10,5.429864253393668,0.02,5.4098642533936685,91.3872907025454
2022-11-11,3973.0,4009.75,3951.0,4000.25,True,False,False,0.006858796878932871,4081.6292504882813,True,buy_every_session,2022-11-11,0.6858796878932871,0.02,0.6658796878932871,92.05317039043868
2022-11-14,3984.0,4017.5,3964.0,3966.0,False,True,False,-0.004518072289156572,4079.343000488281,True,buy_every_session,2022-11-14,-0.45180722891565717,0.02,-0.4718072289156572,91.58136316152303
2022-11-15,3974.75,4050.75,3960.0,3999.5,True,False,False,0.00622680671740361,4076.8192504882813,True,buy_every_session,2022-11-15,0.622680671740361,0.02,0.602680671740361,92.18404383326339
2022-11-16,3992.0,4015.75,3962.0,3968.5,False,True,False,-0.005886773547094215,4073.9867504882814,True,buy_every_session,2022-11-16,-0.5886773547094215,0.02,-0.6086773547094215,91.57536647855396
2022-11-17,3977.25,3990.25,3912.5,3955.25,False,True,False,-0.005531460179772463,4070.8767504882812,True,buy_every_session,2022-11-17,-0.5531460179772463,0.02,-0.5731460179772463,91.00222046057671
2022-11-18,3960.5,3994.0,3942.5,3974.0,True,False,False,0.003408660522661311,4068.4017504882813,True,buy_every_session,2022-11-18,0.3408660522661311,0.02,0.3208660522661311,91.32308651284283
2022-11-21,3972.5,3982.0,3937.5,3958.0,False,True,False,-0.003650094398993109,4065.729250488281,True,buy_every_session,2022-11-21,-0.3650094398993109,0.02,-0.3850094398993109,90.93807707294353
2022-11-22,3957.75,4012.5,3945.25,4010.25,True,False,False,0.01326511275345843,4063.4017504882813,True,buy_every_session,2022-11-22,1.326511275345843,0.02,1.306511275345843,92.24458834828937
2022-11-23,4010.0,4039.5,4002.0,4033.0,True,False,False,0.005735660847880242,4061.0042504882813,True,buy_every_session,2022-11-23,0.5735660847880242,0.02,0.5535660847880242,92.7981544330774
2022-11-25,4038.75,4049.25,4024.75,4032.5,False,True,False,-0.0015475085112968134,4058.278000488281,True,buy_every_session,2022-11-25,-0.15475085112968134,0.02,-0.17475085112968133,92.62340358194771
2022-11-28,4020.25,4024.0,3960.25,3970.25,False,True,False,-0.012437037497668002,4055.641750488281,True,buy_every_session,2022-11-28,-1.2437037497668002,0.02,-1.2637037497668002,91.35969983218091
2022-11-29,3972.0,3990.25,3941.25,3962.0,False,True,False,-0.0025176233635447742,4053.4042504882814,True,buy_every_session,2022-11-29,-0.2517623363544774,0.02,-0.27176233635447744,91.08793749582642
2022-11-30,3962.25,4093.5,3942.75,4081.25,True,False,False,0.030033440595621075,4051.840500488281,True,buy_every_session,2022-11-30,3.0033440595621075,0.02,2.9833440595621075,94.07128155538854
2022-12-01,4094.5,4110.0,4054.5,4081.75,False,True,False,-0.003113933325192386,4049.9267504882814,True,buy_every_session,2022-12-01,-0.3113933325192386,0.02,-0.33139333251923864,93.7398882228693
2022-12-02,4077.5,4085.5,4006.75,4075.5,False,True,False,-0.0004904966278357348,4047.954250488281,True,buy_every_session,2022-12-02,-0.04904966278357348,0.02,-0.06904966278357348,93.67083856008573
2022-12-05,4074.0,4075.75,3987.25,4003.25,False,True,False,-0.017366224840451694,4046.0980004882813,True,buy_every_session,2022-12-05,-1.7366224840451694,0.02,-1.7566224840451694,91.91421607604056
2022-12-06,4005.75,4014.75,3921.5,3945.0,False,True,False,-0.015165699307245872,4044.1055004882815,True,buy_every_session,2022-12-06,-1.5165699307245872,0.02,-1.5365699307245873,90.37764614531598
2022-12-07,3944.5,3961.5,3914.0,3936.75,False,True,False,-0.001964761059703335,4042.289250488281,True,buy_every_session,2022-12-07,-0.1964761059703335,0.02,-0.21647610597033348,90.16117003934565
2022-12-08,3935.75,3977.25,3916.0,3965.75,True,False,False,0.007622435368100033,4041.008000488281,True,buy_every_session,2022-12-08,0.7622435368100033,0.02,0.7422435368100033,90.90341357615566
2022-12-09,3964.75,3990.0,3930.0,3936.25,False,True,False,-0.007188347310675303,4039.269250488281,True,buy_every_session,2022-12-09,-0.7188347310675303,0.02,-0.7388347310675303,90.16457884508813
2022-12-12,3933.0,3992.75,3924.5,3991.75,True,False,False,0.0149377065853038,4037.3280004882813,True,buy_every_session,2022-12-12,1.49377065853038,0.02,1.47377065853038,91.63834950361851
2022-12-13,3989.25,4145.0,3985.0,4022.25,True,False,False,0.00827223162248547,4035.599250488281,True,buy_every_session,2022-12-13,0.8272231622485471,0.02,0.8072231622485471,92.44557266586706
2022-12-14,4021.75,4073.0,3965.25,3998.0,False,True,False,-0.005905389444893383,4034.070500488281,True,buy_every_session,2022-12-14,-0.5905389444893383,0.02,-0.6105389444893383,91.83503372137773
2022-12-15,4004.25,4010.25,3878.5,3897.0,False,True,False,-0.02678404195542239,4031.646750488281,True,buy_every_session,2022-12-15,-2.678404195542239,0.02,-2.698404195542239,89.13662952583549
2022-12-16,3890.5,3904.25,3842.0,3871.469970703125,False,True,False,-0.0048914096637643345,4029.207850341797,True,buy_every_session,2022-12-16,-0.48914096637643345,0.02,-0.5091409663764335,88.62748855945905
2022-12-19,3874.0,3899.0,3827.25,3845.5,False,True,False,-0.007356737222509069,4026.799100341797,True,buy_every_session,2022-12-19,-0.7356737222509069,0.02,-0.7556737222509069,87.87181483720815
2022-12-20,3842.75,3866.5,3803.5,3849.25,True,False,False,0.001691496974822737,4025.052850341797,True,buy_every_session,2022-12-20,0.1691496974822737,0.02,0.14914969748227372,88.02096453469042
2022-12-21,3857.25,3918.75,3855.5,3905.75,True,False,False,0.012573724803940589,4023.7378503417967,True,buy_every_session,2022-12-21,1.257372480394059,0.02,1.237372480394059,89.25833701508448
2022-12-22,3915.0,3919.75,3788.5,3849.25,False,True,False,-0.01679438058748406,4021.607850341797,True,buy_every_session,2022-12-22,-1.679438058748406,0.02,-1.699438058748406,87.55889895633607
2022-12-23,3850.0,3872.5,3821.25,3869.75,True,False,False,0.0051298701298700955,4019.670350341797,True,buy_every_session,2022-12-23,0.5129870129870095,0.02,0.49298701298700953,88.05188596932308
2022-12-27,3878.0,3900.5,3837.25,3855.0,False,True,False,-0.005930892212480665,4017.937850341797,True,buy_every_session,2022-12-27,-0.5930892212480665,0.02,-0.6130892212480665,87.43879674807502
2022-12-28,3858.0,3875.0,3804.5,3807.5,False,True,False,-0.013089683773976124,4016.115350341797,True,buy_every_session,2022-12-28,-1.3089683773976124,0.02,-1.3289683773976124,86.1098283706774
2022-12-29,3811.0,3882.75,3806.25,3871.75,True,False,False,0.015940697979532903,4014.1641003417967,True,buy_every_session,2022-12-29,1.5940697979532903,0.02,1.5740697979532903,87.68389816863069
2022-12-30,3869.75,3871.0,3821.5,3861.0,False,True,False,-0.00226112797984368,4011.679100341797,True,buy_every_session,2022-12-30,-0.226112797984368,0.02,-0.246112797984368,87.43778537064632
2023-01-03,3895.0,3906.75,3814.5,3846.0,False,True,False,-0.012580231065468572,4008.857850341797,True,buy_every_session,2023-01-03,-1.2580231065468572,0.02,-1.2780231065468572,86.15976226409947
2023-01-04,3842.75,3896.25,3836.5,3874.5,True,False,False,0.008262312146249506,4006.1835998535157,True,buy_every_session,2023-01-04,0.8262312146249506,0.02,0.8062312146249506,86.96599347872441
2023-01-05,3871.0,3885.5,3822.5,3829.0,False,True,False,-0.010849909584086825,4003.0673498535157,True,buy_every_session,2023-01-05,-1.0849909584086825,0.02,-1.1049909584086826,85.86100252031574
2023-01-06,3833.0,3928.75,3819.0,3915.5,True,False,False,0.021523610748760857,4000.1198498535155,True,buy_every_session,2023-01-06,2.1523610748760857,0.02,2.1323610748760857,87.99336359519182
2023-01-09,3918.5,3973.25,3909.75,3913.75,False,True,False,-0.001212198545361698,3997.4510998535156,True,buy_every_session,2023-01-09,-0.12121985453616979,0.02,-0.14121985453616978,87.85214374065565
2023-01-10,3914.5,3943.75,3891.5,3940.75,True,False,False,0.006705837271682169,3994.5923498535158,True,buy_every_session,2023-01-10,0.6705837271682169,0.02,0.6505837271682169,88.50272746782386
2023-01-11,3941.0,3992.5,3934.5,3990.0,True,False,False,0.01243339253996445,3991.8598498535157,True,buy_every_session,2023-01-11,1.243339253996445,0.02,1.223339253996445,89.7260667218203
2023-01-12,3991.75,4021.5,3954.0,4003.5,True,False,False,0.002943571115425536,3989.0373498535155,True,buy_every_session,2023-01-12,0.2943571115425536,0.02,0.2743571115425536,90.00042383336286
2023-01-13,4003.0,4024.25,3961.75,4018.25,True,False,False,0.0038096427679239486,3986.001099853516,True,buy_every_session,2023-01-13,0.38096427679239486,0.02,0.36096427679239484,90.36138811015526
2023-01-17,4020.0,4035.25,3996.75,4009.5,False,True,False,-0.0026119402985074203,3983.0685998535155,True,buy_every_session,2023-01-17,-0.261194029850742,0.02,-0.28119402985074204,90.08019408030452
2023-01-18,4008.5,4033.5,3943.75,3945.75,False,True,False,-0.015654234751153795,3980.1435998535158,True,buy_every_session,2023-01-18,-1.5654234751153795,0.02,-1.5854234751153795,88.49477060518915
2023-01-19,3945.25,3948.75,3901.75,3915.5,False,True,False,-0.007540713516253739,3977.0248498535157,True,buy_every_session,2023-01-19,-0.7540713516253739,0.02,-0.7740713516253739,87.72069925356377
2023-01-20,3925.0,3990.5,3911.75,3988.5,True,False,False,0.016178343949044605,3974.0785998535157,True,buy_every_session,2023-01-20,1.6178343949044605,0.02,1.5978343949044604,89.31853364846823
2023-01-23,3987.0,4056.75,3980.25,4036.5,True,False,False,0.01241534988713311,3971.6598498535154,True,buy_every_session,2023-01-23,1.241534988713311,0.02,1.221534988713311,90.54006863718155
2023-01-24,4036.5,4047.5,4005.25,4032.75,False,True,False,-0.00092902266815309,3969.4448498535157,True,buy_every_session,2023-01-24,-0.092902266815309,0.02,-0.112902266815309,90.42716637036624
2023-01-25,4039.0,4040.5,3963.25,4032.0,False,True,False,-0.0017331022530329143,3967.1235998535158,True,buy_every_session,2023-01-25,-0.17331022530329143,0.02,-0.19331022530329142,90.23385614506294
2023-01-26,4031.0,4077.0,4027.25,4075.5,True,False,False,0.011039444306623736,3965.083599853516,True,buy_every_session,2023-01-26,1.1039444306623736,0.02,1.0839444306623736,91.31780057572531
2023-01-27,4065.0,4109.25,4057.25,4084.25,True,False,False,0.004735547355473546,3963.4598498535156,True,buy_every_session,2023-01-27,0.4735547355473546,0.02,0.4535547355473546,91.77135531127267
2023-01-30,4077.0,4086.0,4029.5,4032.5,False,True,False,-0.010914888398332101,3961.657349853516,True,buy_every_session,2023-01-30,-1.09148883983321,0.02,-1.1114888398332101,90.65986647143946
2023-01-31,4039.25,4091.25,4007.5,4090.0,True,False,False,0.012564213653524892,3959.896099853516,True,buy_every_session,2023-01-31,1.2564213653524892,0.02,1.2364213653524891,91.89628783679194
2023-02-01,4085.75,4163.25,4048.5,4132.25,True,False,False,0.011381019396683678,3958.6198498535155,True,buy_every_session,2023-02-01,1.1381019396683678,0.02,1.1181019396683678,93.0143897764603
2023-02-02,4145.5,4208.5,4136.75,4191.5,True,False,False,0.011096369557351382,3957.6435998535158,True,buy_every_session,2023-02-02,1.1096369557351382,0.02,1.0896369557351382,94.10402673219545
2023-02-03,4176.0,4194.0,4132.5,4147.75,False,True,False,-0.006764846743295028,3956.0860998535154,True,buy_every_session,2023-02-03,-0.6764846743295028,0.02,-0.6964846743295028,93.40754205786595
2023-02-06,4134.25,4143.0,4104.0,4123.5,False,True,False,-0.0026002297877486535,3954.4260998535156,True,buy_every_session,2023-02-06,-0.26002297877486535,0.02,-0.28002297877486537,93.12751907909109
2023-02-07,4123.5,4188.25,4098.25,4175.75,True,False,False,0.012671274402813237,3953.3523498535155,True,buy_every_session,2023-02-07,1.2671274402813237,0.02,1.2471274402813237,94.3746465193724
2023-02-08,4167.25,4179.25,4121.25,4130.5,False,True,False,-0.008818765372847759,3952.668599853516,True,buy_every_session,2023-02-08,-0.8818765372847759,0.02,-0.9018765372847759,93.47276998208763
2023-02-09,4132.25,4170.25,4078.25,4091.75,False,True,False,-0.009800955895698515,3951.6635998535157,True,buy_every_session,2023-02-09,-0.9800955895698515,0.02,-1.0000955895698516,92.47267439251777
2023-02-10,4098.0,4104.25,4060.75,4099.75,True,False,False,0.00042703757930695474,3951.3098498535155,True,buy_every_session,2023-02-10,0.042703757930695474,0.02,0.022703757930695474,92.49537815044847
2023-02-13,4105.0,4150.75,4078.75,4147.25,True,False,False,0.010292326431181387,3951.1448498535156,True,buy_every_session,2023-02-13,1.0292326431181387,0.02,1.0092326431181387,93.50461079356661
2023-02-14,4149.75,4186.5,4103.75,4145.5,False,True,False,-0.0010241580818121099,3950.4548498535155,True,buy_every_session,2023-02-14,-0.10241580818121099,0.02,-0.12241580818121099,93.3821949853854
2023-02-15,4141.25,4161.75,4113.0,4158.25,True,False,False,0.004105040748566324,3950.6085998535154,True,buy_every_session,2023-02-15,0.41050407485663243,0.02,0.3905040748566324,93.77269906024203
2023-02-16,4159.0,4168.5,4095.0,4099.75,False,True,False,-0.014246213031978816,3950.3523498535155,True,buy_every_session,2023-02-16,-1.4246213031978816,0.02,-1.4446213031978816,92.32807775704416
2023-02-17,4095.5,4096.0,4055.75,4087.5,False,True,False,-0.0019533634476864847,3949.9435998535155,True,buy_every_session,2023-02-17,-0.19533634476864847,0.02,-0.21533634476864846,92.11274141227551
2023-02-21,4083.0,4089.25,4002.0,4005.75,False,True,False,-0.018919911829537117,3948.4960998535157,True,buy_every_session,2023-02-21,-1.8919911829537117,0.02,-1.9119911829537117,90.2007502293218
2023-02-22,4007.5,4025.0,3983.75,3999.0,False,True,False,-0.0021210230817217957,3947.7748498535157,True,buy_every_session,2023-02-22,-0.21210230817217957,0.02,-0.23210230817217956,89.96864792114962
2023-02-23,4010.0,4034.25,3974.25,4018.75,True,False,False,0.00218204488778051,3947.271099853516,True,buy_every_session,2023-02-23,0.218204488778051,0.02,0.198204488778051,90.16685240992767
2023-02-24,4015.25,4023.25,3947.5,3975.75,False,True,False,-0.009837494552020432,3947.2123498535157,True,buy_every_session,2023-02-24,-0.9837494552020432,0.02,-1.0037494552020432,89.16310295472563
2023-02-27,3976.5,4024.75,3973.0,3988.0,True,False,False,0.0028919904438575728,3947.168599853516,True,buy_every_session,2023-02-27,0.2891990443857573,0.02,0.26919904438575726,89.43230199911139
2023-02-28,3991.5,4003.75,3965.0,3975.5,False,True,False,-0.0040085181009645865,3947.3948498535156,True,buy_every_session,2023-02-28,-0.40085181009645865,0.02,-0.42085181009645867,89.01145018901492
2023-03-01,3968.5,3991.0,3943.0,3956.5,False,True,False,-0.0030238125236234925,3947.541099853516,True,buy_every_session,2023-03-01,-0.30238125236234925,0.02,-0.32238125236234927,88.68906893665257
2023-03-02,3959.75,3995.25,3925.0,3984.75,True,False,False,0.006313529894564018,3947.3660998535156,True,buy_every_session,2023-03-02,0.6313529894564018,0.02,0.6113529894564018,89.30042192610898
2023-03-03,3983.0,4053.0,3974.0,4049.75,True,False,False,0.016758724579462703,3947.5910998535155,True,buy_every_session,2023-03-03,1.6758724579462703,0.02,1.6558724579462702,90.95629438405525
2023-03-06,4049.25,4082.5,4041.75,4052.5,True,False,False,0.000802617768722591,3947.4298498535154,True,buy_every_session,2023-03-06,0.0802617768722591,0.02,0.0602617768722591,91.01655616092751
2023-03-07,4053.75,4064.5,3982.5,3989.75,False,True,False,-0.015787850755473287,3947.7648498535154,True,buy_every_session,2023-03-07,-1.5787850755473287,0.02,-1.5987850755473287,89.41777108538018
2023-03-08,3990.0,4003.25,3971.5,3995.0,True,False,False,0.0012531328320801727,3948.251099853516,True,buy_every_session,2023-03-08,0.12531328320801727,0.02,0.10531328320801726,89.5230843685882
2023-03-09,3997.0,4019.75,3909.5,3920.0,False,True,False,-0.019264448336252182,3948.353599853516,True,buy_every_session,2023-03-09,-1.9264448336252182,0.02,-1.9464448336252183,87.57663953496298
2023-03-10,3919.0,3941.75,3846.25,3862.75,False,True,False,-0.014353151314110746,3947.8085998535157,True,buy_every_session,2023-03-10,-1.4353151314110746,0.02,-1.4553151314110746,86.12132440355191
2023-03-13,3887.75,3938.75,3808.75,3856.75,False,True,False,-0.00797376374509673,3947.3898498535154,True,buy_every_session,2023-03-13,-0.7973763745096729,0.02,-0.8173763745096729,85.30394802904223
2023-03-14,3865.75,3938.0,3855.25,3920.5,True,False,False,0.014162840328526105,3947.1085998535154,True,buy_every_session,2023-03-14,1.4162840328526105,0.02,1.3962840328526105,86.70023206189484
2023-03-15,3920.5,3931.0,3834.0,3892.75,False,True,False,-0.007078178803723967,3946.293599853516,True,buy_every_session,2023-03-15,-0.7078178803723967,0.02,-0.7278178803723967,85.97241418152244
2023-03-16,3892.75,3966.5,3863.25,3960.5,True,False,False,0.01740414873803875,3945.3173498535157,True,buy_every_session,2023-03-16,1.740414873803875,0.02,1.720414873803875,87.69282905532631
2023-03-17,3962.25,3974.0,3923.0,3957.050048828125,False,True,False,-0.0013123733161398698,3944.4463500976562,True,buy_every_session,2023-03-17,-0.13123733161398698,0.02,-0.15123733161398697,87.54159172371233
2023-03-20,3963.75,3989.5,3897.25,3983.0,True,False,False,0.004856512141280245,3943.8663500976563,True,buy_every_session,2023-03-20,0.4856512141280245,0.02,0.46565121412802446,88.00724293784036
2023-03-21,3986.5,4043.25,3981.75,4035.75,True,False,False,0.012354195409506996,3943.168850097656,True,buy_every_session,2023-03-21,1.2354195409506996,0.02,1.2154195409506996,89.22266247879107
2023-03-22,4038.75,4073.75,3966.25,3970.5,False,True,False,-0.016898792943361163,3942.486350097656,True,buy_every_session,2023-03-22,-1.6898792943361163,0.02,-1.7098792943361163,87.51278318445495
2023-03-23,3972.75,4039.5,3948.5,3978.0,True,False,False,0.0013215027373985055,3941.773850097656,True,buy_every_session,2023-03-23,0.13215027373985055,0.02,0.11215027373985055,87.6249334581948
2023-03-24,3988.75,4010.75,3937.0,4001.25,True,False,False,0.003133813851457168,3940.986350097656,True,buy_every_session,2023-03-24,0.3133813851457168,0.02,0.29338138514571677,87.91831484334053
2023-03-27,4008.0,4034.25,3997.5,4007.25,False,True,False,-0.00018712574850299202,3940.452600097656,True,buy_every_session,2023-03-27,-0.018712574850299202,0.02,-0.038712574850299206,87.87960226849023
2023-03-28,4013.5,4023.75,3980.75,4001.5,False,True,False,-0.00298990905693286,3940.378850097656,True,buy_every_session,2023-03-28,-0.298990905693286,0.02,-0.31899090569328603,87.56061136279695
2023-03-29,4006.5,4061.25,4006.0,4057.5,True,False,False,0.012729314863347163,3941.171350097656,True,buy_every_session,2023-03-29,1.2729314863347163,0.02,1.2529314863347163,88.81354284913166
2023-03-30,4058.0,4087.75,4052.5,4080.0,True,False,False,0.005421389847215297,3942.818850097656,True,buy_every_session,2023-03-30,0.5421389847215297,0.02,0.5221389847215296,89.3356818338532
2023-03-31,4081.0,4142.5,4078.0,4137.75,True,False,False,0.013905905415339426,3944.8238500976563,True,buy_every_session,2023-03-31,1.3905905415339426,0.02,1.3705905415339426,90.70627237538714
2023-04-03,4127.0,4157.75,4122.75,4153.75,True,False,False,0.006481705839592955,3946.646350097656,True,buy_every_session,2023-04-03,0.6481705839592955,0.02,0.6281705839592955,91.33444295934643
2023-04-04,4152.5,4171.75,4115.25,4129.0,False,True,False,-0.005659241420830852,3948.950100097656,True,buy_every_session,2023-04-04,-0.5659241420830852,0.02,-0.5859241420830852,90.74851881726335
2023-04-05,4134.0,4135.5,4099.0,4117.25,False,True,False,-0.004051765844218624,3951.2175500488283,True,buy_every_session,2023-04-05,-0.40517658442186244,0.02,-0.42517658442186246,90.32334223284148
2023-04-06,4113.75,4135.25,4096.5,4132.0,True,False,False,0.004436341537526589,3953.0388000488283,True,buy_every_session,2023-04-06,0.4436341537526589,0.02,0.4236341537526589,90.74697638659414
2023-04-10,4139.0,4143.0,4098.75,4136.25,False,True,False,-0.0006644116936458389,3954.906300048828,True,buy_every_session,2023-04-10,-0.06644116936458389,0.02,-0.08644116936458389,90.66053521722955
2023-04-11,4138.5,4151.75,4128.75,4136.5,False,True,False,-0.0004832668841368015,3956.5900500488283,True,buy_every_session,2023-04-11,-0.04832668841368015,0.02,-0.06832668841368016,90.59220852881587
2023-04-12,4137.5,4177.75,4113.5,4119.0,False,True,False,-0.004471299093655623,3957.603800048828,True,buy_every_session,2023-04-12,-0.4471299093655623,0.02,-0.4671299093655623,90.1250786194503
2023-04-13,4117.5,4177.0,4110.25,4172.75,True,False,False,0.013418336369156014,3958.948800048828,True,buy_every_session,2023-04-13,1.3418336369156014,0.02,1.3218336369156014,91.4469122563659
2023-04-14,4168.75,4189.0,4138.0,4163.75,False,True,False,-0.0011994002998501063,3960.640050048828,True,buy_every_session,2023-04-14,-0.11994002998501063,0.02,-0.13994002998501062,91.30697222638089
2023-04-17,4174.25,4180.5,4148.0,4176.75,True,False,False,0.0005989099838294987,3962.417550048828,True,buy_every_session,2023-04-17,0.05989099838294987,0.02,0.03989099838294986,91.34686322476384
2023-04-18,4177.0,4198.25,4164.5,4180.0,True,False,False,0.0007182188173329163,3964.370050048828,True,buy_every_session,2023-04-18,0.07182188173329163,0.02,0.05182188173329162,91.39868510649713
2023-04-19,4176.0,4187.5,4150.5,4178.5,True,False,False,0.000598659003831381,3966.126300048828,True,buy_every_session,2023-04-19,0.059865900383138104,0.02,0.0398659003831381,91.43855100688026
2023-04-20,4172.25,4173.5,4137.0,4152.5,False,True,False,-0.004733656899754357,3967.718800048828,True,buy_every_session,2023-04-20,-0.4733656899754357,0.02,-0.49336568997543573,90.94518531690483
2023-04-21,4153.75,4161.0,4135.25,4156.75,True,False,False,0.0007222389407162133,3969.261300048828,True,buy_every_session,2023-04-21,0.07222389407162133,0.02,0.05222389407162133,90.99740921097644
2023-04-24,4150.0,4164.25,4133.5,4159.5,True,False,False,0.0022891566265059726,3970.533800048828,True,buy_every_session,2023-04-24,0.22891566265059726,0.02,0.20891566265059727,91.20632487362704
2023-04-25,4157.25,4158.5,4091.5,4093.25,False,True,False,-0.015394792230440824,3971.4938000488282,True,buy_every_session,2023-04-25,-1.5394792230440824,0.02,-1.5594792230440824,89.64684565058296
2023-04-26,4110.25,4116.25,4068.75,4076.0,False,True,False,-0.008332826470409338,3972.5900500488283,True,buy_every_session,2023-04-26,-0.8332826470409338,0.02,-0.8532826470409338,88.79356300354203
2023-04-27,4085.5,4166.5,4080.75,4153.75,True,False,False,0.016705421613021576,3974.240050048828,True,buy_every_session,2023-04-27,1.6705421613021576,0.02,1.6505421613021576,90.44410516484419
2023-04-28,4151.0,4193.75,4131.5,4188.5,True,False,False,0.009033967718621971,3976.160050048828,True,buy_every_session,2023-04-28,0.9033967718621971,0.02,0.8833967718621971,91.32750193670638
2023-05-01,4190.0,4206.25,4178.5,4185.75,False,True,False,-0.0010143198090691863,3978.122550048828,True,buy_every_session,2023-05-01,-0.10143198090691863,0.02,-0.12143198090691863,91.20606995579946
2023-05-02,4179.5,4191.5,4105.5,4136.75,False,True,False,-0.010228496231606599,3979.481300048828,True,buy_every_session,2023-05-02,-1.0228496231606599,0.02,-1.0428496231606599,90.1632203326388
2023-05-03,4133.25,4167.0,4095.0,4107.5,False,True,False,-0.006229964313796632,3980.850050048828,True,buy_every_session,2023-05-03,-0.6229964313796632,0.02,-0.6429964313796632,89.52022390125914
2023-05-04,4087.0,4118.0,4062.25,4075.75,False,True,False,-0.002752630291167124,3981.541300048828,True,buy_every_session,2023-05-04,-0.2752630291167124,0.02,-0.2952630291167124,89.22496087214243
2023-05-05,4077.25,4163.25,4076.75,4150.25,True,False,False,0.017904224661229984,3982.480050048828,True,buy_every_session,2023-05-05,1.7904224661229984,0.02,1.7704224661229984,90.99538333826543
2023-05-08,4151.0,4161.0,4137.5,4152.75,True,False,False,0.00042158516020229797,3983.2375500488283,True,buy_every_session,2023-05-08,0.0421585160202298,0.02,0.022158516020229797,91.01754185428565
2023-05-09,4150.5,4153.0,4131.0,4134.0,False,True,False,-0.003975424647632786,3984.082550048828,True,buy_every_session,2023-05-09,-0.3975424647632786,0.02,-0.4175424647632786,90.59999938952238
2023-05-10,4133.0,4173.25,4112.25,4152.0,True,False,False,0.004597144931042907,3984.992550048828,True,buy_every_session,2023-05-10,0.4597144931042907,0.02,0.43971449310429067,91.03971388262667
2023-05-11,4152.75,4168.5,4121.5,4143.75,False,True,False,-0.002167238576846642,3986.095050048828,True,buy_every_session,2023-05-11,-0.21672385768466418,0.02,-0.23672385768466417,90.802990024942
2023-05-12,4144.5,4164.5,4111.75,4138.0,False,True,False,-0.0015683435878875995,3986.662550048828,True,buy_every_session,2023-05-12,-0.15683435878875995,0.02,-0.17683435878875994,90.62615566615325
2023-05-15,4132.25,4156.25,4123.0,4150.0,True,False,False,0.004295480670337026,3987.045050048828,True,buy_every_session,2023-05-15,0.42954806703370263,0.02,0.4095480670337026,91.03570373318695
2023-05-16,4148.25,4151.5,4120.0,4123.0,False,True,False,-0.006086904116193614,3986.992550048828,True,buy_every_session,2023-05-16,-0.6086904116193614,0.02,-0.6286904116193615,90.40701332156759
2023-05-17,4126.0,4179.0,4122.0,4171.5,True,False,False,0.01102762966553561,3987.247550048828,True,buy_every_session,2023-05-17,1.102762966553561,0.02,1.082762966553561,91.48977628812115
2023-05-18,4171.25,4215.75,4161.25,4212.0,True,False,False,0.009769253820797186,3987.838800048828,True,buy_every_session,2023-05-18,0.9769253820797186,0.02,0.9569253820797186,92.44670167020087
2023-05-19,4215.5,4227.25,4191.5,4204.75,False,True,False,-0.0025501126793974205,3988.0813000488283,True,buy_every_session,2023-05-19,-0.25501126793974205,0.02,-0.27501126793974207,92.17169040226112
2023-05-22,4189.0,4221.75,4186.5,4205.0,True,False,False,0.003819527333492445,3988.345050048828,True,buy_every_session,2023-05-22,0.3819527333492445,0.02,0.3619527333492445,92.53364313561036
2023-05-23,4207.5,4222.75,4153.0,4158.75,False,True,False,-0.01158645276292336,3988.4050500488283,True,buy_every_session,2023-05-23,-1.158645276292336,0.02,-1.178645276292336,91.35499785931802
2023-05-24,4158.0,4166.25,4114.0,4126.0,False,True,False,-0.007696007696007645,3988.326300048828,True,buy_every_session,2023-05-24,-0.7696007696007645,0.02,-0.7896007696007645,90.56539708971725
2023-05-25,4157.0,4175.5,4131.5,4159.75,True,False,False,0.0006615347606446775,3988.502550048828,True,buy_every_session,2023-05-25,0.06615347606446775,0.02,0.04615347606446775,90.61155056578171
2023-05-26,4157.0,4221.25,4146.0,4213.25,True,False,False,0.013531392831368727,3988.5188000488283,True,buy_every_session,2023-05-26,1.3531392831368727,0.02,1.3331392831368727,91.94468984891859
2023-05-30,4239.75,4243.25,4200.0,4215.0,False,True,False,-0.0058376083495489395,3988.545050048828,True,buy_every_session,2023-05-30,-0.583760834954894,0.02,-0.603760834954894,91.34092901396369
2023-05-31,4213.0,4217.75,4174.0,4190.5,False,True,False,-0.005340612390220767,3988.0925500488283,True,buy_every_session,2023-05-31,-0.5340612390220767,0.02,-0.5540612390220767,90.78686777494161
2023-06-01,4188.5,4239.75,4178.0,4228.0,True,False,False,0.009430583741196097,3987.741300048828,True,buy_every_session,2023-06-01,0.9430583741196097,0.02,0.9230583741196097,91.70992614906122
2023-06-02,4231.75,4297.75,4229.0,4288.0,True,False,False,0.013292373131683188,3987.642550048828,True,buy_every_session,2023-06-02,1.3292373131683188,0.02,1.3092373131683188,93.01916346222954
2023-06-05,4288.0,4305.75,4273.0,4281.0,False,True,False,-0.0016324626865671377,3987.6638000488283,True,buy_every_session,2023-06-05,-0.16324626865671377,0.02,-0.18324626865671376,92.83591719357283
2023-06-06,4279.75,4294.75,4268.5,4289.75,True,False,False,0.0023365850809042854,3987.680050048828,True,buy_every_session,2023-06-06,0.23365850809042854,0.02,0.21365850809042855,93.04957570166326
2023-06-07,4292.25,4304.75,4269.25,4274.25,False,True,False,-0.0041936047527521,3987.8938000488283,True,buy_every_session,2023-06-07,-0.41936047527521003,0.02,-0.43936047527521005,92.61021522638805
2023-06-08,4273.25,4302.5,4262.75,4298.25,True,False,False,0.0058503480957117215,3988.678800048828,True,buy_every_session,2023-06-08,0.5850348095711722,0.02,0.5650348095711721,93.17525003595922
2023-06-09,4297.75,4325.5,4284.0,4304.75,True,False,False,0.0016287592344832458,3989.5500500488283,True,buy_every_session,2023-06-09,0.16287592344832458,0.02,0.1428759234483246,93.31812595940755
2023-06-12,4306.5,4346.5,4305.25,4342.75,True,False,False,0.008417508417508435,3990.5500500488283,True,buy_every_session,2023-06-12,0.8417508417508435,0.02,0.8217508417508435,94.1398768011584
2023-06-13,4345.0,4377.75,4335.75,4371.75,True,False,False,0.006156501726122032,3991.403800048828,True,buy_every_session,2023-06-13,0.6156501726122032,0.02,0.5956501726122032,94.7355269737706
2023-06-14,4372.0,4394.75,4339.75,4374.25,True,False,False,0.0005146386093322075,3992.977550048828,True,buy_every_session,2023-06-14,0.05146386093322075,0.02,0.03146386093322075,94.76699083470382
2023-06-15,4378.75,4441.0,4350.0,4426.5,True,False,False,0.01090493862403652,3994.9538000488283,True,buy_every_session,2023-06-15,1.090493862403652,0.02,1.070493862403652,95.83748469710747
2023-06-16,4424.75,4453.35009765625,4415.25,4453.35009765625,True,False,False,0.006463664084129128,3997.2830505371094,True,buy_every_session,2023-06-16,0.6463664084129128,0.02,0.6263664084129128,96.46385110552038
2023-06-20,4458.0,4462.0,4410.5,4434.75,False,True,False,-0.005215343203230138,3999.6743005371095,True,buy_every_session,2023-06-20,-0.5215343203230138,0.02,-0.5415343203230139,95.92231678519737
2023-06-21,4430.25,4438.5,4403.5,4409.25,False,True,False,-0.004740138818351114,4001.8768005371094,True,buy_every_session,2023-06-21,-0.4740138818351114,0.02,-0.4940138818351114,95.42830290336225
2023-06-22,4410.0,4427.0,4393.0,4423.75,True,False,False,0.0031179138321995037,4004.3730505371095,True,buy_every_session,2023-06-22,0.31179138321995037,0.02,0.29179138321995035,95.7200942865822
2023-06-23,4425.75,4426.25,4381.5,4389.0,False,True,False,-0.008303677342823224,4006.7655505371094,True,buy_every_session,2023-06-23,-0.8303677342823224,0.02,-0.8503677342823224,94.86972655229988
2023-06-26,4390.0,4403.0,4368.5,4370.25,False,True,False,-0.004498861047836034,4008.7168005371095,True,buy_every_session,2023-06-26,-0.44988610478360336,0.02,-0.4698861047836034,94.39984044751628
2023-06-27,4375.75,4424.75,4371.5,4418.75,True,False,False,0.00982688681940247,4010.7830505371094,True,buy_every_session,2023-06-27,0.9826886819402469,0.02,0.9626886819402469,95.36252912945653
2023-06-28,4414.0,4430.25,4399.25,4417.5,True,False,False,0.0007929315813322013,4012.534300537109,True,buy_every_session,2023-06-28,0.07929315813322013,0.02,0.05929315813322013,95.42182228758975
2023-06-29,4423.75,4438.0,4409.75,4435.75,True,False,False,0.0027126306866347427,4014.159300537109,True,buy_every_session,2023-06-29,0.27126306866347427,0.02,0.25126306866347425,95.67308535625322
2023-06-30,4435.25,4498.0,4433.0,4488.25,True,False,False,0.011949720985288348,4016.9443005371095,True,buy_every_session,2023-06-30,1.1949720985288348,0.02,1.1749720985288348,96.84805745478207
2023-07-03,4485.5,4494.0,4479.5,4492.25,True,False,False,0.0015048489577527135,4019.6680505371096,True,buy_every_session,2023-07-03,0.15048489577527135,0.02,0.13048489577527136,96.97854235055733
2023-07-05,4492.0,4493.75,4466.25,4483.75,False,True,False,-0.0018365983971504463,4022.576800537109,True,buy_every_session,2023-07-05,-0.18365983971504463,0.02,-0.20365983971504462,96.77488251084229
2023-07-06,4481.75,4483.5,4419.5,4447.0,False,True,False,-0.007753667652144802,4025.4556005859376,True,buy_every_session,2023-07-06,-0.7753667652144802,0.02,-0.7953667652144802,95.97951574562781
2023-07-07,4441.25,4476.0,4431.5,4434.0,False,True,False,-0.0016324233042499525,4028.0393505859374,True,buy_every_session,2023-07-07,-0.16324233042499525,0.02,-0.18324233042499524,95.79627341520282
2023-07-10,4437.5,4448.25,4411.25,4444.25,True,False,False,0.0015211267605634848,4030.8968505859375,True,buy_every_session,2023-07-10,0.15211267605634848,0.02,0.1321126760563485,95.92838609125917
2023-07-11,4445.75,4478.5,4439.0,4473.5,True,False,False,0.006241916437046635,4034.2331005859373,True,buy_every_session,2023-07-11,0.6241916437046635,0.02,0.6041916437046635,96.53257773496384
2023-07-12,4471.0,4523.75,4470.0,4507.5,True,False,False,0.008163721762469267,4037.9106005859376,True,buy_every_session,2023-07-12,0.8163721762469267,0.02,0.7963721762469267,97.32894991121077
2023-07-13,4510.5,4551.5,4509.25,4543.5,True,False,False,0.0073162620552045254,4042.0831005859377,True,buy_every_session,2023-07-13,0.7316262055204525,0.02,0.7116262055204525,98.04057611673122
2023-07-14,4539.5,4560.5,4531.0,4536.75,False,True,False,-0.0006057935896023325,4046.4168505859375,True,buy_every_session,2023-07-14,-0.060579358960233254,0.02,-0.08057935896023326,97.95999675777098
2023-07-17,4536.0,4565.75,4528.0,4553.75,True,False,False,0.00391313932980597,4050.8806005859374,True,buy_every_session,2023-07-17,0.391313932980597,0.02,0.371313932980597,98.33131069075158
2023-07-18,4550.25,4594.5,4544.75,4587.75,True,False,False,0.00824130542277901,4055.1593505859373,True,buy_every_session,2023-07-18,0.8241305422779011,0.02,0.804130542277901,99.13544123302948
2023-07-19,4582.75,4609.25,4582.25,4597.0,True,False,False,0.003109486661938776,4059.8731005859377,True,buy_every_session,2023-07-19,0.3109486661938776,0.02,0.2909486661938776,99.42638989922337
2023-07-20,4593.25,4594.25,4557.25,4565.5,False,True,False,-0.006041473901921335,4064.6931005859374,True,buy_every_session,2023-07-20,-0.6041473901921335,0.02,-0.6241473901921335,98.80224250903123
2023-07-21,4566.25,4590.0,4561.75,4564.75,False,True,False,-0.0003284971256501956,4069.0656005859373,True,buy_every_session,2023-07-21,-0.03284971256501956,0.02,-0.052849712565019566,98.74939279646621
2023-07-24,4564.25,4592.5,4560.0,4583.5,True,False,False,0.004217560387796526,4072.9668505859377,True,buy_every_session,2023-07-24,0.4217560387796526,0.02,0.4017560387796526,99.15114883524586
2023-07-25,4584.5,4608.75,4579.25,4596.0,True,False,False,0.002508452393936045,4076.9768505859374,True,buy_every_session,2023-07-25,0.2508452393936045,0.02,0.2308452393936045,99.38199407463946
2023-07-26,4604.75,4610.75,4573.75,4595.25,False,True,False,-0.0020630870296975967,4081.1693505859375,True,buy_every_session,2023-07-26,-0.20630870296975967,0.02,-0.22630870296975966,99.1556853716697
2023-07-27,4594.75,4634.5,4553.75,4564.25,False,True,False,-0.0066380107731650595,4085.7243505859374,True,buy_every_session,2023-07-27,-0.663801077316506,0.02,-0.683801077316506,98.4718842943532
2023-07-28,4566.0,4616.5,4558.0,4606.5,True,False,False,0.008869908015768813,4090.6306005859374,True,buy_every_session,2023-07-28,0.8869908015768813,0.02,0.8669908015768812,99.33887509593008
2023-07-31,4608.75,4619.25,4595.25,4614.5,True,False,False,0.0012476267968537513,4095.7068505859374,True,buy_every_session,2023-07-31,0.12476267968537513,0.02,0.10476267968537513,99.44363777561546
2023-08-01,4617.75,4621.75,4591.0,4601.25,False,True,False,-0.003573168751015099,4100.770600585937,True,buy_every_session,2023-08-01,-0.3573168751015099,0.02,-0.3773168751015099,99.06632090051394
2023-08-02,4580.0,4593.5,4527.75,4537.25,False,True,False,-0.009334061135371163,4105.048100585937,True,buy_every_session,2023-08-02,-0.9334061135371163,0.02,-0.9534061135371164,98.11291478697683
2023-08-03,4534.25,4547.5,4505.75,4521.75,False,True,False,-0.002756795500909792,4109.6693505859375,True,buy_every_session,2023-08-03,-0.2756795500909792,0.02,-0.29567955009097924,97.81723523688585
2023-08-04,4523.5,4560.75,4493.75,4498.0,False,True,False,-0.0056372278103238305,4113.713100585937,True,buy_every_session,2023-08-04,-0.563722781032383,0.02,-0.5837227810323831,97.23351245585347
2023-08-07,4500.5,4541.75,4500.5,4537.75,True,False,False,0.008276858126874842,4117.738100585938,True,buy_every_session,2023-08-07,0.8276858126874842,0.02,0.8076858126874842,98.04119826854095
2023-08-08,4539.5,4541.0,4482.0,4518.5,False,True,False,-0.004626060138781751,4121.7943505859375,True,buy_every_session,2023-08-08,-0.4626060138781751,0.02,-0.48260601387817514,97.55859225466278
2023-08-09,4516.5,4536.25,4478.25,4485.75,False,True,False,-0.006808369312520712,4125.846850585937,True,buy_every_session,2023-08-09,-0.6808369312520712,0.02,-0.7008369312520712,96.85775532341071
2023-08-10,4493.25,4544.75,4473.5,4485.75,False,True,False,-0.0016691704223000814,4129.455600585938,True,buy_every_session,2023-08-10,-0.16691704223000814,0.02,-0.18691704223000813,96.6708382811807
2023-08-11,4487.75,4496.25,4459.0,4480.75,False,True,False,-0.0015598016823574756,4132.813100585938,True,buy_every_session,2023-08-11,-0.15598016823574756,0.02,-0.17598016823574755,96.49485811294495
2023-08-14,4485.0,4507.75,4465.0,4506.0,True,False,False,0.00468227424749168,4135.991850585938,True,buy_every_session,2023-08-14,0.468227424749168,0.02,0.448227424749168,96.94308553769412
2023-08-15,4505.75,4517.75,4447.0,4454.0,False,True,False,-0.011485324307828892,4139.056850585937,True,buy_every_session,2023-08-15,-1.1485324307828892,0.02,-1.1685324307828893,95.77455310691123
2023-08-16,4453.25,4467.25,4417.0,4420.0,False,True,False,-0.007466457081906519,4142.059350585938,True,buy_every_session,2023-08-16,-0.7466457081906519,0.02,-0.7666457081906519,95.00790739872058
2023-08-17,4420.5,4436.75,4377.75,4384.5,False,True,False,-0.008143875127248013,4144.425600585938,True,buy_every_session,2023-08-17,-0.8143875127248013,0.02,-0.8343875127248013,94.17351988599577
2023-08-18,4379.25,4396.0,4350.0,4382.75,True,False,False,0.000799223611348987,4146.924350585938,True,buy_every_session,2023-08-18,0.0799223611348987,0.02,0.0599223611348987,94.23344224713067
2023-08-21,4382.5,4421.0,4372.25,4412.5,True,False,False,0.0068454078722191,4149.656850585938,True,buy_every_session,2023-08-21,0.68454078722191,0.02,0.66454078722191,94.89798303435258
2023-08-22,4410.25,4440.0,4394.25,4399.25,False,True,False,-0.0024941896717872725,4152.809350585938,True,buy_every_session,2023-08-22,-0.24941896717872725,0.02,-0.26941896717872726,94.62856406717385
2023-08-23,4400.0,4476.25,4399.5,4447.0,True,False,False,0.010681818181818237,4156.4056005859375,True,buy_every_session,2023-08-23,1.0681818181818237,0.02,1.0481818181818237,95.67674588535567
2023-08-24,4470.5,4485.5,4378.5,4386.0,False,True,False,-0.018901688849122023,4159.438100585938,True,buy_every_session,2023-08-24,-1.8901688849122023,0.02,-1.9101688849122023,93.76657700044348
2023-08-25,4384.5,4429.0,4365.25,4414.25,True,False,False,0.006785266278937163,4162.433100585938,True,buy_every_session,2023-08-25,0.6785266278937163,0.02,0.6585266278937163,94.4251036283372
2023-08-28,4418.0,4449.5,4414.5,4442.25,True,False,False,0.005488909008601217,4165.4681005859375,True,buy_every_session,2023-08-28,0.5488909008601217,0.02,0.5288909008601217,94.95399452919732
2023-08-29,4444.0,4509.5,4433.5,4506.75,True,False,False,0.014120162016201698,4169.224350585938,True,buy_every_session,2023-08-29,1.4120162016201698,0.02,1.3920162016201698,96.34601073081748
2023-08-30,4508.75,4530.75,4496.25,4524.25,True,False,False,0.003437759911283589,4172.040600585938,True,buy_every_session,2023-08-30,0.3437759911283589,0.02,0.32377599112835886,96.66978672194584
2023-08-31,4527.0,4541.25,4512.75,4516.0,False,True,False,-0.002429865252926877,4174.619350585937,True,buy_every_session,2023-08-31,-0.24298652529268772,0.02,-0.26298652529268773,96.40680019665315
2023-09-01,4516.75,4547.75,4507.25,4521.5,True,False,False,0.0010516411136325399,4177.3968505859375,True,buy_every_session,2023-09-01,0.10516411136325399,0.02,0.08516411136325398,96.4919643080164
2023-09-05,4521.25,4531.25,4499.25,4502.5,False,True,False,-0.004147083218136616,4179.911850585938,True,buy_every_session,2023-09-05,-0.4147083218136616,0.02,-0.4347083218136616,96.05725598620275
2023-09-06,4500.0,4503.75,4447.0,4471.5,False,True,False,-0.006333333333333302,4182.426850585937,True,buy_every_session,2023-09-06,-0.6333333333333302,0.02,-0.6533333333333302,95.40392265286941
2023-09-07,4469.5,4471.75,4434.25,4456.25,False,True,False,-0.002964537420293123,4184.931850585937,True,buy_every_session,2023-09-07,-0.2964537420293123,0.02,-0.3164537420293123,95.0874689108401
2023-09-08,4458.25,4477.5,4443.0,4461.75,True,False,False,0.000785061403016929,4187.370600585938,True,buy_every_session,2023-09-08,0.0785061403016929,0.02,0.05850614030169289,95.14597505114179
2023-09-11,4463.5,4493.5,4459.25,4490.25,True,False,False,0.005993054777640783,4190.031850585938,True,buy_every_session,2023-09-11,0.5993054777640783,0.02,0.5793054777640783,95.72528052890587
2023-09-12,4487.75,4491.0,4458.75,4465.0,False,True,False,-0.005069355467661962,4192.305600585937,True,buy_every_session,2023-09-12,-0.5069355467661962,0.02,-0.5269355467661962,95.19834498213967
2023-09-13,4464.5,4481.0,4446.75,4468.75,True,False,False,0.0009519543061933256,4194.484350585937,True,buy_every_session,2023-09-13,0.09519543061933256,0.02,0.07519543061933255,95.273540412759
2023-09-14,4471.75,4513.0,4470.25,4506.0,True,False,False,0.007659193827919797,4196.851850585937,True,buy_every_session,2023-09-14,0.7659193827919797,0.02,0.7459193827919797,96.01945979555099
2023-09-15,4508.0,4517.75,4480.0,4491.72021484375,False,True,False,-0.0036113099281832595,4199.459201660156,True,buy_every_session,2023-09-15,-0.36113099281832595,0.02,-0.38113099281832596,95.63832880273266
2023-09-18,4499.5,4514.5,4487.0,4501.5,True,False,False,0.00044449383264799636,4202.156701660157,True,buy_every_session,2023-09-18,0.044449383264799636,0.02,0.024449383264799635,95.66277818599745
2023-09-19,4503.25,4509.5,4462.25,4490.0,False,True,False,-0.0029423194359629035,4204.200451660156,True,buy_every_session,2023-09-19,-0.29423194359629035,0.02,-0.31423194359629036,95.34854624240117
2023-09-20,4491.25,4508.0,4443.25,4447.0,False,True,False,-0.00985249095463403,4206.0267016601565,True,buy_every_session,2023-09-20,-0.985249095463403,0.02,-1.005249095463403,94.34329714693777
2023-09-21,4445.0,4447.0,4366.5,4372.0,False,True,False,-0.016422947131608523,4207.509201660157,True,buy_every_session,2023-09-21,-1.6422947131608523,0.02,-1.6622947131608523,92.68100243377692
2023-09-22,4370.25,4399.0,4357.25,4361.0,False,True,False,-0.00211658371946688,4209.297951660156,True,buy_every_session,2023-09-22,-0.21165837194668802,0.02,-0.231658371946688,92.44934406183023
2023-09-25,4365.0,4383.5,4338.25,4378.75,True,False,False,0.003150057273768603,4211.466701660156,True,buy_every_session,2023-09-25,0.3150057273768603,0.02,0.29500572737686026,92.74434978920709
2023-09-26,4382.0,4382.0,4305.5,4314.75,False,True,False,-0.015346873573710673,4213.356701660156,True,buy_every_session,2023-09-26,-1.5346873573710673,0.02,-1.5546873573710673,91.18966243183603
2023-09-27,4320.25,4336.5,4277.0,4313.5,False,True,False,-0.0015624095827787565,4215.095451660156,True,buy_every_session,2023-09-27,-0.15624095827787565,0.02,-0.17624095827787564,91.01342147355815
2023-09-28,4323.25,4355.75,4301.0,4337.5,True,False,False,0.0032961313826402883,4217.101701660156,True,buy_every_session,2023-09-28,0.3296131382640288,0.02,0.3096131382640288,91.32303461182218
2023-09-29,4342.0,4371.25,4311.0,4325.5,False,True,False,-0.0038000921234454532,4218.770451660156,True,buy_every_session,2023-09-29,-0.3800092123445453,0.02,-0.40000921234454534,90.92302539947764
2023-10-02,4349.0,4355.5,4295.5,4324.25,False,True,False,-0.005690963439871188,4220.280451660156,True,buy_every_session,2023-10-02,-0.5690963439871188,0.02,-0.5890963439871189,90.33392905549051
2023-10-03,4326.0,4335.75,4251.25,4264.75,False,True,False,-0.014158576051779947,4221.614201660156,True,buy_every_session,2023-10-03,-1.4158576051779947,0.02,-1.4358576051779948,88.89807145031251
2023-10-04,4262.75,4304.0,4235.5,4297.75,True,False,False,0.00821066213125321,4223.617951660156,True,buy_every_session,2023-10-04,0.821066213125321,0.02,0.801066213125321,89.69913766343784
2023-10-05,4291.5,4302.0,4258.0,4290.75,False,True,False,-0.0001747640685074714,4225.7143518066405,True,buy_every_session,2023-10-05,-0.01747640685074714,0.02,-0.03747640685074714,89.6616612565871
2023-10-06,4287.5,4358.5,4242.25,4341.5,True,False,False,0.012594752186589009,4228.194351806641,True,buy_every_session,2023-10-06,1.2594752186589009,0.02,1.2394752186589009,90.90113647524599
2023-10-09,4315.0,4375.75,4299.5,4368.75,True,False,False,0.012456546929316303,4230.791851806641,True,buy_every_session,2023-10-09,1.2456546929316303,0.02,1.2256546929316303,92.12679116817762
2023-10-10,4368.75,4419.0,4366.25,4391.5,True,False,False,0.005207439198855468,4233.220601806641,True,buy_every_session,2023-10-10,0.5207439198855468,0.02,0.5007439198855468,92.62753508806317
2023-10-11,4392.0,4419.75,4377.25,4409.75,True,False,False,0.004041438979963674,4236.023101806641,True,buy_every_session,2023-10-11,0.4041438979963674,0.02,0.3841438979963674,93.01167898605954
2023-10-12,4417.75,4430.5,4355.5,4380.5,False,True,False,-0.008431894063720247,4238.576851806641,True,buy_every_session,2023-10-12,-0.8431894063720247,0.02,-0.8631894063720247,92.1484895796875
2023-10-13,4380.75,4407.75,4340.75,4357.25,False,True,False,-0.005364378245734214,4241.08810180664,True,buy_every_session,2023-10-13,-0.5364378245734214,0.02,-0.5564378245734214,91.59205175511408
2023-10-16,4356.75,4414.25,4354.5,4401.0,True,False,False,0.010156653468755383,4244.055601806641,True,buy_every_session,2023-10-16,1.0156653468755383,0.02,0.9956653468755383,92.58771710198963
2023-10-17,4406.25,4423.25,4365.75,4401.75,False,True,False,-0.0010212765957446912,4246.7056018066405,True,buy_every_session,2023-10-17,-0.10212765957446912,0.02,-0.12212765957446912,92.46558944241515
2023-10-18,4398.0,4399.25,4330.75,4342.25,False,True,False,-0.012676216462028211,4249.1118518066405,True,buy_every_session,2023-10-18,-1.2676216462028211,0.02,-1.2876216462028212,91.17796779621233
2023-10-19,4346.5,4366.5,4292.75,4303.0,False,True,False,-0.010008052455999117,4251.39685180664,True,buy_every_session,2023-10-19,-1.0008052455999117,0.02,-1.0208052455999117,90.15716255061241
2023-10-20,4295.0,4304.25,4243.5,4248.5,False,True,False,-0.010826542491268909,4253.26685180664,True,buy_every_session,2023-10-20,-1.082654249126891,0.02,-1.102654249126891,89.05450830148553
2023-10-23,4256.25,4280.75,4213.25,4241.75,False,True,False,-0.0034067547723934943,4255.3306018066405,True,buy_every_session,2023-10-23,-0.34067547723934943,0.02,-0.36067547723934945,88.69383282424617
2023-10-24,4250.25,4290.5,4242.0,4271.25,True,False,False,0.004940885830245323,4257.109351806641,True,buy_every_session,2023-10-24,0.4940885830245323,0.02,0.4740885830245323,89.16792140727071
2023-10-25,4269.5,4273.5,4203.75,4209.75,False,True,False,-0.013994612952336394,4258.5893518066405,True,buy_every_session,2023-10-25,-1.3994612952336394,0.02,-1.4194612952336394,87.74846011203707
2023-10-26,4202.0,4205.0,4146.25,4156.5,False,True,False,-0.010828177058543553,4259.668101806641,True,buy_every_session,2023-10-26,-1.0828177058543553,0.02,-1.1028177058543553,86.64564240618272
2023-10-27,4167.0,4185.0,4122.25,4137.75,False,True,False,-0.007019438444924364,4260.406851806641,True,buy_every_session,2023-10-27,-0.7019438444924364,0.02,-0.7219438444924364,85.92369856169029
2023-10-30,4148.0,4197.5,4143.5,4185.75,True,False,False,0.009100771456123535,4261.318101806641,True,buy_every_session,2023-10-30,0.9100771456123535,0.02,0.8900771456123535,86.81377570730264
2023-10-31,4184.25,4215.0,4166.75,4212.25,True,False,False,0.006691760769552468,4262.288101806641,True,buy_every_session,2023-10-31,0.6691760769552468,0.02,0.6491760769552468,87.46295178425788
2023-11-01,4205.0,4264.75,4191.25,4256.0,True,False,False,0.012128418549345987,4263.520601806641,True,buy_every_session,2023-11-01,1.2128418549345987,0.02,1.1928418549345987,88.65579363919248
2023-11-02,4258.5,4339.75,4257.75,4335.75,True,False,False,0.018140190207819762,4265.470601806641,True,buy_every_session,2023-11-02,1.8140190207819762,0.02,1.7940190207819762,90.44981265997446
2023-11-03,4327.5,4391.75,4325.5,4376.0,True,False,False,0.01120739456961295,4267.773101806641,True,buy_every_session,2023-11-03,1.120739456961295,0.02,1.100739456961295,91.55055211693575
2023-11-06,4379.25,4389.5,4364.25,4384.25,True,False,False,0.0011417480162128069,4269.751851806641,True,buy_every_session,2023-11-06,0.11417480162128069,0.02,0.09417480162128068,91.64472691855703
2023-11-07,4380.0,4403.25,4366.0,4396.0,True,False,False,0.0036529680365295913,4271.5493518066405,True,buy_every_session,2023-11-07,0.36529680365295913,0.02,0.3452968036529591,91.99002372220998
2023-11-08,4397.5,4407.75,4375.0,4399.5,True,False,False,0.0004548038658329645,4273.38310180664,True,buy_every_session,2023-11-08,0.04548038658329645,0.02,0.02548038658329645,92.01550410879328
2023-11-09,4393.25,4413.0,4357.75,4362.25,False,True,False,-0.0070562795197177675,4275.03435180664,True,buy_every_session,2023-11-09,-0.7056279519717767,0.02,-0.7256279519717768,91.2898761568215
2023-11-10,4364.5,4435.5,4354.25,4430.5,True,False,False,0.015122007102760904,4276.809351806641,True,buy_every_session,2023-11-10,1.5122007102760904,0.02,1.4922007102760904,92.7820768670976
2023-11-13,4425.75,4436.75,4407.25,4425.25,False,True,False,-0.00011297520194319954,4278.514351806641,True,buy_every_session,2023-11-13,-0.011297520194319954,0.02,-0.03129752019431996,92.75077934690329
2023-11-14,4427.25,4524.25,4420.25,4511.0,True,False,False,0.01891693489186297,4280.906851806641,True,buy_every_session,2023-11-14,1.8916934891862969,0.02,1.8716934891862969,94.62247283608959
2023-11-15,4515.5,4541.25,4510.75,4519.25,True,False,False,0.0008304728158565755,4283.05310180664,True,buy_every_session,2023-11-15,0.08304728158565755,0.02,0.06304728158565755,94.68552011767524
2023-11-16,4514.25,4529.5,4501.75,4523.25,True,False,False,0.0019936866589134183,4285.00810180664,True,buy_every_session,2023-11-16,0.19936866589134183,0.02,0.17936866589134184,94.86488878356658
2023-11-17,4527.75,4539.5,4512.75,4527.5,False,True,False,-5.5215062669145e-05,4286.688101806641,True,buy_every_session,2023-11-17,-0.0055215062669145,0.02,-0.0255215062669145,94.83936727729967
2023-11-20,4526.75,4571.0,4520.0,4562.25,True,False,False,0.00784227094493839,4288.760601806641,True,buy_every_session,2023-11-20,0.784227094493839,0.02,0.764227094493839,95.6035943717935
2023-11-21,4561.75,4567.0,4536.75,4551.25,False,True,False,-0.0023017482325862204,4290.899351806641,True,buy_every_session,2023-11-21,-0.23017482325862204,0.02,-0.25017482325862206,95.35341954853489
2023-11-22,4547.75,4580.5,4543.0,4567.25,True,False,False,0.0042878346435051284,4292.85685180664,True,buy_every_session,2023-11-22,0.42878346435051284,0.02,0.4087834643505128,95.7622030128854
2023-11-23,4564.0,4572.75,4562.0,4569.5,True,False,False,0.00120508326029789,4295.051851806641,True,buy_every_session,2023-11-23,0.120508326029789,0.02,0.100508326029789,95.86271133891518
2023-11-24,4564.0,4574.0,4562.0,4568.25,True,False,False,0.0009312007011392787,4297.434351806641,True,buy_every_session,2023-11-24,0.09312007011392787,0.02,0.07312007011392786,95.9358314090291
2023-11-27,4568.5,4570.0,4552.0,4561.0,False,True,False,-0.001641676699135397,4299.74060180664,True,buy_every_session,2023-11-27,-0.1641676699135397,0.02,-0.1841676699135397,95.75166373911557
2023-11-28,4561.5,4577.25,4547.0,4563.0,True,False,False,0.0003288391976323801,4301.819351806641,True,buy_every_session,2023-11-28,0.03288391976323801,0.02,0.012883919763238012,95.76454765887881
2023-11-29,4564.0,4597.0,4555.5,4559.25,False,True,False,-0.0010407537248028342,4303.88810180664,True,buy_every_session,2023-11-29,-0.10407537248028342,0.02,-0.12407537248028343,95.64047228639853
2023-11-30,4562.25,4579.5,4544.75,4576.75,True,False,False,0.0031782563428133237,4305.980601806641,True,buy_every_session,2023-11-30,0.31782563428133237,0.02,0.29782563428133235,95.93829792067987
2023-12-01,4571.75,4607.75,4562.5,4600.75,True,False,False,0.006343303986438453,4308.48560180664,True,buy_every_session,2023-12-01,0.6343303986438453,0.02,0.6143303986438453,96.55262831932372
2023-12-04,4603.25,4604.5,4553.5,4576.5,False,True,False,-0.005811111714549511,4310.930601806641,True,buy_every_session,2023-12-04,-0.5811111714549511,0.02,-0.6011111714549511,95.95151714786877
2023-12-05,4573.0,4585.5,4555.5,4575.0,True,False,False,0.0004373496610539096,4313.7768518066405,True,buy_every_session,2023-12-05,0.04373496610539096,0.02,0.02373496610539096,95.97525211397416
2023-12-06,4573.25,4598.5,4552.0,4556.0,False,True,False,-0.003771934619799966,4316.56185180664,True,buy_every_session,2023-12-06,-0.3771934619799966,0.02,-0.3971934619799966,95.57805865199417
2023-12-07,4556.0,4596.0,4548.75,4589.5,True,False,False,0.007352941176470562,4319.415601806641,True,buy_every_session,2023-12-07,0.7352941176470562,0.02,0.7152941176470562,96.29335276964123
2023-12-08,4586.5,4613.75,4561.75,4607.5,True,False,False,0.004578654747628974,4322.574351806641,True,buy_every_session,2023-12-08,0.4578654747628974,0.02,0.4378654747628974,96.73121824440413
2023-12-11,4607.75,4627.25,4599.5,4626.0,True,False,False,0.003960718354945492,4325.764351806641,True,buy_every_session,2023-12-11,0.39607183549454916,0.02,0.37607183549454914,97.10729007989868
2023-12-12,4625.0,4649.75,4610.5,4645.75,True,False,False,0.0044864864864864185,4329.11560180664,True,buy_every_session,2023-12-12,0.44864864864864185,0.02,0.42864864864864183,97.53593872854732
2023-12-13,4649.0,4711.75,4645.0,4708.25,True,False,False,0.012744676274467626,4332.87435180664,True,buy_every_session,2023-12-13,1.2744676274467626,0.02,1.2544676274467625,98.79040635599408
2023-12-14,4708.0,4739.25,4694.25,4721.75,True,False,False,0.0029205607476634476,4336.559351806641,True,buy_every_session,2023-12-14,0.29205607476634476,0.02,0.27205607476634475,99.06246243076042
2023-12-15,4716.0,4736.5,4694.27001953125,4694.27001953125,False,True,False,-0.004607714263941909,4339.781951904297,True,buy_every_session,2023-12-15,-0.4607714263941909,0.02,-0.4807714263941909,98.58169100436623
2023-12-18,4770.5,4802.25,4769.5,4793.0,True,False,False,0.004716486741431769,4343.484451904297,True,buy_every_session,2023-12-18,0.4716486741431769,0.02,0.4516486741431769,99.0333396785094
2023-12-19,4790.5,4821.5,4787.75,4820.25,True,False,False,0.006210207702745052,4347.636951904296,True,buy_every_session,2023-12-19,0.6210207702745052,0.02,0.6010207702745052,99.63436044878391
2023-12-20,4818.5,4830.75,4743.25,4749.75,False,True,False,-0.014267925703019602,4351.410701904297,True,buy_every_session,2023-12-20,-1.4267925703019602,0.02,-1.4467925703019602,98.18756787848194
2023-12-21,4751.0,4798.25,4751.0,4796.75,True,False,False,0.009629551673332015,4355.794451904297,True,buy_every_session,2023-12-21,0.9629551673332015,0.02,0.9429551673332015,99.13052304581514
2023-12-22,4795.75,4821.75,4784.75,4805.25,True,False,False,0.0019809206067873397,4360.506951904297,True,buy_every_session,2023-12-22,0.19809206067873397,0.02,0.17809206067873398,99.30861510649387
2023-12-26,4800.25,4834.5,4800.25,4825.0,True,False,False,0.005155981459298964,4365.348201904297,True,buy_every_session,2023-12-26,0.5155981459298964,0.02,0.49559814592989637,99.80421325242376
2023-12-27,4827.75,4836.5,4816.5,4833.5,True,False,False,0.001191031018590527,4369.913201904297,True,buy_every_session,2023-12-27,0.1191031018590527,0.02,0.0991031018590527,99.90331635428282
2023-12-28,4834.5,4841.5,4828.0,4832.25,False,True,False,-0.00046540490226498754,4374.610701904297,True,buy_every_session,2023-12-28,-0.046540490226498754,0.02,-0.06654049022649876,99.83677586405632
2023-12-29,4834.75,4841.0,4796.75,4820.0,False,True,False,-0.003050829929158727,4378.908201904297,True,buy_every_session,2023-12-29,-0.3050829929158727,0.02,-0.3250829929158727,99.51169287114045
2024-01-02,4818.0,4828.0,4765.5,4787.25,False,True,False,-0.006382316313823133,4383.059201660156,True,buy_every_session,2024-01-02,-0.6382316313823133,0.02,-0.6582316313823133,98.85346123975815
2024-01-03,4790.75,4790.75,4741.0,4746.5,False,True,False,-0.009236549600793231,4386.876701660156,True,buy_every_session,2024-01-03,-0.9236549600793231,0.02,-0.9436549600793231,97.90980627967882
2024-01-04,4750.0,4766.5,4727.0,4729.5,False,True,False,-0.004315789473684162,4390.345451660156,True,buy_every_session,2024-01-04,-0.4315789473684162,0.02,-0.4515789473684162,97.4582273323104
2024-01-05,4732.75,4760.25,4702.0,4734.75,True,False,False,0.00042258729068733736,4394.166701660156,True,buy_every_session,2024-01-05,0.042258729068733736,0.02,0.022258729068733735,97.48048606137914
2024-01-08,4735.75,4803.25,4715.25,4801.25,True,False,False,0.013830966583962434,4398.282951660156,True,buy_every_session,2024-01-08,1.3830966583962434,0.02,1.3630966583962434,98.84358271977538
2024-01-09,4797.75,4804.0,4767.5,4792.75,False,True,False,-0.001042155176905868,4402.240451660156,True,buy_every_session,2024-01-09,-0.10421551769058679,0.02,-0.1242155176905868,98.7193672020848
2024-01-10,4790.75,4828.5,4786.0,4820.25,True,False,False,0.006157699733862154,4406.305451660156,True,buy_every_session,2024-01-10,0.6157699733862154,0.02,0.5957699733862154,99.31513717547101
2024-01-11,4820.5,4838.0,4772.75,4815.5,False,True,False,-0.001037236801161745,4410.375451660157,True,buy_every_session,2024-01-11,-0.1037236801161745,0.02,-0.1237236801161745,99.19141349535484
2024-01-12,4811.25,4836.5,4791.5,4816.5,True,False,False,0.0010911925175369763,4414.170451660157,True,buy_every_session,2024-01-12,0.10911925175369763,0.02,0.08911925175369763,99.28053274710854
2024-01-16,4812.0,4823.0,4779.5,4798.5,False,True,False,-0.002805486284289227,4417.762951660156,True,buy_every_session,2024-01-16,-0.2805486284289227,0.02,-0.3005486284289227,98.97998411867961
2024-01-17,4799.75,4800.75,4746.25,4771.25,False,True,False,-0.005937809260899041,4420.930451660156,True,buy_every_session,2024-01-17,-0.5937809260899041,0.02,-0.6137809260899041,98.36620319258971
2024-01-18,4768.0,4817.0,4763.5,4811.25,True,False,False,0.009070889261745041,4424.217951660156,True,buy_every_session,2024-01-18,0.9070889261745041,0.02,0.8870889261745041,99.25329211876421
2024-01-19,4811.25,4874.25,4808.5,4869.5,True,False,False,0.012107040789815615,4427.920451660157,True,buy_every_session,2024-01-19,1.2107040789815615,0.02,1.1907040789815615,100.44399619774578
2024-01-22,4872.5,4898.25,4872.5,4881.0,True,False,False,0.0017444843509490937,4431.739201660156,True,buy_every_session,2024-01-22,0.17444843509490937,0.02,0.15444843509490938,100.59844463284068
2024-01-23,4881.75,4902.0,4874.25,4895.0,True,False,False,0.0027141906078762545,4435.554201660157,True,buy_every_session,2024-01-23,0.27141906078762545,0.02,0.25141906078762544,100.84986369362831
2024-01-24,4900.25,4933.25,4889.0,4898.0,False,True,False,-0.0004591602469261602,4439.362951660156,True,buy_every_session,2024-01-24,-0.04591602469261602,0.02,-0.06591602469261602,100.7839476689357
2024-01-25,4899.5,4926.5,4893.25,4923.25,True,False,False,0.004847433411572677,4443.296701660156,True,buy_every_session,2024-01-25,0.4847433411572677,0.02,0.4647433411572677,101.24869101009297
2024-01-26,4919.25,4934.25,4898.5,4916.25,False,True,False,-0.0006098490623570596,4447.282951660156,True,buy_every_session,2024-01-26,-0.06098490623570596,0.02,-0.08098490623570596,101.16770610385727
2024-01-29,4908.75,4956.0,4901.75,4954.5,True,False,False,0.009320091673032938,4451.1917016601565,True,buy_every_session,2024-01-29,0.9320091673032938,0.02,0.9120091673032937,102.07971527116057
2024-01-30,4950.25,4957.25,4933.0,4951.0,True,False,False,0.00015150749962122845,4455.127951660156,True,buy_every_session,2024-01-30,0.015150749962122845,0.02,-0.004849250037877156,102.07486602112269
2024-01-31,4930.25,4938.0,4866.0,4870.5,False,True,False,-0.012119060899548728,4458.596701660156,True,buy_every_session,2024-01-31,-1.2119060899548728,0.02,-1.2319060899548728,100.84295993116781
2024-02-01,4874.5,4963.75,4872.5,4928.5,True,False,False,0.011078059288132103,4462.3392016601565,True,buy_every_session,2024-02-01,1.1078059288132103,0.02,1.0878059288132103,101.93076585998102
2024-02-02,4952.75,4997.75,4925.75,4980.25,True,False,False,0.005552470849528035,4466.3479516601565,True,buy_every_session,2024-02-02,0.5552470849528035,0.02,0.5352470849528035,102.46601294493382
2024-02-05,4976.0,4980.75,4937.75,4962.0,False,True,False,-0.002813504823151125,4470.395451660156,True,buy_every_session,2024-02-05,-0.2813504823151125,0.02,-0.3013504823151125,102.16466246261871
2024-02-06,4959.5,4978.25,4954.5,4974.75,True,False,False,0.0030749067446316225,4474.485451660156,True,buy_every_session,2024-02-06,0.30749067446316225,0.02,0.28749067446316223,102.45215313708186
2024-02-07,4971.5,5020.0,4970.0,5015.25,True,False,False,0.008800160917228128,4478.764201660157,True,buy_every_session,2024-02-07,0.8800160917228128,0.02,0.8600160917228128,103.31216922880468
2024-02-08,5015.75,5020.0,5003.75,5017.75,True,False,False,0.00039874395653693995,4483.386701660156,True,buy_every_session,2024-02-08,0.039874395653693995,0.02,0.019874395653693994,103.33204362445836
2024-02-09,5014.5,5048.5,5013.0,5044.0,True,False,False,0.005882939475521098,4488.226701660156,True,buy_every_session,2024-02-09,0.5882939475521098,0.02,0.5682939475521098,103.90033757201047
2024-02-12,5042.5,5066.5,5031.5,5041.25,False,True,False,-0.00024789291026272586,4492.664201660156,True,buy_every_session,2024-02-12,-0.024789291026272586,0.02,-0.04478929102627259,103.8555482809842
2024-02-13,5034.0,5040.0,4936.5,4971.25,False,True,False,-0.012465236392530832,4496.577951660156,True,buy_every_session,2024-02-13,-1.2465236392530832,0.02,-1.2665236392530832,102.58902464173111
2024-02-14,4974.25,5022.5,4968.75,5018.0,True,False,False,0.008795295773232237,4500.739201660156,True,buy_every_session,2024-02-14,0.8795295773232237,0.02,0.8595295773232237,103.44855421905434
2024-02-15,5017.5,5051.75,5011.0,5046.5,True,False,False,0.0057797708021922745,4505.287951660156,True,buy_every_session,2024-02-15,0.5779770802192274,0.02,0.5579770802192274,104.00653129927358
2024-02-16,5049.5,5059.25,5012.75,5019.75,False,True,False,-0.005891672442816076,4509.849201660156,True,buy_every_session,2024-02-16,-0.5891672442816076,0.02,-0.6091672442816076,103.39736405499197
2024-02-20,5016.5,5029.5,4968.25,4991.5,False,True,False,-0.004983554270906021,4514.427951660156,True,buy_every_session,2024-02-20,-0.4983554270906021,0.02,-0.5183554270906021,102.87900862790137
2024-02-21,4990.0,5020.5,4959.0,4996.25,True,False,False,0.0012525050100200552,4518.657951660156,True,buy_every_session,2024-02-21,0.12525050100200552,0.02,0.10525050100200552,102.98425912890337
2024-02-22,5016.0,5107.75,5015.25,5097.75,True,False,False,0.016297846889952172,4523.382951660156,True,buy_every_session,2024-02-22,1.6297846889952172,0.02,1.6097846889952172,104.5940438178986
2024-02-23,5094.25,5123.5,5092.0,5101.5,True,False,False,0.0014231731854541518,4528.220451660156,True,buy_every_session,2024-02-23,0.14231731854541518,0.02,0.12231731854541518,104.71636113644401
2024-02-26,5095.0,5108.0,5076.25,5080.25,False,True,False,-0.0028949950932286583,4532.8617016601565,True,buy_every_session,2024-02-26,-0.28949950932286583,0.02,-0.30949950932286585,104.40686162712115
2024-02-27,5077.5,5093.0,5067.0,5090.0,True,False,False,0.002461841457410241,4537.592951660156,True,buy_every_session,2024-02-27,0.2461841457410241,0.02,0.2261841457410241,104.63304577286218
2024-02-28,5090.75,5091.25,5063.25,5081.0,False,True,False,-0.0019152384226293062,4542.3079516601565,True,buy_every_session,2024-02-28,-0.19152384226293062,0.02,-0.2115238422629306,104.42152193059924
2024-02-29,5072.0,5114.5,5060.0,5103.75,True,False,False,0.006259858044163957,4547.076701660157,True,buy_every_session,2024-02-29,0.6259858044163957,0.02,0.6059858044163957,105.02750773501563
2024-03-01,5101.5,5149.25,5089.25,5146.0,True,False,False,0.008722924630010676,4552.1917016601565,True,buy_every_session,2024-03-01,0.8722924630010676,0.02,0.8522924630010675,105.8798001980167
2024-03-04,5142.0,5157.75,5132.0,5138.25,False,True,False,-0.0007292882147024171,4557.025451660156,True,buy_every_session,2024-03-04,-0.07292882147024171,0.02,-0.09292882147024172,105.78687137654646
2024-03-05,5133.75,5135.5,5063.0,5085.75,False,True,False,-0.009349890430971564,4561.394201660156,True,buy_every_session,2024-03-05,-0.9349890430971564,0.02,-0.9549890430971564,104.8318823334493
2024-03-06,5091.0,5134.5,5083.75,5111.75,True,False,False,0.0040758200746415785,4565.929201660157,True,buy_every_session,2024-03-06,0.40758200746415785,0.02,0.38758200746415783,105.21946434091346
2024-03-07,5114.25,5170.5,5086.5,5161.75,True,False,False,0.009287774355966283,4570.712951660156,True,buy_every_session,2024-03-07,0.9287774355966283,0.02,0.9087774355966283,106.1282417765101
2024-03-08,5159.25,5193.0,5121.75,5129.0,False,True,False,-0.0058632553181179325,4575.564201660156,True,buy_every_session,2024-03-08,-0.5863255318117933,0.02,-0.6063255318117933,105.5219162446983
2024-03-11,5132.5,5133.25,5094.75,5123.0,False,True,False,-0.001850949829517834,4580.5492016601565,True,buy_every_session,2024-03-11,-0.1850949829517834,0.02,-0.20509498295178338,105.31682126174653
2024-03-12,5129.0,5183.0,5112.75,5177.25,True,False,False,0.009407291869760082,4585.636701660156,True,buy_every_session,2024-03-12,0.9407291869760082,0.02,0.9207291869760081,106.23755044872253
2024-03-13,5176.0,5183.75,5153.0,5168.0,False,True,False,-0.0015455950540957941,4590.4104516601565,True,buy_every_session,2024-03-13,-0.1545595054095794,0.02,-0.1745595054095794,106.06299094331295
2024-03-14,5171.5,5189.5,5124.25,5153.75,False,True,False,-0.0034322730349027886,4595.104201660156,True,buy_every_session,2024-03-14,-0.34322730349027886,0.02,-0.3632273034902789,105.69976363982268
2024-03-15,5152.25,5167.0,5101.669921875,5101.669921875,False,True,False,-0.009817085375321444,4599.660051269531,True,buy_every_session,2024-03-15,-0.9817085375321444,0.02,-1.0017085375321444,104.69805510229054
2024-03-18,5185.75,5240.25,5181.75,5214.75,True,False,False,0.005592247987272758,4604.5938012695315,True,buy_every_session,2024-03-18,0.5592247987272758,0.02,0.5392247987272758,105.23727990101781
2024-03-19,5215.25,5244.75,5186.0,5241.75,True,False,False,0.005081252097214994,4609.362551269532,True,buy_every_session,2024-03-19,0.5081252097214994,0.02,0.4881252097214994,105.72540511073932
2024-03-20,5239.75,5297.75,5233.0,5286.75,True,False,False,0.008969893601793899,4614.391301269531,True,buy_every_session,2024-03-20,0.8969893601793899,0.02,0.8769893601793899,106.60239447091871
2024-03-21,5294.75,5322.75,5293.5,5302.5,True,False,False,0.001463714056376686,4619.455051269531,True,buy_every_session,2024-03-21,0.1463714056376686,0.02,0.1263714056376686,106.72876587655638
2024-03-22,5306.75,5311.75,5287.75,5293.25,False,True,False,-0.002543929900598263,4624.550051269532,True,buy_every_session,2024-03-22,-0.2543929900598263,0.02,-0.2743929900598263,106.45437288649656
2024-03-25,5290.5,5295.0,5272.5,5278.25,False,True,False,-0.002315471127492641,4629.450051269531,True,buy_every_session,2024-03-25,-0.2315471127492641,0.02,-0.2515471127492641,106.20282577374729
2024-03-26,5280.75,5300.5,5263.0,5265.25,False,True,False,-0.002935189130331861,4634.252551269531,True,buy_every_session,2024-03-26,-0.2935189130331861,0.02,-0.31351891303318613,105.8893068607141
2024-03-27,5273.25,5313.75,5270.75,5308.25,True,False,False,0.0066372730289669946,4639.080051269531,True,buy_every_session,2024-03-27,0.6637273028966995,0.02,0.6437273028966994,106.5330341636108
2024-03-28,5308.0,5321.0,5301.0,5308.5,True,False,False,9.419743782967949e-05,4643.7638012695315,True,buy_every_session,2024-03-28,0.009419743782967949,0.02,-0.010580256217032052,106.52245390739377
2024-04-01,5314.25,5333.5,5282.25,5295.25,False,True,False,-0.003575292844710032,4648.368801269531,True,buy_every_session,2024-04-01,-0.3575292844710032,0.02,-0.3775292844710032,106.14492462292276
2024-04-02,5294.5,5296.0,5235.0,5260.5,False,True,False,-0.0064217584285579665,4652.538801269531,True,buy_every_session,2024-04-02,-0.6421758428557967,0.02,-0.6621758428557967,105.48274878006696
2024-04-03,5262.5,5280.75,5244.5,5266.5,True,False,False,0.0007600950118764604,4656.60455078125,True,buy_every_session,2024-04-03,0.07600950118764604,0.02,0.05600950118764604,105.5387582812546
2024-04-04,5270.75,5308.5,5192.5,5197.25,False,True,False,-0.013944884504102806,4660.41705078125,True,buy_every_session,2024-04-04,-1.3944884504102806,0.02,-1.4144884504102806,104.12426983084433
2024-04-05,5199.75,5272.5,5191.5,5253.0,True,False,False,0.010240876965238677,4664.63580078125,True,buy_every_session,2024-04-05,1.0240876965238677,0.02,1.0040876965238676,105.1283575273682
2024-04-08,5263.25,5269.25,5236.5,5253.25,False,True,False,-0.0018999667505819051,4668.78330078125,True,buy_every_session,2024-04-08,-0.1899966750581905,0.02,-0.2099966750581905,104.91836085231
2024-04-09,5258.0,5274.25,5208.25,5260.25,True,False,False,0.0004279193609737497,4673.13955078125,True,buy_every_session,2024-04-09,0.04279193609737497,0.02,0.02279193609737497,104.94115278840738
2024-04-10,5264.25,5285.0,5176.5,5207.75,False,True,False,-0.010732772949612945,4677.32705078125,True,buy_every_session,2024-04-10,-1.0732772949612945,0.02,-1.0932772949612946,103.84787549344608
2024-04-11,5202.0,5257.5,5173.5,5243.25,True,False,False,0.007929642445213325,4681.44955078125,True,buy_every_session,2024-04-11,0.7929642445213325,0.02,0.7729642445213325,104.62083973796742
2024-04-12,5244.0,5248.75,5150.0,5167.5,False,True,False,-0.01458810068649885,4685.19955078125,True,buy_every_session,2024-04-12,-1.458810068649885,0.02,-1.478810068649885,103.14202966931754
2024-04-15,5166.5,5213.25,5094.0,5104.0,False,True,False,-0.012097164424658913,4688.54080078125,True,buy_every_session,2024-04-15,-1.2097164424658913,0.02,-1.2297164424658913,101.91231322685165
2024-04-16,5101.25,5123.25,5078.75,5092.5,False,True,False,-0.0017152658662092923,4691.56205078125,True,buy_every_session,2024-04-16,-0.17152658662092923,0.02,-0.19152658662092922,101.72078664023073
2024-04-17,5096.25,5120.5,5047.0,5062.25,False,True,False,-0.006671572234486112,4694.41205078125,True,buy_every_session,2024-04-17,-0.6671572234486112,0.02,-0.6871572234486112,101.03362941678212
2024-04-18,5063.0,5095.25,5038.5,5049.0,False,True,False,-0.002765158996642314,4697.23830078125,True,buy_every_session,2024-04-18,-0.2765158996642314,0.02,-0.2965158996642314,100.73711351711789
2024-04-19,5047.25,5058.0,4963.5,5003.75,False,True,False,-0.008618554658477384,4700.02205078125,True,buy_every_session,2024-04-19,-0.8618554658477384,0.02,-0.8818554658477384,99.85525805127016
2024-04-22,5014.25,5076.75,5006.0,5047.5,True,False,False,0.0066311013611208836,4703.08955078125,True,buy_every_session,2024-04-22,0.6631101361120884,0.02,0.6431101361120883,100.49836818738224
2024-04-23,5051.0,5113.5,5037.75,5106.5,True,False,False,0.010987923183527926,4706.40080078125,True,buy_every_session,2024-04-23,1.0987923183527926,0.02,1.0787923183527925,101.57716050573504
2024-04-24,5115.25,5128.75,5072.25,5107.5,False,True,False,-0.0015150774644445697,4709.57080078125,True,buy_every_session,2024-04-24,-0.15150774644445697,0.02,-0.17150774644445696,101.40565275929058
2024-04-25,5070.0,5132.75,5022.25,5082.25,True,False,False,0.002416173570019664,4712.44455078125,True,buy_every_session,2024-04-25,0.2416173570019664,0.02,0.22161735700196641,101.62727011629254
2024-04-26,5132.0,5146.5,5104.5,5131.5,False,True,False,-9.74279033515435e-05,4715.38455078125,True,buy_every_session,2024-04-26,-0.00974279033515435,0.02,-0.02974279033515435,101.59752732595739
2024-04-29,5140.25,5154.25,5118.75,5147.0,True,False,False,0.0013131657020573062,4718.43580078125,True,buy_every_session,2024-04-29,0.13131657020573062,0.02,0.11131657020573062,101.70884389616312
2024-04-30,5148.5,5148.5,5051.0,5067.0,False,True,False,-0.015829853355346257,4721.00205078125,True,buy_every_session,2024-04-30,-1.5829853355346257,0.02,-1.6029853355346257,100.10585856062849
2024-05-01,5050.0,5126.75,5037.75,5046.5,False,True,False,-0.0006930693069306937,4723.29580078125,True,buy_every_session,2024-05-01,-0.06930693069306937,0.02,-0.08930693069306937,100.01655162993542
2024-05-02,5057.0,5113.0,5036.25,5091.5,True,False,False,0.00682222661657117,4725.76830078125,True,buy_every_session,2024-05-02,0.682222661657117,0.02,0.662222661657117,100.67877429159253
2024-05-03,5110.25,5166.75,5099.25,5154.75,True,False,False,0.008707988845946923,4728.71455078125,True,buy_every_session,2024-05-03,0.8707988845946923,0.02,0.8507988845946923,101.52957317618723
2024-05-06,5166.75,5207.75,5155.75,5206.5,True,False,False,0.007693424299608065,4731.92330078125,True,buy_every_session,2024-05-06,0.7693424299608065,0.02,0.7493424299608065,102.27891560614803
2024-05-07,5204.75,5226.75,5202.25,5213.75,True,False,False,0.0017291896825015751,4735.07455078125,True,buy_every_session,2024-05-07,0.1729189682501575,0.02,0.15291896825015752,102.4318345743982
2024-05-08,5211.75,5218.0,5188.75,5212.75,True,False,False,0.00019187413057042413,4738.15830078125,True,buy_every_session,2024-05-08,0.019187413057042413,0.02,-0.0008125869429575876,102.43102198745524
2024-05-09,5209.25,5244.75,5195.0,5239.0,True,False,False,0.0057109948649036735,4741.37705078125,True,buy_every_session,2024-05-09,0.5710994864903673,0.02,0.5510994864903673,102.98212147394561
2024-05-10,5240.75,5264.0,5232.75,5246.25,True,False,False,0.001049468110480456,4744.78705078125,True,buy_every_session,2024-05-10,0.1049468110480456,0.02,0.08494681104804559,103.06706828499365
2024-05-13,5240.5,5264.0,5233.25,5245.5,True,False,False,0.000954107432496798,4747.98205078125,True,buy_every_session,2024-05-13,0.0954107432496798,0.02,0.07541074324967979,103.14247902824333
2024-05-14,5241.75,5274.25,5216.75,5269.5,True,False,False,0.0052940334811846235,4751.25705078125,True,buy_every_session,2024-05-14,0.5294033481184623,0.02,0.5094033481184623,103.6518823763618
2024-05-15,5268.5,5337.25,5266.25,5333.0,True,False,False,0.012242573787605515,4754.91580078125,True,buy_every_session,2024-05-15,1.2242573787605515,0.02,1.2042573787605515,104.85613975512234
2024-05-16,5331.5,5349.0,5315.5,5320.25,False,True,False,-0.002110100346994326,4758.83080078125,True,buy_every_session,2024-05-16,-0.21101003469943258,0.02,-0.23101003469943257,104.6251297204229
2024-05-17,5318.25,5328.75,5305.75,5327.25,True,False,False,0.0016922859963333092,4762.85830078125,True,buy_every_session,2024-05-17,0.16922859963333092,0.02,0.14922859963333093,104.77435832005624
2024-05-20,5329.25,5348.25,5323.75,5331.75,True,False,False,0.0004691091617019527,4767.02705078125,True,buy_every_session,2024-05-20,0.04691091617019527,0.02,0.02691091617019527,104.80126923622643
2024-05-21,5331.75,5347.5,5322.5,5345.25,True,False,False,0.002532001688001051,4771.06455078125,True,buy_every_session,2024-05-21,0.2532001688001051,0.02,0.2332001688001051,105.03446940502654
2024-05-22,5343.5,5349.25,5306.75,5328.0,False,True,False,-0.0029007205015438853,4775.11205078125,True,buy_every_session,2024-05-22,-0.2900720501543885,0.02,-0.31007205015438855,104.72439735487215
2024-05-23,5339.0,5368.25,5273.5,5285.25,False,True,False,-0.01006742835737029,4779.10955078125,True,buy_every_session,2024-05-23,-1.006742835737029,0.02,-1.026742835737029,103.69765451913513
2024-05-24,5285.75,5329.25,5285.75,5321.5,True,False,False,0.006763467814406621,4783.28830078125,True,buy_every_session,2024-05-24,0.6763467814406621,0.02,0.656346781440662,104.35400130057579
2024-05-28,5321.75,5339.0,5296.75,5324.75,True,False,False,0.0005637243387983659,4787.50830078125,True,buy_every_session,2024-05-28,0.05637243387983659,0.02,0.03637243387983659,104.39037373445562
2024-05-29,5323.75,5324.0,5268.25,5284.0,False,True,False,-0.00746654144165293,4791.39830078125,True,buy_every_session,2024-05-29,-0.746654144165293,0.02,-0.766654144165293,103.62371959029034
2024-05-30,5270.5,5277.0,5238.25,5253.0,False,True,False,-0.003320368086519254,4795.39330078125,True,buy_every_session,2024-05-30,-0.3320368086519254,0.02,-0.35203680865192544,103.2716827816384
2024-05-31,5250.5,5307.0,5205.5,5295.5,True,False,False,0.008570612322635895,4799.77080078125,True,buy_every_session,2024-05-31,0.8570612322635895,0.02,0.8370612322635895,104.108744013902
2024-06-03,5299.5,5313.25,5246.75,5297.25,False,True,False,-0.0004245683555051949,4804.33455078125,True,buy_every_session,2024-06-03,-0.04245683555051949,0.02,-0.06245683555051949,104.04628717835148
2024-06-04,5300.25,5312.25,5262.0,5304.0,True,False,False,0.0007075137965191214,4808.94080078125,True,buy_every_session,2024-06-04,0.07075137965191214,0.02,0.050751379651912135,104.09703855800339
2024-06-05,5305.0,5368.25,5302.5,5366.0,True,False,False,0.011498586239396813,4813.70830078125,True,buy_every_session,2024-06-05,1.1498586239396813,0.02,1.1298586239396813,105.22689718194307
2024-06-06,5367.75,5373.25,5345.25,5364.0,False,True,False,-0.0006986167388570719,4818.53205078125,True,buy_every_session,2024-06-06,-0.06986167388570719,0.02,-0.08986167388570719,105.13703550805737
2024-06-07,5362.0,5385.5,5329.0,5355.75,False,True,False,-0.0011656098470720355,4823.07580078125,True,buy_every_session,2024-06-07,-0.11656098470720355,0.02,-0.13656098470720354,105.00047452335016
2024-06-10,5351.5,5375.75,5338.25,5371.25,True,False,False,0.0036905540502663037,4828.00205078125,True,buy_every_session,2024-06-10,0.36905540502663037,0.02,0.34905540502663035,105.3495299283768
2024-06-11,5369.75,5386.25,5334.5,5384.0,True,False,False,0.002653754830299393,4832.85080078125,True,buy_every_session,2024-06-11,0.2653754830299393,0.02,0.2453754830299393,105.59490541140674
2024-06-12,5384.5,5454.5,5380.0,5427.5,True,False,False,0.007985885411830207,4837.77705078125,True,buy_every_session,2024-06-12,0.7985885411830207,0.02,0.7785885411830207,106.37349395258977
2024-06-13,5436.25,5452.75,5408.5,5438.5,True,False,False,0.00041388825017252273,4842.43580078125,True,buy_every_session,2024-06-13,0.04138882501725227,0.02,0.021388825017252273,106.39488277760702
2024-06-14,5436.0,5443.0,5397.75,5437.5,True,False,False,0.00027593818984539276,4847.00205078125,True,buy_every_session,2024-06-14,0.027593818984539276,0.02,0.007593818984539275,106.40247659659157
2024-06-17,5435.5,5494.0,5424.75,5478.5,True,False,False,0.007910955753840598,4851.81455078125,True,buy_every_session,2024-06-17,0.7910955753840598,0.02,0.7710955753840598,107.17357217197564
2024-06-18,5480.25,5494.0,5473.5,5491.0,True,False,False,0.0019615893435518394,4856.66205078125,True,buy_every_session,2024-06-18,0.19615893435518394,0.02,0.17615893435518395,107.34973110633082
2024-06-20,5492.75,5518.5,5458.5,5476.75,False,True,False,-0.0029129306813526767,4861.53330078125,True,buy_every_session,2024-06-20,-0.2912930681352677,0.02,-0.3112930681352677,107.03843803819555
2024-06-21,5477.0,5483.75,5460.5,5471.89013671875,False,True,False,-0.0009329675518076064,4866.535251464844,True,buy_every_session,2024-06-21,-0.09329675518076064,0.02,-0.11329675518076064,106.9251412830148
2024-06-24,5538.5,5558.5,5510.25,5517.0,False,True,False,-0.0038819174866840944,4871.839001464844,True,buy_every_session,2024-06-24,-0.38819174866840944,0.02,-0.40819174866840946,106.51694953434638
2024-06-25,5516.0,5539.75,5511.0,5537.0,True,False,False,0.0038071065989848663,4877.215251464844,True,buy_every_session,2024-06-25,0.3807106598984866,0.02,0.3607106598984866,106.87766019424487
2024-06-26,5535.0,5551.75,5516.25,5543.5,True,False,False,0.0015356820234868618,4882.481501464844,True,buy_every_session,2024-06-26,0.15356820234868618,0.02,0.1335682023486862,107.01122839659355
2024-06-27,5533.0,5555.0,5515.75,5546.0,True,False,False,0.002349539128863265,4887.886501464844,True,buy_every_session,2024-06-27,0.2349539128863265,0.02,0.2149539128863265,107.22618230947988
2024-06-28,5548.25,5585.0,5510.75,5521.5,False,True,False,-0.0048213400621818225,4893.150251464844,True,buy_every_session,2024-06-28,-0.48213400621818225,0.02,-0.5021340062181823,106.7240483032617
2024-07-01,5534.25,5541.0,5504.5,5533.75,False,True,False,-9.03464787459507e-05,4898.289001464844,True,buy_every_session,2024-07-01,-0.00903464787459507,0.02,-0.02903464787459507,106.6950136553871
2024-07-02,5533.5,5569.75,5502.75,5568.75,True,False,False,0.006370290051504579,4903.674150390625,True,buy_every_session,2024-07-02,0.6370290051504579,0.02,0.6170290051504579,107.31204266053756
2024-07-03,5563.75,5595.75,5559.75,5590.25,True,False,False,0.00476297461244668,4909.117900390625,True,buy_every_session,2024-07-03,0.476297461244668,0.02,0.45629746124466797,107.76834012178223
2024-07-05,5591.0,5626.0,5585.0,5621.5,True,False,False,0.005455195850474048,4914.775400390625,True,buy_every_session,2024-07-05,0.5455195850474048,0.02,0.5255195850474048,108.29385970682964
2024-07-08,5612.0,5637.5,5610.75,5625.25,True,False,False,0.002361012116892436,4920.666650390625,True,buy_every_session,2024-07-08,0.23610121168924358,0.02,0.2161012116892436,108.50996091851889
2024-07-09,5627.75,5645.75,5626.25,5631.25,True,False,False,0.0006219181733375656,4926.962900390625,True,buy_every_session,2024-07-09,0.06219181733375656,0.02,0.04219181733375656,108.55215273585264
2024-07-10,5631.75,5690.5,5630.75,5688.0,True,False,False,0.009988014382740662,4933.597900390625,True,buy_every_session,2024-07-10,0.9988014382740662,0.02,0.9788014382740662,109.5309541741267
2024-07-11,5684.25,5707.75,5630.0,5639.75,False,True,False,-0.007828649338083249,4939.902900390625,True,buy_every_session,2024-07-11,-0.7828649338083249,0.02,-0.8028649338083249,108.72808924031838
2024-07-12,5638.5,5708.25,5621.25,5664.75,True,False,False,0.004655493482309092,4946.652900390625,True,buy_every_session,2024-07-12,0.4655493482309092,0.02,0.4455493482309092,109.1736385885493
2024-07-15,5681.0,5718.75,5665.5,5683.0,True,False,False,0.0003520506953000879,4953.500400390625,True,buy_every_session,2024-07-15,0.03520506953000879,0.02,0.015205069530008792,109.1888436580793
2024-07-16,5688.75,5721.25,5673.0,5717.25,True,False,False,0.0050098879367173055,4960.399150390625,True,buy_every_session,2024-07-16,0.5009887936717305,0.02,0.48098879367173053,109.66983245175103
2024-07-17,5715.0,5717.75,5631.75,5639.0,False,True,False,-0.013298337707786545,4966.966650390625,True,buy_every_session,2024-07-17,-1.3298337707786545,0.02,-1.3498337707786545,108.31999868097238
2024-07-18,5644.0,5664.0,5570.25,5594.5,False,True,False,-0.008770375620127613,4973.317900390625,True,buy_every_session,2024-07-18,-0.8770375620127613,0.02,-0.8970375620127613,107.42296111895962
2024-07-19,5602.5,5607.5,5542.0,5553.75,False,True,False,-0.00870147255689424,4979.762900390625,True,buy_every_session,2024-07-19,-0.8701472556894241,0.02,-0.8901472556894241,106.53281386327019
2024-07-22,5564.5,5616.0,5553.5,5610.75,True,False,False,0.008311618294545742,4986.327900390625,True,buy_every_session,2024-07-22,0.8311618294545742,0.02,0.8111618294545742,107.34397569272477
2024-07-23,5607.75,5629.75,5587.75,5599.25,False,True,False,-0.00151575944006066,4992.870400390625,True,buy_every_session,2024-07-23,-0.151575944006066,0.02,-0.171575944006066,107.1723997487187
2024-07-24,5585.0,5585.0,5462.0,5472.0,False,True,False,-0.020232766338406427,4998.522900390625,True,buy_every_session,2024-07-24,-2.0232766338406427,0.02,-2.0432766338406427,105.12912311487806
2024-07-25,5482.5,5533.25,5432.5,5441.25,False,True,False,-0.007523939808481539,5003.885400390625,True,buy_every_session,2024-07-25,-0.7523939808481539,0.02,-0.7723939808481539,104.3567291340299
2024-07-26,5446.0,5528.25,5445.25,5499.0,True,False,False,0.009731913330885078,5009.422900390625,True,buy_every_session,2024-07-26,0.9731913330885078,0.02,0.9531913330885078,105.30992046711842
2024-07-29,5496.5,5534.5,5481.0,5503.0,True,False,False,0.0011825707268262597,5014.889150390625,True,buy_every_session,2024-07-29,0.11825707268262597,0.02,0.09825707268262597,105.40817753980104
2024-07-30,5504.5,5527.5,5433.0,5472.5,False,True,False,-0.0058134253792351265,5020.349150390625,True,buy_every_session,2024-07-30,-0.5813425379235126,0.02,-0.6013425379235127,104.80683500187753
2024-07-31,5454.75,5588.5,5451.5,5558.0,True,False,False,0.018928456849534703,5026.352900390625,True,buy_every_session,2024-07-31,1.8928456849534703,0.02,1.8728456849534703,106.679680686831
2024-08-01,5574.75,5600.75,5444.75,5480.25,False,True,False,-0.016951432799677146,5031.749150390625,True,buy_every_session,2024-08-01,-1.6951432799677146,0.02,-1.7151432799677147,104.96453740686329
2024-08-02,5464.25,5473.25,5331.75,5376.0,False,True,False,-0.016150432355767075,5036.620400390625,True,buy_every_session,2024-08-02,-1.6150432355767075,0.02,-1.6350432355767075,103.32949417128658
2024-08-05,5330.0,5345.5,5120.0,5217.5,False,True,False,-0.02110694183864914,5040.996650390625,True,buy_every_session,2024-08-05,-2.110694183864914,0.02,-2.130694183864914,101.19879998742167
2024-08-06,5250.0,5342.0,5221.75,5266.25,True,False,False,0.00309523809523804,5045.812900390625,True,buy_every_session,2024-08-06,0.309523809523804,0.02,0.28952380952380397,101.48832379694547
2024-08-07,5241.5,5359.25,5196.75,5227.5,False,True,False,-0.0026709911284937826,5050.707900390625,True,buy_every_session,2024-08-07,-0.26709911284937826,0.02,-0.2870991128493783,101.20122468409609
2024-08-08,5208.25,5361.0,5182.0,5348.25,True,False,False,0.026880430086881457,5056.240400390625,True,buy_every_session,2024-08-08,2.6880430086881457,0.02,2.6680430086881457,103.86926769278423
2024-08-09,5348.25,5385.25,5319.5,5370.25,True,False,False,0.004113495068480244,5061.735400390625,True,buy_every_session,2024-08-09,0.4113495068480244,0.02,0.3913495068480244,104.26061719963226
2024-08-12,5364.25,5396.75,5347.75,5369.75,True,False,False,0.0010253064268070933,5067.535400390625,True,buy_every_session,2024-08-12,0.10253064268070933,0.02,0.08253064268070932,104.34314784231297
2024-08-13,5372.5,5461.25,5367.5,5459.0,True,False,False,0.01610051186598427,5074.047900390625,True,buy_every_session,2024-08-13,1.6100511865984268,0.02,1.5900511865984268,105.9331990289114
2024-08-14,5457.5,5487.75,5438.75,5477.0,True,False,False,0.0035730645900138303,5080.744150390625,True,buy_every_session,2024-08-14,0.357306459001383,0.02,0.337306459001383,106.27050548791279
2024-08-15,5481.25,5571.75,5471.75,5567.5,True,False,False,0.01573546180159635,5087.652900390625,True,buy_every_session,2024-08-15,1.573546180159635,0.02,1.553546180159635,107.82405166807241
2024-08-16,5568.5,5586.25,5536.5,5578.25,True,False,False,0.0017509203555714503,5094.482900390625,True,buy_every_session,2024-08-16,0.17509203555714503,0.02,0.15509203555714504,107.97914370362956
2024-08-19,5584.0,5631.75,5565.25,5630.0,True,False,False,0.008237822349570267,5101.352900390625,True,buy_every_session,2024-08-19,0.8237822349570267,0.02,0.8037822349570267,108.78292593858659
2024-08-20,5629.5,5643.75,5607.75,5619.75,False,True,False,-0.0017319477751132073,5107.772900390625,True,buy_every_session,2024-08-20,-0.17319477751132073,0.02,-0.19319477751132072,108.58973116107526
2024-08-21,5619.5,5655.25,5613.5,5641.5,True,False,False,0.0039149390515169635,5114.100400390625,True,buy_every_session,2024-08-21,0.39149390515169635,0.02,0.37149390515169634,108.96122506622696
2024-08-22,5642.0,5665.25,5582.75,5594.0,False,True,False,-0.008507621410847266,5120.149150390625,True,buy_every_session,2024-08-22,-0.8507621410847266,0.02,-0.8707621410847266,108.09046292514223
2024-08-23,5597.75,5662.25,5597.75,5652.5,True,False,False,0.009780715466035428,5126.431650390625,True,buy_every_session,2024-08-23,0.9780715466035428,0.02,0.9580715466035428,109.04853447174578
2024-08-26,5650.5,5669.0,5619.75,5637.0,False,True,False,-0.002389169100079691,5132.619150390625,True,buy_every_session,2024-08-26,-0.2389169100079691,0.02,-0.2589169100079691,108.78961756173781
2024-08-27,5630.0,5649.5,5611.5,5644.75,True,False,False,0.002619893428063902,5139.031650390625,True,buy_every_session,2024-08-27,0.2619893428063902,0.02,0.2419893428063902,109.0316069045442
2024-08-28,5643.75,5650.5,5576.0,5610.25,False,True,False,-0.005935769656699841,5144.930400390625,True,buy_every_session,2024-08-28,-0.5935769656699841,0.02,-0.6135769656699841,108.41802993887423
2024-08-29,5580.5,5663.75,5561.25,5610.0,True,False,False,0.005286264671624297,5150.854150390625,True,buy_every_session,2024-08-29,0.5286264671624297,0.02,0.5086264671624297,108.92665640603666
2024-08-30,5618.5,5665.0,5594.25,5661.0,True,False,False,0.0075642965204236745,5156.604150390625,True,buy_every_session,2024-08-30,0.7564296520423675,0.02,0.7364296520423674,109.66308605807902
2024-09-03,5656.25,5669.75,5516.75,5541.75,False,True,False,-0.02024309392265189,5161.716650390625,True,buy_every_session,2024-09-03,-2.024309392265189,0.02,-2.044309392265189,107.61877666581383
2024-09-04,5538.5,5565.0,5506.75,5530.0,False,True,False,-0.0015347115645030218,5166.750400390625,True,buy_every_session,2024-09-04,-0.15347115645030218,0.02,-0.17347115645030217,107.44530550936352
2024-09-05,5527.5,5557.25,5490.0,5512.25,False,True,False,-0.0027589326096788547,5171.674150390625,True,buy_every_session,2024-09-05,-0.27589326096788547,0.02,-0.2958932609678855,107.14941224839563
2024-09-06,5513.0,5532.5,5394.0,5419.5,False,True,False,-0.01695991293306731,5175.960400390625,True,buy_every_session,2024-09-06,-1.6959912933067312,0.02,-1.7159912933067312,105.4334209550889
2024-09-09,5410.0,5493.0,5405.25,5479.5,True,False,False,0.012846580406654429,5180.601650390625,True,buy_every_session,2024-09-09,1.2846580406654429,0.02,1.2646580406654429,106.69807899575434
2024-09-10,5488.25,5506.0,5448.25,5504.0,True,False,False,0.002869767229991327,5185.285400390625,True,buy_every_session,2024-09-10,0.2869767229991327,0.02,0.26697672299913267,106.96505571875348
2024-09-11,5499.25,5567.5,5412.0,5561.25,True,False,False,0.011274264672455292,5190.244150390625,True,buy_every_session,2024-09-11,1.1274264672455292,0.02,1.1074264672455292,108.07248218599901
2024-09-12,5558.0,5607.0,5540.25,5602.25,True,False,False,0.007961496941345736,5195.414150390625,True,buy_every_session,2024-09-12,0.7961496941345736,0.02,0.7761496941345736,108.84863188013358
2024-09-13,5598.5,5641.5,5597.25,5629.75,True,False,False,0.005581852281861144,5200.757900390625,True,buy_every_session,2024-09-13,0.5581852281861144,0.02,0.5381852281861144,109.38681710831969
2024-09-16,5622.75,5641.5,5609.25,5638.0,True,False,False,0.0027121959895068937,5206.132900390625,True,buy_every_session,2024-09-16,0.27121959895068937,0.02,0.25121959895068935,109.63803670727037
2024-09-17,5633.25,5675.5,5617.0,5639.0,True,False,False,0.001020725158656255,5211.531650390625,True,buy_every_session,2024-09-17,0.10207251586562549,0.02,0.08207251586562549,109.72010922313599
2024-09-18,5639.5,5696.25,5613.75,5620.75,False,True,False,-0.003324762833584516,5216.751650390625,True,buy_every_session,2024-09-18,-0.3324762833584516,0.02,-0.3524762833584516,109.36763293977754
2024-09-19,5631.5,5737.5,5631.5,5717.75,True,False,False,0.01531563526591495,5222.336650390625,True,buy_every_session,2024-09-19,1.531563526591495,0.02,1.511563526591495,110.87919646636904
2024-09-20,5714.75,5717.25,5699.25,5699.990234375,False,True,False,-0.002582749136007645,5227.9541015625,True,buy_every_session,2024-09-20,-0.2582749136007645,0.02,-0.2782749136007645,110.60092155276827
2024-09-23,5762.0,5784.5,5745.25,5776.75,True,False,False,0.002559875043387727,5233.9628515625,True,buy_every_session,2024-09-23,0.2559875043387727,0.02,0.23598750433877272,110.83690905710704
2024-09-24,5774.0,5794.25,5754.75,5792.0,True,False,False,0.0031174229303776446,5240.1428515625,True,buy_every_session,2024-09-24,0.31174229303776446,0.02,0.29174229303776444,111.1286513501448
2024-09-25,5792.25,5798.75,5768.0,5779.0,False,True,False,-0.002287539384522419,5246.0903515625,True,buy_every_session,2024-09-25,-0.2287539384522419,0.02,-0.2487539384522419,110.87989741169257
2024-09-26,5783.5,5830.0,5778.25,5804.5,True,False,False,0.0036310192789832385,5252.0753515625,True,buy_every_session,2024-09-26,0.36310192789832385,0.02,0.34310192789832383,111.22299933959088
2024-09-27,5804.25,5821.5,5782.0,5791.25,False,True,False,-0.002239738122927215,5257.9016015625,True,buy_every_session,2024-09-27,-0.2239738122927215,0.02,-0.2439738122927215,110.97902552729816
2024-09-30,5784.0,5820.25,5756.25,5814.25,True,False,False,0.005229944674965514,5263.7441015625,True,buy_every_session,2024-09-30,0.5229944674965514,0.02,0.5029944674965514,111.48201999479471
2024-10-01,5807.0,5822.5,5733.0,5759.75,False,True,False,-0.00813673153091099,5269.0016015625,True,buy_every_session,2024-10-01,-0.813673153091099,0.02,-0.833673153091099,110.64834684170361
2024-10-02,5760.25,5773.25,5724.0,5760.25,False,False,True,0.0,5274.1941015625,True,buy_every_session,2024-10-02,0.0,0.02,-0.02,110.62834684170362
2024-10-03,5769.5,5772.75,5725.75,5749.5,False,True,False,-0.003466504896438183,5279.470251464843,True,buy_every_session,2024-10-03,-0.3466504896438183,0.02,-0.3666504896438183,110.2616963520598
2024-10-04,5745.75,5804.75,5741.0,5800.0,True,False,False,0.00944176130183183,5284.505251464844,True,buy_every_session,2024-10-04,0.944176130183183,0.02,0.924176130183183,111.18587248224298
2024-10-07,5802.0,5808.0,5734.25,5744.75,False,True,False,-0.009867287142364733,5289.127751464844,True,buy_every_session,2024-10-07,-0.9867287142364733,0.02,-1.0067287142364734,110.17914376800651
2024-10-08,5752.5,5806.75,5725.25,5800.5,True,False,False,0.008344198174706552,5294.3815014648435,True,buy_every_session,2024-10-08,0.8344198174706552,0.02,0.8144198174706552,110.99356358547716
2024-10-09,5799.25,5846.5,5780.75,5841.25,True,False,False,0.00724231581670054,5299.604001464843,True,buy_every_session,2024-10-09,0.724231581670054,0.02,0.704231581670054,111.69779516714722
2024-10-10,5836.0,5844.0,5811.5,5829.0,False,True,False,-0.0011994516792322996,5304.722751464844,True,buy_every_session,2024-10-10,-0.11994516792322996,0.02,-0.13994516792322995,111.55784999922399
2024-10-11,5831.0,5868.25,5816.0,5859.75,True,False,False,0.00493054364602985,5309.896501464844,True,buy_every_session,2024-10-11,0.493054364602985,0.02,0.473054364602985,112.03090436382698
2024-10-14,5854.5,5918.5,5850.0,5908.25,True,False,False,0.00918097190195577,5315.270251464844,True,buy_every_session,2024-10-14,0.918097190195577,0.02,0.898097190195577,112.92900155402255
2024-10-15,5914.25,5915.5,5850.0,5862.75,False,True,False,-0.008707782051823987,5320.422751464844,True,buy_every_session,2024-10-15,-0.8707782051823987,0.02,-0.8907782051823987,112.03822334884015
2024-10-16,5861.0,5892.75,5853.25,5887.0,True,False,False,0.00443610305408626,5325.757751464844,True,buy_every_session,2024-10-16,0.443610305408626,0.02,0.423610305408626,112.46183365424878
2024-10-17,5882.75,5927.25,5871.25,5887.0,True,False,False,0.0007224512345416212,5331.2565014648435,True,buy_every_session,2024-10-17,0.07224512345416212,0.02,0.052245123454162115,112.51407877770293
2024-10-18,5888.25,5915.5,5876.25,5906.0,True,False,False,0.0030144779858192194,5337.054001464844,True,buy_every_session,2024-10-18,0.30144779858192194,0.02,0.2814477985819219,112.79552657628486
2024-10-21,5911.5,5915.5,5865.0,5896.25,False,True,False,-0.0025797174997885808,5342.887751464844,True,buy_every_session,2024-10-21,-0.2579717499788581,0.02,-0.2779717499788581,112.517554826306
2024-10-22,5900.75,5904.25,5861.25,5892.5,False,True,False,-0.0013981273566919805,5348.676501464844,True,buy_every_session,2024-10-22,-0.13981273566919805,0.02,-0.15981273566919804,112.3577420906368
2024-10-23,5887.25,5893.75,5801.0,5837.75,False,True,False,-0.008408000339717225,5353.8590014648435,True,buy_every_session,2024-10-23,-0.8408000339717225,0.02,-0.8608000339717226,111.49694205666508
2024-10-24,5844.0,5870.0,5822.5,5849.0,True,False,False,0.0008555783709787157,5359.1402514648435,True,buy_every_session,2024-10-24,0.08555783709787157,0.02,0.06555783709787157,111.56249989376295
2024-10-25,5853.25,5900.75,5835.0,5846.0,False,True,False,-0.0012386281125870147,5364.269001464843,True,buy_every_session,2024-10-25,-0.12386281125870147,0.02,-0.14386281125870146,111.41863708250425
2024-10-28,5857.0,5884.5,5857.0,5861.5,True,False,False,0.0007683114222298837,5369.499001464844,True,buy_every_session,2024-10-28,0.07683114222298837,0.02,0.056831142222988365,111.47546822472724
2024-10-29,5867.0,5883.75,5837.5,5871.0,True,False,False,0.0006817794443496616,5374.771501464844,True,buy_every_session,2024-10-29,0.06817794443496616,0.02,0.04817794443496616,111.5236461691622
2024-10-30,5883.0,5893.0,5840.25,5852.0,False,True,False,-0.005269420363759991,5380.039001464844,True,buy_every_session,2024-10-30,-0.5269420363759991,0.02,-0.5469420363759991,110.97670413278621
2024-10-31,5840.0,5844.0,5733.25,5738.5,False,True,False,-0.017380136986301364,5384.875251464844,True,buy_every_session,2024-10-31,-1.7380136986301364,0.02,-1.7580136986301365,109.21869043415607
2024-11-01,5742.0,5803.75,5732.5,5758.25,True,False,False,0.0028300243817485082,5389.610251464844,True,buy_every_session,2024-11-01,0.2830024381748508,0.02,0.2630024381748508,109.48169287233092
2024-11-04,5741.75,5776.5,5724.25,5743.25,True,False,False,0.0002612443941307774,5393.979001464843,True,buy_every_session,2024-11-04,0.026124439413077738,0.02,0.0061244394130777376,109.487817311744
2024-11-05,5752.25,5823.25,5735.0,5812.25,True,False,False,0.010430701030031742,5398.635251464843,True,buy_every_session,2024-11-05,1.0430701030031742,0.02,1.0230701030031741,110.51088741474717
2024-11-06,5820.25,5967.0,5814.75,5958.25,True,False,False,0.0237103217215755,5403.951501464844,True,buy_every_session,2024-11-06,2.37103217215755,0.02,2.35103217215755,112.86191958690472
2024-11-07,5963.5,6013.0,5951.0,6003.75,True,False,False,0.0067493921354908615,5409.480251464844,True,buy_every_session,2024-11-07,0.6749392135490861,0.02,0.6549392135490861,113.5168588004538
2024-11-08,6007.75,6040.5,5990.25,6025.25,True,False,False,0.0029129041654529786,5414.990251464844,True,buy_every_session,2024-11-08,0.29129041654529786,0.02,0.27129041654529784,113.7881492169991
2024-11-11,6030.0,6053.25,6013.5,6031.75,True,False,False,0.00029021558872299735,5420.567751464844,True,buy_every_session,2024-11-11,0.029021558872299735,0.02,0.009021558872299735,113.79717077587141
2024-11-12,6029.25,6036.5,5986.75,6013.0,False,True,False,-0.002695194261309486,5425.860251464844,True,buy_every_session,2024-11-12,-0.2695194261309486,0.02,-0.2895194261309486,113.50765134974046
2024-11-13,6012.25,6035.25,5991.75,6016.0,True,False,False,0.0006237265582769158,5431.1852514648435,True,buy_every_session,2024-11-13,0.06237265582769158,0.02,0.04237265582769158,113.55002400556815
2024-11-14,6017.75,6025.25,5964.25,5978.25,False,True,False,-0.006563915084541572,5436.724001464844,True,buy_every_session,2024-11-14,-0.6563915084541572,0.02,-0.6763915084541572,112.87363249711399
2024-11-15,5972.0,5974.25,5876.75,5896.5,False,True,False,-0.012642330877427943,5441.564001464843,True,buy_every_session,2024-11-15,-1.2642330877427943,0.02,-1.2842330877427943,111.5893994093712
2024-11-18,5899.75,5933.0,5886.5,5920.0,True,False,False,0.0034323488283400927,5446.262751464844,True,buy_every_session,2024-11-18,0.34323488283400927,0.02,0.32323488283400925,111.91263429220521
2024-11-19,5919.0,5947.5,5855.0,5938.75,True,False,False,0.0033367122824801143,5451.146501464844,True,buy_every_session,2024-11-19,0.33367122824801143,0.02,0.3136712282480114,112.22630552045322
2024-11-20,5937.75,5957.75,5880.0,5937.75,False,False,True,0.0,5455.961501464843,True,buy_every_session,2024-11-20,0.0,0.02,-0.02,112.20630552045323
2024-11-21,5937.25,5985.0,5905.25,5970.5,True,False,False,0.0056002357994020535,5460.737751464843,True,buy_every_session,2024-11-21,0.5600235799402054,0.02,0.5400235799402053,112.74632910039344
2024-11-22,5967.0,5993.5,5940.75,5987.0,True,False,False,0.0033517680576504727,5465.584001464844,True,buy_every_session,2024-11-22,0.33517680576504727,0.02,0.31517680576504725,113.06150590615849
2024-11-25,6006.0,6040.0,5982.5,6006.5,True,False,False,8.32500832501637e-05,5470.396501464844,True,buy_every_session,2024-11-25,0.00832500832501637,0.02,-0.01167499167498363,113.04983091448351
2024-11-26,6013.25,6044.0,5976.25,6038.25,True,False,False,0.004157485552737761,5475.3815014648435,True,buy_every_session,2024-11-26,0.4157485552737761,0.02,0.39574855527377606,113.44557946975728
2024-11-27,6041.75,6047.0,6000.25,6015.0,False,True,False,-0.004427525137584265,5480.6002514648435,True,buy_every_session,2024-11-27,-0.4427525137584265,0.02,-0.4627525137584265,112.98282695599885
2024-11-29,6015.0,6060.0,6014.75,6051.5,True,False,False,0.006068162926018195,5485.767751464844,True,buy_every_session,2024-11-29,0.6068162926018195,0.02,0.5868162926018194,113.56964324860067
2024-12-02,6051.5,6068.5,6036.0,6061.75,True,False,False,0.001693794926877601,5490.844001464844,True,buy_every_session,2024-12-02,0.1693794926877601,0.02,0.1493794926877601,113.71902274128843
2024-12-03,6064.0,6070.75,6047.5,6063.25,False,True,False,-0.0001236807387863248,5496.061501464844,True,buy_every_session,2024-12-03,-0.01236807387863248,0.02,-0.03236807387863248,113.6866546674098
2024-12-04,6067.0,6102.25,6063.0,6098.5,True,False,False,0.005192022416350639,5501.596501464844,True,buy_every_session,2024-12-04,0.5192022416350639,0.02,0.4992022416350639,114.18585690904486
2024-12-05,6095.25,6107.25,6081.5,6088.75,False,True,False,-0.0010664041671794022,5507.059001464844,True,buy_every_session,2024-12-05,-0.10664041671794022,0.02,-0.1266404167179402,114.05921649232693
2024-12-06,6085.5,6111.0,6076.0,6099.0,True,False,False,0.0022183879714074983,5512.065251464844,True,buy_every_session,2024-12-06,0.22183879714074983,0.02,0.20183879714074984,114.26105528946768
2024-12-09,6096.25,6105.75,6060.0,6065.75,False,True,False,-0.00500307566126712,5516.886501464844,True,buy_every_session,2024-12-09,-0.500307566126712,0.02,-0.520307566126712,113.74074772334096
2024-12-10,6065.25,6075.25,6039.75,6046.25,False,True,False,-0.0031325996455215943,5521.7165014648435,True,buy_every_session,2024-12-10,-0.31325996455215943,0.02,-0.33325996455215945,113.4074877587888
2024-12-11,6052.75,6102.5,6045.5,6092.75,True,False,False,0.006608566354136647,5526.730251464844,True,buy_every_session,2024-12-11,0.6608566354136647,0.02,0.6408566354136647,114.04834439420247
2024-12-12,6087.5,6088.25,6055.5,6060.75,False,True,False,-0.0043942505133470755,5531.629001464844,True,buy_every_session,2024-12-12,-0.43942505133470755,0.02,-0.45942505133470757,113.58891934286777
2024-12-13,6065.0,6085.25,6041.25,6055.5,False,True,False,-0.0015663643858202514,5536.387751464844,True,buy_every_session,2024-12-13,-0.15663643858202514,0.02,-0.17663643858202513,113.41228290428575
2024-12-16,6055.5,6090.5,6051.5,6080.5,True,False,False,0.00412847824291962,5541.0602514648435,True,buy_every_session,2024-12-16,0.412847824291962,0.02,0.39284782429196197,113.80513072857771
2024-12-17,6077.0,6079.25,6040.75,6053.75,False,True,False,-0.003825900937962756,5545.637751464844,True,buy_every_session,2024-12-17,-0.3825900937962756,0.02,-0.40259009379627564,113.40254063478143
2024-12-18,6053.5,6074.5,5840.0,5872.25,False,True,False,-0.029941356240191674,5549.570251464844,True,buy_every_session,2024-12-18,-2.9941356240191674,0.02,-3.0141356240191675,110.38840501076227
2024-12-19,5881.75,5938.0,5865.5,5868.75,False,True,False,-0.002210226548221228,5553.355251464844,True,buy_every_session,2024-12-19,-0.2210226548221228,0.02,-0.2410226548221228,110.14738235594015
2024-12-20,5879.5,5879.5,5800.75,5840.259765625,False,True,False,-0.006674076770983972,5556.747800292968,True,buy_every_session,2024-12-20,-0.6674076770983972,0.02,-0.6874076770983972,109.45997467884176
2024-12-23,6001.75,6043.0,5965.0,6036.0,True,False,False,0.005706668888241007,5561.282800292969,True,buy_every_session,2024-12-23,0.5706668888241007,0.02,0.5506668888241006,110.01064156766586
2024-12-24,6037.75,6099.5,6030.0,6098.0,True,False,False,0.009978882861993332,5566.157800292969,True,buy_every_session,2024-12-24,0.9978882861993332,0.02,0.9778882861993332,110.98852985386519
2024-12-26,6099.25,6107.5,6063.25,6095.25,False,True,False,-0.0006558183383202909,5570.747800292968,True,buy_every_session,2024-12-26,-0.06558183383202909,0.02,-0.0855818338320291,110.90294802003316
2024-12-27,6092.0,6095.25,5982.75,6027.0,False,True,False,-0.010669730794484522,5575.042800292968,True,buy_every_session,2024-12-27,-1.0669730794484522,0.02,-1.0869730794484522,109.81597494058471
2024-12-30,6028.75,6036.25,5918.25,5958.75,False,True,False,-0.011611030478954953,5579.067800292969,True,buy_every_session,2024-12-30,-1.1611030478954953,0.02,-1.1811030478954954,108.63487189268922
2024-12-31,5955.0,5983.25,5917.25,5935.75,False,True,False,-0.0032325776658270744,5583.238200683594,True,buy_every_session,2024-12-31,-0.32325776658270744,0.02,-0.34325776658270746,108.29161412610651
2025-01-02,5949.25,5995.25,5874.75,5916.5,False,True,False,-0.005504895575072499,5586.746950683594,True,buy_every_session,2025-01-02,-0.5504895575072499,0.02,-0.57048955750725,107.72112456859927
2025-01-03,5921.0,5996.75,5911.25,5989.5,True,False,False,0.01156899172437087,5590.485700683594,True,buy_every_session,2025-01-03,1.156899172437087,0.02,1.136899172437087,108.85802374103635
2025-01-06,5994.5,6068.25,5980.75,6020.5,True,False,False,0.0043373092001000035,5594.1544506835935,True,buy_every_session,2025-01-06,0.43373092001000035,0.02,0.41373092001000034,109.27175466104634
2025-01-07,6028.0,6045.5,5935.0,5954.25,False,True,False,-0.012234571997345678,5597.4132006835935,True,buy_every_session,2025-01-07,-1.2234571997345678,0.02,-1.2434571997345678,108.02829746131178
2025-01-08,5955.5,5975.0,5917.0,5959.25,True,False,False,0.0006296700528922727,5600.743200683593,True,buy_every_session,2025-01-08,0.06296700528922727,0.02,0.04296700528922727,108.07126446660101
2025-01-09,5955.0,5957.0,5929.25,5944.75,False,True,False,-0.0017212426532325908,5604.075700683594,True,buy_every_session,2025-01-09,-0.17212426532325908,0.02,-0.19212426532325907,107.87914020127775
2025-01-10,5943.75,5959.25,5845.25,5866.25,False,True,False,-0.013038906414300722,5607.080700683594,True,buy_every_session,2025-01-10,-1.3038906414300722,0.02,-1.3238906414300722,106.55524955984768
2025-01-13,5864.5,5883.25,5809.0,5874.5,True,False,False,0.0017051752067525072,5609.911950683594,True,buy_every_session,2025-01-13,0.17051752067525072,0.02,0.15051752067525073,106.70576708052293
2025-01-14,5887.25,5918.5,5842.5,5882.25,False,True,False,-0.0008492929636078062,5612.780700683594,True,buy_every_session,2025-01-14,-0.08492929636078062,0.02,-0.10492929636078062,106.60083778416215
2025-01-15,5891.5,6001.25,5879.5,5989.0,True,False,False,0.01654926589153871,5616.249450683594,True,buy_every_session,2025-01-15,1.6549265891538711,0.02,1.6349265891538711,108.23576437331603
2025-01-16,5988.5,6017.5,5961.75,5975.5,False,True,False,-0.002170827419220145,5619.824450683594,True,buy_every_session,2025-01-16,-0.2170827419220145,0.02,-0.23708274192201448,107.99868163139402
2025-01-17,5970.25,6051.5,5968.0,6033.5,True,False,False,0.010594196222938779,5623.659450683594,True,buy_every_session,2025-01-17,1.0594196222938779,0.02,1.0394196222938779,109.0381012536879
2025-01-21,6032.25,6093.25,5994.5,6084.25,True,False,False,0.008620332380123497,5628.094450683594,True,buy_every_session,2025-01-21,0.8620332380123497,0.02,0.8420332380123496,109.88013449170025
2025-01-22,6094.0,6135.75,6087.0,6120.5,True,False,False,0.004348539547095465,5632.431950683594,True,buy_every_session,2025-01-22,0.43485395470954646,0.02,0.41485395470954645,110.29498844640979
2025-01-23,6120.0,6154.0,6101.5,6152.0,True,False,False,0.005228758169934622,5636.925700683594,True,buy_every_session,2025-01-23,0.5228758169934622,0.02,0.5028758169934622,110.79786426340326
2025-01-24,6148.0,6162.25,6122.0,6133.25,False,True,False,-0.002399154196486619,5641.290700683594,True,buy_every_session,2025-01-24,-0.23991541964866192,0.02,-0.25991541964866194,110.53794884375459
2025-01-27,6102.25,6105.25,5948.0,6046.75,False,True,False,-0.009095005940431777,5645.485700683594,True,buy_every_session,2025-01-27,-0.9095005940431777,0.02,-0.9295005940431778,109.60844824971142
2025-01-28,6059.5,6105.5,6023.5,6097.0,True,False,False,0.006188629424870085,5649.754450683594,True,buy_every_session,2025-01-28,0.6188629424870085,0.02,0.5988629424870084,110.20731119219842
2025-01-29,6090.75,6111.5,6042.25,6067.5,False,True,False,-0.0038172638837581374,5654.254450683594,True,buy_every_session,2025-01-29,-0.38172638837581374,0.02,-0.40172638837581376,109.8055848038226
2025-01-30,6068.5,6116.25,6056.5,6099.25,True,False,False,0.005067150037076695,5659.230700683594,True,buy_every_session,2025-01-30,0.5067150037076695,0.02,0.4867150037076695,110.29229980753027
2025-01-31,6106.0,6147.75,6057.75,6067.25,False,True,False,-0.006346216835899088,5664.104450683593,True,buy_every_session,2025-01-31,-0.6346216835899088,0.02,-0.6546216835899088,109.63767812394036
2025-02-03,5982.25,6062.0,5935.5,6022.25,True,False,False,0.006686447406912155,5668.9044506835935,True,buy_every_session,2025-02-03,0.6686447406912155,0.02,0.6486447406912155,110.28632286463157
2025-02-04,6069.0,6069.0,5987.0,6063.0,False,True,False,-0.000988630746416197,5673.974450683594,True,buy_every_session,2025-02-04,-0.0988630746416197,0.02,-0.1188630746416197,110.16745978998995
2025-02-05,6042.75,6092.0,6020.25,6086.5,True,False,False,0.007240081088908168,5679.388200683594,True,buy_every_session,2025-02-05,0.7240081088908168,0.02,0.7040081088908168,110.87146789888077
2025-02-06,6090.25,6108.5,6070.0,6106.0,True,False,False,0.0025861007347809384,5684.680700683593,True,buy_every_session,2025-02-06,0.25861007347809384,0.02,0.23861007347809385,111.11007797235887
2025-02-07,6089.75,6123.25,6041.25,6049.5,False,True,False,-0.006609466726877122,5689.3957006835935,True,buy_every_session,2025-02-07,-0.6609466726877122,0.02,-0.6809466726877123,110.42913129967116
2025-02-10,6016.0,6096.0,6014.0,6088.75,True,False,False,0.012092752659574435,5694.3019506835935,True,buy_every_session,2025-02-10,1.2092752659574435,0.02,1.1892752659574435,111.6184065656286
2025-02-11,6085.5,6098.75,6057.75,6092.25,True,False,False,0.0011091939857037492,5699.351950683594,True,buy_every_session,2025-02-11,0.11091939857037492,0.02,0.09091939857037491,111.70932596419898
2025-02-12,6090.75,6098.0,6020.75,6072.75,False,True,False,-0.002955301071296601,5704.058200683594,True,buy_every_session,2025-02-12,-0.2955301071296601,0.02,-0.3155301071296601,111.39379585706932
2025-02-13,6079.75,6138.0,6053.5,6135.25,True,False,False,0.009128664829968436,5708.999450683594,True,buy_every_session,2025-02-13,0.9128664829968436,0.02,0.8928664829968436,112.28666234006616
2025-02-14,6131.75,6146.75,6121.25,6132.0,True,False,False,4.077139478941838e-05,5714.324450683594,True,buy_every_session,2025-02-14,0.004077139478941838,0.02,-0.015922860521058162,112.2707394795451
2025-02-18,6138.25,6157.75,6118.25,6146.75,True,False,False,0.001384759499857502,5719.825700683594,True,buy_every_session,2025-02-18,0.1384759499857502,0.02,0.11847594998575019,112.38921542953085
2025-02-19,6143.75,6166.5,6129.25,6163.0,True,False,False,0.0031332655137334964,5725.183200683594,True,buy_every_session,2025-02-19,0.31332655137334964,0.02,0.2933265513733496,112.6825419809042
2025-02-20,6153.75,6159.5,6102.75,6136.5,False,True,False,-0.0028031687995124788,5730.0919506835935,True,buy_every_session,2025-02-20,-0.2803168799512479,0.02,-0.3003168799512479,112.38222510095295
2025-02-21,6132.5,6142.5,6024.5,6029.0,False,True,False,-0.01687729311047692,5734.204450683594,True,buy_every_session,2025-02-21,-1.687729311047692,0.02,-1.707729311047692,110.67449578990527
2025-02-24,6040.75,6067.5,5994.5,6000.75,False,True,False,-0.006621694326035654,5738.139450683594,True,buy_every_session,2025-02-24,-0.6621694326035654,0.02,-0.6821694326035654,109.99232635730169
2025-02-25,6006.5,6016.0,5924.0,5970.0,False,True,False,-0.006076750187297142,5741.925700683594,True,buy_every_session,2025-02-25,-0.6076750187297142,0.02,-0.6276750187297142,109.36465133857197
2025-02-26,5982.0,6023.75,5945.5,5970.75,False,True,False,-0.0018806419257773044,5745.584450683594,True,buy_every_session,2025-02-26,-0.18806419257773044,0.02,-0.20806419257773043,109.15658714599424
2025-02-27,5980.0,6014.5,5873.0,5876.25,False,True,False,-0.017349498327759227,5748.734450683593,True,buy_every_session,2025-02-27,-1.7349498327759227,0.02,-1.7549498327759228,107.40163731321832
2025-02-28,5883.0,5971.0,5848.0,5963.25,True,False,False,0.01364099949005615,5752.323200683593,True,buy_every_session,2025-02-28,1.364099949005615,0.02,1.344099949005615,108.74573726222393
2025-03-03,5967.5,6000.5,5821.75,5860.75,False,True,False,-0.017888563049853423,5755.2794506835935,True,buy_every_session,2025-03-03,-1.7888563049853423,0.02,-1.8088563049853423,106.93688095723859
2025-03-04,5874.0,5884.0,5744.0,5789.5,False,True,False,-0.014385427306775611,5757.561950683594,True,buy_every_session,2025-03-04,-1.438542730677561,0.02,-1.4585427306775611,105.47833822656102
2025-03-05,5832.0,5869.5,5750.75,5851.25,True,False,False,0.003300754458161803,5760.2169506835935,True,buy_every_session,2025-03-05,0.3300754458161803,0.02,0.3100754458161803,105.7884136723772
2025-03-06,5844.75,5853.5,5720.0,5746.25,False,True,False,-0.016852731083450978,5762.311950683594,True,buy_every_session,2025-03-06,-1.6852731083450978,0.02,-1.7052731083450978,104.0831405640321
2025-03-07,5766.0,5791.0,5673.0,5776.0,True,False,False,0.001734304543877796,5764.533200683593,True,buy_every_session,2025-03-07,0.1734304543877796,0.02,0.1534304543877796,104.23657101841988
2025-03-10,5753.0,5757.75,5571.5,5620.75,False,True,False,-0.022988006257604776,5765.910700683594,True,buy_every_session,2025-03-10,-2.2988006257604776,0.02,-2.3188006257604776,101.9177703926594
2025-03-11,5622.0,5651.75,5534.0,5577.0,False,True,False,-0.008004268943436532,5767.155700683594,True,buy_every_session,2025-03-11,-0.8004268943436532,0.02,-0.8204268943436532,101.09734349831575
2025-03-12,5580.0,5675.0,5550.25,5604.75,True,False,False,0.004435483870967705,5768.753200683594,True,buy_every_session,2025-03-12,0.44354838709677047,0.02,0.42354838709677045,101.52089188541252
2025-03-13,5596.5,5623.0,5509.25,5527.5,False,True,False,-0.01232913428035376,5769.783200683593,True,buy_every_session,2025-03-13,-1.232913428035376,0.02,-1.252913428035376,100.26797845737715
2025-03-14,5540.0,5648.75,5538.75,5640.0,True,False,False,0.018050541516245522,5771.359450683593,True,buy_every_session,2025-03-14,1.8050541516245522,0.02,1.7850541516245522,102.0530326090017
2025-03-17,5626.75,5707.5,5599.0,5680.25,True,False,False,0.009508153019060828,5773.340700683594,True,buy_every_session,2025-03-17,0.9508153019060828,0.02,0.9308153019060827,102.98384791090778
2025-03-18,5680.0,5686.25,5600.0,5618.0,False,True,False,-0.01091549295774652,5775.165700683594,True,buy_every_session,2025-03-18,-1.091549295774652,0.02,-1.111549295774652,101.87229861513313
2025-03-19,5618.5,5718.5,5606.25,5678.5,True,False,False,0.010679006852362782,5777.080700683594,True,buy_every_session,2025-03-19,1.0679006852362782,0.02,1.0479006852362782,102.9201993003694
2025-03-20,5680.0,5714.25,5631.5,5662.5,False,True,False,-0.0030809859154929953,5778.906950683594,True,buy_every_session,2025-03-20,-0.3080985915492995,0.02,-0.32809859154929955,102.5921007088201
2025-03-21,5664.0,5674.25,5597.5,5617.7998046875,False,True,False,-0.008156814144156033,5780.475949707031,True,buy_every_session,2025-03-21,-0.8156814144156033,0.02,-0.8356814144156033,101.7564192944045
2025-03-24,5740.0,5825.5,5739.0,5815.5,True,False,False,0.01315331010452958,5782.723449707031,True,buy_every_session,2025-03-24,1.315331010452958,0.02,1.295331010452958,103.05175030485745
2025-03-25,5813.0,5837.25,5802.25,5826.5,True,False,False,0.002322380870462659,5785.035949707031,True,buy_every_session,2025-03-25,0.23223808704626592,0.02,0.21223808704626593,103.26398839190371
2025-03-26,5831.0,5836.5,5743.0,5759.5,False,True,False,-0.012262047676213306,5787.054699707031,True,buy_every_session,2025-03-26,-1.2262047676213306,0.02,-1.2462047676213306,102.01778362428237
2025-03-27,5737.25,5779.75,5720.0,5739.25,True,False,False,0.00034859906749740155,5788.894699707032,True,buy_every_session,2025-03-27,0.034859906749740155,0.02,0.014859906749740154,102.03264353103211
2025-03-28,5741.75,5747.75,5602.25,5623.0,False,True,False,-0.020681847868681102,5790.089699707031,True,buy_every_session,2025-03-28,-2.0681847868681102,0.02,-2.0881847868681103,99.944458744164
2025-03-31,5590.0,5672.75,5533.75,5653.25,True,False,False,0.011314847942754946,5791.218449707031,True,buy_every_session,2025-03-31,1.1314847942754946,0.02,1.1114847942754946,101.0559435384395
2025-04-01,5644.25,5694.75,5600.25,5674.5,True,False,False,0.005359436594764677,5792.398449707031,True,buy_every_session,2025-04-01,0.5359436594764677,0.02,0.5159436594764677,101.57188719791596
2025-04-02,5672.0,5773.25,5566.25,5712.25,True,False,False,0.007096262341325765,5793.772199707031,True,buy_every_session,2025-04-02,0.7096262341325765,0.02,0.6896262341325765,102.26151343204853
2025-04-03,5550.5,5564.75,5415.25,5432.75,False,True,False,-0.021214305017565938,5793.543449707031,True,buy_every_session,2025-04-03,-2.1214305017565938,0.02,-2.1414305017565938,100.12008293029194
2025-04-04,5423.0,5435.0,5074.0,5110.25,False,True,False,-0.0576710307947631,5791.6396997070315,True,buy_every_session,2025-04-04,-5.7671030794763105,0.02,-5.78710307947631,94.33297985081563
2025-04-07,5007.0,5286.5,4832.0,5097.25,True,False,False,0.018024765328540138,5789.742199707031,True,buy_every_session,2025-04-07,1.8024765328540138,0.02,1.7824765328540138,96.11545638366965
2025-04-08,5126.5,5305.25,4940.5,5020.25,False,True,False,-0.020725641275724183,5787.483999023438,True,buy_every_session,2025-04-08,-2.0725641275724183,0.02,-2.0925641275724183,94.02289225609724
2025-04-09,5006.25,5520.0,4871.75,5491.0,True,False,False,0.09682896379525596,5787.353999023438,True,buy_every_session,2025-04-09,9.682896379525596,0.02,9.662896379525597,103.68578863562283
2025-04-10,5502.5,5528.75,5146.75,5302.0,False,True,False,-0.036437982735120444,5786.178999023437,True,buy_every_session,2025-04-10,-3.6437982735120444,0.02,-3.6637982735120445,100.02199036211078
2025-04-11,5299.25,5418.25,5206.0,5391.25,True,False,False,0.01736094730386384,5785.417749023438,True,buy_every_session,2025-04-11,1.7360947303863838,0.02,1.7160947303863838,101.73808509249717
2025-04-14,5452.5,5497.75,5391.0,5440.75,False,True,False,-0.0021549747822100507,5784.891499023437,True,buy_every_session,2025-04-14,-0.21549747822100507,0.02,-0.23549747822100506,101.50258761427617
2025-04-15,5431.75,5485.0,5413.0,5428.25,False,True,False,-0.0006443595526303136,5784.425249023438,True,buy_every_session,2025-04-15,-0.06443595526303136,0.02,-0.08443595526303137,101.41815165901313
2025-04-16,5403.75,5425.0,5251.0,5305.75,False,True,False,-0.0181355540134166,5783.285249023437,True,buy_every_session,2025-04-16,-1.81355540134166,0.02,-1.83355540134166,99.58459625767148
2025-04-17,5308.0,5371.25,5285.5,5312.75,True,False,False,0.0008948756593820661,5782.0052490234375,True,buy_every_session,2025-04-17,0.08948756593820661,0.02,0.06948756593820661,99.65408382360968
2025-04-21,5283.75,5306.75,5127.25,5184.75,False,True,False,-0.01873669268985101,5779.977749023437,True,buy_every_session,2025-04-21,-1.8736692689851009,0.02,-1.893669268985101,97.76041455462457
2025-04-22,5182.5,5339.25,5171.75,5314.75,True,False,False,0.02551857211770381,5778.443999023438,True,buy_every_session,2025-04-22,2.551857211770381,0.02,2.531857211770381,100.29227176639496
2025-04-23,5379.75,5499.75,5377.75,5401.75,True,False,False,0.0040894093591710146,5777.3264990234375,True,buy_every_session,2025-04-23,0.40894093591710146,0.02,0.38894093591710144,100.68121270231207
2025-04-24,5409.0,5541.5,5355.25,5511.25,True,False,False,0.01890367905342938,5776.726499023437,True,buy_every_session,2025-04-24,1.8903679053429379,0.02,1.8703679053429378,102.551580607655
2025-04-25,5529.0,5562.25,5480.25,5549.75,True,False,False,0.0037529390486525926,5776.035249023437,True,buy_every_session,2025-04-25,0.37529390486525926,0.02,0.35529390486525925,102.90687451252026
2025-04-28,5544.0,5578.75,5492.0,5553.0,True,False,False,0.0016233766233766378,5775.601499023437,True,buy_every_session,2025-04-28,0.16233766233766378,0.02,0.1423376623376638,103.04921217485793
2025-04-29,5543.0,5597.25,5521.5,5583.75,True,False,False,0.007351614649107052,5775.196499023437,True,buy_every_session,2025-04-29,0.7351614649107052,0.02,0.7151614649107052,103.76437363976864
2025-04-30,5579.5,5626.25,5455.5,5587.0,True,False,False,0.0013442064701139067,5774.716499023438,True,buy_every_session,2025-04-30,0.13442064701139067,0.02,0.11442064701139067,103.87879428678002
2025-05-01,5617.5,5682.5,5601.75,5623.25,True,False,False,0.0010235870048953544,5774.2464990234375,True,buy_every_session,2025-05-01,0.10235870048953544,0.02,0.08235870048953543,103.96115298726956
2025-05-02,5608.5,5724.75,5601.0,5709.0,True,False,False,0.017919229740572362,5774.596499023438,True,buy_every_session,2025-05-02,1.7919229740572362,0.02,1.7719229740572362,105.73307596132679
2025-05-05,5705.0,5706.25,5655.25,5671.75,False,True,False,-0.005828220858895672,5774.9827490234375,True,buy_every_session,2025-05-05,-0.5828220858895672,0.02,-0.6028220858895672,105.13025387543722
2025-05-06,5666.25,5673.25,5605.0,5625.75,False,True,False,-0.0071475843812045525,5775.342749023437,True,buy_every_session,2025-05-06,-0.7147584381204553,0.02,-0.7347584381204553,104.39549543731677
2025-05-07,5608.5,5689.75,5596.0,5652.0,True,False,False,0.0077560845145761,5775.548999023437,True,buy_every_session,2025-05-07,0.77560845145761,0.02,0.75560845145761,105.15110388877437
2025-05-08,5643.25,5741.0,5636.5,5684.5,True,False,False,0.007309617684844616,5775.975249023438,True,buy_every_session,2025-05-08,0.7309617684844616,0.02,0.7109617684844616,105.86206565725884
2025-05-09,5688.5,5715.25,5662.5,5678.0,False,True,False,-0.001845829304737645,5777.0052490234375,True,buy_every_session,2025-05-09,-0.1845829304737645,0.02,-0.2045829304737645,105.65748272678508
2025-05-12,5761.0,5876.25,5734.25,5865.0,True,False,False,0.018052421454608503,5779.123999023437,True,buy_every_session,2025-05-12,1.8052421454608503,0.02,1.7852421454608502,107.44272487224593
2025-05-13,5868.0,5927.0,5835.75,5904.5,True,False,False,0.006220177232447277,5781.151499023437,True,buy_every_session,2025-05-13,0.6220177232447277,0.02,0.6020177232447277,108.04474259549066
2025-05-14,5902.0,5925.0,5890.0,5908.5,True,False,False,0.0011013215859030367,5783.178999023437,True,buy_every_session,2025-05-14,0.11013215859030367,0.02,0.09013215859030367,108.13487475408097
2025-05-15,5904.0,5944.5,5867.0,5933.25,True,False,False,0.004954268292682862,5785.4827490234375,True,buy_every_session,2025-05-15,0.4954268292682862,0.02,0.47542682926828617,108.61030158334925
2025-05-16,5935.0,5977.5,5923.0,5975.5,True,False,False,0.0068239258635214295,5787.570249023437,True,buy_every_session,2025-05-16,0.682392586352143,0.02,0.6623925863521429,109.2726941697014
2025-05-19,5930.25,5987.5,5892.75,5982.5,True,False,False,0.008810758399730112,5790.081499023438,True,buy_every_session,2025-05-19,0.8810758399730112,0.02,0.8610758399730112,110.13377000967441
2025-05-20,5980.0,5993.5,5926.75,5959.75,False,True,False,-0.0033862876254180385,5793.000249023437,True,buy_every_session,2025-05-20,-0.33862876254180385,0.02,-0.35862876254180387,109.77514124713261
2025-05-21,5953.5,5958.25,5847.75,5861.25,False,True,False,-0.015495086923658308,5796.218999023437,True,buy_every_session,2025-05-21,-1.5495086923658308,0.02,-1.5695086923658308,108.20563255476678
2025-05-22,5858.0,5895.0,5828.75,5856.75,False,True,False,-0.0002133834073062557,5799.171499023438,True,buy_every_session,2025-05-22,-0.02133834073062557,0.02,-0.041338340730625575,108.16429421403616
2025-05-23,5869.25,5872.0,5756.5,5817.0,False,True,False,-0.008902329939941223,5802.118999023438,True,buy_every_session,2025-05-23,-0.8902329939941223,0.02,-0.9102329939941223,107.25406122004203
2025-05-27,5820.0,5941.75,5813.0,5934.25,True,False,False,0.019630584192439793,5805.048999023437,True,buy_every_session,2025-05-27,1.9630584192439793,0.02,1.9430584192439793,109.19711963928602
2025-05-28,5940.75,5952.5,5890.0,5902.75,False,True,False,-0.006396498758574287,5807.711499023438,True,buy_every_session,2025-05-28,-0.6396498758574287,0.02,-0.6596498758574287,108.53746976342859
2025-05-29,5923.5,6008.0,5884.0,5922.75,False,True,False,-0.00012661433274241407,5810.476499023437,True,buy_every_session,2025-05-29,-0.012661433274241407,0.02,-0.03266143327424141,108.50480833015435
2025-05-30,5912.25,5932.75,5853.25,5916.0,True,False,False,0.0006342762907523003,5812.761499023438,True,buy_every_session,2025-05-30,0.06342762907523003,0.02,0.043427629075230026,108.54823595922957
2025-06-02,5898.75,5955.5,5867.5,5947.25,True,False,False,0.008222080949353616,5815.112749023438,True,buy_every_session,2025-06-02,0.8222080949353616,0.02,0.8022080949353616,109.35044405416494
2025-06-03,5949.0,5991.25,5909.25,5981.5,True,False,False,0.005463103042528061,5817.182749023437,True,buy_every_session,2025-06-03,0.5463103042528061,0.02,0.5263103042528061,109.87675435841774
2025-06-04,5980.0,5999.0,5974.0,5981.0,True,False,False,0.0001672240802674807,5819.196499023437,True,buy_every_session,2025-06-04,0.01672240802674807,0.02,-0.0032775919732519303,109.87347676644448
2025-06-05,5974.25,6016.5,5928.75,5946.0,False,True,False,-0.004728627024312648,5820.776499023437,True,buy_every_session,2025-06-05,-0.4728627024312648,0.02,-0.49286270243126484,109.38061406401322
2025-06-06,5931.75,6025.0,5930.0,6006.75,True,False,False,0.012643823492224149,5822.711499023438,True,buy_every_session,2025-06-06,1.2643823492224149,0.02,1.2443823492224149,110.62499641323564
2025-06-09,6010.0,6027.75,5992.25,6010.25,True,False,False,4.1597337770316045e-05,5824.555249023438,True,buy_every_session,2025-06-09,0.0041597337770316045,0.02,-0.015840266222968396,110.60915614701267
2025-06-10,6012.25,6049.5,5991.25,6045.0,True,False,False,0.005447211942284591,5826.810249023438,True,buy_every_session,2025-06-10,0.5447211942284591,0.02,0.5247211942284591,111.13387734124113
2025-06-11,6038.75,6074.75,6006.25,6029.0,False,True,False,-0.0016145725522666021,5828.6927490234375,True,buy_every_session,2025-06-11,-0.1614572552266602,0.02,-0.1814572552266602,110.95242008601447
2025-06-12,6022.25,6051.25,5987.75,6049.5,True,False,False,0.004524886877828038,5830.7552490234375,True,buy_every_session,2025-06-12,0.4524886877828038,0.02,0.4324886877828038,111.38490877379728
2025-06-13,6045.0,6045.0,5927.5,5979.25,False,True,False,-0.010876757650951197,5832.427749023437,True,buy_every_session,2025-06-13,-1.0876757650951197,0.02,-1.1076757650951197,110.27723300870215
2025-06-16,5949.0,6055.25,5944.0,6035.75,True,False,False,0.014582282736594454,5834.555249023438,True,buy_every_session,2025-06-16,1.4582282736594454,0.02,1.4382282736594454,111.7154612823616
2025-06-17,6038.5,6040.5,5976.75,5985.0,False,True,False,-0.008859816179514812,5836.430249023438,True,buy_every_session,2025-06-17,-0.8859816179514812,0.02,-0.9059816179514812,110.80947966441012
2025-06-18,5977.25,6020.75,5964.75,5981.5,True,False,False,0.0007110293195031758,5838.032749023438,True,buy_every_session,2025-06-18,0.07110293195031758,0.02,0.05110293195031758,110.86058259636043
2025-06-20,5984.0,6019.25,5918.25,6010.2099609375,True,False,False,0.004380006841159689,5840.375048828125,True,buy_every_session,2025-06-20,0.43800068411596893,0.02,0.4180006841159689,111.2785832804764
2025-06-23,5964.0,6081.5,5959.0,6077.0,True,False,False,0.018947015425888614,5843.110048828125,True,buy_every_session,2025-06-23,1.8947015425888614,0.02,1.8747015425888613,113.15328482306526
2025-06-24,6078.0,6155.25,6075.25,6146.25,True,False,False,0.011229022704837055,5846.280048828125,True,buy_every_session,2025-06-24,1.1229022704837055,0.02,1.1029022704837055,114.25618709354897
2025-06-25,6144.75,6160.25,6130.75,6147.0,True,False,False,0.00036616623947272053,5849.917548828125,True,buy_every_session,2025-06-25,0.03661662394727205,0.02,0.016616623947272053,114.27280371749625
2025-06-26,6144.75,6200.0,6141.25,6195.0,True,False,False,0.008177712681557425,5853.495048828125,True,buy_every_session,2025-06-26,0.8177712681557425,0.02,0.7977712681557425,115.07057498565199
2025-06-27,6197.5,6239.0,6183.25,6223.75,True,False,False,0.004235578862444633,5857.093798828125,True,buy_every_session,2025-06-27,0.42355788624446333,0.02,0.4035578862444633,115.47413287189644
2025-06-30,6223.25,6265.5,6223.25,6253.75,True,False,False,0.004900976178042082,5860.556298828125,True,buy_every_session,2025-06-30,0.49009761780420824,0.02,0.4700976178042082,115.94423048970066
2025-07-01,6245.75,6261.5,6227.25,6248.75,True,False,False,0.0004803266221029556,5863.788798828125,True,buy_every_session,2025-07-01,0.04803266221029556,0.02,0.028032662210295562,115.97226315191095
2025-07-02,6247.75,6279.5,6235.5,6275.0,True,False,False,0.00436157016525951,5867.015048828125,True,buy_every_session,2025-07-02,0.43615701652595096,0.02,0.41615701652595094,116.38842016843691
2025-07-03,6276.5,6333.25,6270.5,6324.25,True,False,False,0.007607743168963621,5870.446298828125,True,buy_every_session,2025-07-03,0.7607743168963621,0.02,0.7407743168963621,117.12919448533327
2025-07-04,6320.75,6322.75,6276.5,6283.5,False,True,False,-0.005893287980065609,5873.668798828125,True,buy_every_session,2025-07-04,-0.5893287980065609,0.02,-0.6093287980065609,116.51986568732671
2025-07-07,6307.75,6315.0,6246.25,6276.0,False,True,False,-0.0050334905473425895,5876.945048828125,True,buy_every_session,2025-07-07,-0.503349054734259,0.02,-0.523349054734259,115.99651663259246
2025-07-08,6262.5,6289.0,6254.5,6272.0,True,False,False,0.0015169660678642227,5879.716298828125,True,buy_every_session,2025-07-08,0.15169660678642227,0.02,0.13169660678642228,116.12821323937888
2025-07-09,6272.0,6315.25,6260.0,6307.25,True,False,False,0.005620216836734748,5882.75259765625,True,buy_every_session,2025-07-09,0.5620216836734748,0.02,0.5420216836734748,116.67023492305235
2025-07-10,6306.0,6335.5,6287.5,6324.25,True,False,False,0.0028940691405010543,5885.49009765625,True,buy_every_session,2025-07-10,0.28940691405010543,0.02,0.2694069140501054,116.93964183710246
2025-07-11,6323.0,6330.25,6276.75,6300.0,False,True,False,-0.0036375138383678562,5888.03009765625,True,buy_every_session,2025-07-11,-0.3637513838367856,0.02,-0.38375138383678564,116.55589045326568
2025-07-14,6274.0,6315.0,6259.75,6311.0,True,False,False,0.00589735416002557,5890.69009765625,True,buy_every_session,2025-07-14,0.589735416002557,0.02,0.569735416002557,117.12562586926823
2025-07-15,6309.5,6343.0,6272.5,6284.0,False,True,False,-0.004041524684998854,5893.08759765625,True,buy_every_session,2025-07-15,-0.4041524684998854,0.02,-0.4241524684998854,116.70147340076835
2025-07-16,6273.75,6308.75,6241.0,6303.25,True,False,False,0.004702131898784545,5895.64759765625,True,buy_every_session,2025-07-16,0.4702131898784545,0.02,0.4502131898784545,117.1516865906468
2025-07-17,6299.25,6345.5,6288.25,6340.5,True,False,False,0.006548398618883233,5898.27884765625,True,buy_every_session,2025-07-17,0.6548398618883233,0.02,0.6348398618883233,117.78652645253513
2025-07-18,6342.5,6357.0,6323.25,6334.75,False,True,False,-0.001221915648403571,5901.15384765625,True,buy_every_session,2025-07-18,-0.12219156484035709,0.02,-0.14219156484035708,117.64433488769477
2025-07-21,6335.75,6374.0,6329.75,6344.75,True,False,False,0.0014205105946414331,5904.07634765625,True,buy_every_session,2025-07-21,0.14205105946414331,0.02,0.12205105946414331,117.76638594715891
2025-07-22,6347.0,6353.75,6318.75,6346.75,False,True,False,-3.938868756891978e-05,5907.06259765625,True,buy_every_session,2025-07-22,-0.003938868756891978,0.02,-0.023938868756891978,117.74244707840202
2025-07-23,6346.5,6407.25,6342.75,6396.25,True,False,False,0.007838966359410726,5910.04384765625,True,buy_every_session,2025-07-23,0.7838966359410726,0.02,0.7638966359410726,118.50634371434309
2025-07-24,6404.0,6418.25,6391.5,6401.5,False,True,False,-0.0003903810118676132,5913.32759765625,True,buy_every_session,2025-07-24,-0.03903810118676132,0.02,-0.059038101186761324,118.44730561315633
2025-07-25,6406.75,6431.0,6401.0,6425.0,True,False,False,0.0028485581613142408,5916.45009765625,True,buy_every_session,2025-07-25,0.2848558161314241,0.02,0.26485581613142406,118.71216142928776
2025-07-28,6450.0,6457.75,6408.75,6422.75,False,True,False,-0.004224806201550413,5919.35759765625,True,buy_every_session,2025-07-28,-0.4224806201550413,0.02,-0.4424806201550413,118.26968080913272
2025-07-29,6424.25,6442.5,6396.25,6406.0,False,True,False,-0.002840798536794198,5922.24259765625,True,buy_every_session,2025-07-29,-0.2840798536794198,0.02,-0.3040798536794198,117.9656009554533
2025-07-30,6404.0,6435.25,6366.75,6396.25,False,True,False,-0.001210181136789501,5924.92509765625,True,buy_every_session,2025-07-30,-0.1210181136789501,0.02,-0.1410181136789501,117.82458284177434
2025-07-31,6435.5,6468.5,6357.5,6374.25,False,True,False,-0.00951752000621553,5927.25509765625,True,buy_every_session,2025-07-31,-0.951752000621553,0.02,-0.971752000621553,116.8528308411528
2025-08-01,6359.5,6373.5,6239.5,6264.5,False,True,False,-0.014938281311423829,5929.26384765625,True,buy_every_session,2025-08-01,-1.4938281311423829,0.02,-1.513828131142383,115.3390027100104
2025-08-04,6257.0,6370.0,6251.25,6356.0,True,False,False,0.015822279047466914,5931.60884765625,True,buy_every_session,2025-08-04,1.5822279047466914,0.02,1.5622279047466914,116.9012306147571
2025-08-05,6370.0,6377.5,6315.5,6325.25,False,True,False,-0.007025117739403508,5933.80009765625,True,buy_every_session,2025-08-05,-0.7025117739403508,0.02,-0.7225117739403508,116.17871884081674
2025-08-06,6323.0,6379.5,6313.25,6371.0,True,False,False,0.007591333227898067,5936.12509765625,True,buy_every_session,2025-08-06,0.7591333227898067,0.02,0.7391333227898067,116.91785216360655
2025-08-07,6371.0,6426.75,6334.5,6366.5,False,True,False,-0.0007063255375922006,5938.47634765625,True,buy_every_session,2025-08-07,-0.07063255375922006,0.02,-0.09063255375922007,116.82721960984733
2025-08-08,6372.5,6425.75,6369.25,6413.5,True,False,False,0.006433895645351129,5941.08134765625,True,buy_every_session,2025-08-08,0.6433895645351129,0.02,0.6233895645351129,117.45060917438245
2025-08-11,6422.75,6431.5,6387.5,6399.75,False,True,False,-0.0035810205908684,5943.89134765625,True,buy_every_session,2025-08-11,-0.35810205908684,0.02,-0.37810205908684,117.07250711529561
2025-08-12,6396.0,6470.0,6391.25,6468.5,True,False,False,0.011335209505941135,5946.98884765625,True,buy_every_session,2025-08-12,1.1335209505941135,0.02,1.1135209505941135,118.18602806588972
2025-08-13,6468.0,6502.5,6461.0,6488.75,True,False,False,0.003208101422387033,5950.20259765625,True,buy_every_session,2025-08-13,0.3208101422387033,0.02,0.3008101422387033,118.48683820812842
2025-08-14,6485.0,6496.0,6453.25,6490.5,True,False,False,0.0008481110254432433,5953.34759765625,True,buy_every_session,2025-08-14,0.08481110254432433,0.02,0.06481110254432433,118.55164931067274
2025-08-15,6489.25,6508.75,6461.5,6471.5,False,True,False,-0.0027352929845513296,5956.35009765625,True,buy_every_session,2025-08-15,-0.27352929845513296,0.02,-0.293529298455133,118.25812001221762
2025-08-18,6467.0,6484.25,6456.0,6469.25,True,False,False,0.0003479202102985024,5959.43634765625,True,buy_every_session,2025-08-18,0.03479202102985024,0.02,0.01479202102985024,118.27291203324747
2025-08-19,6468.5,6477.5,6419.25,6432.5,False,True,False,-0.005565432480482357,5962.90634765625,True,buy_every_session,2025-08-19,-0.5565432480482357,0.02,-0.5765432480482358,117.69636878519923
2025-08-20,6433.0,6438.0,6362.75,6413.25,False,True,False,-0.0030701072594434553,5966.18134765625,True,buy_every_session,2025-08-20,-0.30701072594434553,0.02,-0.32701072594434555,117.36935805925488
2025-08-21,6414.25,6419.0,6370.25,6388.25,False,True,False,-0.0040534746852710635,5969.40634765625,True,buy_every_session,2025-08-21,-0.40534746852710635,0.02,-0.42534746852710636,116.94401059072777
2025-08-22,6392.0,6496.25,6364.0,6483.25,True,False,False,0.014275657071339154,5972.76134765625,True,buy_every_session,2025-08-22,1.4275657071339154,0.02,1.4075657071339154,118.35157629786168
2025-08-25,6493.0,6494.0,6453.0,6455.5,False,True,False,-0.005775450485137834,5975.24759765625,True,buy_every_session,2025-08-25,-0.5775450485137834,0.02,-0.5975450485137834,117.7540312493479
2025-08-26,6460.25,6487.5,6430.75,6482.5,True,False,False,0.0034441391587012316,5977.64134765625,True,buy_every_session,2025-08-26,0.34441391587012316,0.02,0.32441391587012314,118.07844516521803
2025-08-27,6486.75,6505.5,6459.25,6496.0,True,False,False,0.0014259837360774963,5979.99509765625,True,buy_every_session,2025-08-27,0.14259837360774963,0.02,0.12259837360774963,118.20104353882577
2025-08-28,6485.0,6523.0,6471.0,6517.5,True,False,False,0.005011565150347064,5982.42384765625,True,buy_every_session,2025-08-28,0.5011565150347064,0.02,0.48115651503470636,118.68220005386048
2025-08-29,6516.0,6518.0,6455.5,6472.75,False,True,False,-0.006637507673419307,5984.72259765625,True,buy_every_session,2025-08-29,-0.6637507673419307,0.02,-0.6837507673419307,117.99844928651855
2025-09-02,6478.75,6491.5,6371.75,6425.5,False,True,False,-0.008219178082191747,5986.77009765625,True,buy_every_session,2025-09-02,-0.8219178082191747,0.02,-0.8419178082191747,117.15653147829937
2025-09-03,6448.0,6464.25,6425.5,6457.25,True,False,False,0.0014345533498758556,5989.16509765625,True,buy_every_session,2025-09-03,0.14345533498758556,0.02,0.12345533498758555,117.27998681328695
2025-09-04,6460.0,6516.75,6454.5,6510.75,True,False,False,0.007856037151702688,5992.23634765625,True,buy_every_session,2025-09-04,0.7856037151702688,0.02,0.7656037151702688,118.04559052845723
2025-09-05,6515.75,6541.75,6452.0,6489.75,False,True,False,-0.003990331120745871,5995.08509765625,True,buy_every_session,2025-09-05,-0.39903311207458714,0.02,-0.41903311207458716,117.62655741638264
2025-09-08,6483.75,6516.5,6480.25,6506.0,True,False,False,0.0034316560632350335,5997.92134765625,True,buy_every_session,2025-09-08,0.34316560632350335,0.02,0.32316560632350333,117.94972302270614
2025-09-09,6507.75,6536.25,6489.25,6521.75,True,False,False,0.00215128116476504,6000.84134765625,True,buy_every_session,2025-09-09,0.21512811647650398,0.02,0.195128116476504,118.14485113918265
2025-09-10,6532.25,6565.25,6522.5,6539.75,True,False,False,0.0011481495656167073,6003.68759765625,True,buy_every_session,2025-09-10,0.11481495656167073,0.02,0.09481495656167073,118.23966609574433
2025-09-11,6535.75,6600.0,6535.5,6592.5,True,False,False,0.008683012661133027,6006.71509765625,True,buy_every_session,2025-09-11,0.8683012661133027,0.02,0.8483012661133027,119.08796736185762
2025-09-12,6596.25,6606.0,6576.0,6588.25,False,True,False,-0.0012128103088876463,6009.62384765625,True,buy_every_session,2025-09-12,-0.12128103088876463,0.02,-0.14128103088876462,118.94668633096886
2025-09-15,6588.25,6623.5,6585.25,6621.5,True,False,False,0.005046863734679219,6012.54009765625,True,buy_every_session,2025-09-15,0.5046863734679219,0.02,0.48468637346792187,119.43137270443678
2025-09-16,6616.25,6639.0,6604.25,6610.75,False,True,False,-0.0008312866049499101,6015.51884765625,True,buy_every_session,2025-09-16,-0.08312866049499101,0.02,-0.10312866049499102,119.3282440439418
2025-09-17,6613.0,6629.0,6554.0,6601.25,False,True,False,-0.0017768032662937028,6018.26759765625,True,buy_every_session,2025-09-17,-0.17768032662937028,0.02,-0.19768032662937027,119.13056371731243
2025-09-18,6606.0,6662.0,6605.75,6635.0,True,False,False,0.004389948531637877,6021.13384765625,True,buy_every_session,2025-09-18,0.4389948531637877,0.02,0.4189948531637877,119.54955857047621
2025-09-19,6640.0,6660.75,6622.75,6658.77001953125,True,False,False,0.0028268101703690096,6024.111447753906,True,buy_every_session,2025-09-19,0.28268101703690096,0.02,0.26268101703690094,119.8122395875131
2025-09-22,6716.0,6756.75,6695.25,6752.5,True,False,False,0.005434782608695565,6027.381447753906,True,buy_every_session,2025-09-22,0.5434782608695565,0.02,0.5234782608695565,120.33571784838266
2025-09-23,6749.5,6756.5,6701.75,6715.0,False,True,False,-0.005111489739980768,6030.512697753907,True,buy_every_session,2025-09-23,-0.5111489739980768,0.02,-0.5311489739980768,119.80456887438459
2025-09-24,6717.75,6728.75,6678.0,6692.25,False,True,False,-0.0037959138104276535,6033.478947753906,True,buy_every_session,2025-09-24,-0.37959138104276535,0.02,-0.39959138104276537,119.40497749334182
2025-09-25,6697.25,6705.25,6624.25,6659.75,False,True,False,-0.005599313150920104,6036.448947753906,True,buy_every_session,2025-09-25,-0.5599313150920104,0.02,-0.5799313150920105,118.8250461782498
2025-09-26,6662.75,6703.75,6653.25,6696.5,True,False,False,0.005065475967130695,6039.700197753907,True,buy_every_session,2025-09-26,0.5065475967130695,0.02,0.48654759671306946,119.31159377496287
2025-09-29,6697.0,6736.0,6696.25,6713.5,True,False,False,0.0024637897566073264,6042.803947753906,True,buy_every_session,2025-09-29,0.24637897566073264,0.02,0.22637897566073265,119.53797275062361
2025-09-30,6708.0,6743.5,6693.0,6738.75,True,False,False,0.00458407871198574,6046.193947753906,True,buy_every_session,2025-09-30,0.45840787119857396,0.02,0.43840787119857394,119.97638062182219
2025-10-01,6725.5,6769.5,6680.0,6761.5,True,False,False,0.005352761876440404,6049.723947753906,True,buy_every_session,2025-10-01,0.5352761876440404,0.02,0.5152761876440404,120.49165680946622
2025-10-02,6757.0,6782.25,6741.5,6766.75,True,False,False,0.001442948053870019,6053.155197753907,True,buy_every_session,2025-10-02,0.1442948053870019,0.02,0.1242948053870019,120.61595161485322
2025-10-03,6764.75,6800.0,6754.0,6764.0,False,True,False,-0.00011086884215971704,6056.706447753906,True,buy_every_session,2025-10-03,-0.011086884215971704,0.02,-0.031086884215971704,120.58486473063725
2025-10-06,6768.0,6797.75,6766.5,6788.75,True,False,False,0.0030658983451536947,6061.2889477539065,True,buy_every_session,2025-10-06,0.3065898345153695,0.02,0.28658983451536946,120.87145456515262
2025-10-07,6789.5,6802.75,6747.25,6761.5,False,True,False,-0.004124015023197591,6065.752697753906,True,buy_every_session,2025-10-07,-0.41240150231975914,0.02,-0.43240150231975916,120.43905306283285
2025-10-08,6766.0,6807.75,6758.25,6801.25,True,False,False,0.0052098728938811956,6070.557648925781,True,buy_every_session,2025-10-08,0.5209872893881196,0.02,0.5009872893881195,120.94004035222098
2025-10-09,6802.75,6812.25,6760.75,6779.25,False,True,False,-0.0034544853184373947,6074.273898925781,True,buy_every_session,2025-10-09,-0.34544853184373947,0.02,-0.3654485318437395,120.57459182037724
2025-10-10,6779.5,6806.5,6540.25,6595.25,False,True,False,-0.027177520466111105,6076.760148925781,True,buy_every_session,2025-10-10,-2.7177520466111105,0.02,-2.7377520466111105,117.83683977376613
2025-10-13,6632.0,6711.5,6632.0,6694.75,True,False,False,0.009461700844390908,6079.757648925781,True,buy_every_session,2025-10-13,0.9461700844390908,0.02,0.9261700844390908,118.76300985820522
2025-10-14,6691.0,6722.5,6593.25,6686.5,False,True,False,-0.0006725452099836104,6083.055148925781,True,buy_every_session,2025-10-14,-0.06725452099836104,0.02,-0.08725452099836105,118.67575533720687
2025-10-15,6684.25,6766.75,6651.5,6715.0,True,False,False,0.004600366533268563,6086.836398925781,True,buy_every_session,2025-10-15,0.4600366533268563,0.02,0.44003665332685626,119.11579199053372
2025-10-16,6715.25,6750.5,6632.0,6668.75,False,True,False,-0.00692453743345367,6090.501398925781,True,buy_every_session,2025-10-16,-0.692453743345367,0.02,-0.712453743345367,118.40333824718836
2025-10-17,6659.25,6718.0,6571.25,6702.5,True,False,False,0.006494725381987365,6094.431398925782,True,buy_every_session,2025-10-17,0.6494725381987365,0.02,0.6294725381987365,119.0328107853871
2025-10-20,6721.0,6783.0,6694.0,6773.75,True,False,False,0.007848534444279132,6098.352648925781,True,buy_every_session,2025-10-20,0.7848534444279132,0.02,0.7648534444279131,119.79766422981501
2025-10-21,6779.5,6789.75,6759.25,6773.25,False,True,False,-0.0009218968950512885,6102.116398925781,True,buy_every_session,2025-10-21,-0.09218968950512885,0.02,-0.11218968950512885,119.68547454030988
2025-10-22,6776.0,6788.75,6690.75,6737.0,False,True,False,-0.005755608028335302,6106.030148925781,True,buy_every_session,2025-10-22,-0.5755608028335302,0.02,-0.5955608028335302,119.08991373747635
2025-10-23,6733.5,6785.75,6717.5,6775.0,True,False,False,0.00616321378183704,6110.108898925781,True,buy_every_session,2025-10-23,0.616321378183704,0.02,0.596321378183704,119.68623511566005
2025-10-24,6778.25,6841.25,6776.5,6827.0,True,False,False,0.007192121860362111,6114.5201489257815,True,buy_every_session,2025-10-24,0.7192121860362111,0.02,0.699212186036211,120.38544730169626
2025-10-27,6881.0,6916.25,6865.75,6908.25,True,False,False,0.003960180206365349,6119.730148925782,True,buy_every_session,2025-10-27,0.3960180206365349,0.02,0.3760180206365349,120.7614653223328
2025-10-28,6914.0,6944.75,6901.5,6925.75,True,False,False,0.0016994503905121139,6124.986398925781,True,buy_every_session,2025-10-28,0.1699450390512114,0.02,0.1499450390512114,120.91141036138401
2025-10-29,6929.25,6952.0,6882.25,6922.75,False,True,False,-0.000938052458779759,6130.188898925781,True,buy_every_session,2025-10-29,-0.0938052458779759,0.02,-0.1138052458779759,120.79760511550604
2025-10-30,6906.5,6953.75,6851.0,6855.5,False,True,False,-0.007384348077897673,6134.521398925781,True,buy_every_session,2025-10-30,-0.7384348077897673,0.02,-0.7584348077897674,120.03917030771628
2025-10-31,6897.0,6918.5,6843.5,6874.0,False,True,False,-0.0033347832390894228,6139.013898925781,True,buy_every_session,2025-10-31,-0.3334783239089423,0.02,-0.3534783239089423,119.68569198380733
2025-11-03,6878.0,6909.5,6849.5,6882.75,True,False,False,0.0006906077348065587,6143.260148925781,True,buy_every_session,2025-11-03,0.06906077348065587,0.02,0.049060773480655864,119.73475275728799
2025-11-04,6884.0,6884.0,6786.25,6801.75,False,True,False,-0.011947995351539786,6146.847648925781,True,buy_every_session,2025-11-04,-1.1947995351539786,0.02,-1.2147995351539786,118.51995322213402
2025-11-05,6801.0,6857.75,6748.5,6825.25,True,False,False,0.00356565210998383,6150.371398925781,True,buy_every_session,2025-11-05,0.356565210998383,0.02,0.336565210998383,118.85651843313241
2025-11-06,6828.5,6843.5,6733.5,6747.5,False,True,False,-0.01186204876620045,6153.348898925781,True,buy_every_session,2025-11-06,-1.186204876620045,0.02,-1.206204876620045,117.65031355651236
2025-11-07,6763.0,6772.0,6655.5,6753.75,False,True,False,-0.0013677362117403558,6156.451398925781,True,buy_every_session,2025-11-07,-0.13677362117403558,0.02,-0.15677362117403557,117.49353993533832
2025-11-10,6788.0,6865.75,6772.0,6856.75,True,False,False,0.01012816735415445,6160.501398925781,True,buy_every_session,2025-11-10,1.012816735415445,0.02,0.9928167354154449,118.48635667075376
2025-11-11,6857.25,6880.0,6830.5,6871.5,True,False,False,0.0020780925298042874,6164.373898925781,True,buy_every_session,2025-11-11,0.20780925298042874,0.02,0.18780925298042875,118.6741659237342
2025-11-12,6874.0,6900.5,6852.0,6875.75,True,False,False,0.0002545824847250966,6168.415148925781,True,buy_every_session,2025-11-12,0.02545824847250966,0.02,0.005458248472509659,118.6796241722067
2025-11-13,6873.25,6892.5,6746.0,6760.0,False,True,False,-0.016476921398174027,6171.718898925781,True,buy_every_session,2025-11-13,-1.6476921398174027,0.02,-1.6676921398174027,117.0119320323893
2025-11-14,6762.75,6795.5,6670.5,6755.25,False,True,False,-0.0011090163025396782,6175.158898925782,True,buy_every_session,2025-11-14,-0.11090163025396782,0.02,-0.1309016302539678,116.88103040213532
2025-11-17,6764.75,6801.5,6658.5,6692.0,False,True,False,-0.01075427768949333,6178.507648925781,True,buy_every_session,2025-11-17,-1.075427768949333,0.02,-1.095427768949333,115.78560263318599
2025-11-18,6696.5,6708.75,6594.0,6639.75,False,True,False,-0.008474576271186418,6181.391398925782,True,buy_every_session,2025-11-18,-0.8474576271186418,0.02,-0.8674576271186418,114.91814500606735
2025-11-19,6630.75,6709.0,6613.25,6661.5,True,False,False,0.004637484447460594,6184.266398925782,True,buy_every_session,2025-11-19,0.46374844474605936,0.02,0.44374844474605935,115.36189345081341
2025-11-20,6697.5,6791.25,6550.5,6557.5,False,True,False,-0.020903322135125024,6186.523898925781,True,buy_every_session,2025-11-20,-2.0903322135125024,0.02,-2.1103322135125024,113.2515612373009
2025-11-21,6560.0,6677.5,6525.0,6620.25,True,False,False,0.00918445121951228,6189.377648925782,True,buy_every_session,2025-11-21,0.918445121951228,0.02,0.8984451219512279,114.15000635925213
2025-11-24,6654.75,6731.75,6625.0,6721.25,True,False,False,0.009992862241256173,6192.540148925781,True,buy_every_session,2025-11-24,0.9992862241256173,0.02,0.9792862241256173,115.12929258337775
2025-11-25,6726.25,6792.5,6674.5,6781.5,True,False,False,0.008214086601003423,6195.986398925781,True,buy_every_session,2025-11-25,0.8214086601003423,0.02,0.8014086601003423,115.93070124347808
2025-11-26,6781.0,6846.75,6778.25,6828.0,True,False,False,0.0069311311016073684,6199.762648925781,True,buy_every_session,2025-11-26,0.6931131101607368,0.02,0.6731131101607368,116.60381435363882
2025-11-28,6830.25,6863.75,6824.25,6859.5,True,False,False,0.0042824201163940145,6203.383898925781,True,buy_every_session,2025-11-28,0.42824201163940145,0.02,0.40824201163940144,117.01205636527823
2025-12-01,6854.75,6864.5,6802.0,6826.75,False,True,False,-0.004084758743936656,6206.857648925781,True,buy_every_session,2025-12-01,-0.4084758743936656,0.02,-0.42847587439366563,116.58358049088456
2025-12-02,6829.0,6863.5,6812.25,6840.25,True,False,False,0.001647386147312968,6210.325148925781,True,buy_every_session,2025-12-02,0.1647386147312968,0.02,0.14473861473129682,116.72831910561585
2025-12-03,6843.0,6873.25,6817.5,6862.0,True,False,False,0.0027765599883091685,6213.820148925781,True,buy_every_session,2025-12-03,0.27765599883091685,0.02,0.25765599883091683,116.98597510444677
2025-12-04,6866.0,6880.75,6836.25,6866.75,True,False,False,0.00010923390620454221,6217.471398925782,True,buy_every_session,2025-12-04,0.01092339062045422,0.02,-0.00907660937954578,116.97689849506722
2025-12-05,6865.5,6905.0,6856.75,6878.25,True,False,False,0.0018571116451824299,6221.717648925781,True,buy_every_session,2025-12-05,0.185711164518243,0.02,0.165711164518243,117.14260965958546
2025-12-08,6883.0,6893.75,6835.25,6855.75,False,True,False,-0.003959029492953681,6225.992648925781,True,buy_every_session,2025-12-08,-0.39590294929536807,0.02,-0.4159029492953681,116.72670671029009
2025-12-09,6865.0,6872.75,6844.0,6848.25,False,True,False,-0.002439912600145644,6230.383898925781,True,buy_every_session,2025-12-09,-0.2439912600145644,0.02,-0.2639912600145644,116.46271545027552
2025-12-10,6847.25,6908.0,6830.75,6891.75,True,False,False,0.006498959436270102,6234.9888989257815,True,buy_every_session,2025-12-10,0.6498959436270102,0.02,0.6298959436270102,117.09261139390253
2025-12-11,6887.0,6928.75,6817.5,6907.25,True,False,False,0.0029403223464499195,6240.143898925781,True,buy_every_session,2025-12-11,0.29403223464499195,0.02,0.27403223464499193,117.36664362854752
2025-12-12,6914.0,6915.5,6805.0,6830.75,False,True,False,-0.012040786809372261,6244.481398925781,True,buy_every_session,2025-12-12,-1.2040786809372261,0.02,-1.2240786809372262,116.1425649476103
2025-12-15,6831.0,6872.5,6806.25,6823.0,False,True,False,-0.0011711316059141996,6249.292648925782,True,buy_every_session,2025-12-15,-0.11711316059141996,0.02,-0.13711316059141995,116.00545178701887
2025-12-16,6825.25,6833.75,6762.0,6801.0,False,True,False,-0.0035529834072012267,6254.3501489257815,True,buy_every_session,2025-12-16,-0.3552983407201227,0.02,-0.3752983407201227,115.63015344629875
2025-12-17,6796.0,6826.75,6723.75,6726.5,False,True,False,-0.01022660388463803,6258.726398925781,True,buy_every_session,2025-12-17,-1.022660388463803,0.02,-1.042660388463803,114.58749305783495
2025-12-18,6739.25,6818.5,6720.25,6778.25,True,False,False,0.0057869941017174575,6263.886398925782,True,buy_every_session,2025-12-18,0.5786994101717458,0.02,0.5586994101717457,115.14619246800669
2025-12-19,6772.25,6802.75,6768.0,6796.5400390625,True,False,False,0.003586701474768361,6268.989099121094,True,buy_every_session,2025-12-19,0.3586701474768361,0.02,0.3386701474768361,115.48486261548352
2025-12-22,6906.25,6936.25,6900.5,6930.25,True,False,False,0.003475113122171969,6275.536599121094,True,buy_every_session,2025-12-22,0.3475113122171969,0.02,0.32751131221719687,115.81237392770072
2025-12-23,6930.75,6963.75,6913.25,6961.0,True,False,False,0.004364607005013843,6282.456599121094,True,buy_every_session,2025-12-23,0.4364607005013843,0.02,0.4164607005013843,116.22883462820211
2025-12-24,6959.5,6988.0,6952.5,6982.5,True,False,False,0.0033048351174653767,6289.345349121094,True,buy_every_session,2025-12-24,0.3304835117465377,0.02,0.31048351174653765,116.53931813994865
2025-12-26,6979.5,6994.0,6969.0,6979.25,False,True,False,-3.581918475537016e-05,6296.604099121094,True,buy_every_session,2025-12-26,-0.003581918475537016,0.02,-0.023581918475537016,116.5157362214731
2025-12-29,6980.5,6984.75,6936.0,6955.0,False,True,False,-0.00365303345032586,6303.179099121094,True,buy_every_session,2025-12-29,-0.365303345032586,0.02,-0.385303345032586,116.13043287644052
2025-12-30,6956.5,6961.5,6940.75,6944.25,False,True,False,-0.0017609430029469353,6309.499099121093,True,buy_every_session,2025-12-30,-0.17609430029469353,0.02,-0.19609430029469352,115.93433857614583
2025-12-31,6945.5,6951.5,6890.25,6892.5,False,True,False,-0.007630840112302972,6315.871599121094,True,buy_every_session,2025-12-31,-0.7630840112302972,0.02,-0.7830840112302972,115.15125456491553
2026-01-02,6902.0,6939.75,6866.75,6900.5,False,True,False,-0.00021732831063459024,6321.9815991210935,True,buy_every_session,2026-01-02,-0.021732831063459024,0.02,-0.04173283106345903,115.10952173385208
2026-01-05,6911.5,6963.5,6899.5,6943.75,True,False,False,0.004666136149895195,6328.3878491210935,True,buy_every_session,2026-01-05,0.4666136149895195,0.02,0.44661361498951946,115.5561353488416
2026-01-06,6945.5,6991.5,6931.0,6987.75,True,False,False,0.006083075372543378,6335.2376000976565,True,buy_every_session,2026-01-06,0.6083075372543378,0.02,0.5883075372543378,116.14444288609593
2026-01-07,6988.5,7006.75,6958.0,6963.25,False,True,False,-0.0036130786291764805,6340.976350097656,True,buy_every_session,2026-01-07,-0.36130786291764805,0.02,-0.38130786291764807,115.76313502317828
2026-01-08,6967.5,6977.75,6935.25,6962.0,False,True,False,-0.000789379260853984,6346.653850097657,True,buy_every_session,2026-01-08,-0.0789379260853984,0.02,-0.0989379260853984,115.66419709709288
2026-01-09,6973.25,7017.5,6954.25,7005.0,True,False,False,0.004553113684437005,6352.881350097657,True,buy_every_session,2026-01-09,0.45531136844370046,0.02,0.43531136844370044,116.09950846553659
2026-01-12,7007.0,7025.25,6950.0,7016.5,True,False,False,0.0013557870700728891,6359.267600097656,True,buy_every_session,2026-01-12,0.1355787070072889,0.02,0.11557870700728891,116.21508717254387
2026-01-13,7014.0,7036.25,6976.75,7001.75,False,True,False,-0.0017465069860279625,6366.161350097656,True,buy_every_session,2026-01-13,-0.17465069860279625,0.02,-0.19465069860279624,116.02043647394107
2026-01-14,6998.5,7002.5,6923.25,6966.25,False,True,False,-0.004608130313638603,6372.726350097656,True,buy_every_session,2026-01-14,-0.4608130313638603,0.02,-0.48081303136386033,115.53962344257721
2026-01-15,6955.75,7017.25,6949.5,6981.75,True,False,False,0.0037379146749092484,6379.262600097656,True,buy_every_session,2026-01-15,0.37379146749092484,0.02,0.3537914674909248,115.89341491006813
2026-01-16,6986.75,7007.0,6960.5,6976.75,False,True,False,-0.0014312806383511845,6385.585100097656,True,buy_every_session,2026-01-16,-0.14312806383511845,0.02,-0.16312806383511844,115.73028684623301
2026-01-20,6918.25,6935.0,6822.25,6829.5,False,True,False,-0.012828388682108893,6392.568850097657,True,buy_every_session,2026-01-20,-1.2828388682108893,0.02,-1.3028388682108893,114.42744797802213
2026-01-21,6839.0,6945.25,6814.5,6910.0,True,False,False,0.010381634741921442,6401.567600097656,True,buy_every_session,2026-01-21,1.0381634741921442,0.02,1.0181634741921441,115.44561145221428
2026-01-22,6920.0,6969.0,6911.25,6945.0,True,False,False,0.0036127167630057855,6410.806350097656,True,buy_every_session,2026-01-22,0.36127167630057855,0.02,0.34127167630057853,115.78688312851486
2026-01-23,6938.0,6964.0,6924.75,6945.75,True,False,False,0.001117036609973976,6420.433850097656,True,buy_every_session,2026-01-23,0.11170366099739759,0.02,0.09170366099739759,115.87858678951225
2026-01-26,6904.0,6995.5,6879.0,6981.25,True,False,False,0.01118916570104278,6427.8851000976565,True,buy_every_session,2026-01-26,1.118916570104278,0.02,1.098916570104278,116.97750335961653
2026-01-27,6977.0,7018.5,6972.0,7008.5,True,False,False,0.004514834456069927,6436.417600097656,True,buy_every_session,2026-01-27,0.4514834456069927,0.02,0.4314834456069927,117.40898680522352
2026-01-28,7010.25,7043.0,6977.25,7007.25,False,True,False,-0.0004279447951214266,6444.497600097657,True,buy_every_session,2026-01-28,-0.04279447951214266,0.02,-0.06279447951214266,117.34619232571137
2026-01-29,7021.5,7029.5,6898.25,6992.75,False,True,False,-0.004094566688029655,6452.257600097656,True,buy_every_session,2026-01-29,-0.4094566688029655,0.02,-0.4294566688029655,116.9167356569084
2026-01-30,6992.75,6995.0,6917.5,6965.75,False,True,False,-0.003861141896964737,6459.945100097656,True,buy_every_session,2026-01-30,-0.3861141896964737,0.02,-0.4061141896964737,116.51062146721193
2026-02-02,6938.5,7017.25,6864.5,7002.5,True,False,False,0.009223895654680403,6468.428850097656,True,buy_every_session,2026-02-02,0.9223895654680403,0.02,0.9023895654680403,117.41301103267998
2026-02-03,7004.25,7027.25,6886.25,6941.75,False,True,False,-0.008923153799478833,6476.573850097656,True,buy_every_session,2026-02-03,-0.8923153799478833,0.02,-0.9123153799478834,116.50069565273209
2026-02-04,6934.0,6965.75,6862.5,6906.25,False,True,False,-0.00400201903663111,6485.181350097656,True,buy_every_session,2026-02-04,-0.40020190366311104,0.02,-0.42020190366311105,116.08049374906898
2026-02-05,6915.5,6935.25,6785.0,6820.75,False,True,False,-0.013701106210686098,6492.711350097657,True,buy_every_session,2026-02-05,-1.3701106210686098,0.02,-1.3901106210686098,114.69038312800036
2026-02-06,6785.5,6965.5,6751.5,6952.75,True,False,False,0.024648146783582625,6500.466350097657,True,buy_every_session,2026-02-06,2.4648146783582625,0.02,2.4448146783582625,117.13519780635862
2026-02-09,6960.25,7000.5,6921.0,6983.25,True,False,False,0.00330447900578279,6507.826350097656,True,buy_every_session,2026-02-09,0.330447900578279,0.02,0.310447900578279,117.4456457069369
2026-02-10,6985.0,7006.5,6957.0,6961.5,False,True,False,-0.003364352183249819,6514.8851000976565,True,buy_every_session,2026-02-10,-0.3364352183249819,0.02,-0.35643521832498193,117.08921048861193
2026-02-11,6971.5,7011.5,6931.0,6960.5,False,True,False,-0.0015778526859355768,6521.922600097656,True,buy_every_session,2026-02-11,-0.15778526859355768,0.02,-0.17778526859355767,116.91142522001837
2026-02-12,6964.5,6992.75,6842.0,6851.0,False,True,False,-0.016296934453298828,6528.258850097656,True,buy_every_session,2026-02-12,-1.6296934453298828,0.02,-1.6496934453298828,115.26173177468849
2026-02-13,6865.5,6897.75,6808.75,6850.5,False,True,False,-0.0021848372296263685,6534.576350097656,True,buy_every_session,2026-02-13,-0.21848372296263685,0.02,-0.23848372296263684,115.02324805172584
2026-02-17,6852.5,6885.5,6791.0,6860.5,True,False,False,0.0011674571324333805,6540.762600097656,True,buy_every_session,2026-02-17,0.11674571324333805,0.02,0.09674571324333804,115.11999376496918
2026-02-18,6862.75,6925.75,6848.75,6894.25,True,False,False,0.0045899967214309,6546.6888500976565,True,buy_every_session,2026-02-18,0.45899967214309,0.02,0.43899967214309,115.55899343711226
2026-02-19,6891.75,6912.5,6847.75,6877.0,False,True,False,-0.002140240142199046,6552.715100097656,True,buy_every_session,2026-02-19,-0.21402401421990458,0.02,-0.23402401421990457,115.32496942289237
2026-02-20,6874.25,6931.5,6847.25,6923.25,True,False,False,0.007128050332763536,6559.202600097657,True,buy_every_session,2026-02-20,0.7128050332763536,0.02,0.6928050332763536,116.01777445616872
2026-02-23,6918.0,6930.25,6832.75,6851.5,False,True,False,-0.009612604799074886,6565.200100097656,True,buy_every_session,2026-02-23,-0.9612604799074886,0.02,-0.9812604799074887,115.03651397626123
2026-02-24,6858.25,6912.75,6828.5,6903.75,True,False,False,0.0066343454963000426,6571.296350097657,True,buy_every_session,2026-02-24,0.6634345496300043,0.02,0.6434345496300042,115.67994852589123
2026-02-25,6900.25,6983.75,6892.25,6959.75,True,False,False,0.008622875982754241,6577.705100097656,True,buy_every_session,2026-02-25,0.8622875982754241,0.02,0.8422875982754241,116.52223612416665
2026-02-26,6965.0,6970.75,6870.75,6920.0,False,True,False,-0.006460875807609456,6582.980100097656,True,buy_every_session,2026-02-26,-0.6460875807609456,0.02,-0.6660875807609457,115.85614854340571
2026-02-27,6899.0,6915.5,6841.5,6889.0,False,True,False,-0.0014494854326714268,6587.902600097656,True,buy_every_session,2026-02-27,-0.14494854326714268,0.02,-0.16494854326714267,115.69120000013856
2026-03-02,6820.0,6911.25,6768.5,6888.25,True,False,False,0.010007331378299122,6592.801350097656,True,buy_every_session,2026-03-02,1.0007331378299122,0.02,0.9807331378299122,116.67193313796848
2026-03-03,6883.5,6886.0,6718.75,6824.75,False,True,False,-0.008534902302607672,6597.258850097656,True,buy_every_session,2026-03-03,-0.8534902302607672,0.02,-0.8734902302607672,115.79844290770771
2026-03-04,6813.25,6894.0,6773.5,6876.0,True,False,False,0.009209995229882972,6601.761350097656,True,buy_every_session,2026-03-04,0.9209995229882972,0.02,0.9009995229882972,116.69944243069601
2026-03-05,6883.25,6900.75,6777.0,6835.25,False,True,False,-0.006973450041768081,6606.025100097656,True,buy_every_session,2026-03-05,-0.6973450041768081,0.02,-0.7173450041768081,115.9820974265192
2026-03-06,6826.0,6854.0,6715.75,6743.75,False,True,False,-0.012049516554351047,6609.945100097656,True,buy_every_session,2026-03-06,-1.2049516554351047,0.02,-1.2249516554351048,114.7571457710841
2026-03-09,6685.5,6818.5,6584.5,6801.0,True,False,False,0.017276194749831664,6614.6438500976565,True,buy_every_session,2026-03-09,1.7276194749831664,0.02,1.7076194749831664,116.46476524606726
2026-03-10,6800.75,6852.0,6762.5,6787.25,False,True,False,-0.001985075175532147,6619.296350097657,True,buy_every_session,2026-03-10,-0.19850751755321472,0.02,-0.2185075175532147,116.24625772851404
2026-03-11,6796.75,6822.5,6749.75,6779.5,False,True,False,-0.0025379777099349132,6624.108850097657,True,buy_every_session,2026-03-11,-0.2537977709934913,0.02,-0.27379777099349134,115.97245995752054
2026-03-12,6766.0,6769.5,6671.75,6677.5,False,True,False,-0.01308010641442503,6627.825100097656,True,buy_every_session,2026-03-12,-1.308010641442503,0.02,-1.328010641442503,114.64444931607804
2026-03-13,6684.25,6737.5,6625.0,6636.0,False,True,False,-0.007218461308299395,6631.491350097656,True,buy_every_session,2026-03-13,-0.7218461308299395,0.02,-0.7418461308299396,113.9026031852481
2026-03-16,6608.5,6734.25,6608.5,6704.75,True,False,False,0.014564575924945089,6635.401350097656,True,buy_every_session,2026-03-16,1.456457592494509,0.02,1.4364575924945089,115.3390607777426
2026-03-17,6700.0,6757.5,6665.25,6721.75,True,False,False,0.003246268656716511,6639.430100097657,True,buy_every_session,2026-03-17,0.3246268656716511,0.02,0.3046268656716511,115.64368764341425
2026-03-18,6722.5,6762.25,6604.0,6626.0,False,True,False,-0.014354778728151718,6642.823850097656,True,buy_every_session,2026-03-18,-1.4354778728151718,0.02,-1.4554778728151718,114.18820977059909
2026-03-19,6622.0,6644.5,6561.75,6609.25,False,True,False,-0.0019254001812141208,6645.962600097656,True,buy_every_session,2026-03-19,-0.19254001812141208,0.02,-0.21254001812141207,113.97566975247767
2026-03-20,6622.75,6635.0,6558.0,6594.6298828125,False,True,False,-0.004245988024234593,6649.030749511719,True,buy_every_session,2026-03-20,-0.42459880242345927,0.02,-0.4445988024234593,113.53107095005421
2026-03-23,6510.0,6748.0,6483.5,6634.75,True,False,False,0.019162826420890955,6652.474499511719,True,buy_every_session,2026-03-23,1.9162826420890955,0.02,1.8962826420890955,115.4273535921433
2026-03-24,6635.0,6680.5,6573.5,6606.0,False,True,False,-0.004370761115297661,6655.470749511719,True,buy_every_session,2026-03-24,-0.4370761115297661,0.02,-0.4570761115297661,114.97027748061353
2026-03-25,6646.5,6684.75,6616.5,6640.75,False,True,False,-0.0008651169788610469,6658.623249511718,True,buy_every_session,2026-03-25,-0.08651169788610469,0.02,-0.10651169788610469,114.86376578272743
2026-03-26,6641.5,6647.0,6517.0,6525.0,False,True,False,-0.01754121809832121,6661.023249511719,True,buy_every_session,2026-03-26,-1.754121809832121,0.02,-1.774121809832121,113.0896439728953
2026-03-27,6536.0,6568.5,6389.0,6412.25,False,True,False,-0.018933598531211793,6662.939499511719,True,buy_every_session,2026-03-27,-1.8933598531211793,0.02,-1.9133598531211793,111.17628411977412
2026-03-30,6380.0,6481.75,6359.5,6388.25,True,False,False,0.001293103448275934,6664.6332495117185,True,buy_every_session,2026-03-30,0.1293103448275934,0.02,0.1093103448275934,111.28559446460172
2026-03-31,6385.25,6583.25,6353.25,6570.75,True,False,False,0.029051329235347145,6667.590749511719,True,buy_every_session,2026-03-31,2.9051329235347145,0.02,2.8851329235347145,114.17072738813643
2026-04-01,6562.0,6653.75,6561.0,6617.75,True,False,False,0.00849588540079238,6670.500749511719,True,buy_every_session,2026-04-01,0.849588540079238,0.02,0.829588540079238,115.00031592821567
2026-04-02,6618.5,6644.5,6503.75,6622.25,True,False,False,0.0005665936390419901,6673.686999511719,True,buy_every_session,2026-04-02,0.05665936390419901,0.02,0.03665936390419901,115.03697529211986
2026-04-06,6590.0,6661.0,6567.0,6651.0,True,False,False,0.009256449165402136,6677.034499511718,True,buy_every_session,2026-04-06,0.9256449165402136,0.02,0.9056449165402136,115.94262020866007
2026-04-07,6650.5,6673.5,6572.75,6656.75,True,False,False,0.0009397789639877807,6680.267199707031,True,buy_every_session,2026-04-07,0.09397789639877807,0.02,0.07397789639877807,116.01659810505885
2026-04-08,6689.0,6847.25,6652.25,6823.75,True,False,False,0.020145014202421985,6684.000949707031,True,buy_every_session,2026-04-08,2.0145014202421985,0.02,1.9945014202421985,118.01109952530105
2026-04-09,6814.25,6876.0,6792.5,6863.25,True,False,False,0.007190813369042814,6687.585949707031,True,buy_every_session,2026-04-09,0.7190813369042814,0.02,0.6990813369042814,118.71018086220533
2026-04-10,6858.0,6888.0,6846.25,6855.25,False,True,False,-0.000400991542723772,6691.127199707032,True,buy_every_session,2026-04-10,-0.0400991542723772,0.02,-0.060099154272377206,118.65008170793296
2026-04-13,6780.0,6928.25,6767.0,6922.75,True,False,False,0.021054572271386407,6694.765949707031,True,buy_every_session,2026-04-13,2.1054572271386407,0.02,2.0854572271386407,120.7355389350716
2026-04-14,6925.25,7008.0,6920.25,7004.75,True,False,False,0.011479729973647101,6698.6709497070315,True,buy_every_session,2026-04-14,1.1479729973647101,0.02,1.1279729973647101,121.86351193243631
2026-04-15,7004.0,7064.5,6991.75,7060.5,True,False,False,0.008066818960593913,6702.704699707031,True,buy_every_session,2026-04-15,0.8066818960593913,0.02,0.7866818960593913,122.6501938284957
2026-04-16,7057.25,7089.0,7046.5,7077.0,True,False,False,0.002798540507988223,6706.845949707032,True,buy_every_session,2026-04-16,0.2798540507988223,0.02,0.2598540507988223,122.91004787929452
2026-04-17,7077.25,7185.75,7075.25,7161.5,True,False,False,0.0119043413755342,6711.2784497070315,True,buy_every_session,2026-04-17,1.19043413755342,0.02,1.17043413755342,124.08048201684794
2026-04-20,7102.5,7160.5,7085.0,7148.0,True,False,False,0.0064061950017599845,6715.397199707031,True,buy_every_session,2026-04-20,0.6406195001759984,0.02,0.6206195001759984,124.70110151702394
2026-04-21,7150.75,7183.0,7085.0,7100.0,False,True,False,-0.007097157640806873,6719.479699707032,True,buy_every_session,2026-04-21,-0.7097157640806873,0.02,-0.7297157640806873,123.97138575294326
2026-04-22,7125.0,7173.0,7121.25,7171.25,True,False,False,0.006491228070175437,6723.955949707031,True,buy_every_session,2026-04-22,0.6491228070175437,0.02,0.6291228070175436,124.6005085599608
2026-04-23,7163.0,7181.5,7079.25,7143.5,False,True,False,-0.0027223230490017736,6728.313449707031,True,buy_every_session,2026-04-23,-0.27223230490017736,0.02,-0.2922323049001774,124.30827625506062
2026-04-24,7143.0,7200.5,7135.5,7194.75,True,False,False,0.007244855102897851,6732.750949707031,True,buy_every_session,2026-04-24,0.7244855102897851,0.02,0.7044855102897851,125.0127617653504
2026-04-27,7185.0,7208.5,7171.5,7187.5,True,False,False,0.0003479471120388933,6737.067199707031,True,buy_every_session,2026-04-27,0.03479471120388933,0.02,0.014794711203889328,125.0275564765543
