Date,Open,High,Low,Close,green,red,flat,intraday_return,sma_200,signal,strategy,trade_date,gross_profit,cost,net_profit,cumulative_net_profit
2015-02-11,2062.75,2079.5,2053.25,2065.75,True,False,False,0.0014543691673736259,1977.6025,True,buy_after_first_green_after_red_above_200dma,2015-02-11,0.1454369167373626,0.02,0.1254369167373626,0.1254369167373626
2015-02-25,2113.75,2117.75,2107.25,2110.25,False,True,False,-0.0016558249556475335,1987.8025,True,buy_after_first_green_after_red_above_200dma,2015-02-25,-0.16558249556475335,0.02,-0.18558249556475334,-0.060145578827390744
2015-03-03,2114.0,2114.5,2095.5,2104.75,False,True,False,-0.004375591296121084,1992.2625,True,buy_after_first_green_after_red_above_200dma,2015-03-03,-0.4375591296121084,0.02,-0.45755912961210843,-0.5177047084394992
2015-03-06,2099.5,2103.5,2065.5,2070.75,False,True,False,-0.013693736603953344,1995.4725,True,buy_after_first_green_after_red_above_200dma,2015-03-06,-1.3693736603953344,0.02,-1.3893736603953344,-1.9070783688348336
2015-03-10,2077.5,2078.0,2041.25,2042.0,False,True,False,-0.01708784596871238,1997.195,True,buy_after_first_green_after_red_above_200dma,2015-03-10,-1.7087845968712378,0.02,-1.7287845968712379,-3.6358629657060715
2015-03-13,2064.25,2068.75,2040.0,2049.75,False,True,False,-0.007024342981712506,1999.385,True,buy_after_first_green_after_red_above_200dma,2015-03-13,-0.7024342981712506,0.02,-0.7224342981712506,-4.358297263877322
2015-03-17,2074.5,2078.75,2064.25,2074.5,False,False,True,0.0,2000.9425,True,buy_after_first_green_after_red_above_200dma,2015-03-17,0.0,0.02,-0.02,-4.378297263877322
2015-03-23,2097.75,2107.0,2093.25,2094.75,False,True,False,-0.0014301036825169477,2004.3375,True,buy_after_first_green_after_red_above_200dma,2015-03-23,-0.14301036825169477,0.02,-0.16301036825169476,-4.5413076321290164
2015-03-30,2052.75,2081.75,2047.25,2075.5,True,False,False,0.011082693947144007,2007.29125,True,buy_after_first_green_after_red_above_200dma,2015-03-30,1.1082693947144007,0.02,1.0882693947144007,-3.453038237414616
2015-04-06,2039.5,2080.0,2038.75,2073.25,True,False,False,0.016548173571953928,2009.67,True,buy_after_first_green_after_red_above_200dma,2015-04-06,1.6548173571953928,0.02,1.6348173571953928,-1.818220880219223
2015-04-09,2077.75,2087.0,2066.75,2085.75,True,False,False,0.0038503188545302436,2011.42,True,buy_after_first_green_after_red_above_200dma,2015-04-09,0.38503188545302436,0.02,0.36503188545302434,-1.4531889947661987
2015-04-15,2091.75,2105.5,2087.25,2099.75,True,False,False,0.0038245488227559576,2014.31625,True,buy_after_first_green_after_red_above_200dma,2015-04-15,0.38245488227559576,0.02,0.36245488227559575,-1.090734112490603
2015-04-21,2089.5,2105.25,2087.25,2091.0,True,False,False,0.00071787508973431,2016.79,True,buy_after_first_green_after_red_above_200dma,2015-04-21,0.071787508973431,0.02,0.051787508973431,-1.038946603517172
2015-04-29,2110.75,2112.5,2090.5,2099.0,False,True,False,-0.0055667416794977775,2021.01375,True,buy_after_first_green_after_red_above_200dma,2015-04-29,-0.5566741679497778,0.02,-0.5766741679497778,-1.6156207714669497
2015-05-04,2101.75,2115.0,2098.0,2109.25,True,False,False,0.0035684548590459997,2022.98125,True,buy_after_first_green_after_red_above_200dma,2015-05-04,0.35684548590459997,0.02,0.33684548590459995,-1.2787752855623498
2015-05-08,2085.25,2113.5,2084.0,2108.5,True,False,False,0.011149742237141824,2025.26875,True,buy_after_first_green_after_red_above_200dma,2015-05-08,1.1149742237141824,0.02,1.0949742237141824,-0.18380106184816736
2015-05-15,2117.25,2122.75,2113.25,2119.0,True,False,False,0.0008265438658636715,2028.62125,True,buy_after_first_green_after_red_above_200dma,2015-05-15,0.08265438658636715,0.02,0.06265438658636714,-0.12114667526180022
2015-05-22,2129.25,2131.0,2122.75,2124.5,False,True,False,-0.0022308324527415824,2033.73375,True,buy_after_first_green_after_red_above_200dma,2015-05-22,-0.22308324527415824,0.02,-0.24308324527415823,-0.36422992053595843
2015-05-28,2120.0,2122.75,2110.5,2121.75,True,False,False,0.0008254716981133114,2036.665,True,buy_after_first_green_after_red_above_200dma,2015-05-28,0.08254716981133114,0.02,0.06254716981133114,-0.3016827507246273
2015-06-02,2111.0,2116.0,2094.0,2106.75,False,True,False,-0.002013263855992431,2039.13125,True,buy_after_first_green_after_red_above_200dma,2015-06-02,-0.2013263855992431,0.02,-0.2213263855992431,-0.5230091363238704
2015-06-04,2116.25,2116.5,2091.25,2099.0,False,True,False,-0.008151210868281189,2040.60625,True,buy_after_first_green_after_red_above_200dma,2015-06-04,-0.8151210868281189,0.02,-0.8351210868281189,-1.3581302231519894
2015-06-17,2097.75,2107.0,2087.0,2097.5,False,True,False,-0.00011917530687644007,2045.1675,True,buy_after_first_green_after_red_above_200dma,2015-06-17,-0.011917530687644007,0.02,-0.03191753068764401,-1.3900477538396334
2015-06-19,2123.25,2126.5,2118.25,2118.5,False,True,False,-0.0022371364653244186,2046.3825,True,buy_after_first_green_after_red_above_200dma,2015-06-19,-0.22371364653244186,0.02,-0.24371364653244185,-1.6337614003720753
2015-06-23,2114.75,2120.5,2111.25,2116.5,True,False,False,0.0008275209835677533,2047.51,True,buy_after_first_green_after_red_above_200dma,2015-06-23,0.08275209835677533,0.02,0.06275209835677532,-1.5710093020153
2015-06-29,2064.0,2083.25,2047.25,2050.5,False,True,False,-0.006540697674418561,2049.2975,True,buy_after_first_green_after_red_above_200dma,2015-06-29,-0.6540697674418561,0.02,-0.6740697674418561,-2.245079069457156
2015-07-08,2073.0,2073.25,2036.25,2039.25,False,True,False,-0.01628075253256156,2051.14875,True,buy_after_first_green_after_red_above_200dma,2015-07-08,-1.628075253256156,0.02,-1.648075253256156,-3.893154322713312
2015-07-23,2109.25,2113.75,2091.5,2098.5,False,True,False,-0.0050965983169373175,2058.51,True,buy_after_first_green_after_red_above_200dma,2015-07-23,-0.5096598316937317,0.02,-0.5296598316937318,-4.422814154407044
2015-07-29,2088.0,2104.25,2084.5,2101.5,True,False,False,0.006465517241379226,2061.61875,True,buy_after_first_green_after_red_above_200dma,2015-07-29,0.6465517241379226,0.02,0.6265517241379226,-3.7962624302691217
2015-08-06,2094.0,2099.25,2070.0,2079.5,False,True,False,-0.00692454632282713,2068.27375,True,buy_after_first_green_after_red_above_200dma,2015-08-06,-0.692454632282713,0.02,-0.712454632282713,-4.508717062551835
2015-08-11,2100.75,2101.75,2070.75,2079.75,False,True,False,-0.009996429846483412,2070.49375,True,buy_after_first_green_after_red_above_200dma,2015-08-11,-0.9996429846483412,0.02,-1.0196429846483412,-5.5283600472001755
2015-08-13,2082.75,2093.0,2073.25,2080.5,False,True,False,-0.0010803024846957054,2071.73375,True,buy_after_first_green_after_red_above_200dma,2015-08-13,-0.10803024846957054,0.02,-0.12803024846957053,-5.656390295669746
2015-08-17,2089.5,2100.5,2074.75,2099.25,True,False,False,0.004666188083273459,2072.91625,True,buy_after_first_green_after_red_above_200dma,2015-08-17,0.4666188083273459,0.02,0.4466188083273459,-5.209771487342399
2015-10-29,2081.0,2086.5,2073.25,2083.0,True,False,False,0.0009610764055743015,2056.395,True,buy_after_first_green_after_red_above_200dma,2015-10-29,0.09610764055743015,0.02,0.07610764055743015,-5.133663846784969
2015-11-03,2093.25,2110.25,2089.0,2103.0,True,False,False,0.0046578287352203596,2057.6625,True,buy_after_first_green_after_red_above_200dma,2015-11-03,0.46578287352203596,0.02,0.44578287352203594,-4.687880973262933
2015-11-11,2076.5,2087.25,2067.75,2069.0,False,True,False,-0.003611846857693224,2059.165,True,buy_after_first_green_after_red_above_200dma,2015-11-11,-0.3611846857693224,0.02,-0.3811846857693224,-5.069065659032256
2015-11-25,2084.0,2092.5,2082.25,2088.0,True,False,False,0.0019193857965451588,2060.59625,True,buy_after_first_green_after_red_above_200dma,2015-11-25,0.19193857965451588,0.02,0.1719385796545159,-4.897127079377739
2015-12-02,2099.5,2105.0,2075.0,2081.5,False,True,False,-0.008573469873779493,2060.5075,True,buy_after_first_green_after_red_above_200dma,2015-12-02,-0.8573469873779493,0.02,-0.8773469873779494,-5.774474066755689
2015-12-07,2092.25,2095.5,2064.5,2081.0,False,True,False,-0.005376986497789504,2060.06625,True,buy_after_first_green_after_red_above_200dma,2015-12-07,-0.5376986497789504,0.02,-0.5576986497789505,-6.3321727165346395
2015-12-30,2072.0,2075.0,2053.5,2054.5,False,True,False,-0.008445945945945943,2056.8025,True,buy_after_first_green_after_red_above_200dma,2015-12-30,-0.8445945945945943,0.02,-0.8645945945945943,-7.196767311129234
2016-03-14,2019.25,2024.5,2012.0,2018.75,False,True,False,-0.00024761668936490455,2014.78625,True,buy_after_first_green_after_red_above_200dma,2016-03-14,-0.024761668936490455,0.02,-0.04476166893649046,-7.241528980065724
2016-03-17,2026.75,2046.75,2015.75,2039.75,True,False,False,0.006414209942025462,2013.58875,True,buy_after_first_green_after_red_above_200dma,2016-03-17,0.6414209942025462,0.02,0.6214209942025462,-6.620107985863179
2016-03-28,2030.25,2039.75,2022.0,2028.0,False,True,False,-0.0011082379017361976,2011.81875,True,buy_after_first_green_after_red_above_200dma,2016-03-28,-0.11082379017361976,0.02,-0.13082379017361975,-6.750931776036798
2016-03-30,2048.5,2064.5,2046.75,2055.25,True,False,False,0.003295093971198426,2011.32125,True,buy_after_first_green_after_red_above_200dma,2016-03-30,0.3295093971198426,0.02,0.3095093971198426,-6.441422378916956
2016-04-04,2064.0,2071.5,2054.25,2057.5,False,True,False,-0.0031492248062015005,2010.79625,True,buy_after_first_green_after_red_above_200dma,2016-04-04,-0.31492248062015005,0.02,-0.33492248062015006,-6.776344859537106
2016-04-07,2059.75,2062.0,2026.0,2035.0,False,True,False,-0.012016021361815787,2009.695,True,buy_after_first_green_after_red_above_200dma,2016-04-07,-1.2016021361815787,0.02,-1.2216021361815788,-7.997946995718685
2016-04-11,2041.0,2056.5,2032.5,2034.5,False,True,False,-0.0031847133757961776,2008.99125,True,buy_after_first_green_after_red_above_200dma,2016-04-11,-0.31847133757961776,0.02,-0.3384713375796178,-8.336418333298303
2016-04-13,2055.25,2077.0,2054.0,2076.0,True,False,False,0.010096095365527358,2008.70125,True,buy_after_first_green_after_red_above_200dma,2016-04-13,1.0096095365527358,0.02,0.9896095365527358,-7.346808796745567
2016-04-19,2085.25,2098.5,2084.75,2093.75,True,False,False,0.004076249850137881,2009.1375,True,buy_after_first_green_after_red_above_200dma,2016-04-19,0.4076249850137881,0.02,0.38762498501378806,-6.959183811731778
2016-04-25,2091.5,2091.5,2071.0,2083.25,False,True,False,-0.003944537413339666,2009.79375,True,buy_after_first_green_after_red_above_200dma,2016-04-25,-0.3944537413339666,0.02,-0.4144537413339666,-7.373637553065745
2016-04-27,2082.25,2094.0,2076.25,2090.75,True,False,False,0.004082122703805924,2009.8725,True,buy_after_first_green_after_red_above_200dma,2016-04-27,0.4082122703805924,0.02,0.38821227038059236,-6.985425282685153
2016-05-03,2075.5,2076.25,2048.0,2057.0,False,True,False,-0.008913514815707013,2008.97625,True,buy_after_first_green_after_red_above_200dma,2016-05-03,-0.8913514815707013,0.02,-0.9113514815707013,-7.896776764255854
2016-05-09,2053.0,2059.75,2048.25,2054.25,True,False,False,0.0006088650754991765,2007.75125,True,buy_after_first_green_after_red_above_200dma,2016-05-09,0.060886507549917646,0.02,0.04088650754991764,-7.855890256705936
2016-05-17,2062.0,2069.5,2036.75,2043.5,False,True,False,-0.008971871968962208,2006.80625,True,buy_after_first_green_after_red_above_200dma,2016-05-17,-0.8971871968962208,0.02,-0.9171871968962209,-8.773077453602157
2016-05-23,2053.25,2056.0,2043.5,2045.25,False,True,False,-0.0038962620236210332,2005.9475,True,buy_after_first_green_after_red_above_200dma,2016-05-23,-0.3896262023621033,0.02,-0.40962620236210334,-9.18270365596426
2016-05-25,2075.0,2092.5,2073.5,2087.25,True,False,False,0.005903614457831274,2005.8925,True,buy_after_first_green_after_red_above_200dma,2016-05-25,0.5903614457831274,0.02,0.5703614457831274,-8.612342210181133
2016-06-02,2096.75,2104.75,2086.75,2103.75,True,False,False,0.003338500059616001,2006.145,True,buy_after_first_green_after_red_above_200dma,2016-06-02,0.3338500059616001,0.02,0.31385000596160006,-8.298492204219533
2016-06-07,2108.25,2118.0,2106.5,2110.25,True,False,False,0.0009486540969998458,2006.765,True,buy_after_first_green_after_red_above_200dma,2016-06-07,0.09486540969998458,0.02,0.07486540969998458,-8.223626794519548
2016-06-17,2077.75,2083.0,2073.75,2078.5,True,False,False,0.0003609673926121548,2012.7325,True,buy_after_first_green_after_red_above_200dma,2016-06-17,0.03609673926121548,0.02,0.016096739261215482,-8.207530055258333
2016-06-24,2115.75,2119.5,1999.0,2018.5,False,True,False,-0.04596478790027181,2015.895,True,buy_after_first_green_after_red_above_200dma,2016-06-24,-4.596478790027181,0.02,-4.61647879002718,-12.824008845285514
2016-06-29,2028.25,2074.75,2022.75,2066.75,True,False,False,0.018981880931837836,2016.9775,True,buy_after_first_green_after_red_above_200dma,2016-06-29,1.8981880931837836,0.02,1.8781880931837835,-10.94582075210173
2016-07-07,2092.0,2102.0,2081.75,2092.0,False,False,True,0.0,2019.81,True,buy_after_first_green_after_red_above_200dma,2016-07-07,0.0,0.02,-0.02,-10.96582075210173
2016-07-19,2160.0,2160.75,2151.25,2158.75,False,True,False,-0.0005787037037037202,2029.31375,True,buy_after_first_green_after_red_above_200dma,2016-07-19,-0.057870370370372015,0.02,-0.07787037037037202,-11.0436911224721
2016-07-21,2168.25,2170.25,2153.5,2158.0,False,True,False,-0.004727314654675463,2031.3525,True,buy_after_first_green_after_red_above_200dma,2016-07-21,-0.4727314654675463,0.02,-0.4927314654675463,-11.536422587939647
2016-07-25,2167.75,2172.5,2155.75,2162.25,False,True,False,-0.002537192941990507,2033.2225,True,buy_after_first_green_after_red_above_200dma,2016-07-25,-0.2537192941990507,0.02,-0.2737192941990507,-11.810141882138698
2016-07-27,2166.0,2169.25,2152.0,2160.5,False,True,False,-0.0025392428439520165,2034.77125,True,buy_after_first_green_after_red_above_200dma,2016-07-27,-0.25392428439520165,0.02,-0.27392428439520167,-12.0840661665339
2016-07-29,2165.5,2171.75,2157.5,2168.25,True,False,False,0.0012699145693835234,2036.41125,True,buy_after_first_green_after_red_above_200dma,2016-07-29,0.12699145693835234,0.02,0.10699145693835234,-11.977074709595547
2016-08-04,2156.75,2164.25,2154.0,2159.25,True,False,False,0.00115915150110113,2039.29875,True,buy_after_first_green_after_red_above_200dma,2016-08-04,0.115915150110113,0.02,0.09591515011011299,-11.881159559485434
2016-08-10,2178.0,2181.5,2167.75,2172.75,False,True,False,-0.002410468319559267,2042.07125,True,buy_after_first_green_after_red_above_200dma,2016-08-10,-0.2410468319559267,0.02,-0.2610468319559267,-12.142206391441361
2016-08-12,2181.75,2184.0,2175.5,2180.25,False,True,False,-0.0006875214850463607,2043.2675,True,buy_after_first_green_after_red_above_200dma,2016-08-12,-0.06875214850463607,0.02,-0.08875214850463607,-12.230958539945997
2016-08-16,2186.0,2186.25,2175.25,2176.75,False,True,False,-0.004231473010063991,2044.24375,True,buy_after_first_green_after_red_above_200dma,2016-08-16,-0.4231473010063991,0.02,-0.4431473010063991,-12.674105840952397
2016-08-18,2180.75,2184.5,2176.25,2183.5,True,False,False,0.0012610340479193294,2045.21375,True,buy_after_first_green_after_red_above_200dma,2016-08-18,0.12610340479193294,0.02,0.10610340479193293,-12.568002436160464
2016-08-24,2185.75,2187.75,2168.75,2175.0,False,True,False,-0.004918220290518138,2046.90375,True,buy_after_first_green_after_red_above_200dma,2016-08-24,-0.4918220290518138,0.02,-0.5118220290518138,-13.079824465212278
2016-08-30,2180.0,2181.5,2168.5,2175.25,False,True,False,-0.0021788990825688526,2049.08375,True,buy_after_first_green_after_red_above_200dma,2016-08-30,-0.21788990825688526,0.02,-0.23788990825688525,-13.317714373469164
2016-09-06,2179.25,2186.25,2173.0,2184.5,True,False,False,0.002409085694619728,2051.60375,True,buy_after_first_green_after_red_above_200dma,2016-09-06,0.2409085694619728,0.02,0.22090856946197282,-13.096805804007191
2016-09-13,2156.25,2157.5,2119.0,2128.75,False,True,False,-0.012753623188405783,2053.33875,True,buy_after_first_green_after_red_above_200dma,2016-09-13,-1.2753623188405783,0.02,-1.2953623188405783,-14.39216812284777
2016-09-16,2143.75,2144.25,2135.5,2141.75,False,True,False,-0.0009329446064140212,2054.025,True,buy_after_first_green_after_red_above_200dma,2016-09-16,-0.09329446064140212,0.02,-0.11329446064140213,-14.505462583489171
2016-09-20,2133.75,2143.5,2129.0,2131.0,False,True,False,-0.0012888107791446668,2054.68125,True,buy_after_first_green_after_red_above_200dma,2016-09-20,-0.12888107791446668,0.02,-0.14888107791446667,-14.654343661403638
2016-09-22,2156.25,2172.75,2152.75,2168.25,True,False,False,0.0055652173913043335,2055.45625,True,buy_after_first_green_after_red_above_200dma,2016-09-22,0.5565217391304333,0.02,0.5365217391304333,-14.117821922273205
2016-09-28,2152.0,2165.25,2144.0,2163.25,True,False,False,0.005227695167286273,2057.72625,True,buy_after_first_green_after_red_above_200dma,2016-09-28,0.5227695167286273,0.02,0.5027695167286272,-13.615052405544578
2016-10-03,2158.75,2164.0,2146.75,2153.25,False,True,False,-0.002547770700636942,2059.3575,True,buy_after_first_green_after_red_above_200dma,2016-10-03,-0.2547770700636942,0.02,-0.27477707006369423,-13.889829475608272
2016-10-06,2153.25,2157.25,2143.25,2156.5,True,False,False,0.001509346336932449,2061.22125,True,buy_after_first_green_after_red_above_200dma,2016-10-06,0.1509346336932449,0.02,0.1309346336932449,-13.758894841915026
2016-10-17,2126.25,2130.0,2116.75,2123.0,False,True,False,-0.0015285126396237247,2063.58375,True,buy_after_first_green_after_red_above_200dma,2016-10-17,-0.15285126396237247,0.02,-0.17285126396237246,-13.931746105877398
2016-10-19,2131.5,2142.5,2126.5,2138.0,True,False,False,0.003049495660333079,2064.71125,True,buy_after_first_green_after_red_above_200dma,2016-10-19,0.3049495660333079,0.02,0.2849495660333079,-13.64679653984409
2016-10-25,2144.75,2149.75,2135.25,2138.0,False,True,False,-0.003147219955705771,2068.27,True,buy_after_first_green_after_red_above_200dma,2016-10-25,-0.3147219955705771,0.02,-0.33472199557057714,-13.981518535414667
2016-11-08,2129.0,2143.25,2119.0,2135.5,True,False,False,0.0030530765617660105,2079.5525,True,buy_after_first_green_after_red_above_200dma,2016-11-08,0.30530765617660105,0.02,0.28530765617660103,-13.696210879238066
2016-11-16,2179.0,2185.0,2168.75,2172.75,False,True,False,-0.0028682882055989234,2086.1875,True,buy_after_first_green_after_red_above_200dma,2016-11-16,-0.28682882055989234,0.02,-0.30682882055989236,-14.00303969979796
2016-11-18,2184.0,2187.5,2176.5,2180.75,False,True,False,-0.0014880952380952328,2088.9825,True,buy_after_first_green_after_red_above_200dma,2016-11-18,-0.14880952380952328,0.02,-0.16880952380952327,-14.171849223607483
2016-11-22,2193.25,2203.0,2191.75,2200.25,True,False,False,0.0031916106235039265,2092.03375,True,buy_after_first_green_after_red_above_200dma,2016-11-22,0.31916106235039265,0.02,0.29916106235039264,-13.87268816125709
2016-11-28,2208.0,2209.5,2198.25,2200.75,False,True,False,-0.0032835144927536586,2097.3625,True,buy_after_first_green_after_red_above_200dma,2016-11-28,-0.32835144927536586,0.02,-0.3483514492753659,-14.221039610532456
2016-11-30,2203.25,2213.75,2197.25,2198.75,False,True,False,-0.002042437308521494,2100.96125,True,buy_after_first_green_after_red_above_200dma,2016-11-30,-0.20424373085214942,0.02,-0.2242437308521494,-14.445283341384606
2016-12-05,2184.0,2208.75,2179.0,2204.25,True,False,False,0.0092719780219781,2105.2625,True,buy_after_first_green_after_red_above_200dma,2016-12-05,0.92719780219781,0.02,0.90719780219781,-13.538085539186795
2016-12-14,2273.25,2277.0,2248.0,2257.0,False,True,False,-0.007148355878147994,2116.3675,True,buy_after_first_green_after_red_above_200dma,2016-12-14,-0.7148355878147994,0.02,-0.7348355878147994,-14.272921127001595
2016-12-16,2264.25,2269.5,2261.75,2267.5,True,False,False,0.0014353538699347634,2119.215,True,buy_after_first_green_after_red_above_200dma,2016-12-16,0.14353538699347634,0.02,0.12353538699347634,-14.14938574000812
2016-12-23,2257.5,2261.0,2254.25,2260.0,True,False,False,0.001107419712070845,2125.97125,True,buy_after_first_green_after_red_above_200dma,2016-12-23,0.11074197120708451,0.02,0.0907419712070845,-14.058643768801035
2017-01-04,2252.75,2267.25,2251.0,2264.25,True,False,False,0.005104871823327084,2132.9425,True,buy_after_first_green_after_red_above_200dma,2017-01-04,0.5104871823327084,0.02,0.4904871823327084,-13.568156586468326
2017-01-09,2271.25,2275.25,2263.5,2265.0,False,True,False,-0.0027517886626307053,2136.28,True,buy_after_first_green_after_red_above_200dma,2017-01-09,-0.27517886626307053,0.02,-0.29517886626307055,-13.863335452731397
2017-01-12,2270.5,2270.5,2248.5,2263.5,False,True,False,-0.0030830213609337465,2139.8425,True,buy_after_first_green_after_red_above_200dma,2017-01-12,-0.30830213609337465,0.02,-0.32830213609337466,-14.191637588824772
2017-01-17,2270.25,2270.5,2257.25,2262.75,False,True,False,-0.0033036009250082543,2142.005,True,buy_after_first_green_after_red_above_200dma,2017-01-17,-0.33036009250082543,0.02,-0.35036009250082545,-14.541997681325597
2017-01-19,2265.5,2269.5,2253.0,2261.5,False,True,False,-0.001765614654601677,2144.0625,True,buy_after_first_green_after_red_above_200dma,2017-01-19,-0.1765614654601677,0.02,-0.1965614654601677,-14.738559146785764
2017-01-23,2266.0,2267.5,2251.75,2262.0,False,True,False,-0.001765225066195919,2146.22125,True,buy_after_first_green_after_red_above_200dma,2017-01-23,-0.1765225066195919,0.02,-0.1965225066195919,-14.935081653405357
2017-01-25,2275.75,2295.25,2274.75,2294.0,True,False,False,0.00801933428540047,2148.5875,True,buy_after_first_green_after_red_above_200dma,2017-01-25,0.801933428540047,0.02,0.781933428540047,-14.15314822486531
2017-02-03,2274.0,2294.0,2270.5,2291.0,True,False,False,0.007475813544415066,2156.23375,True,buy_after_first_green_after_red_above_200dma,2017-02-03,0.7475813544415066,0.02,0.7275813544415066,-13.425566870423804
2017-02-08,2285.75,2292.0,2281.0,2290.25,True,False,False,0.0019687192387618513,2159.1875,True,buy_after_first_green_after_red_above_200dma,2017-02-08,0.19687192387618513,0.02,0.17687192387618514,-13.24869494654762
2017-02-21,2346.5,2365.0,2346.0,2360.0,True,False,False,0.005753249520562553,2169.5525,True,buy_after_first_green_after_red_above_200dma,2017-02-21,0.5753249520562553,0.02,0.5553249520562553,-12.693369994491364
2017-03-02,2392.25,2394.25,2378.0,2382.0,False,True,False,-0.0042846692444351575,2180.5675,True,buy_after_first_green_after_red_above_200dma,2017-03-02,-0.42846692444351575,0.02,-0.44846692444351577,-13.14183691893488
2017-03-06,2380.25,2380.75,2367.0,2375.5,False,True,False,-0.0019955886986661175,2183.82,True,buy_after_first_green_after_red_above_200dma,2017-03-06,-0.19955886986661175,0.02,-0.21955886986661174,-13.361395788801492
2017-03-10,2367.5,2379.75,2362.25,2371.75,True,False,False,0.0017951425554383338,2190.29375,True,buy_after_first_green_after_red_above_200dma,2017-03-10,0.17951425554383338,0.02,0.1595142555438334,-13.201881533257659
2017-03-16,2382.5,2392.0,2376.75,2382.75,True,False,False,0.00010493179433357369,2196.3475,True,buy_after_first_green_after_red_above_200dma,2017-03-16,0.01049317943335737,0.02,-0.009506820566642631,-13.2113883538243
2017-03-23,2342.25,2356.0,2338.25,2340.0,False,True,False,-0.0009606147934678733,2202.78625,True,buy_after_first_green_after_red_above_200dma,2017-03-23,-0.09606147934678733,0.02,-0.11606147934678733,-13.327449833171087
2017-03-27,2337.0,2341.5,2317.75,2338.5,True,False,False,0.0006418485237484894,2205.11,True,buy_after_first_green_after_red_above_200dma,2017-03-27,0.06418485237484894,0.02,0.04418485237484894,-13.283264980796238
2017-04-05,2358.75,2375.0,2343.75,2346.5,False,True,False,-0.005193428722840454,2214.4025,True,buy_after_first_green_after_red_above_200dma,2017-04-05,-0.5193428722840454,0.02,-0.5393428722840454,-13.822607853080283
2017-04-07,2355.25,2360.75,2336.75,2352.25,False,True,False,-0.001273750132682272,2217.16875,True,buy_after_first_green_after_red_above_200dma,2017-04-07,-0.1273750132682272,0.02,-0.1473750132682272,-13.969982866348511
2017-04-11,2354.25,2355.75,2333.25,2351.0,False,True,False,-0.0013804821068280626,2219.9,True,buy_after_first_green_after_red_above_200dma,2017-04-11,-0.13804821068280626,0.02,-0.15804821068280625,-14.128031077031316
2017-04-18,2345.0,2347.0,2330.25,2337.25,False,True,False,-0.0033049040511726746,2225.96375,True,buy_after_first_green_after_red_above_200dma,2017-04-18,-0.33049040511726746,0.02,-0.3504904051172675,-14.478521482148583
2017-04-21,2352.75,2356.0,2340.5,2347.5,False,True,False,-0.002231431303793441,2229.86375,True,buy_after_first_green_after_red_above_200dma,2017-04-21,-0.22314313037934408,0.02,-0.24314313037934407,-14.721664612527928
2017-04-25,2370.0,2389.25,2368.25,2385.0,True,False,False,0.006329113924050667,2232.755,True,buy_after_first_green_after_red_above_200dma,2017-04-25,0.6329113924050667,0.02,0.6129113924050666,-14.10875322012286
2017-04-28,2386.25,2388.75,2378.25,2380.5,False,True,False,-0.002409638554216831,2236.785,True,buy_after_first_green_after_red_above_200dma,2017-04-28,-0.24096385542168308,0.02,-0.2609638554216831,-14.369717075544543
2017-05-02,2386.25,2388.75,2381.75,2385.75,False,True,False,-0.00020953378732324612,2239.19,True,buy_after_first_green_after_red_above_200dma,2017-05-02,-0.020953378732324612,0.02,-0.040953378732324616,-14.410670454276866
2017-05-05,2386.0,2399.25,2379.0,2397.75,True,False,False,0.004924559932942163,2242.6725,True,buy_after_first_green_after_red_above_200dma,2017-05-05,0.4924559932942163,0.02,0.4724559932942163,-13.93821446098265
2017-05-11,2395.0,2395.25,2379.0,2391.0,False,True,False,-0.001670146137787043,2247.28625,True,buy_after_first_green_after_red_above_200dma,2017-05-11,-0.1670146137787043,0.02,-0.1870146137787043,-14.125229074761354
2017-05-16,2399.75,2404.5,2393.75,2397.0,False,True,False,-0.0011459527034065609,2250.7775,True,buy_after_first_green_after_red_above_200dma,2017-05-16,-0.11459527034065609,0.02,-0.13459527034065608,-14.25982434510201
2017-05-19,2364.0,2388.0,2361.0,2381.5,True,False,False,0.007402707275803833,2253.8025,True,buy_after_first_green_after_red_above_200dma,2017-05-19,0.7402707275803833,0.02,0.7202707275803832,-13.539553617521626
2017-06-01,2413.75,2430.5,2410.5,2429.5,True,False,False,0.0065251165199378125,2263.3925,True,buy_after_first_green_after_red_above_200dma,2017-06-01,0.6525116519937812,0.02,0.6325116519937812,-12.907041965527846
2017-06-08,2431.5,2439.0,2427.25,2432.5,True,False,False,0.00041126876413732916,2269.69875,True,buy_after_first_green_after_red_above_200dma,2017-06-08,0.041126876413732916,0.02,0.021126876413732915,-12.885915089114112
2017-06-14,2440.25,2445.5,2427.75,2437.25,False,True,False,-0.0012293822354266792,2274.7625,True,buy_after_first_green_after_red_above_200dma,2017-06-14,-0.12293822354266792,0.02,-0.1429382235426679,-13.02885331265678
2017-06-29,2442.0,2445.0,2402.25,2420.0,False,True,False,-0.009009009009009028,2289.20125,True,buy_after_first_green_after_red_above_200dma,2017-06-29,-0.9009009009009028,0.02,-0.9209009009009028,-13.949754213557682
2017-07-03,2422.0,2436.5,2421.5,2425.0,True,False,False,0.0012386457473163581,2291.995,True,buy_after_first_green_after_red_above_200dma,2017-07-03,0.12386457473163581,0.02,0.10386457473163581,-13.845889638826046
2017-07-10,2423.0,2430.0,2419.25,2424.5,True,False,False,0.0006190672719768031,2297.7125,True,buy_after_first_green_after_red_above_200dma,2017-07-10,0.06190672719768031,0.02,0.04190672719768031,-13.803982911628365
2017-07-20,2471.0,2476.25,2465.5,2471.25,True,False,False,0.00010117361392159019,2309.74875,True,buy_after_first_green_after_red_above_200dma,2017-07-20,0.010117361392159019,0.02,-0.009882638607840982,-13.813865550236207
2017-07-26,2475.25,2479.75,2471.5,2473.25,False,True,False,-0.0008079991920008078,2316.11625,True,buy_after_first_green_after_red_above_200dma,2017-07-26,-0.08079991920008078,0.02,-0.10079991920008079,-13.914665469436287
2017-08-02,2474.0,2476.0,2463.25,2473.5,False,True,False,-0.00020210185933711156,2324.42,True,buy_after_first_green_after_red_above_200dma,2017-08-02,-0.020210185933711156,0.02,-0.04021018593371116,-13.954875655369998
2017-08-07,2472.25,2478.25,2472.0,2477.5,True,False,False,0.0021235716452623343,2329.61625,True,buy_after_first_green_after_red_above_200dma,2017-08-07,0.21235716452623343,0.02,0.19235716452623344,-13.762518490843764
2017-08-10,2474.0,2474.25,2432.75,2437.5,False,True,False,-0.0147534357316087,2334.48375,True,buy_after_first_green_after_red_above_200dma,2017-08-10,-1.47534357316087,0.02,-1.49534357316087,-15.257862064004634
2017-08-14,2441.5,2466.5,2441.5,2463.5,True,False,False,0.009010853983207001,2337.59,True,buy_after_first_green_after_red_above_200dma,2017-08-14,0.9010853983207001,0.02,0.8810853983207001,-14.376776665683934
2017-08-17,2466.75,2468.5,2423.75,2429.5,False,True,False,-0.015100841187797753,2342.4875,True,buy_after_first_green_after_red_above_200dma,2017-08-17,-1.5100841187797753,0.02,-1.5300841187797753,-15.90686078446371
2017-08-23,2453.0,2454.75,2438.75,2441.5,False,True,False,-0.004688136975132484,2349.235,True,buy_after_first_green_after_red_above_200dma,2017-08-23,-0.4688136975132484,0.02,-0.48881369751324844,-16.395674481976958
2017-08-25,2442.5,2453.5,2437.5,2442.5,False,False,True,0.0,2352.60625,True,buy_after_first_green_after_red_above_200dma,2017-08-25,0.0,0.02,-0.02,-16.415674481976957
2017-09-07,2464.0,2468.75,2457.5,2466.5,True,False,False,0.0010146103896104819,2364.31625,True,buy_after_first_green_after_red_above_200dma,2017-09-07,0.10146103896104819,0.02,0.08146103896104818,-16.33421344301591
2017-09-12,2488.25,2497.0,2486.75,2496.0,True,False,False,0.0031146388023710614,2368.57625,True,buy_after_first_green_after_red_above_200dma,2017-09-12,0.31146388023710614,0.02,0.2914638802371061,-16.042749562778802
2017-09-15,2496.0,2496.5,2489.5,2496.0,False,False,True,0.0,2372.9425,True,buy_after_first_green_after_red_above_200dma,2017-09-15,0.0,0.02,-0.02,-16.0627495627788
2017-09-28,2503.25,2508.25,2499.0,2507.75,True,False,False,0.001797663038050512,2385.545,True,buy_after_first_green_after_red_above_200dma,2017-09-28,0.1797663038050512,0.02,0.15976630380505122,-15.90298325897375
2017-10-10,2543.25,2553.25,2542.75,2548.5,True,False,False,0.0020642878207017823,2396.5025,True,buy_after_first_green_after_red_above_200dma,2017-10-10,0.20642878207017823,0.02,0.18642878207017824,-15.716554476903571
2017-10-16,2552.25,2557.75,2550.75,2556.25,True,False,False,0.0015672445881085295,2402.50375,True,buy_after_first_green_after_red_above_200dma,2017-10-16,0.15672445881085295,0.02,0.13672445881085296,-15.579830018092718
2017-10-25,2564.75,2566.25,2541.5,2558.5,False,True,False,-0.002436884686616625,2413.12,True,buy_after_first_green_after_red_above_200dma,2017-10-25,-0.2436884686616625,0.02,-0.2636884686616625,-15.84351848675438
2017-10-27,2561.5,2580.75,2557.5,2578.5,True,False,False,0.006636736287331635,2416.15,True,buy_after_first_green_after_red_above_200dma,2017-10-27,0.6636736287331635,0.02,0.6436736287331635,-15.199844858021217
2017-11-01,2572.75,2585.5,2571.0,2574.75,True,False,False,0.000777378291711095,2420.72,True,buy_after_first_green_after_red_above_200dma,2017-11-01,0.0777378291711095,0.02,0.05773782917110949,-15.142107028850107
2017-11-09,2591.25,2594.5,2563.25,2584.0,False,True,False,-0.0027978774722624555,2430.01,True,buy_after_first_green_after_red_above_200dma,2017-11-09,-0.27978774722624555,0.02,-0.29978774722624557,-15.441894776076353
2017-11-14,2580.25,2582.25,2564.25,2578.0,False,True,False,-0.0008720085263056454,2434.51,True,buy_after_first_green_after_red_above_200dma,2017-11-14,-0.08720085263056454,0.02,-0.10720085263056454,-15.549095628706917
2017-11-17,2584.25,2586.0,2574.75,2576.25,False,True,False,-0.0030956757279675395,2438.93625,True,buy_after_first_green_after_red_above_200dma,2017-11-17,-0.30956757279675395,0.02,-0.32956757279675397,-15.87866320150367
2017-11-21,2582.0,2600.5,2579.25,2596.25,True,False,False,0.0055189775367932015,2441.9525,True,buy_after_first_green_after_red_above_200dma,2017-11-21,0.5518977536793201,0.02,0.5318977536793201,-15.34676544782435
2017-11-27,2601.0,2605.5,2596.5,2601.75,True,False,False,0.00028835063437138153,2446.4025,True,buy_after_first_green_after_red_above_200dma,2017-11-27,0.028835063437138153,0.02,0.008835063437138153,-15.337930384387212
2017-12-01,2640.75,2650.75,2605.0,2644.0,True,False,False,0.0012307109722615728,2452.32125,True,buy_after_first_green_after_red_above_200dma,2017-12-01,0.12307109722615728,0.02,0.10307109722615727,-15.234859287161054
2017-12-07,2630.5,2641.25,2626.25,2639.5,True,False,False,0.003421402775137805,2457.83875,True,buy_after_first_green_after_red_above_200dma,2017-12-07,0.3421402775137805,0.02,0.3221402775137805,-14.912719009647274
2017-12-18,2683.0,2698.0,2682.5,2694.5,True,False,False,0.004286246738725241,2467.99,True,buy_after_first_green_after_red_above_200dma,2017-12-18,0.4286246738725241,0.02,0.4086246738725241,-14.50409433577475
2017-12-22,2686.75,2691.5,2682.25,2686.0,False,True,False,-0.00027914766911696365,2474.34375,True,buy_after_first_green_after_red_above_200dma,2017-12-22,-0.027914766911696365,0.02,-0.04791476691169637,-14.552009102686446
2017-12-27,2687.5,2691.0,2681.5,2685.5,False,True,False,-0.0007441860465116079,2477.49875,True,buy_after_first_green_after_red_above_200dma,2017-12-27,-0.07441860465116079,0.02,-0.0944186046511608,-14.646427707337606
2017-12-29,2684.75,2698.25,2667.75,2676.0,False,True,False,-0.0032591488965453275,2480.475,True,buy_after_first_green_after_red_above_200dma,2017-12-29,-0.32591488965453275,0.02,-0.34591488965453276,-14.992342596992138
2018-01-03,2693.75,2714.25,2692.25,2711.0,True,False,False,0.006403712296983777,2483.72125,True,buy_after_first_green_after_red_above_200dma,2018-01-03,0.6403712296983777,0.02,0.6203712296983777,-14.37197136729376
2018-01-18,2803.25,2808.0,2793.75,2796.25,False,True,False,-0.0024971015785248962,2504.5225,True,buy_after_first_green_after_red_above_200dma,2018-01-18,-0.24971015785248962,0.02,-0.26971015785248964,-14.64168152514625
2018-01-22,2804.0,2838.25,2802.0,2835.25,True,False,False,0.011144793152639165,2509.23875,True,buy_after_first_green_after_red_above_200dma,2018-01-22,1.1144793152639165,0.02,1.0944793152639165,-13.547202209882334
2018-02-01,2828.75,2837.25,2809.5,2822.5,False,True,False,-0.002209456473707516,2529.05125,True,buy_after_first_green_after_red_above_200dma,2018-02-01,-0.22094564737075162,0.02,-0.2409456473707516,-13.788147857253085
2018-02-07,2685.5,2726.75,2660.5,2668.25,False,True,False,-0.006423384844535418,2535.67,True,buy_after_first_green_after_red_above_200dma,2018-02-07,-0.6423384844535418,0.02,-0.6623384844535418,-14.450486341706627
2018-02-12,2628.25,2671.5,2620.0,2655.25,True,False,False,0.010272995339103863,2539.2425,True,buy_after_first_green_after_red_above_200dma,2018-02-12,1.0272995339103863,0.02,1.0072995339103863,-13.443186807796241
2018-02-23,2712.75,2750.25,2710.0,2748.75,True,False,False,0.013270666298037082,2552.20625,True,buy_after_first_green_after_red_above_200dma,2018-02-23,1.3270666298037082,0.02,1.3070666298037081,-12.136120177992533
2018-03-05,2683.25,2727.75,2663.75,2718.5,True,False,False,0.01313705394577469,2562.23375,True,buy_after_first_green_after_red_above_200dma,2018-03-05,1.313705394577469,0.02,1.293705394577469,-10.842414783415064
2018-03-16,2753.75,2757.0,2747.0,2752.75,False,True,False,-0.00036314117113023237,2578.185,True,buy_after_first_green_after_red_above_200dma,2018-03-16,-0.036314117113023237,0.02,-0.05631411711302324,-10.898728900528088
2018-03-21,2723.25,2744.0,2712.5,2718.25,False,True,False,-0.0018360414945377546,2582.49875,True,buy_after_first_green_after_red_above_200dma,2018-03-21,-0.18360414945377546,0.02,-0.20360414945377545,-11.102333049981864
2018-03-27,2659.5,2679.75,2596.0,2615.75,False,True,False,-0.016450460612897122,2586.45125,True,buy_after_first_green_after_red_above_200dma,2018-03-27,-1.6450460612897122,0.02,-1.6650460612897122,-12.767379111271577
2018-04-02,2635.0,2641.5,2552.0,2575.0,False,True,False,-0.022770398481973486,2589.05,True,buy_after_first_green_after_red_above_200dma,2018-04-02,-2.2770398481973486,0.02,-2.2970398481973486,-15.064418959468926
2018-04-04,2612.0,2649.75,2559.5,2647.0,True,False,False,0.013399693721286354,2591.01125,True,buy_after_first_green_after_red_above_200dma,2018-04-04,1.3399693721286354,0.02,1.3199693721286354,-13.74444958734029
2018-04-10,2617.75,2666.25,2612.25,2655.0,True,False,False,0.014229777480660788,2594.9675,True,buy_after_first_green_after_red_above_200dma,2018-04-10,1.4229777480660788,0.02,1.4029777480660788,-12.341471839274211
2018-04-13,2661.75,2680.5,2644.75,2657.25,False,True,False,-0.0016906170752324368,2598.32125,True,buy_after_first_green_after_red_above_200dma,2018-04-13,-0.16906170752324368,0.02,-0.18906170752324367,-12.530533546797455
2018-04-17,2679.25,2713.75,2678.75,2706.5,True,False,False,0.010170756741625375,2600.97,True,buy_after_first_green_after_red_above_200dma,2018-04-17,1.0170756741625375,0.02,0.9970756741625375,-11.533457872634918
2018-04-26,2648.25,2677.5,2639.5,2674.5,True,False,False,0.009912206173888327,2609.69875,True,buy_after_first_green_after_red_above_200dma,2018-04-26,0.9912206173888327,0.02,0.9712206173888327,-10.562237255246085
2018-05-02,2655.5,2658.5,2624.25,2627.5,False,True,False,-0.010544153643381682,2613.69,True,buy_after_first_green_after_red_above_200dma,2018-05-02,-1.0544153643381682,0.02,-1.0744153643381682,-11.636652619584254
2018-05-04,2631.75,2669.5,2612.25,2663.0,True,False,False,0.0118742281751687,2615.5175,True,buy_after_first_green_after_red_above_200dma,2018-05-04,1.18742281751687,0.02,1.16742281751687,-10.469229802067384
2018-05-17,2721.75,2732.0,2711.0,2718.75,False,True,False,-0.0011022320198401658,2626.15375,True,buy_after_first_green_after_red_above_200dma,2018-05-17,-0.11022320198401658,0.02,-0.13022320198401657,-10.5994530040514
2018-05-22,2731.25,2741.75,2721.5,2726.0,False,True,False,-0.0019221967963386488,2629.9275,True,buy_after_first_green_after_red_above_200dma,2018-05-22,-0.19221967963386488,0.02,-0.21221967963386487,-10.811672683685265
2018-05-24,2729.75,2733.25,2705.75,2727.5,False,True,False,-0.0008242513050645828,2632.4675,True,buy_after_first_green_after_red_above_200dma,2018-05-24,-0.08242513050645828,0.02,-0.10242513050645828,-10.914097814191722
2018-05-31,2720.25,2728.25,2699.75,2705.5,False,True,False,-0.005422295744876404,2637.6,True,buy_after_first_green_after_red_above_200dma,2018-05-31,-0.5422295744876404,0.02,-0.5622295744876404,-11.476327388679362
2018-06-04,2731.0,2749.25,2729.0,2745.5,True,False,False,0.005309410472354559,2640.34,True,buy_after_first_green_after_red_above_200dma,2018-06-04,0.5309410472354559,0.02,0.5109410472354559,-10.965386341443907
2018-06-11,2771.0,2790.5,2770.5,2783.0,True,False,False,0.004330566582461115,2648.73625,True,buy_after_first_green_after_red_above_200dma,2018-06-11,0.4330566582461115,0.02,0.4130566582461115,-10.552329683197796
2018-06-15,2782.5,2784.0,2766.25,2776.5,False,True,False,-0.0021563342318059453,2655.45625,True,buy_after_first_green_after_red_above_200dma,2018-06-15,-0.21563342318059453,0.02,-0.23563342318059452,-10.78796310637839
2018-06-21,2771.75,2785.25,2747.0,2752.5,False,True,False,-0.006945070803643927,2661.51,True,buy_after_first_green_after_red_above_200dma,2018-06-21,-0.6945070803643927,0.02,-0.7145070803643927,-11.502470186742784
2018-06-25,2757.0,2758.0,2700.5,2722.25,False,True,False,-0.012604280014508529,2664.25875,True,buy_after_first_green_after_red_above_200dma,2018-06-25,-1.2604280014508529,0.02,-1.280428001450853,-12.782898188193636
2018-06-27,2726.5,2748.0,2701.0,2705.0,False,True,False,-0.007885567577480268,2666.67625,True,buy_after_first_green_after_red_above_200dma,2018-06-27,-0.7885567577480268,0.02,-0.8085567577480268,-13.591454945941663
2018-06-29,2720.0,2745.5,2716.75,2721.5,True,False,False,0.0005514705882352366,2668.91875,True,buy_after_first_green_after_red_above_200dma,2018-06-29,0.055147058823523665,0.02,0.03514705882352366,-13.55630788711814
2018-07-06,2737.0,2766.25,2731.25,2763.0,True,False,False,0.009499451954694926,2673.62875,True,buy_after_first_green_after_red_above_200dma,2018-07-06,0.9499451954694926,0.02,0.9299451954694926,-12.626362691648646
2018-07-13,2798.5,2807.25,2793.25,2803.25,True,False,False,0.0016973378595677158,2680.9375,True,buy_after_first_green_after_red_above_200dma,2018-07-13,0.16973378595677158,0.02,0.1497337859567716,-12.476628905691875
2018-07-18,2813.0,2818.25,2806.75,2816.0,True,False,False,0.0010664770707429216,2685.415,True,buy_after_first_green_after_red_above_200dma,2018-07-18,0.10664770707429216,0.02,0.08664770707429216,-12.389981198617583
2018-07-24,2810.5,2831.25,2810.25,2821.0,True,False,False,0.0037359900373599153,2690.88375,True,buy_after_first_green_after_red_above_200dma,2018-07-24,0.37359900373599153,0.02,0.3535990037359915,-12.036382194881591
2018-08-01,2824.25,2825.75,2805.5,2810.75,False,True,False,-0.0047800300964857545,2699.0825,True,buy_after_first_green_after_red_above_200dma,2018-08-01,-0.47800300964857545,0.02,-0.49800300964857547,-12.534385204530167
2018-08-03,2830.75,2841.5,2824.75,2839.5,True,False,False,0.003091053607701122,2701.85625,True,buy_after_first_green_after_red_above_200dma,2018-08-03,0.3091053607701122,0.02,0.2891053607701122,-12.245279843760056
2018-08-10,2852.5,2852.75,2826.0,2836.75,False,True,False,-0.005521472392638005,2709.0075,True,buy_after_first_green_after_red_above_200dma,2018-08-10,-0.5521472392638005,0.02,-0.5721472392638005,-12.817427083023857
2018-08-15,2841.75,2843.0,2803.0,2821.25,False,True,False,-0.00721386469605001,2712.95375,True,buy_after_first_green_after_red_above_200dma,2018-08-15,-0.721386469605001,0.02,-0.741386469605001,-13.558813552628857
2018-08-17,2843.5,2857.0,2835.0,2852.25,True,False,False,0.0030771935994373667,2715.73375,True,buy_after_first_green_after_red_above_200dma,2018-08-17,0.30771935994373667,0.02,0.28771935994373665,-13.271094192685121
2018-08-27,2877.75,2899.5,2876.75,2898.5,True,False,False,0.007210494309790594,2724.30375,True,buy_after_first_green_after_red_above_200dma,2018-08-27,0.7210494309790594,0.02,0.7010494309790594,-12.570044761706061
2018-09-04,2906.5,2912.5,2885.5,2898.25,False,True,False,-0.002838465508343324,2732.4425,True,buy_after_first_green_after_red_above_200dma,2018-09-04,-0.2838465508343324,0.02,-0.30384655083433243,-12.873891312540394
2018-09-11,2879.75,2893.0,2867.25,2889.75,True,False,False,0.003472523656567361,2739.8325,True,buy_after_first_green_after_red_above_200dma,2018-09-11,0.3472523656567361,0.02,0.3272523656567361,-12.546638946883657
2018-09-14,2904.75,2912.25,2896.75,2906.25,True,False,False,0.0005163955589981839,2744.18875,True,buy_after_first_green_after_red_above_200dma,2018-09-14,0.05163955589981839,0.02,0.031639555899818386,-12.514999390983839
2018-09-19,2907.75,2913.75,2900.75,2910.0,True,False,False,0.0007737941707506302,2748.14125,True,buy_after_first_green_after_red_above_200dma,2018-09-19,0.07737941707506302,0.02,0.05737941707506301,-12.457619973908775
2018-09-28,2922.25,2925.5,2908.0,2919.0,False,True,False,-0.0011121567285482525,2757.94875,True,buy_after_first_green_after_red_above_200dma,2018-09-28,-0.11121567285482525,0.02,-0.13121567285482524,-12.5888356467636
2018-10-02,2929.25,2936.0,2917.5,2928.5,False,True,False,-0.00025603823504305456,2760.6425,True,buy_after_first_green_after_red_above_200dma,2018-10-02,-0.025603823504305456,0.02,-0.04560382350430546,-12.634439470267905
2018-10-04,2926.0,2926.25,2887.75,2907.75,False,True,False,-0.006237183868762819,2763.0325,True,buy_after_first_green_after_red_above_200dma,2018-10-04,-0.6237183868762819,0.02,-0.6437183868762819,-13.278157857144187
2018-10-15,2770.0,2778.75,2745.25,2749.0,False,True,False,-0.007581227436823101,2767.645,True,buy_after_first_green_after_red_above_200dma,2018-10-15,-0.7581227436823101,0.02,-0.7781227436823102,-14.056280600826497
2018-10-17,2816.25,2824.25,2783.25,2816.25,False,False,True,0.0,2768.97,True,buy_after_first_green_after_red_above_200dma,2018-10-17,0.0,0.02,-0.02,-14.076280600826497
2019-02-13,2743.5,2762.0,2742.75,2749.5,True,False,False,0.002186987424822373,2745.04375,True,buy_after_first_green_after_red_above_200dma,2019-02-13,0.2186987424822373,0.02,0.19869874248223732,-13.877581858344259
2019-02-19,2777.0,2787.5,2766.0,2778.75,True,False,False,0.0006301764494058837,2746.90625,True,buy_after_first_green_after_red_above_200dma,2019-02-19,0.06301764494058837,0.02,0.043017644940588365,-13.83456421340367
2019-02-25,2799.5,2814.0,2794.5,2797.0,False,True,False,-0.0008930166101089876,2749.47875,True,buy_after_first_green_after_red_above_200dma,2019-02-25,-0.08930166101089876,0.02,-0.10930166101089876,-13.943865874414568
2019-02-28,2795.25,2795.75,2781.75,2784.75,False,True,False,-0.003756372417493936,2750.61375,True,buy_after_first_green_after_red_above_200dma,2019-02-28,-0.3756372417493936,0.02,-0.39563724174939363,-14.33950311616396
2019-03-04,2814.0,2819.75,2767.5,2791.5,False,True,False,-0.007995735607675858,2751.39625,True,buy_after_first_green_after_red_above_200dma,2019-03-04,-0.7995735607675858,0.02,-0.8195735607675858,-15.159076676931546
2019-03-06,2786.5,2792.75,2768.5,2771.5,False,True,False,-0.005383097075183918,2752.0025,True,buy_after_first_green_after_red_above_200dma,2019-03-06,-0.5383097075183918,0.02,-0.5583097075183918,-15.717386384449938
2019-03-12,2784.75,2798.25,2780.5,2792.0,True,False,False,0.0026034653020916565,2752.85375,True,buy_after_first_green_after_red_above_200dma,2019-03-12,0.26034653020916565,0.02,0.24034653020916566,-15.477039854240772
2019-03-18,2827.0,2842.0,2824.0,2840.5,True,False,False,0.004775380261761608,2754.911949462891,True,buy_after_first_green_after_red_above_200dma,2019-03-18,0.4775380261761608,0.02,0.4575380261761608,-15.01950182806461
2019-03-22,2859.5,2864.75,2805.25,2810.75,False,True,False,-0.017048435041091103,2756.914449462891,True,buy_after_first_green_after_red_above_200dma,2019-03-22,-1.7048435041091103,0.02,-1.7248435041091104,-16.744345332173722
2019-03-27,2823.5,2831.75,2791.75,2810.5,False,True,False,-0.004604214627235703,2757.5006994628907,True,buy_after_first_green_after_red_above_200dma,2019-03-27,-0.4604214627235703,0.02,-0.48042146272357034,-17.224766794897292
2019-03-29,2820.5,2840.75,2820.25,2837.75,True,False,False,0.006115936890622287,2757.9594494628905,True,buy_after_first_green_after_red_above_200dma,2019-03-29,0.6115936890622287,0.02,0.5915936890622286,-16.633173105835063
2019-04-04,2880.75,2885.75,2871.0,2882.75,True,False,False,0.0006942636466198415,2759.8906994628906,True,buy_after_first_green_after_red_above_200dma,2019-04-04,0.06942636466198415,0.02,0.04942636466198415,-16.58374674117308
2019-04-11,2894.75,2900.0,2885.25,2891.75,False,True,False,-0.0010363589256412453,2763.3431994628904,True,buy_after_first_green_after_red_above_200dma,2019-04-11,-0.10363589256412453,0.02,-0.12363589256412454,-16.707382633737204
2019-04-15,2912.0,2914.5,2900.5,2909.5,False,True,False,-0.000858516483516536,2765.2856994628905,True,buy_after_first_green_after_red_above_200dma,2019-04-15,-0.0858516483516536,0.02,-0.1058516483516536,-16.813234282088857
2019-04-17,2910.25,2923.5,2898.5,2900.5,False,True,False,-0.0033502276436732092,2767.1406994628906,True,buy_after_first_green_after_red_above_200dma,2019-04-17,-0.3350227643673209,0.02,-0.35502276436732094,-17.168257046456176
2019-04-22,2908.75,2915.75,2899.0,2912.5,True,False,False,0.0012892135797164528,2769.0506994628904,True,buy_after_first_green_after_red_above_200dma,2019-04-22,0.12892135797164528,0.02,0.10892135797164527,-17.05933568848453
2019-04-29,2939.25,2951.5,2937.75,2943.0,True,False,False,0.001275835672365444,2773.1494494628905,True,buy_after_first_green_after_red_above_200dma,2019-04-29,0.1275835672365444,0.02,0.1075835672365444,-16.951752121247985
2019-05-03,2918.5,2949.5,2916.5,2947.5,True,False,False,0.00993661127291423,2775.7844494628907,True,buy_after_first_green_after_red_above_200dma,2019-05-03,0.9936611272914231,0.02,0.9736611272914231,-15.978090993956561
2019-05-13,2858.5,2869.25,2802.0,2807.0,False,True,False,-0.01801644218995979,2777.6894494628905,True,buy_after_first_green_after_red_above_200dma,2019-05-13,-1.8016442189959792,0.02,-1.8216442189959792,-17.79973521295254
2019-05-15,2840.75,2860.0,2815.0,2855.0,True,False,False,0.005016280911731119,2777.860699462891,True,buy_after_first_green_after_red_above_200dma,2019-05-15,0.5016280911731119,0.02,0.4816280911731119,-17.31810712177943
2019-05-22,2864.75,2869.5,2848.25,2857.5,False,True,False,-0.002530761846583518,2778.9056994628904,True,buy_after_first_green_after_red_above_200dma,2019-05-22,-0.2530761846583518,0.02,-0.2730761846583518,-17.59118330643778
2019-05-28,2831.0,2841.25,2800.5,2805.0,False,True,False,-0.009184033910279,2778.3619494628906,True,buy_after_first_green_after_red_above_200dma,2019-05-28,-0.9184033910278999,0.02,-0.9384033910278999,-18.52958669746568
2019-05-31,2788.75,2791.0,2750.0,2752.5,False,True,False,-0.012998655311519447,2777.3969494628905,True,buy_after_first_green_after_red_above_200dma,2019-05-31,-1.2998655311519447,0.02,-1.3198655311519447,-19.849452228617626
2019-06-14,2893.75,2898.75,2880.5,2890.5,False,True,False,-0.0011231101511879338,2777.2531994628907,True,buy_after_first_green_after_red_above_200dma,2019-06-14,-0.11231101511879338,0.02,-0.13231101511879337,-19.98176324373642
2019-06-18,2893.5,2931.75,2884.5,2921.75,True,False,False,0.009763262484879798,2777.2519494628905,True,buy_after_first_green_after_red_above_200dma,2019-06-18,0.9763262484879798,0.02,0.9563262484879798,-19.02543699524844
2019-06-28,2932.75,2955.25,2930.0,2944.25,True,False,False,0.003921234336373702,2779.2101989746093,True,buy_after_first_green_after_red_above_200dma,2019-06-28,0.39212343363737023,0.02,0.3721234336373702,-18.65331356161107
2019-07-03,2979.0,3001.5,2973.75,3000.25,True,False,False,0.007133266196710286,2780.4476989746095,True,buy_after_first_green_after_red_above_200dma,2019-07-03,0.7133266196710286,0.02,0.6933266196710286,-17.95998694194004
2019-07-10,2982.25,3007.5,2971.25,2997.5,True,False,False,0.005113588733338892,2781.9826989746093,True,buy_after_first_green_after_red_above_200dma,2019-07-10,0.5113588733338892,0.02,0.49135887333388917,-17.46862806860615
2019-07-19,3003.75,3009.75,2969.5,2977.0,False,True,False,-0.008905534748231414,2784.6476989746093,True,buy_after_first_green_after_red_above_200dma,2019-07-19,-0.8905534748231414,0.02,-0.9105534748231414,-18.379181543429294
2019-07-23,2988.75,3008.5,2987.5,3008.0,True,False,False,0.006440819740694215,2785.3326989746092,True,buy_after_first_green_after_red_above_200dma,2019-07-23,0.6440819740694215,0.02,0.6240819740694215,-17.75509956935987
2019-07-29,3022.0,3027.25,3015.5,3021.75,False,True,False,-8.272667107878107e-05,2787.7851989746096,True,buy_after_first_green_after_red_above_200dma,2019-07-29,-0.008272667107878107,0.02,-0.028272667107878107,-17.78337223646775
2019-08-07,2873.75,2891.5,2823.25,2880.5,True,False,False,0.0023488473249237973,2792.861448974609,True,buy_after_first_green_after_red_above_200dma,2019-08-07,0.23488473249237973,0.02,0.21488473249237974,-17.56848750397537
2019-08-14,2931.0,2936.5,2835.75,2840.75,False,True,False,-0.03079153872398499,2797.3114489746094,True,buy_after_first_green_after_red_above_200dma,2019-08-14,-3.079153872398499,0.02,-3.099153872398499,-20.66764137637387
2019-08-16,2851.0,2894.75,2849.5,2891.5,True,False,False,0.01420554191511747,2799.446448974609,True,buy_after_first_green_after_red_above_200dma,2019-08-16,1.420554191511747,0.02,1.400554191511747,-19.26708718486212
2019-08-22,2931.25,2939.75,2904.25,2922.25,False,True,False,-0.0030703624733475765,2803.5214489746095,True,buy_after_first_green_after_red_above_200dma,2019-08-22,-0.30703624733475765,0.02,-0.32703624733475767,-19.594123432196877
2019-08-27,2882.75,2899.5,2860.0,2865.5,False,True,False,-0.005983869568987998,2804.9676989746094,True,buy_after_first_green_after_red_above_200dma,2019-08-27,-0.5983869568987998,0.02,-0.6183869568987999,-20.212510389095677
2019-08-29,2883.25,2930.75,2875.25,2926.75,True,False,False,0.01508714124685695,2806.111448974609,True,buy_after_first_green_after_red_above_200dma,2019-08-29,1.508714124685695,0.02,1.488714124685695,-18.72379626440998
2019-09-12,3003.0,3021.75,3001.0,3011.75,True,False,False,0.002913752913752843,2818.3439489746092,True,buy_after_first_green_after_red_above_200dma,2019-09-12,0.2913752913752843,0.02,0.27137529137528427,-18.452420973034695
2019-09-17,3001.75,3006.5,2991.5,3005.5,True,False,False,0.0012492712584326604,2822.923948974609,True,buy_after_first_green_after_red_above_200dma,2019-09-17,0.12492712584326604,0.02,0.10492712584326604,-18.34749384719143
2019-09-23,2995.75,3008.25,2982.0,2997.0,True,False,False,0.0004172577818575274,2828.063249511719,True,buy_after_first_green_after_red_above_200dma,2019-09-23,0.04172577818575274,0.02,0.021725778185752737,-18.325768069005676
2019-09-26,2985.75,2995.0,2964.25,2980.5,False,True,False,-0.0017583521728209428,2832.898249511719,True,buy_after_first_green_after_red_above_200dma,2019-09-26,-0.17583521728209428,0.02,-0.19583521728209427,-18.52160328628777
2019-10-01,2984.0,2994.5,2937.0,2937.75,False,True,False,-0.015499329758713154,2837.6019995117185,True,buy_after_first_green_after_red_above_200dma,2019-10-01,-1.5499329758713154,0.02,-1.5699329758713154,-20.091536262159085
2019-10-04,2911.5,2953.25,2896.75,2951.0,True,False,False,0.013566889919285563,2842.866999511719,True,buy_after_first_green_after_red_above_200dma,2019-10-04,1.3566889919285563,0.02,1.3366889919285563,-18.754847270230528
2019-10-10,2920.5,2954.0,2881.75,2941.0,True,False,False,0.007019346002396842,2852.324499511719,True,buy_after_first_green_after_red_above_200dma,2019-10-10,0.7019346002396842,0.02,0.6819346002396842,-18.072912669990842
2019-10-16,2996.5,2997.75,2984.75,2991.5,False,True,False,-0.0016686133822793048,2862.165749511719,True,buy_after_first_green_after_red_above_200dma,2019-10-16,-0.16686133822793048,0.02,-0.18686133822793047,-18.259774008218773
2019-10-18,2997.75,3001.25,2975.0,2988.25,False,True,False,-0.003169043449253617,2867.3032495117186,True,buy_after_first_green_after_red_above_200dma,2019-10-18,-0.3169043449253617,0.02,-0.3369043449253617,-18.596678353144135
2019-10-22,3006.5,3014.25,2988.25,2994.5,False,True,False,-0.003991352070513932,2871.8994995117187,True,buy_after_first_green_after_red_above_200dma,2019-10-22,-0.39913520705139316,0.02,-0.4191352070513932,-19.01581356019553
2019-10-24,3006.0,3015.25,2998.75,3004.25,False,True,False,-0.0005821689953426912,2876.1744995117188,True,buy_after_first_green_after_red_above_200dma,2019-10-24,-0.05821689953426912,0.02,-0.07821689953426912,-19.094030459729797
2019-10-28,3023.0,3042.75,3022.75,3036.25,True,False,False,0.00438306318226922,2880.511999511719,True,buy_after_first_green_after_red_above_200dma,2019-10-28,0.438306318226922,0.02,0.418306318226922,-18.675724141502876
2019-10-31,3051.75,3052.0,3020.25,3035.75,False,True,False,-0.005242893421807171,2887.1119995117188,True,buy_after_first_green_after_red_above_200dma,2019-10-31,-0.5242893421807171,0.02,-0.5442893421807171,-19.220013483683594
2019-11-04,3064.75,3083.75,3064.75,3075.75,True,False,False,0.0035891997715964408,2891.273249511719,True,buy_after_first_green_after_red_above_200dma,2019-11-04,0.3589199771596441,0.02,0.33891997715964406,-18.88109350652395
2019-11-07,3077.25,3097.0,3070.25,3086.0,True,False,False,0.002843447883662309,2897.9194995117186,True,buy_after_first_green_after_red_above_200dma,2019-11-07,0.2843447883662309,0.02,0.2643447883662309,-18.61674871815772
2019-11-13,3091.25,3097.0,3075.75,3095.5,True,False,False,0.0013748483623130525,2906.605749511719,True,buy_after_first_green_after_red_above_200dma,2019-11-13,0.13748483623130525,0.02,0.11748483623130525,-18.499263881926414
2019-11-22,3104.0,3114.5,3097.75,3111.5,True,False,False,0.0024162371134019978,2920.5019995117186,True,buy_after_first_green_after_red_above_200dma,2019-11-22,0.24162371134019978,0.02,0.22162371134019979,-18.277640170586213
2019-12-05,3111.0,3124.75,3103.25,3117.75,True,False,False,0.002169720347155346,2935.2269995117185,True,buy_after_first_green_after_red_above_200dma,2019-12-05,0.2169720347155346,0.02,0.19697203471553462,-18.080668135870678
2019-12-11,3135.5,3144.5,3129.5,3143.0,True,False,False,0.002391963004305442,2942.150749511719,True,buy_after_first_green_after_red_above_200dma,2019-12-11,0.23919630043054418,0.02,0.2191963004305442,-17.861471835440135
2019-12-17,3192.5,3199.25,3187.75,3192.0,False,True,False,-0.0001566170712608006,2949.918249511719,True,buy_after_first_green_after_red_above_200dma,2019-12-17,-0.01566170712608006,0.02,-0.035661707126080064,-17.897133542566216
2019-12-19,3195.0,3209.0,3190.25,3207.0,True,False,False,0.00375586854460086,2954.3194995117187,True,buy_after_first_green_after_red_above_200dma,2019-12-19,0.375586854460086,0.02,0.355586854460086,-17.54154668810613
2019-12-27,3242.0,3254.0,3235.5,3237.5,False,True,False,-0.0013880320789636524,2965.425849609375,True,buy_after_first_green_after_red_above_200dma,2019-12-27,-0.13880320789636524,0.02,-0.15880320789636523,-17.700349896002496
2020-01-02,3237.0,3261.75,3234.25,3259.0,True,False,False,0.006796416434970753,2971.5489001464844,True,buy_after_first_green_after_red_above_200dma,2020-01-02,0.6796416434970753,0.02,0.6596416434970753,-17.04070825250542
2020-01-07,3243.5,3254.5,3226.0,3235.25,False,True,False,-0.0025435486357330284,2977.6189001464845,True,buy_after_first_green_after_red_above_200dma,2020-01-07,-0.25435486357330284,0.02,-0.27435486357330285,-17.315063116078726
2020-01-09,3261.25,3276.75,3257.75,3276.0,True,False,False,0.004522805672671604,2982.1501501464845,True,buy_after_first_green_after_red_above_200dma,2020-01-09,0.45228056726716037,0.02,0.43228056726716035,-16.882782548811566
2020-01-14,3289.25,3296.75,3275.25,3288.0,False,True,False,-0.00038002584175722554,2989.0164001464846,True,buy_after_first_green_after_red_above_200dma,2020-01-14,-0.038002584175722554,0.02,-0.05800258417572256,-16.940785132987287
2020-01-16,3294.25,3318.0,3294.0,3316.5,True,False,False,0.006754192911891943,2993.3801501464845,True,buy_after_first_green_after_red_above_200dma,2020-01-16,0.6754192911891943,0.02,0.6554192911891943,-16.285365841798093
2020-01-24,3326.5,3337.0,3280.5,3293.5,False,True,False,-0.00992033669021497,3004.1026501464844,True,buy_after_first_green_after_red_above_200dma,2020-01-24,-0.992033669021497,0.02,-1.012033669021497,-17.29739951081959
2020-01-29,3281.75,3292.75,3265.25,3272.5,False,True,False,-0.0028186181153347922,3009.5601501464844,True,buy_after_first_green_after_red_above_200dma,2020-01-29,-0.2818618115334792,0.02,-0.30186181153347924,-17.599261322353073
2020-01-31,3292.0,3297.5,3212.75,3224.0,False,True,False,-0.020656136087484844,3013.0239001464843,True,buy_after_first_green_after_red_above_200dma,2020-01-31,-2.0656136087484844,0.02,-2.0856136087484844,-19.684874931101557
2020-02-04,3244.25,3305.25,3236.0,3299.5,True,False,False,0.01703013023040767,3016.6964001464844,True,buy_after_first_green_after_red_above_200dma,2020-02-04,1.703013023040767,0.02,1.683013023040767,-18.00186190806079
2020-02-11,3351.0,3374.5,3349.25,3357.5,True,False,False,0.0019397194867203371,3027.0326501464842,True,buy_after_first_green_after_red_above_200dma,2020-02-11,0.1939719486720337,0.02,0.17397194867203372,-17.827889959388756
2020-02-18,3382.25,3392.5,3355.25,3369.25,False,True,False,-0.003843595239855113,3035.9139001464846,True,buy_after_first_green_after_red_above_200dma,2020-02-18,-0.3843595239855113,0.02,-0.40435952398551134,-18.232249483374268
2020-02-20,3391.75,3397.5,3339.25,3369.25,False,True,False,-0.0066337436426623375,3040.2964001464843,True,buy_after_first_green_after_red_above_200dma,2020-02-20,-0.6633743642662338,0.02,-0.6833743642662338,-18.915623847640504
2020-03-05,3109.25,3113.75,2996.5,3015.5,False,True,False,-0.03015196590817726,3051.7214001464845,True,buy_after_first_green_after_red_above_200dma,2020-03-05,-3.015196590817726,0.02,-3.035196590817726,-21.95082043845823
2020-06-08,3192.5,3231.25,3183.25,3227.5,True,False,False,0.010963194988253822,3007.3143005371094,True,buy_after_first_green_after_red_above_200dma,2020-06-08,1.0963194988253822,0.02,1.0763194988253821,-20.87450093963285
2020-06-15,2992.75,3079.25,2935.0,3073.0,True,False,False,0.02681480243922807,3012.7805505371093,True,buy_after_first_green_after_red_above_200dma,2020-06-15,2.681480243922807,0.02,2.661480243922807,-18.213020695710043
2020-06-22,3040.25,3114.25,3027.25,3110.75,True,False,False,0.023188882493216045,3017.5793505859374,True,buy_after_first_green_after_red_above_200dma,2020-06-22,2.3188882493216045,0.02,2.2988882493216045,-15.914132446388438
2020-06-26,3071.25,3082.0,2992.5,3007.0,False,True,False,-0.02091982091982092,3019.1081005859373,True,buy_after_first_green_after_red_above_200dma,2020-06-26,-2.091982091982092,0.02,-2.111982091982092,-18.02611453837053
2020-06-30,3046.0,3101.25,3030.25,3090.25,True,False,False,0.014527248850952024,3019.7068505859374,True,buy_after_first_green_after_red_above_200dma,2020-06-30,1.4527248850952024,0.02,1.4327248850952023,-16.593389653275327
2020-07-09,3166.25,3170.75,3105.25,3141.0,False,True,False,-0.007974733517568056,3023.795050048828,True,buy_after_first_green_after_red_above_200dma,2020-07-09,-0.7974733517568056,0.02,-0.8174733517568056,-17.410863005032134
2020-07-13,3183.5,3226.25,3140.5,3148.25,False,True,False,-0.011072718705826934,3025.646300048828,True,buy_after_first_green_after_red_above_200dma,2020-07-13,-1.1072718705826934,0.02,-1.1272718705826934,-18.538134875614826
2020-07-15,3204.0,3233.25,3192.0,3219.5,True,False,False,0.004837702871410832,3027.940050048828,True,buy_after_first_green_after_red_above_200dma,2020-07-15,0.48377028714108317,0.02,0.46377028714108315,-18.074364588473742
2020-07-20,3214.5,3250.5,3190.25,3245.25,True,False,False,0.009566028931404569,3032.225050048828,True,buy_after_first_green_after_red_above_200dma,2020-07-20,0.9566028931404569,0.02,0.9366028931404569,-17.137761695333285
2020-07-28,3235.0,3246.75,3208.0,3213.0,False,True,False,-0.006800618238021583,3041.428800048828,True,buy_after_first_green_after_red_above_200dma,2020-07-28,-0.6800618238021583,0.02,-0.7000618238021583,-17.837823519135444
2020-07-30,3256.75,3269.0,3195.0,3248.75,False,True,False,-0.002456436631611214,3044.253800048828,True,buy_after_first_green_after_red_above_200dma,2020-07-30,-0.2456436631611214,0.02,-0.2656436631611214,-18.103467182296566
2020-08-04,3290.75,3300.5,3271.0,3300.0,True,False,False,0.0028109093671655483,3048.577550048828,True,buy_after_first_green_after_red_above_200dma,2020-08-04,0.28109093671655483,0.02,0.2610909367165548,-17.84237624558001
2020-08-13,3367.75,3382.0,3357.5,3367.75,False,False,True,0.0,3060.426300048828,True,buy_after_first_green_after_red_above_200dma,2020-08-13,0.0,0.02,-0.02,-17.86237624558001
2020-08-18,3379.25,3390.75,3365.25,3387.0,True,False,False,0.002293408300658495,3065.471300048828,True,buy_after_first_green_after_red_above_200dma,2020-08-18,0.2293408300658495,0.02,0.2093408300658495,-17.65303541551416
2020-08-21,3383.5,3396.25,3356.75,3392.5,True,False,False,0.002659967489286208,3070.146300048828,True,buy_after_first_green_after_red_above_200dma,2020-08-21,0.2659967489286208,0.02,0.2459967489286208,-17.40703866658554
2020-09-02,3529.0,3587.0,3526.25,3579.25,True,False,False,0.014239161235477527,3086.1638000488283,True,buy_after_first_green_after_red_above_200dma,2020-09-02,1.4239161235477527,0.02,1.4039161235477526,-16.003122543037787
2020-09-10,3396.0,3424.25,3327.25,3340.5,False,True,False,-0.016342756183745588,3093.116300048828,True,buy_after_first_green_after_red_above_200dma,2020-09-10,-1.6342756183745588,0.02,-1.6542756183745588,-17.657398161412345
2020-09-15,3379.5,3419.0,3376.0,3405.25,True,False,False,0.007619470335848533,3096.572550048828,True,buy_after_first_green_after_red_above_200dma,2020-09-15,0.7619470335848533,0.02,0.7419470335848533,-16.91545112782749
2020-09-23,3303.75,3319.75,3221.0,3231.25,False,True,False,-0.02194475974271659,3102.5043005371094,True,buy_after_first_green_after_red_above_200dma,2020-09-23,-2.194475974271659,0.02,-2.214475974271659,-19.129927102099153
2020-09-25,3243.5,3296.25,3206.5,3287.25,True,False,False,0.0134885154925235,3103.7780505371093,True,buy_after_first_green_after_red_above_200dma,2020-09-25,1.34885154925235,0.02,1.32885154925235,-17.801075552846804
2020-10-01,3344.75,3388.0,3343.25,3367.75,True,False,False,0.006876448165034743,3107.389300537109,True,buy_after_first_green_after_red_above_200dma,2020-10-01,0.6876448165034743,0.02,0.6676448165034743,-17.13343073634333
2020-10-06,3392.0,3421.75,3330.5,3353.25,False,True,False,-0.011423938679245293,3109.8480505371094,True,buy_after_first_green_after_red_above_200dma,2020-10-06,-1.1423938679245293,0.02,-1.1623938679245294,-18.295824604267857
2020-10-08,3406.25,3447.25,3405.5,3437.5,True,False,False,0.00917431192660545,3111.777950439453,True,buy_after_first_green_after_red_above_200dma,2020-10-08,0.917431192660545,0.02,0.8974311926605449,-17.398393411607312
2020-10-23,3455.75,3462.5,3431.5,3451.75,False,True,False,-0.0011574911379584885,3124.0092004394533,True,buy_after_first_green_after_red_above_200dma,2020-10-23,-0.11574911379584885,0.02,-0.13574911379584884,-17.534142525403162
2020-10-30,3268.0,3296.25,3225.0,3264.75,False,True,False,-0.000994492044063655,3124.780450439453,True,buy_after_first_green_after_red_above_200dma,2020-10-30,-0.09944920440636551,0.02,-0.11944920440636551,-17.653591729809527
2020-11-03,3304.0,3382.75,3301.25,3361.5,True,False,False,0.017403147699757815,3124.867950439453,True,buy_after_first_green_after_red_above_200dma,2020-11-03,1.7403147699757815,0.02,1.7203147699757815,-15.933276959833746
2020-11-10,3549.5,3562.75,3506.5,3541.0,False,True,False,-0.002394703479363325,3130.2104504394533,True,buy_after_first_green_after_red_above_200dma,2020-11-10,-0.23947034793633248,0.02,-0.2594703479363325,-16.192747307770077
2020-11-12,3574.5,3574.5,3513.0,3532.5,False,True,False,-0.011749895090222395,3132.901700439453,True,buy_after_first_green_after_red_above_200dma,2020-11-12,-1.1749895090222395,0.02,-1.1949895090222395,-17.387736816792316
2020-11-16,3587.0,3637.0,3586.5,3623.0,True,False,False,0.01003624198494557,3136.579200439453,True,buy_after_first_green_after_red_above_200dma,2020-11-16,1.003624198494557,0.02,0.9836241984945571,-16.40411261829776
2020-11-20,3560.0,3582.5,3542.75,3554.25,False,True,False,-0.001615168539325862,3141.5829504394533,True,buy_after_first_green_after_red_above_200dma,2020-11-20,-0.1615168539325862,0.02,-0.18151685393258618,-16.585629472230345
2020-11-24,3576.0,3640.0,3575.25,3632.75,True,False,False,0.015869686800894955,3144.0742004394533,True,buy_after_first_green_after_red_above_200dma,2020-11-24,1.5869686800894955,0.02,1.5669686800894955,-15.01866079214085
2020-11-30,3643.75,3652.0,3592.25,3623.25,False,True,False,-0.005626072041166386,3147.814200439453,True,buy_after_first_green_after_red_above_200dma,2020-11-30,-0.5626072041166386,0.02,-0.5826072041166386,-15.601267996257487
2020-12-02,3661.25,3672.75,3642.25,3667.25,True,False,False,0.0016387845681120616,3150.670450439453,True,buy_after_first_green_after_red_above_200dma,2020-12-02,0.16387845681120616,0.02,0.14387845681120617,-15.45738953944628
2020-12-07,3694.75,3705.0,3672.25,3690.75,False,True,False,-0.0010826172271466428,3156.262950439453,True,buy_after_first_green_after_red_above_200dma,2020-12-07,-0.10826172271466428,0.02,-0.12826172271466427,-15.585651262160944
2020-12-09,3707.75,3714.75,3659.5,3672.5,False,True,False,-0.009507113478524731,3161.921700439453,True,buy_after_first_green_after_red_above_200dma,2020-12-09,-0.9507113478524731,0.02,-0.9707113478524731,-16.556362610013416
2020-12-16,3697.75,3711.5,3687.0,3700.75,True,False,False,0.0008113041714556957,3178.3554504394533,True,buy_after_first_green_after_red_above_200dma,2020-12-16,0.08113041714556957,0.02,0.06113041714556956,-16.495232192867846
2020-12-24,3685.25,3696.0,3678.5,3695.0,True,False,False,0.002645682111118708,3205.2792004394532,True,buy_after_first_green_after_red_above_200dma,2020-12-24,0.2645682111118708,0.02,0.2445682111118708,-16.250663981755974
2021-01-04,3748.75,3773.25,3652.5,3692.25,False,True,False,-0.0150716905635212,3236.217950439453,True,buy_after_first_green_after_red_above_200dma,2021-01-04,-1.50716905635212,0.02,-1.52716905635212,-17.777833038108092
2021-01-06,3717.5,3774.75,3685.5,3740.5,True,False,False,0.006186953597848044,3250.2193005371096,True,buy_after_first_green_after_red_above_200dma,2021-01-06,0.6186953597848044,0.02,0.5986953597848044,-17.179137678323286
2021-01-13,3792.0,3813.5,3776.5,3803.75,True,False,False,0.003098628691983185,3281.994300537109,True,buy_after_first_green_after_red_above_200dma,2021-01-13,0.3098628691983185,0.02,0.2898628691983185,-16.889274809124966
2021-01-20,3796.75,3852.5,3788.5,3845.0,True,False,False,0.012708237308224124,3307.8543005371093,True,buy_after_first_green_after_red_above_200dma,2021-01-20,1.2708237308224124,0.02,1.2508237308224124,-15.638451078302554
2021-01-26,3845.0,3862.25,3821.5,3842.5,False,True,False,-0.0006501950585175997,3330.7043005371092,True,buy_after_first_green_after_red_above_200dma,2021-01-26,-0.06501950585175997,0.02,-0.08501950585175998,-15.723470584154313
2021-01-29,3770.25,3777.25,3685.5,3705.25,False,True,False,-0.017240236058616798,3344.9618005371094,True,buy_after_first_green_after_red_above_200dma,2021-01-29,-1.7240236058616798,0.02,-1.7440236058616798,-17.467494190015994
2021-02-02,3764.75,3835.75,3760.0,3818.25,True,False,False,0.014210770967527653,3354.5943005371096,True,buy_after_first_green_after_red_above_200dma,2021-02-02,1.4210770967527653,0.02,1.4010770967527653,-16.06641709326323
2021-02-05,3864.25,3888.25,3860.0,3880.25,True,False,False,0.004140518858769537,3370.8005505371093,True,buy_after_first_green_after_red_above_200dma,2021-02-05,0.41405188587695374,0.02,0.3940518858769537,-15.672365207386276
2021-02-12,3905.25,3936.25,3890.25,3931.0,True,False,False,0.006593687984123964,3397.1605505371094,True,buy_after_first_green_after_red_above_200dma,2021-02-12,0.6593687984123964,0.02,0.6393687984123964,-15.03299640897388
2021-03-02,3903.25,3906.5,3865.5,3867.5,False,True,False,-0.00915903413821817,3453.4643005371095,True,buy_after_first_green_after_red_above_200dma,2021-03-02,-0.915903413821817,0.02,-0.935903413821817,-15.968899822795697
2021-03-08,3854.75,3878.75,3796.25,3819.25,False,True,False,-0.009209416953109839,3471.2580505371093,True,buy_after_first_green_after_red_above_200dma,2021-03-08,-0.9209416953109839,0.02,-0.9409416953109839,-16.90984151810668
2021-03-10,3878.5,3916.25,3856.25,3896.5,True,False,False,0.0046409694469511376,3480.6568005371096,True,buy_after_first_green_after_red_above_200dma,2021-03-10,0.46409694469511376,0.02,0.44409694469511374,-16.465744573411566
2021-03-18,3972.0,3988.75,3911.0,3916.5,False,True,False,-0.013972809667673669,3507.9493005371096,True,buy_after_first_green_after_red_above_200dma,2021-03-18,-1.397280966767367,0.02,-1.417280966767367,-17.883025540178934
2021-03-23,3933.25,3938.75,3890.5,3899.75,False,True,False,-0.008517129600203344,3519.586151123047,True,buy_after_first_green_after_red_above_200dma,2021-03-23,-0.8517129600203344,0.02,-0.8717129600203344,-18.75473850019927
2021-03-26,3907.5,3968.0,3900.75,3964.75,True,False,False,0.014651311580294202,3530.221151123047,True,buy_after_first_green_after_red_above_200dma,2021-03-26,1.4651311580294202,0.02,1.4451311580294202,-17.30960734216985
2021-04-01,3967.5,4015.25,3964.5,4010.0,True,False,False,0.010712035286704502,3548.408651123047,True,buy_after_first_green_after_red_above_200dma,2021-04-01,1.0712035286704502,0.02,1.0512035286704502,-16.258403813499402
2021-04-08,4074.25,4098.5,4072.5,4089.0,True,False,False,0.0036202982143953566,3567.3673510742187,True,buy_after_first_green_after_red_above_200dma,2021-04-08,0.36202982143953566,0.02,0.34202982143953564,-15.916373992059867
2021-04-16,4162.75,4183.5,4154.25,4176.25,True,False,False,0.003243048465557674,3599.5973510742188,True,buy_after_first_green_after_red_above_200dma,2021-04-16,0.3243048465557674,0.02,0.3043048465557674,-15.6120691455041
2021-04-22,4157.5,4171.75,4115.25,4127.75,False,True,False,-0.007155742633794371,3619.767351074219,True,buy_after_first_green_after_red_above_200dma,2021-04-22,-0.7155742633794371,0.02,-0.7355742633794371,-16.347643408883535
2021-04-26,4170.75,4186.0,4163.75,4179.5,True,False,False,0.002097944014865405,3629.999851074219,True,buy_after_first_green_after_red_above_200dma,2021-04-26,0.2097944014865405,0.02,0.1897944014865405,-16.157849007396994
2021-04-30,4200.75,4201.5,4167.25,4174.5,False,True,False,-0.006248884127834309,3650.017351074219,True,buy_after_first_green_after_red_above_200dma,2021-04-30,-0.6248884127834309,0.02,-0.6448884127834309,-16.802737420180424
2021-05-04,4184.25,4185.5,4120.5,4158.25,False,True,False,-0.006213777857441594,3659.6948510742186,True,buy_after_first_green_after_red_above_200dma,2021-05-04,-0.6213777857441594,0.02,-0.6413777857441594,-17.444115205924582
2021-05-06,4158.75,4197.25,4140.5,4194.25,True,False,False,0.008536218815749841,3668.9836010742188,True,buy_after_first_green_after_red_above_200dma,2021-05-06,0.8536218815749841,0.02,0.8336218815749841,-16.610493324349598
2021-05-14,4112.5,4178.25,4105.25,4169.0,True,False,False,0.01373860182370823,3696.4586010742187,True,buy_after_first_green_after_red_above_200dma,2021-05-14,1.373860182370823,0.02,1.353860182370823,-15.256633141978774
2021-05-21,4152.5,4185.0,4147.0,4151.75,False,True,False,-0.00018061408789882272,3717.866101074219,True,buy_after_first_green_after_red_above_200dma,2021-05-21,-0.01806140878988227,0.02,-0.038061408789882276,-15.294694550768657
2021-05-25,4199.25,4212.75,4179.25,4185.5,False,True,False,-0.0032743942370661028,3726.3173510742185,True,buy_after_first_green_after_red_above_200dma,2021-05-25,-0.3274394237066103,0.02,-0.3474394237066103,-15.642133974475268
2021-05-27,4193.0,4211.5,4177.75,4199.0,True,False,False,0.0014309563558312366,3734.863601074219,True,buy_after_first_green_after_red_above_200dma,2021-05-27,0.14309563558312366,0.02,0.12309563558312366,-15.519038338892145
2021-06-03,4208.0,4213.25,4165.25,4191.25,False,True,False,-0.003980513307984768,3751.4611010742187,True,buy_after_first_green_after_red_above_200dma,2021-06-03,-0.39805133079847677,0.02,-0.4180513307984768,-15.937089669690621
2021-06-07,4232.25,4232.5,4214.0,4225.5,False,True,False,-0.0015948963317384823,3759.9311010742185,True,buy_after_first_green_after_red_above_200dma,2021-06-07,-0.15948963317384823,0.02,-0.17948963317384822,-16.11657930286447
2021-06-11,4239.5,4247.75,4230.75,4245.75,True,False,False,0.0014742304517041394,3776.352351074219,True,buy_after_first_green_after_red_above_200dma,2021-06-11,0.14742304517041394,0.02,0.12742304517041395,-15.989156257694056
2021-06-18,4225.75,4231.0,4183.75,4187.25,False,True,False,-0.009110808732177733,3794.5411010742187,True,buy_after_first_green_after_red_above_200dma,2021-06-18,-0.9110808732177733,0.02,-0.9310808732177733,-16.92023713091183
2021-06-22,4219.25,4245.5,4205.75,4236.25,True,False,False,0.004029152100491817,3801.5873510742185,True,buy_after_first_green_after_red_above_200dma,2021-06-22,0.40291521004918174,0.02,0.3829152100491817,-16.53732192086265
2021-06-25,4262.0,4276.75,4253.5,4271.25,True,False,False,0.0021703425621772965,3814.6148510742187,True,buy_after_first_green_after_red_above_200dma,2021-06-25,0.21703425621772965,0.02,0.19703425621772966,-16.34028766464492
2021-07-08,4352.25,4352.25,4279.25,4313.0,False,True,False,-0.009018323855477073,3852.9131005859376,True,buy_after_first_green_after_red_above_200dma,2021-07-08,-0.9018323855477073,0.02,-0.9218323855477073,-17.262120050192625
2021-07-12,4362.0,4379.25,4341.75,4376.5,True,False,False,0.003324163227877097,3863.9431005859374,True,buy_after_first_green_after_red_above_200dma,2021-07-12,0.3324163227877097,0.02,0.3124163227877097,-16.949703727404916
2021-07-15,4366.5,4370.25,4332.5,4352.0,False,True,False,-0.0033207374327264283,3879.9918505859373,True,buy_after_first_green_after_red_above_200dma,2021-07-15,-0.33207374327264283,0.02,-0.35207374327264285,-17.30177747067756
2021-07-21,4318.75,4355.25,4310.0,4350.5,True,False,False,0.0073516642547033495,3899.2068505859374,True,buy_after_first_green_after_red_above_200dma,2021-07-21,0.735166425470335,0.02,0.7151664254703349,-16.586611045207224
2021-07-29,4393.75,4422.5,4380.5,4411.75,True,False,False,0.004096728307254605,3928.1081005859373,True,buy_after_first_green_after_red_above_200dma,2021-07-29,0.40967283072546046,0.02,0.38967283072546044,-16.196938214481765
2021-08-04,4409.75,4415.0,4391.25,4394.75,False,True,False,-0.003401553376041755,3946.3856005859375,True,buy_after_first_green_after_red_above_200dma,2021-08-04,-0.3401553376041755,0.02,-0.3601553376041755,-16.55709355208594
2021-08-06,4420.25,4433.25,4416.0,4429.5,True,False,False,0.002092641818901564,3956.3656005859375,True,buy_after_first_green_after_red_above_200dma,2021-08-06,0.2092641818901564,0.02,0.1892641818901564,-16.367829370195786
2021-08-11,4429.25,4443.25,4420.75,4440.5,True,False,False,0.0025399333973019633,3971.1793505859373,True,buy_after_first_green_after_red_above_200dma,2021-08-11,0.25399333973019633,0.02,0.23399333973019634,-16.133836030465588
2021-08-20,4403.75,4440.5,4371.75,4437.0,True,False,False,0.007550383196139654,4010.1718505859376,True,buy_after_first_green_after_red_above_200dma,2021-08-20,0.7550383196139654,0.02,0.7350383196139654,-15.398797710851623
2021-08-30,4508.75,4534.5,4500.75,4525.25,True,False,False,0.003659550873301942,4039.4456005859374,True,buy_after_first_green_after_red_above_200dma,2021-08-30,0.3659550873301942,0.02,0.3459550873301942,-15.052842623521428
2021-09-03,4536.75,4549.5,4519.25,4534.5,False,True,False,-0.0004959497437593274,4058.2818505859377,True,buy_after_first_green_after_red_above_200dma,2021-09-03,-0.04959497437593274,0.02,-0.06959497437593275,-15.122437597897362
2021-09-14,4475.5,4489.5,4435.0,4444.5,False,True,False,-0.0069266003798458264,4085.0843505859375,True,buy_after_first_green_after_red_above_200dma,2021-09-14,-0.6926600379845826,0.02,-0.7126600379845827,-15.835097635881944
2021-09-16,4486.0,4487.5,4443.0,4474.25,False,True,False,-0.0026192599197503164,4093.5656005859373,True,buy_after_first_green_after_red_above_200dma,2021-09-16,-0.26192599197503164,0.02,-0.28192599197503165,-16.117023627856977
2021-09-22,4336.5,4406.5,4321.25,4384.0,True,False,False,0.01095353395595522,4107.813500976563,True,buy_after_first_green_after_red_above_200dma,2021-09-22,1.095353395595522,0.02,1.075353395595522,-15.041670232261454
2021-09-30,4360.0,4389.0,4294.25,4297.75,False,True,False,-0.014277522935779774,4129.144750976562,True,buy_after_first_green_after_red_above_200dma,2021-09-30,-1.4277522935779774,0.02,-1.4477522935779774,-16.48942252583943
2021-10-04,4349.0,4362.0,4267.5,4291.25,False,True,False,-0.013278914693032884,4135.343500976563,True,buy_after_first_green_after_red_above_200dma,2021-10-04,-1.3278914693032884,0.02,-1.3478914693032884,-17.83731399514272
2021-10-06,4334.0,4357.5,4273.75,4354.0,True,False,False,0.00461467466543608,4141.546000976563,True,buy_after_first_green_after_red_above_200dma,2021-10-06,0.46146746654360804,0.02,0.441467466543608,-17.39584652859911
2021-10-14,4354.75,4437.25,4354.0,4429.0,True,False,False,0.017050347321889925,4161.851000976562,True,buy_after_first_green_after_red_above_200dma,2021-10-14,1.7050347321889925,0.02,1.6850347321889925,-15.71081179641012
2021-10-29,4577.0,4603.5,4559.25,4597.0,True,False,False,0.004369674459252737,4204.3072509765625,True,buy_after_first_green_after_red_above_200dma,2021-10-29,0.4369674459252737,0.02,0.4169674459252737,-15.293844350484846
2021-11-03,4621.25,4657.0,4613.0,4652.25,True,False,False,0.006708141736543105,4216.726000976562,True,buy_after_first_green_after_red_above_200dma,2021-11-03,0.6708141736543105,0.02,0.6508141736543105,-14.643030176830536
2021-11-15,4684.75,4697.5,4667.0,4679.0,False,True,False,-0.001227386733550384,4251.787250976562,True,buy_after_first_green_after_red_above_200dma,2021-11-15,-0.12273867335503841,0.02,-0.1427386733550384,-14.785768850185574
2021-11-17,4696.5,4701.0,4679.25,4686.25,False,True,False,-0.0021824763121472968,4260.489750976562,True,buy_after_first_green_after_red_above_200dma,2021-11-17,-0.21824763121472968,0.02,-0.23824763121472967,-15.024016481400304
2021-11-19,4705.25,4723.5,4684.25,4694.5,False,True,False,-0.002284682004144334,4268.746000976563,True,buy_after_first_green_after_red_above_200dma,2021-11-19,-0.2284682004144334,0.02,-0.24846820041443338,-15.272484681814737
2021-11-24,4686.25,4702.25,4656.25,4699.0,True,False,False,0.002720725526807133,4280.499750976563,True,buy_after_first_green_after_red_above_200dma,2021-11-24,0.2720725526807133,0.02,0.25207255268071327,-15.020412129134023
2021-11-30,4657.25,4667.5,4557.0,4566.25,False,True,False,-0.01953942777390094,4290.711000976563,True,buy_after_first_green_after_red_above_200dma,2021-11-30,-1.9539427773900941,0.02,-1.9739427773900942,-16.994354906524116
2021-12-03,4587.25,4606.5,4492.0,4537.5,False,True,False,-0.010845277671807763,4300.117250976563,True,buy_after_first_green_after_red_above_200dma,2021-12-03,-1.0845277671807763,0.02,-1.1045277671807763,-18.098882673704892
2021-12-07,4594.25,4697.25,4587.25,4685.0,True,False,False,0.019752952059639783,4307.734750976562,True,buy_after_first_green_after_red_above_200dma,2021-12-07,1.9752952059639783,0.02,1.9552952059639783,-16.143587467740915
2021-12-13,4711.25,4731.0,4664.75,4668.75,False,True,False,-0.00902096046696732,4324.171000976563,True,buy_after_first_green_after_red_above_200dma,2021-12-13,-0.902096046696732,0.02,-0.9220960466967321,-17.065683514437648
2021-12-16,4711.5,4752.5,4651.25,4668.75,False,True,False,-0.009073543457497557,4336.998500976562,True,buy_after_first_green_after_red_above_200dma,2021-12-16,-0.9073543457497557,0.02,-0.9273543457497557,-17.993037860187403
2021-12-22,4641.75,4690.5,4622.25,4686.0,True,False,False,0.009533042494748845,4352.46705078125,True,buy_after_first_green_after_red_above_200dma,2021-12-22,0.9533042494748845,0.02,0.9333042494748844,-17.05973361071252
2021-12-30,4784.75,4799.75,4767.25,4772.25,False,True,False,-0.002612466691049642,4372.71830078125,True,buy_after_first_green_after_red_above_200dma,2021-12-30,-0.2612466691049642,0.02,-0.2812466691049642,-17.340980279817483
2022-01-04,4785.25,4808.25,4764.5,4784.25,False,True,False,-0.00020897549762288747,4385.566450195312,True,buy_after_first_green_after_red_above_200dma,2022-01-04,-0.020897549762288747,0.02,-0.04089754976228875,-17.38187782957977
2022-01-12,4704.0,4739.5,4695.0,4716.25,True,False,False,0.0026041666666667407,4408.460200195313,True,buy_after_first_green_after_red_above_200dma,2022-01-12,0.26041666666667407,0.02,0.24041666666667408,-17.141461162913096
2022-02-09,4519.0,4585.0,4517.25,4577.75,True,False,False,0.01300066386368659,4443.681450195312,True,buy_after_first_green_after_red_above_200dma,2022-02-09,1.300066386368659,0.02,1.280066386368659,-15.861394776544437
2022-02-16,4458.75,4484.5,4422.75,4470.0,True,False,False,0.002523128679562614,4450.367700195313,True,buy_after_first_green_after_red_above_200dma,2022-02-16,0.2523128679562614,0.02,0.2323128679562614,-15.629081908588175
2022-03-23,4504.0,4514.0,4444.75,4447.5,False,True,False,-0.01254440497335707,4468.218200683594,True,buy_after_first_green_after_red_above_200dma,2022-03-23,-1.254440497335707,0.02,-1.274440497335707,-16.90352240592388
2022-03-25,4516.25,4539.0,4493.25,4536.5,True,False,False,0.004483808469416095,4471.180700683593,True,buy_after_first_green_after_red_above_200dma,2022-03-25,0.4483808469416095,0.02,0.4283808469416095,-16.47514155898227
2022-04-05,4576.25,4588.75,4507.75,4520.25,False,True,False,-0.012237093690248613,4483.001950683593,True,buy_after_first_green_after_red_above_200dma,2022-04-05,-1.2237093690248613,0.02,-1.2437093690248613,-17.71885092800713
2022-04-08,4494.75,4519.75,4468.75,4483.5,False,True,False,-0.0025029200734190127,4486.660700683594,True,buy_after_first_green_after_red_above_200dma,2022-04-08,-0.25029200734190127,0.02,-0.2702920073419013,-17.98914293534903
2022-12-01,4094.5,4110.0,4054.5,4081.75,False,True,False,-0.003113933325192386,4049.9267504882814,True,buy_after_first_green_after_red_above_200dma,2022-12-01,-0.3113933325192386,0.02,-0.33139333251923864,-18.320536267868267
2023-01-23,3987.0,4056.75,3980.25,4036.5,True,False,False,0.01241534988713311,3971.6598498535154,True,buy_after_first_green_after_red_above_200dma,2023-01-23,1.241534988713311,0.02,1.221534988713311,-17.099001279154955
2023-01-27,4065.0,4109.25,4057.25,4084.25,True,False,False,0.004735547355473546,3963.4598498535156,True,buy_after_first_green_after_red_above_200dma,2023-01-27,0.4735547355473546,0.02,0.4535547355473546,-16.6454465436076
2023-02-01,4085.75,4163.25,4048.5,4132.25,True,False,False,0.011381019396683678,3958.6198498535155,True,buy_after_first_green_after_red_above_200dma,2023-02-01,1.1381019396683678,0.02,1.1181019396683678,-15.527344603939234
2023-02-08,4167.25,4179.25,4121.25,4130.5,False,True,False,-0.008818765372847759,3952.668599853516,True,buy_after_first_green_after_red_above_200dma,2023-02-08,-0.8818765372847759,0.02,-0.9018765372847759,-16.42922114122401
2023-02-13,4105.0,4150.75,4078.75,4147.25,True,False,False,0.010292326431181387,3951.1448498535156,True,buy_after_first_green_after_red_above_200dma,2023-02-13,1.0292326431181387,0.02,1.0092326431181387,-15.41998849810587
2023-02-16,4159.0,4168.5,4095.0,4099.75,False,True,False,-0.014246213031978816,3950.3523498535155,True,buy_after_first_green_after_red_above_200dma,2023-02-16,-1.4246213031978816,0.02,-1.4446213031978816,-16.86460980130375
2023-02-24,4015.25,4023.25,3947.5,3975.75,False,True,False,-0.009837494552020432,3947.2123498535157,True,buy_after_first_green_after_red_above_200dma,2023-02-24,-0.9837494552020432,0.02,-1.0037494552020432,-17.868359256505794
2023-02-28,3991.5,4003.75,3965.0,3975.5,False,True,False,-0.0040085181009645865,3947.3948498535156,True,buy_after_first_green_after_red_above_200dma,2023-02-28,-0.40085181009645865,0.02,-0.42085181009645867,-18.289211066602252
2023-03-03,3983.0,4053.0,3974.0,4049.75,True,False,False,0.016758724579462703,3947.5910998535155,True,buy_after_first_green_after_red_above_200dma,2023-03-03,1.6758724579462703,0.02,1.6558724579462702,-16.633338608655983
2023-03-09,3997.0,4019.75,3909.5,3920.0,False,True,False,-0.019264448336252182,3948.353599853516,True,buy_after_first_green_after_red_above_200dma,2023-03-09,-1.9264448336252182,0.02,-1.9464448336252183,-18.5797834422812
2023-03-17,3962.25,3974.0,3923.0,3957.050048828125,False,True,False,-0.0013123733161398698,3944.4463500976562,True,buy_after_first_green_after_red_above_200dma,2023-03-17,-0.13123733161398698,0.02,-0.15123733161398697,-18.73102077389519
2023-03-21,3986.5,4043.25,3981.75,4035.75,True,False,False,0.012354195409506996,3943.168850097656,True,buy_after_first_green_after_red_above_200dma,2023-03-21,1.2354195409506996,0.02,1.2154195409506996,-17.51560123294449
2023-03-24,3988.75,4010.75,3937.0,4001.25,True,False,False,0.003133813851457168,3940.986350097656,True,buy_after_first_green_after_red_above_200dma,2023-03-24,0.3133813851457168,0.02,0.29338138514571677,-17.222219847798772
2023-03-30,4058.0,4087.75,4052.5,4080.0,True,False,False,0.005421389847215297,3942.818850097656,True,buy_after_first_green_after_red_above_200dma,2023-03-30,0.5421389847215297,0.02,0.5221389847215296,-16.700080863077243
2023-04-10,4139.0,4143.0,4098.75,4136.25,False,True,False,-0.0006644116936458389,3954.906300048828,True,buy_after_first_green_after_red_above_200dma,2023-04-10,-0.06644116936458389,0.02,-0.08644116936458389,-16.786522032441827
2023-04-14,4168.75,4189.0,4138.0,4163.75,False,True,False,-0.0011994002998501063,3960.640050048828,True,buy_after_first_green_after_red_above_200dma,2023-04-14,-0.11994002998501063,0.02,-0.13994002998501062,-16.926462062426836
2023-04-18,4177.0,4198.25,4164.5,4180.0,True,False,False,0.0007182188173329163,3964.370050048828,True,buy_after_first_green_after_red_above_200dma,2023-04-18,0.07182188173329163,0.02,0.05182188173329162,-16.874640180693543
2023-04-24,4150.0,4164.25,4133.5,4159.5,True,False,False,0.0022891566265059726,3970.533800048828,True,buy_after_first_green_after_red_above_200dma,2023-04-24,0.22891566265059726,0.02,0.20891566265059727,-16.665724518042946
2023-04-28,4151.0,4193.75,4131.5,4188.5,True,False,False,0.009033967718621971,3976.160050048828,True,buy_after_first_green_after_red_above_200dma,2023-04-28,0.9033967718621971,0.02,0.8833967718621971,-15.78232774618075
2023-05-08,4151.0,4161.0,4137.5,4152.75,True,False,False,0.00042158516020229797,3983.2375500488283,True,buy_after_first_green_after_red_above_200dma,2023-05-08,0.0421585160202298,0.02,0.022158516020229797,-15.76016923016052
2023-05-11,4152.75,4168.5,4121.5,4143.75,False,True,False,-0.002167238576846642,3986.095050048828,True,buy_after_first_green_after_red_above_200dma,2023-05-11,-0.21672385768466418,0.02,-0.23672385768466417,-15.996893087845184
2023-05-16,4148.25,4151.5,4120.0,4123.0,False,True,False,-0.006086904116193614,3986.992550048828,True,buy_after_first_green_after_red_above_200dma,2023-05-16,-0.6086904116193614,0.02,-0.6286904116193615,-16.625583499464547
2023-05-18,4171.25,4215.75,4161.25,4212.0,True,False,False,0.009769253820797186,3987.838800048828,True,buy_after_first_green_after_red_above_200dma,2023-05-18,0.9769253820797186,0.02,0.9569253820797186,-15.668658117384828
2023-05-23,4207.5,4222.75,4153.0,4158.75,False,True,False,-0.01158645276292336,3988.4050500488283,True,buy_after_first_green_after_red_above_200dma,2023-05-23,-1.158645276292336,0.02,-1.178645276292336,-16.847303393677166
2023-05-26,4157.0,4221.25,4146.0,4213.25,True,False,False,0.013531392831368727,3988.5188000488283,True,buy_after_first_green_after_red_above_200dma,2023-05-26,1.3531392831368727,0.02,1.3331392831368727,-15.514164110540293
2023-06-02,4231.75,4297.75,4229.0,4288.0,True,False,False,0.013292373131683188,3987.642550048828,True,buy_after_first_green_after_red_above_200dma,2023-06-02,1.3292373131683188,0.02,1.3092373131683188,-14.204926797371973
2023-06-07,4292.25,4304.75,4269.25,4274.25,False,True,False,-0.0041936047527521,3987.8938000488283,True,buy_after_first_green_after_red_above_200dma,2023-06-07,-0.41936047527521003,0.02,-0.43936047527521005,-14.644287272647183
2023-06-09,4297.75,4325.5,4284.0,4304.75,True,False,False,0.0016287592344832458,3989.5500500488283,True,buy_after_first_green_after_red_above_200dma,2023-06-09,0.16287592344832458,0.02,0.1428759234483246,-14.50141134919886
2023-06-23,4425.75,4426.25,4381.5,4389.0,False,True,False,-0.008303677342823224,4006.7655505371094,True,buy_after_first_green_after_red_above_200dma,2023-06-23,-0.8303677342823224,0.02,-0.8503677342823224,-15.351779083481182
2023-06-28,4414.0,4430.25,4399.25,4417.5,True,False,False,0.0007929315813322013,4012.534300537109,True,buy_after_first_green_after_red_above_200dma,2023-06-28,0.07929315813322013,0.02,0.05929315813322013,-15.292485925347961
2023-07-11,4445.75,4478.5,4439.0,4473.5,True,False,False,0.006241916437046635,4034.2331005859373,True,buy_after_first_green_after_red_above_200dma,2023-07-11,0.6241916437046635,0.02,0.6041916437046635,-14.688294281643298
2023-07-18,4550.25,4594.5,4544.75,4587.75,True,False,False,0.00824130542277901,4055.1593505859373,True,buy_after_first_green_after_red_above_200dma,2023-07-18,0.8241305422779011,0.02,0.804130542277901,-13.884163739365396
2023-07-25,4584.5,4608.75,4579.25,4596.0,True,False,False,0.002508452393936045,4076.9768505859374,True,buy_after_first_green_after_red_above_200dma,2023-07-25,0.2508452393936045,0.02,0.2308452393936045,-13.653318499971792
2023-07-31,4608.75,4619.25,4595.25,4614.5,True,False,False,0.0012476267968537513,4095.7068505859374,True,buy_after_first_green_after_red_above_200dma,2023-07-31,0.12476267968537513,0.02,0.10476267968537513,-13.548555820286417
2023-08-08,4539.5,4541.0,4482.0,4518.5,False,True,False,-0.004626060138781751,4121.7943505859375,True,buy_after_first_green_after_red_above_200dma,2023-08-08,-0.4626060138781751,0.02,-0.48260601387817514,-14.031161834164593
2023-08-15,4505.75,4517.75,4447.0,4454.0,False,True,False,-0.011485324307828892,4139.056850585937,True,buy_after_first_green_after_red_above_200dma,2023-08-15,-1.1485324307828892,0.02,-1.1685324307828893,-15.199694264947482
2023-08-21,4382.5,4421.0,4372.25,4412.5,True,False,False,0.0068454078722191,4149.656850585938,True,buy_after_first_green_after_red_above_200dma,2023-08-21,0.68454078722191,0.02,0.66454078722191,-14.535153477725572
2023-08-24,4470.5,4485.5,4378.5,4386.0,False,True,False,-0.018901688849122023,4159.438100585938,True,buy_after_first_green_after_red_above_200dma,2023-08-24,-1.8901688849122023,0.02,-1.9101688849122023,-16.445322362637775
2023-08-28,4418.0,4449.5,4414.5,4442.25,True,False,False,0.005488909008601217,4165.4681005859375,True,buy_after_first_green_after_red_above_200dma,2023-08-28,0.5488909008601217,0.02,0.5288909008601217,-15.916431461777654
2023-09-05,4521.25,4531.25,4499.25,4502.5,False,True,False,-0.004147083218136616,4179.911850585938,True,buy_after_first_green_after_red_above_200dma,2023-09-05,-0.4147083218136616,0.02,-0.4347083218136616,-16.351139783591314
2023-09-11,4463.5,4493.5,4459.25,4490.25,True,False,False,0.005993054777640783,4190.031850585938,True,buy_after_first_green_after_red_above_200dma,2023-09-11,0.5993054777640783,0.02,0.5793054777640783,-15.771834305827236
2023-09-14,4471.75,4513.0,4470.25,4506.0,True,False,False,0.007659193827919797,4196.851850585937,True,buy_after_first_green_after_red_above_200dma,2023-09-14,0.7659193827919797,0.02,0.7459193827919797,-15.025914923035256
2023-09-19,4503.25,4509.5,4462.25,4490.0,False,True,False,-0.0029423194359629035,4204.200451660156,True,buy_after_first_green_after_red_above_200dma,2023-09-19,-0.29423194359629035,0.02,-0.31423194359629036,-15.340146866631546
2023-09-26,4382.0,4382.0,4305.5,4314.75,False,True,False,-0.015346873573710673,4213.356701660156,True,buy_after_first_green_after_red_above_200dma,2023-09-26,-1.5346873573710673,0.02,-1.5546873573710673,-16.894834224002615
2023-09-29,4342.0,4371.25,4311.0,4325.5,False,True,False,-0.0038000921234454532,4218.770451660156,True,buy_after_first_green_after_red_above_200dma,2023-09-29,-0.3800092123445453,0.02,-0.40000921234454534,-17.29484343634716
2023-10-05,4291.5,4302.0,4258.0,4290.75,False,True,False,-0.0001747640685074714,4225.7143518066405,True,buy_after_first_green_after_red_above_200dma,2023-10-05,-0.01747640685074714,0.02,-0.03747640685074714,-17.332319843197908
2023-10-09,4315.0,4375.75,4299.5,4368.75,True,False,False,0.012456546929316303,4230.791851806641,True,buy_after_first_green_after_red_above_200dma,2023-10-09,1.2456546929316303,0.02,1.2256546929316303,-16.106665150266277
2023-10-17,4406.25,4423.25,4365.75,4401.75,False,True,False,-0.0010212765957446912,4246.7056018066405,True,buy_after_first_green_after_red_above_200dma,2023-10-17,-0.10212765957446912,0.02,-0.12212765957446912,-16.228792809840748
2023-10-25,4269.5,4273.5,4203.75,4209.75,False,True,False,-0.013994612952336394,4258.5893518066405,True,buy_after_first_green_after_red_above_200dma,2023-10-25,-1.3994612952336394,0.02,-1.4194612952336394,-17.648254105074386
2023-11-13,4425.75,4436.75,4407.25,4425.25,False,True,False,-0.00011297520194319954,4278.514351806641,True,buy_after_first_green_after_red_above_200dma,2023-11-13,-0.011297520194319954,0.02,-0.03129752019431996,-17.679551625268704
2023-11-15,4515.5,4541.25,4510.75,4519.25,True,False,False,0.0008304728158565755,4283.05310180664,True,buy_after_first_green_after_red_above_200dma,2023-11-15,0.08304728158565755,0.02,0.06304728158565755,-17.616504343683047
2023-11-21,4561.75,4567.0,4536.75,4551.25,False,True,False,-0.0023017482325862204,4290.899351806641,True,buy_after_first_green_after_red_above_200dma,2023-11-21,-0.23017482325862204,0.02,-0.25017482325862206,-17.86667916694167
2023-11-23,4564.0,4572.75,4562.0,4569.5,True,False,False,0.00120508326029789,4295.051851806641,True,buy_after_first_green_after_red_above_200dma,2023-11-23,0.120508326029789,0.02,0.100508326029789,-17.76617084091188
2023-11-29,4564.0,4597.0,4555.5,4559.25,False,True,False,-0.0010407537248028342,4303.88810180664,True,buy_after_first_green_after_red_above_200dma,2023-11-29,-0.10407537248028342,0.02,-0.12407537248028343,-17.890246213392164
2023-12-01,4571.75,4607.75,4562.5,4600.75,True,False,False,0.006343303986438453,4308.48560180664,True,buy_after_first_green_after_red_above_200dma,2023-12-01,0.6343303986438453,0.02,0.6143303986438453,-17.27591581474832
2023-12-06,4573.25,4598.5,4552.0,4556.0,False,True,False,-0.003771934619799966,4316.56185180664,True,buy_after_first_green_after_red_above_200dma,2023-12-06,-0.3771934619799966,0.02,-0.3971934619799966,-17.673109276728315
2023-12-08,4586.5,4613.75,4561.75,4607.5,True,False,False,0.004578654747628974,4322.574351806641,True,buy_after_first_green_after_red_above_200dma,2023-12-08,0.4578654747628974,0.02,0.4378654747628974,-17.235243801965417
2023-12-19,4790.5,4821.5,4787.75,4820.25,True,False,False,0.006210207702745052,4347.636951904296,True,buy_after_first_green_after_red_above_200dma,2023-12-19,0.6210207702745052,0.02,0.6010207702745052,-16.63422303169091
2023-12-22,4795.75,4821.75,4784.75,4805.25,True,False,False,0.0019809206067873397,4360.506951904297,True,buy_after_first_green_after_red_above_200dma,2023-12-22,0.19809206067873397,0.02,0.17809206067873398,-16.45613097101218
2024-01-08,4735.75,4803.25,4715.25,4801.25,True,False,False,0.013830966583962434,4398.282951660156,True,buy_after_first_green_after_red_above_200dma,2024-01-08,1.3830966583962434,0.02,1.3630966583962434,-15.093034312615936
2024-01-11,4820.5,4838.0,4772.75,4815.5,False,True,False,-0.001037236801161745,4410.375451660157,True,buy_after_first_green_after_red_above_200dma,2024-01-11,-0.1037236801161745,0.02,-0.1237236801161745,-15.216757992732111
2024-01-16,4812.0,4823.0,4779.5,4798.5,False,True,False,-0.002805486284289227,4417.762951660156,True,buy_after_first_green_after_red_above_200dma,2024-01-16,-0.2805486284289227,0.02,-0.3005486284289227,-15.517306621161033
2024-01-19,4811.25,4874.25,4808.5,4869.5,True,False,False,0.012107040789815615,4427.920451660157,True,buy_after_first_green_after_red_above_200dma,2024-01-19,1.2107040789815615,0.02,1.1907040789815615,-14.326602542179472
2024-01-26,4919.25,4934.25,4898.5,4916.25,False,True,False,-0.0006098490623570596,4447.282951660156,True,buy_after_first_green_after_red_above_200dma,2024-01-26,-0.06098490623570596,0.02,-0.08098490623570596,-14.407587448415178
2024-01-30,4950.25,4957.25,4933.0,4951.0,True,False,False,0.00015150749962122845,4455.127951660156,True,buy_after_first_green_after_red_above_200dma,2024-01-30,0.015150749962122845,0.02,-0.004849250037877156,-14.412436698453055
2024-02-02,4952.75,4997.75,4925.75,4980.25,True,False,False,0.005552470849528035,4466.3479516601565,True,buy_after_first_green_after_red_above_200dma,2024-02-02,0.5552470849528035,0.02,0.5352470849528035,-13.877189613500251
2024-02-07,4971.5,5020.0,4970.0,5015.25,True,False,False,0.008800160917228128,4478.764201660157,True,buy_after_first_green_after_red_above_200dma,2024-02-07,0.8800160917228128,0.02,0.8600160917228128,-13.017173521777439
2024-02-15,5017.5,5051.75,5011.0,5046.5,True,False,False,0.0057797708021922745,4505.287951660156,True,buy_after_first_green_after_red_above_200dma,2024-02-15,0.5779770802192274,0.02,0.5579770802192274,-12.45919644155821
2024-02-22,5016.0,5107.75,5015.25,5097.75,True,False,False,0.016297846889952172,4523.382951660156,True,buy_after_first_green_after_red_above_200dma,2024-02-22,1.6297846889952172,0.02,1.6097846889952172,-10.849411752562993
2024-02-28,5090.75,5091.25,5063.25,5081.0,False,True,False,-0.0019152384226293062,4542.3079516601565,True,buy_after_first_green_after_red_above_200dma,2024-02-28,-0.19152384226293062,0.02,-0.2115238422629306,-11.060935594825924
2024-03-01,5101.5,5149.25,5089.25,5146.0,True,False,False,0.008722924630010676,4552.1917016601565,True,buy_after_first_green_after_red_above_200dma,2024-03-01,0.8722924630010676,0.02,0.8522924630010675,-10.208643131824857
2024-03-07,5114.25,5170.5,5086.5,5161.75,True,False,False,0.009287774355966283,4570.712951660156,True,buy_after_first_green_after_red_above_200dma,2024-03-07,0.9287774355966283,0.02,0.9087774355966283,-9.29986569622823
2024-03-13,5176.0,5183.75,5153.0,5168.0,False,True,False,-0.0015455950540957941,4590.4104516601565,True,buy_after_first_green_after_red_above_200dma,2024-03-13,-0.1545595054095794,0.02,-0.1745595054095794,-9.474425201637809
2024-03-19,5215.25,5244.75,5186.0,5241.75,True,False,False,0.005081252097214994,4609.362551269532,True,buy_after_first_green_after_red_above_200dma,2024-03-19,0.5081252097214994,0.02,0.4881252097214994,-8.98629999191631
2024-03-28,5308.0,5321.0,5301.0,5308.5,True,False,False,9.419743782967949e-05,4643.7638012695315,True,buy_after_first_green_after_red_above_200dma,2024-03-28,0.009419743782967949,0.02,-0.010580256217032052,-8.996880248133342
2024-04-04,5270.75,5308.5,5192.5,5197.25,False,True,False,-0.013944884504102806,4660.41705078125,True,buy_after_first_green_after_red_above_200dma,2024-04-04,-1.3944884504102806,0.02,-1.4144884504102806,-10.411368698543622
2024-04-08,5263.25,5269.25,5236.5,5253.25,False,True,False,-0.0018999667505819051,4668.78330078125,True,buy_after_first_green_after_red_above_200dma,2024-04-08,-0.1899966750581905,0.02,-0.2099966750581905,-10.621365373601813
2024-04-10,5264.25,5285.0,5176.5,5207.75,False,True,False,-0.010732772949612945,4677.32705078125,True,buy_after_first_green_after_red_above_200dma,2024-04-10,-1.0732772949612945,0.02,-1.0932772949612946,-11.714642668563108
2024-04-12,5244.0,5248.75,5150.0,5167.5,False,True,False,-0.01458810068649885,4685.19955078125,True,buy_after_first_green_after_red_above_200dma,2024-04-12,-1.458810068649885,0.02,-1.478810068649885,-13.193452737212993
2024-04-23,5051.0,5113.5,5037.75,5106.5,True,False,False,0.010987923183527926,4706.40080078125,True,buy_after_first_green_after_red_above_200dma,2024-04-23,1.0987923183527926,0.02,1.0787923183527925,-12.1146604188602
2024-04-26,5132.0,5146.5,5104.5,5131.5,False,True,False,-9.74279033515435e-05,4715.38455078125,True,buy_after_first_green_after_red_above_200dma,2024-04-26,-0.00974279033515435,0.02,-0.02974279033515435,-12.144403209195355
2024-04-30,5148.5,5148.5,5051.0,5067.0,False,True,False,-0.015829853355346257,4721.00205078125,True,buy_after_first_green_after_red_above_200dma,2024-04-30,-1.5829853355346257,0.02,-1.6029853355346257,-13.747388544729981
2024-05-03,5110.25,5166.75,5099.25,5154.75,True,False,False,0.008707988845946923,4728.71455078125,True,buy_after_first_green_after_red_above_200dma,2024-05-03,0.8707988845946923,0.02,0.8507988845946923,-12.89658966013529
2024-05-20,5329.25,5348.25,5323.75,5331.75,True,False,False,0.0004691091617019527,4767.02705078125,True,buy_after_first_green_after_red_above_200dma,2024-05-20,0.04691091617019527,0.02,0.02691091617019527,-12.869678743965094
2024-05-28,5321.75,5339.0,5296.75,5324.75,True,False,False,0.0005637243387983659,4787.50830078125,True,buy_after_first_green_after_red_above_200dma,2024-05-28,0.05637243387983659,0.02,0.03637243387983659,-12.833306310085257
2024-06-03,5299.5,5313.25,5246.75,5297.25,False,True,False,-0.0004245683555051949,4804.33455078125,True,buy_after_first_green_after_red_above_200dma,2024-06-03,-0.04245683555051949,0.02,-0.06245683555051949,-12.895763145635776
2024-06-05,5305.0,5368.25,5302.5,5366.0,True,False,False,0.011498586239396813,4813.70830078125,True,buy_after_first_green_after_red_above_200dma,2024-06-05,1.1498586239396813,0.02,1.1298586239396813,-11.765904521696095
2024-06-11,5369.75,5386.25,5334.5,5384.0,True,False,False,0.002653754830299393,4832.85080078125,True,buy_after_first_green_after_red_above_200dma,2024-06-11,0.2653754830299393,0.02,0.2453754830299393,-11.520529038666156
2024-06-26,5535.0,5551.75,5516.25,5543.5,True,False,False,0.0015356820234868618,4882.481501464844,True,buy_after_first_green_after_red_above_200dma,2024-06-26,0.15356820234868618,0.02,0.1335682023486862,-11.38696083631747
2024-07-03,5563.75,5595.75,5559.75,5590.25,True,False,False,0.00476297461244668,4909.117900390625,True,buy_after_first_green_after_red_above_200dma,2024-07-03,0.476297461244668,0.02,0.45629746124466797,-10.930663375072802
2024-07-15,5681.0,5718.75,5665.5,5683.0,True,False,False,0.0003520506953000879,4953.500400390625,True,buy_after_first_green_after_red_above_200dma,2024-07-15,0.03520506953000879,0.02,0.015205069530008792,-10.915458305542794
2024-07-23,5607.75,5629.75,5587.75,5599.25,False,True,False,-0.00151575944006066,4992.870400390625,True,buy_after_first_green_after_red_above_200dma,2024-07-23,-0.151575944006066,0.02,-0.171575944006066,-11.087034249548859
2024-07-29,5496.5,5534.5,5481.0,5503.0,True,False,False,0.0011825707268262597,5014.889150390625,True,buy_after_first_green_after_red_above_200dma,2024-07-29,0.11825707268262597,0.02,0.09825707268262597,-10.988777176866233
2024-08-01,5574.75,5600.75,5444.75,5480.25,False,True,False,-0.016951432799677146,5031.749150390625,True,buy_after_first_green_after_red_above_200dma,2024-08-01,-1.6951432799677146,0.02,-1.7151432799677147,-12.703920456833947
2024-08-07,5241.5,5359.25,5196.75,5227.5,False,True,False,-0.0026709911284937826,5050.707900390625,True,buy_after_first_green_after_red_above_200dma,2024-08-07,-0.26709911284937826,0.02,-0.2870991128493783,-12.991019569683324
2024-08-09,5348.25,5385.25,5319.5,5370.25,True,False,False,0.004113495068480244,5061.735400390625,True,buy_after_first_green_after_red_above_200dma,2024-08-09,0.4113495068480244,0.02,0.3913495068480244,-12.5996700628353
2024-08-22,5642.0,5665.25,5582.75,5594.0,False,True,False,-0.008507621410847266,5120.149150390625,True,buy_after_first_green_after_red_above_200dma,2024-08-22,-0.8507621410847266,0.02,-0.8707621410847266,-13.470432203920026
2024-08-26,5650.5,5669.0,5619.75,5637.0,False,True,False,-0.002389169100079691,5132.619150390625,True,buy_after_first_green_after_red_above_200dma,2024-08-26,-0.2389169100079691,0.02,-0.2589169100079691,-13.729349113927995
2024-08-28,5643.75,5650.5,5576.0,5610.25,False,True,False,-0.005935769656699841,5144.930400390625,True,buy_after_first_green_after_red_above_200dma,2024-08-28,-0.5935769656699841,0.02,-0.6135769656699841,-14.34292607959798
2024-08-30,5618.5,5665.0,5594.25,5661.0,True,False,False,0.0075642965204236745,5156.604150390625,True,buy_after_first_green_after_red_above_200dma,2024-08-30,0.7564296520423675,0.02,0.7364296520423674,-13.606496427555612
2024-09-10,5488.25,5506.0,5448.25,5504.0,True,False,False,0.002869767229991327,5185.285400390625,True,buy_after_first_green_after_red_above_200dma,2024-09-10,0.2869767229991327,0.02,0.26697672299913267,-13.33951970455648
2024-09-20,5714.75,5717.25,5699.25,5699.990234375,False,True,False,-0.002582749136007645,5227.9541015625,True,buy_after_first_green_after_red_above_200dma,2024-09-20,-0.2582749136007645,0.02,-0.2782749136007645,-13.617794618157244
2024-09-24,5774.0,5794.25,5754.75,5792.0,True,False,False,0.0031174229303776446,5240.1428515625,True,buy_after_first_green_after_red_above_200dma,2024-09-24,0.31174229303776446,0.02,0.29174229303776444,-13.32605232511948
2024-09-27,5804.25,5821.5,5782.0,5791.25,False,True,False,-0.002239738122927215,5257.9016015625,True,buy_after_first_green_after_red_above_200dma,2024-09-27,-0.2239738122927215,0.02,-0.2439738122927215,-13.570026137412201
2024-10-01,5807.0,5822.5,5733.0,5759.75,False,True,False,-0.00813673153091099,5269.0016015625,True,buy_after_first_green_after_red_above_200dma,2024-10-01,-0.813673153091099,0.02,-0.833673153091099,-14.403699290503301
2024-10-07,5802.0,5808.0,5734.25,5744.75,False,True,False,-0.009867287142364733,5289.127751464844,True,buy_after_first_green_after_red_above_200dma,2024-10-07,-0.9867287142364733,0.02,-1.0067287142364734,-15.410428004739774
2024-10-09,5799.25,5846.5,5780.75,5841.25,True,False,False,0.00724231581670054,5299.604001464843,True,buy_after_first_green_after_red_above_200dma,2024-10-09,0.724231581670054,0.02,0.704231581670054,-14.70619642306972
2024-10-14,5854.5,5918.5,5850.0,5908.25,True,False,False,0.00918097190195577,5315.270251464844,True,buy_after_first_green_after_red_above_200dma,2024-10-14,0.918097190195577,0.02,0.898097190195577,-13.808099232874143
2024-10-17,5882.75,5927.25,5871.25,5887.0,True,False,False,0.0007224512345416212,5331.2565014648435,True,buy_after_first_green_after_red_above_200dma,2024-10-17,0.07224512345416212,0.02,0.052245123454162115,-13.755854109419982
2024-10-25,5853.25,5900.75,5835.0,5846.0,False,True,False,-0.0012386281125870147,5364.269001464843,True,buy_after_first_green_after_red_above_200dma,2024-10-25,-0.12386281125870147,0.02,-0.14386281125870146,-13.899716920678683
2024-10-29,5867.0,5883.75,5837.5,5871.0,True,False,False,0.0006817794443496616,5374.771501464844,True,buy_after_first_green_after_red_above_200dma,2024-10-29,0.06817794443496616,0.02,0.04817794443496616,-13.851538976243717
2024-11-04,5741.75,5776.5,5724.25,5743.25,True,False,False,0.0002612443941307774,5393.979001464843,True,buy_after_first_green_after_red_above_200dma,2024-11-04,0.026124439413077738,0.02,0.0061244394130777376,-13.845414536830638
2024-11-14,6017.75,6025.25,5964.25,5978.25,False,True,False,-0.006563915084541572,5436.724001464844,True,buy_after_first_green_after_red_above_200dma,2024-11-14,-0.6563915084541572,0.02,-0.6763915084541572,-14.521806045284796
2024-11-19,5919.0,5947.5,5855.0,5938.75,True,False,False,0.0033367122824801143,5451.146501464844,True,buy_after_first_green_after_red_above_200dma,2024-11-19,0.33367122824801143,0.02,0.3136712282480114,-14.208134817036784
2024-12-02,6051.5,6068.5,6036.0,6061.75,True,False,False,0.001693794926877601,5490.844001464844,True,buy_after_first_green_after_red_above_200dma,2024-12-02,0.1693794926877601,0.02,0.1493794926877601,-14.058755324349024
2024-12-05,6095.25,6107.25,6081.5,6088.75,False,True,False,-0.0010664041671794022,5507.059001464844,True,buy_after_first_green_after_red_above_200dma,2024-12-05,-0.10664041671794022,0.02,-0.1266404167179402,-14.185395741066964
2024-12-09,6096.25,6105.75,6060.0,6065.75,False,True,False,-0.00500307566126712,5516.886501464844,True,buy_after_first_green_after_red_above_200dma,2024-12-09,-0.500307566126712,0.02,-0.520307566126712,-14.705703307193676
2024-12-12,6087.5,6088.25,6055.5,6060.75,False,True,False,-0.0043942505133470755,5531.629001464844,True,buy_after_first_green_after_red_above_200dma,2024-12-12,-0.43942505133470755,0.02,-0.45942505133470757,-15.165128358528385
2024-12-17,6077.0,6079.25,6040.75,6053.75,False,True,False,-0.003825900937962756,5545.637751464844,True,buy_after_first_green_after_red_above_200dma,2024-12-17,-0.3825900937962756,0.02,-0.40259009379627564,-15.56771845232466
2024-12-24,6037.75,6099.5,6030.0,6098.0,True,False,False,0.009978882861993332,5566.157800292969,True,buy_after_first_green_after_red_above_200dma,2024-12-24,0.9978882861993332,0.02,0.9778882861993332,-14.589830166125328
2025-01-06,5994.5,6068.25,5980.75,6020.5,True,False,False,0.0043373092001000035,5594.1544506835935,True,buy_after_first_green_after_red_above_200dma,2025-01-06,0.43373092001000035,0.02,0.41373092001000034,-14.176099246115328
2025-01-09,5955.0,5957.0,5929.25,5944.75,False,True,False,-0.0017212426532325908,5604.075700683594,True,buy_after_first_green_after_red_above_200dma,2025-01-09,-0.17212426532325908,0.02,-0.19212426532325907,-14.368223511438586
2025-01-14,5887.25,5918.5,5842.5,5882.25,False,True,False,-0.0008492929636078062,5612.780700683594,True,buy_after_first_green_after_red_above_200dma,2025-01-14,-0.08492929636078062,0.02,-0.10492929636078062,-14.473152807799366
2025-01-16,5988.5,6017.5,5961.75,5975.5,False,True,False,-0.002170827419220145,5619.824450683594,True,buy_after_first_green_after_red_above_200dma,2025-01-16,-0.2170827419220145,0.02,-0.23708274192201448,-14.71023554972138
2025-01-21,6032.25,6093.25,5994.5,6084.25,True,False,False,0.008620332380123497,5628.094450683594,True,buy_after_first_green_after_red_above_200dma,2025-01-21,0.8620332380123497,0.02,0.8420332380123496,-13.86820231170903
2025-01-29,6090.75,6111.5,6042.25,6067.5,False,True,False,-0.0038172638837581374,5654.254450683594,True,buy_after_first_green_after_red_above_200dma,2025-01-29,-0.38172638837581374,0.02,-0.40172638837581376,-14.269928700084844
2025-01-31,6106.0,6147.75,6057.75,6067.25,False,True,False,-0.006346216835899088,5664.104450683593,True,buy_after_first_green_after_red_above_200dma,2025-01-31,-0.6346216835899088,0.02,-0.6546216835899088,-14.924550383674752
2025-02-04,6069.0,6069.0,5987.0,6063.0,False,True,False,-0.000988630746416197,5673.974450683594,True,buy_after_first_green_after_red_above_200dma,2025-02-04,-0.0988630746416197,0.02,-0.1188630746416197,-15.043413458316373
2025-02-06,6090.25,6108.5,6070.0,6106.0,True,False,False,0.0025861007347809384,5684.680700683593,True,buy_after_first_green_after_red_above_200dma,2025-02-06,0.25861007347809384,0.02,0.23861007347809385,-14.804803384838278
2025-02-11,6085.5,6098.75,6057.75,6092.25,True,False,False,0.0011091939857037492,5699.351950683594,True,buy_after_first_green_after_red_above_200dma,2025-02-11,0.11091939857037492,0.02,0.09091939857037491,-14.713883986267904
2025-02-14,6131.75,6146.75,6121.25,6132.0,True,False,False,4.077139478941838e-05,5714.324450683594,True,buy_after_first_green_after_red_above_200dma,2025-02-14,0.004077139478941838,0.02,-0.015922860521058162,-14.729806846788962
2025-03-03,5967.5,6000.5,5821.75,5860.75,False,True,False,-0.017888563049853423,5755.2794506835935,True,buy_after_first_green_after_red_above_200dma,2025-03-03,-1.7888563049853423,0.02,-1.8088563049853423,-16.538663151774305
2025-03-06,5844.75,5853.5,5720.0,5746.25,False,True,False,-0.016852731083450978,5762.311950683594,True,buy_after_first_green_after_red_above_200dma,2025-03-06,-1.6852731083450978,0.02,-1.7052731083450978,-18.2439362601194
2025-03-10,5753.0,5757.75,5571.5,5620.75,False,True,False,-0.022988006257604776,5765.910700683594,True,buy_after_first_green_after_red_above_200dma,2025-03-10,-2.2988006257604776,0.02,-2.3188006257604776,-20.56273688587988
2025-03-25,5813.0,5837.25,5802.25,5826.5,True,False,False,0.002322380870462659,5785.035949707031,True,buy_after_first_green_after_red_above_200dma,2025-03-25,0.23223808704626592,0.02,0.21223808704626593,-20.350498798833613
2025-05-13,5868.0,5927.0,5835.75,5904.5,True,False,False,0.006220177232447277,5781.151499023437,True,buy_after_first_green_after_red_above_200dma,2025-05-13,0.6220177232447277,0.02,0.6020177232447277,-19.748481075588884
2025-05-28,5940.75,5952.5,5890.0,5902.75,False,True,False,-0.006396498758574287,5807.711499023438,True,buy_after_first_green_after_red_above_200dma,2025-05-28,-0.6396498758574287,0.02,-0.6596498758574287,-20.408130951446314
2025-06-02,5898.75,5955.5,5867.5,5947.25,True,False,False,0.008222080949353616,5815.112749023438,True,buy_after_first_green_after_red_above_200dma,2025-06-02,0.8222080949353616,0.02,0.8022080949353616,-19.60592285651095
2025-06-09,6010.0,6027.75,5992.25,6010.25,True,False,False,4.1597337770316045e-05,5824.555249023438,True,buy_after_first_green_after_red_above_200dma,2025-06-09,0.0041597337770316045,0.02,-0.015840266222968396,-19.62176312273392
2025-06-13,6045.0,6045.0,5927.5,5979.25,False,True,False,-0.010876757650951197,5832.427749023437,True,buy_after_first_green_after_red_above_200dma,2025-06-13,-1.0876757650951197,0.02,-1.1076757650951197,-20.72943888782904
2025-06-17,6038.5,6040.5,5976.75,5985.0,False,True,False,-0.008859816179514812,5836.430249023438,True,buy_after_first_green_after_red_above_200dma,2025-06-17,-0.8859816179514812,0.02,-0.9059816179514812,-21.635420505780523
2025-06-20,5984.0,6019.25,5918.25,6010.2099609375,True,False,False,0.004380006841159689,5840.375048828125,True,buy_after_first_green_after_red_above_200dma,2025-06-20,0.43800068411596893,0.02,0.4180006841159689,-21.217419821664553
2025-07-09,6272.0,6315.25,6260.0,6307.25,True,False,False,0.005620216836734748,5882.75259765625,True,buy_after_first_green_after_red_above_200dma,2025-07-09,0.5620216836734748,0.02,0.5420216836734748,-20.675398137991078
2025-07-15,6309.5,6343.0,6272.5,6284.0,False,True,False,-0.004041524684998854,5893.08759765625,True,buy_after_first_green_after_red_above_200dma,2025-07-15,-0.4041524684998854,0.02,-0.4241524684998854,-21.099550606490965
2025-07-17,6299.25,6345.5,6288.25,6340.5,True,False,False,0.006548398618883233,5898.27884765625,True,buy_after_first_green_after_red_above_200dma,2025-07-17,0.6548398618883233,0.02,0.6348398618883233,-20.46471074460264
2025-07-22,6347.0,6353.75,6318.75,6346.75,False,True,False,-3.938868756891978e-05,5907.06259765625,True,buy_after_first_green_after_red_above_200dma,2025-07-22,-0.003938868756891978,0.02,-0.023938868756891978,-20.488649613359534
2025-07-24,6404.0,6418.25,6391.5,6401.5,False,True,False,-0.0003903810118676132,5913.32759765625,True,buy_after_first_green_after_red_above_200dma,2025-07-24,-0.03903810118676132,0.02,-0.059038101186761324,-20.547687714546296
2025-07-28,6450.0,6457.75,6408.75,6422.75,False,True,False,-0.004224806201550413,5919.35759765625,True,buy_after_first_green_after_red_above_200dma,2025-07-28,-0.4224806201550413,0.02,-0.4424806201550413,-20.990168334701337
2025-08-05,6370.0,6377.5,6315.5,6325.25,False,True,False,-0.007025117739403508,5933.80009765625,True,buy_after_first_green_after_red_above_200dma,2025-08-05,-0.7025117739403508,0.02,-0.7225117739403508,-21.71268010864169
2025-08-07,6371.0,6426.75,6334.5,6366.5,False,True,False,-0.0007063255375922006,5938.47634765625,True,buy_after_first_green_after_red_above_200dma,2025-08-07,-0.07063255375922006,0.02,-0.09063255375922007,-21.80331266240091
2025-08-11,6422.75,6431.5,6387.5,6399.75,False,True,False,-0.0035810205908684,5943.89134765625,True,buy_after_first_green_after_red_above_200dma,2025-08-11,-0.35810205908684,0.02,-0.37810205908684,-22.181414721487748
2025-08-13,6468.0,6502.5,6461.0,6488.75,True,False,False,0.003208101422387033,5950.20259765625,True,buy_after_first_green_after_red_above_200dma,2025-08-13,0.3208101422387033,0.02,0.3008101422387033,-21.880604579249045
2025-08-19,6468.5,6477.5,6419.25,6432.5,False,True,False,-0.005565432480482357,5962.90634765625,True,buy_after_first_green_after_red_above_200dma,2025-08-19,-0.5565432480482357,0.02,-0.5765432480482358,-22.45714782729728
2025-08-25,6493.0,6494.0,6453.0,6455.5,False,True,False,-0.005775450485137834,5975.24759765625,True,buy_after_first_green_after_red_above_200dma,2025-08-25,-0.5775450485137834,0.02,-0.5975450485137834,-23.054692875811064
2025-08-27,6486.75,6505.5,6459.25,6496.0,True,False,False,0.0014259837360774963,5979.99509765625,True,buy_after_first_green_after_red_above_200dma,2025-08-27,0.14259837360774963,0.02,0.12259837360774963,-22.932094502203313
2025-09-04,6460.0,6516.75,6454.5,6510.75,True,False,False,0.007856037151702688,5992.23634765625,True,buy_after_first_green_after_red_above_200dma,2025-09-04,0.7856037151702688,0.02,0.7656037151702688,-22.166490787033045
2025-09-09,6507.75,6536.25,6489.25,6521.75,True,False,False,0.00215128116476504,6000.84134765625,True,buy_after_first_green_after_red_above_200dma,2025-09-09,0.21512811647650398,0.02,0.195128116476504,-21.97136267055654
2025-09-16,6616.25,6639.0,6604.25,6610.75,False,True,False,-0.0008312866049499101,6015.51884765625,True,buy_after_first_green_after_red_above_200dma,2025-09-16,-0.08312866049499101,0.02,-0.10312866049499102,-22.074491331051533
2025-09-19,6640.0,6660.75,6622.75,6658.77001953125,True,False,False,0.0028268101703690096,6024.111447753906,True,buy_after_first_green_after_red_above_200dma,2025-09-19,0.28268101703690096,0.02,0.26268101703690094,-21.811810314014632
2025-09-29,6697.0,6736.0,6696.25,6713.5,True,False,False,0.0024637897566073264,6042.803947753906,True,buy_after_first_green_after_red_above_200dma,2025-09-29,0.24637897566073264,0.02,0.22637897566073265,-21.5854313383539
2025-10-07,6789.5,6802.75,6747.25,6761.5,False,True,False,-0.004124015023197591,6065.752697753906,True,buy_after_first_green_after_red_above_200dma,2025-10-07,-0.41240150231975914,0.02,-0.43240150231975916,-22.01783284067366
2025-10-09,6802.75,6812.25,6760.75,6779.25,False,True,False,-0.0034544853184373947,6074.273898925781,True,buy_after_first_green_after_red_above_200dma,2025-10-09,-0.34544853184373947,0.02,-0.3654485318437395,-22.3832813725174
2025-10-14,6691.0,6722.5,6593.25,6686.5,False,True,False,-0.0006725452099836104,6083.055148925781,True,buy_after_first_green_after_red_above_200dma,2025-10-14,-0.06725452099836104,0.02,-0.08725452099836105,-22.47053589351576
2025-10-16,6715.25,6750.5,6632.0,6668.75,False,True,False,-0.00692453743345367,6090.501398925781,True,buy_after_first_green_after_red_above_200dma,2025-10-16,-0.692453743345367,0.02,-0.712453743345367,-23.182989636861127
2025-10-20,6721.0,6783.0,6694.0,6773.75,True,False,False,0.007848534444279132,6098.352648925781,True,buy_after_first_green_after_red_above_200dma,2025-10-20,0.7848534444279132,0.02,0.7648534444279131,-22.418136192433213
2025-10-24,6778.25,6841.25,6776.5,6827.0,True,False,False,0.007192121860362111,6114.5201489257815,True,buy_after_first_green_after_red_above_200dma,2025-10-24,0.7192121860362111,0.02,0.699212186036211,-21.718924006397003
2025-11-04,6884.0,6884.0,6786.25,6801.75,False,True,False,-0.011947995351539786,6146.847648925781,True,buy_after_first_green_after_red_above_200dma,2025-11-04,-1.1947995351539786,0.02,-1.2147995351539786,-22.933723541550982
2025-11-06,6828.5,6843.5,6733.5,6747.5,False,True,False,-0.01186204876620045,6153.348898925781,True,buy_after_first_green_after_red_above_200dma,2025-11-06,-1.186204876620045,0.02,-1.206204876620045,-24.139928418171028
2025-11-11,6857.25,6880.0,6830.5,6871.5,True,False,False,0.0020780925298042874,6164.373898925781,True,buy_after_first_green_after_red_above_200dma,2025-11-11,0.20780925298042874,0.02,0.18780925298042875,-23.9521191651906
2025-11-20,6697.5,6791.25,6550.5,6557.5,False,True,False,-0.020903322135125024,6186.523898925781,True,buy_after_first_green_after_red_above_200dma,2025-11-20,-2.0903322135125024,0.02,-2.1103322135125024,-26.062451378703102
2025-11-24,6654.75,6731.75,6625.0,6721.25,True,False,False,0.009992862241256173,6192.540148925781,True,buy_after_first_green_after_red_above_200dma,2025-11-24,0.9992862241256173,0.02,0.9792862241256173,-25.083165154577486
2025-12-03,6843.0,6873.25,6817.5,6862.0,True,False,False,0.0027765599883091685,6213.820148925781,True,buy_after_first_green_after_red_above_200dma,2025-12-03,0.27765599883091685,0.02,0.25765599883091683,-24.82550915574657
2025-12-11,6887.0,6928.75,6817.5,6907.25,True,False,False,0.0029403223464499195,6240.143898925781,True,buy_after_first_green_after_red_above_200dma,2025-12-11,0.29403223464499195,0.02,0.27403223464499193,-24.551476921101578
2025-12-19,6772.25,6802.75,6768.0,6796.5400390625,True,False,False,0.003586701474768361,6268.989099121094,True,buy_after_first_green_after_red_above_200dma,2025-12-19,0.3586701474768361,0.02,0.3386701474768361,-24.21280677362474
2026-01-06,6945.5,6991.5,6931.0,6987.75,True,False,False,0.006083075372543378,6335.2376000976565,True,buy_after_first_green_after_red_above_200dma,2026-01-06,0.6083075372543378,0.02,0.5883075372543378,-23.624499236370404
2026-01-12,7007.0,7025.25,6950.0,7016.5,True,False,False,0.0013557870700728891,6359.267600097656,True,buy_after_first_green_after_red_above_200dma,2026-01-12,0.1355787070072889,0.02,0.11557870700728891,-23.508920529363117
2026-01-16,6986.75,7007.0,6960.5,6976.75,False,True,False,-0.0014312806383511845,6385.585100097656,True,buy_after_first_green_after_red_above_200dma,2026-01-16,-0.14312806383511845,0.02,-0.16312806383511844,-23.672048593198234
2026-01-22,6920.0,6969.0,6911.25,6945.0,True,False,False,0.0036127167630057855,6410.806350097656,True,buy_after_first_green_after_red_above_200dma,2026-01-22,0.36127167630057855,0.02,0.34127167630057853,-23.330776916897655
2026-02-03,7004.25,7027.25,6886.25,6941.75,False,True,False,-0.008923153799478833,6476.573850097656,True,buy_after_first_green_after_red_above_200dma,2026-02-03,-0.8923153799478833,0.02,-0.9123153799478834,-24.24309229684554
2026-02-09,6960.25,7000.5,6921.0,6983.25,True,False,False,0.00330447900578279,6507.826350097656,True,buy_after_first_green_after_red_above_200dma,2026-02-09,0.330447900578279,0.02,0.310447900578279,-23.93264439626726
2026-02-18,6862.75,6925.75,6848.75,6894.25,True,False,False,0.0045899967214309,6546.6888500976565,True,buy_after_first_green_after_red_above_200dma,2026-02-18,0.45899967214309,0.02,0.43899967214309,-23.49364472412417
2026-02-23,6918.0,6930.25,6832.75,6851.5,False,True,False,-0.009612604799074886,6565.200100097656,True,buy_after_first_green_after_red_above_200dma,2026-02-23,-0.9612604799074886,0.02,-0.9812604799074887,-24.474905204031657
2026-02-25,6900.25,6983.75,6892.25,6959.75,True,False,False,0.008622875982754241,6577.705100097656,True,buy_after_first_green_after_red_above_200dma,2026-02-25,0.8622875982754241,0.02,0.8422875982754241,-23.632617605756234
2026-03-03,6883.5,6886.0,6718.75,6824.75,False,True,False,-0.008534902302607672,6597.258850097656,True,buy_after_first_green_after_red_above_200dma,2026-03-03,-0.8534902302607672,0.02,-0.8734902302607672,-24.506107836017
2026-03-05,6883.25,6900.75,6777.0,6835.25,False,True,False,-0.006973450041768081,6606.025100097656,True,buy_after_first_green_after_red_above_200dma,2026-03-05,-0.6973450041768081,0.02,-0.7173450041768081,-25.223452840193808
2026-03-10,6800.75,6852.0,6762.5,6787.25,False,True,False,-0.001985075175532147,6619.296350097657,True,buy_after_first_green_after_red_above_200dma,2026-03-10,-0.19850751755321472,0.02,-0.2185075175532147,-25.44196035774702
2026-03-17,6700.0,6757.5,6665.25,6721.75,True,False,False,0.003246268656716511,6639.430100097657,True,buy_after_first_green_after_red_above_200dma,2026-03-17,0.3246268656716511,0.02,0.3046268656716511,-25.13733349207537
2026-04-14,6925.25,7008.0,6920.25,7004.75,True,False,False,0.011479729973647101,6698.6709497070315,True,buy_after_first_green_after_red_above_200dma,2026-04-14,1.1479729973647101,0.02,1.1279729973647101,-24.00936049471066
2026-04-23,7163.0,7181.5,7079.25,7143.5,False,True,False,-0.0027223230490017736,6728.313449707031,True,buy_after_first_green_after_red_above_200dma,2026-04-23,-0.27223230490017736,0.02,-0.2922323049001774,-24.301592799610837
2026-04-27,7185.0,7208.5,7171.5,7187.5,True,False,False,0.0003479471120388933,6737.067199707031,True,buy_after_first_green_after_red_above_200dma,2026-04-27,0.03479471120388933,0.02,0.014794711203889328,-24.286798088406947
