Date,Open,High,Low,Close,green,red,flat,intraday_return,sma_200,signal,strategy,trade_date,gross_profit,cost,net_profit,cumulative_net_profit
2014-05-02,1878.75,1886.0,1872.0,1874.5,False,True,False,-0.0022621423819028097,,True,buy_after_red,2014-05-02,-0.22621423819028097,0.02,-0.24621423819028096,-0.24621423819028096
2014-05-05,1875.5,1880.0,1860.5,1875.75,True,False,False,0.00013329778725679198,,True,buy_after_red,2014-05-05,0.013329778725679198,0.02,-0.006670221274320803,-0.25288445946460175
2014-05-07,1864.0,1875.75,1854.5,1874.25,True,False,False,0.005498927038626533,,True,buy_after_red,2014-05-07,0.5498927038626533,0.02,0.5298927038626533,0.27700824439805155
2014-05-09,1870.25,1875.0,1862.5,1873.5,True,False,False,0.0017377355968453134,,True,buy_after_red,2014-05-09,0.17377355968453134,0.02,0.15377355968453135,0.43078180408258293
2014-05-15,1885.75,1888.5,1859.0,1867.25,False,True,False,-0.009810420257192143,,True,buy_after_red,2014-05-15,-0.9810420257192143,0.02,-1.0010420257192143,-0.5702602216366314
2014-05-16,1867.0,1875.75,1861.25,1874.75,True,False,False,0.004151044456347064,,True,buy_after_red,2014-05-16,0.4151044456347064,0.02,0.39510444563470637,-0.175155776001925
2014-05-21,1868.5,1886.5,1866.5,1885.0,True,False,False,0.00883061279100894,,True,buy_after_red,2014-05-21,0.883061279100894,0.02,0.863061279100894,0.687905503098969
2014-05-29,1909.75,1918.0,1907.25,1918.0,True,False,False,0.004319937164550369,,True,buy_after_red,2014-05-29,0.4319937164550369,0.02,0.4119937164550369,1.0998992195540058
2014-06-12,1943.75,1947.75,1924.75,1930.5,False,True,False,-0.006816720257234676,,True,buy_after_red,2014-06-12,-0.6816720257234676,0.02,-0.7016720257234677,0.3982271938305382
2014-06-13,1930.75,1937.0,1926.5,1935.75,True,False,False,0.0025896672277612165,,True,buy_after_red,2014-06-13,0.25896672277612165,0.02,0.23896672277612166,0.6371939166066598
2014-06-25,1942.25,1953.25,1937.25,1949.5,True,False,False,0.003732784142103318,,True,buy_after_red,2014-06-25,0.3732784142103318,0.02,0.3532784142103318,0.9904723308169916
2014-07-08,1970.5,1970.75,1952.75,1960.5,False,True,False,-0.005074854097944725,,True,buy_after_red,2014-07-08,-0.5074854097944725,0.02,-0.5274854097944726,0.46298692102251904
2014-07-09,1960.5,1968.25,1958.25,1967.25,True,False,False,0.0034429992348889993,,True,buy_after_red,2014-07-09,0.34429992348889993,0.02,0.3242999234888999,0.787286844511419
2014-07-11,1957.25,1963.5,1953.0,1962.5,True,False,False,0.0026823349086728676,,True,buy_after_red,2014-07-11,0.26823349086728676,0.02,0.24823349086728677,1.0355203353787057
2014-07-16,1968.0,1978.0,1967.0,1974.75,True,False,False,0.003429878048780477,,True,buy_after_red,2014-07-16,0.3429878048780477,0.02,0.3229878048780477,1.3585081402567534
2014-07-18,1949.25,1974.25,1942.5,1971.5,True,False,False,0.011414646658971295,,True,buy_after_red,2014-07-18,1.1414646658971295,0.02,1.1214646658971295,2.479972806153883
2014-07-22,1965.75,1980.5,1965.25,1975.0,True,False,False,0.004705583110772071,,True,buy_after_red,2014-07-22,0.47055831107720714,0.02,0.4505583110772071,2.93053111723109
2014-07-25,1978.75,1980.75,1968.0,1971.5,False,True,False,-0.003663929248262754,,True,buy_after_red,2014-07-25,-0.3663929248262754,0.02,-0.3863929248262754,2.5441381924048145
2014-07-28,1970.75,1976.0,1960.75,1973.0,True,False,False,0.0011416973233540073,,True,buy_after_red,2014-07-28,0.11416973233540073,0.02,0.09416973233540073,2.6383079247402152
2014-07-30,1964.25,1974.25,1956.5,1965.0,True,False,False,0.000381825124093238,,True,buy_after_red,2014-07-30,0.0381825124093238,0.02,0.0181825124093238,2.656490437149539
2014-08-01,1926.0,1932.25,1910.25,1918.5,False,True,False,-0.003894080996884708,,True,buy_after_red,2014-08-01,-0.3894080996884708,0.02,-0.4094080996884708,2.2470823374610682
2014-08-04,1919.5,1937.5,1914.75,1932.0,True,False,False,0.0065121125293046145,,True,buy_after_red,2014-08-04,0.6512112529304614,0.02,0.6312112529304614,2.8782935903915297
2014-08-06,1914.75,1923.5,1903.0,1914.75,False,False,True,0.0,,True,buy_after_red,2014-08-06,0.0,0.02,-0.02,2.8582935903915296
2014-08-08,1905.25,1928.25,1890.25,1923.75,True,False,False,0.009710011809473729,,True,buy_after_red,2014-08-08,0.9710011809473729,0.02,0.9510011809473728,3.8092947713389025
2014-08-13,1932.25,1946.5,1930.75,1944.75,True,False,False,0.006469142191745325,,True,buy_after_red,2014-08-13,0.6469142191745325,0.02,0.6269142191745325,4.436208990513435
2014-08-18,1955.75,1969.0,1955.75,1967.5,True,False,False,0.006007925348331833,,True,buy_after_red,2014-08-18,0.6007925348331833,0.02,0.5807925348331833,5.017001525346618
2014-08-25,1990.0,1999.75,1988.75,1995.0,True,False,False,0.002512562814070307,,True,buy_after_red,2014-08-25,0.2512562814070307,0.02,0.23125628140703072,5.248257806753649
2014-08-28,1996.75,1999.5,1987.5,1996.75,False,False,True,0.0,,True,buy_after_red,2014-08-28,0.0,0.02,-0.02,5.22825780675365
2014-09-04,1998.75,2010.0,1990.75,1997.75,False,True,False,-0.0005003126954346016,,True,buy_after_red,2014-09-04,-0.050031269543460155,0.02,-0.07003126954346016,5.15822653721019
2014-09-05,1999.0,2007.75,1988.25,2006.0,True,False,False,0.0035017508754378035,,True,buy_after_red,2014-09-05,0.35017508754378035,0.02,0.33017508754378033,5.488401624753971
2014-09-09,2000.25,2003.0,1983.25,1989.75,False,True,False,-0.005249343832021025,,True,buy_after_red,2014-09-09,-0.5249343832021025,0.02,-0.5449343832021025,4.943467241551868
2014-09-10,1989.5,1996.25,1981.5,1995.0,True,False,False,0.002764513696908777,,True,buy_after_red,2014-09-10,0.2764513696908777,0.02,0.2564513696908777,5.199918611242746
2014-09-15,1981.75,1987.25,1972.0,1984.25,True,False,False,0.0012615112905260961,,True,buy_after_red,2014-09-15,0.1261511290526096,0.02,0.10615112905260961,5.306069740295356
2014-09-23,1984.0,1988.0,1968.25,1972.25,False,True,False,-0.005922379032258118,,True,buy_after_red,2014-09-23,-0.5922379032258118,0.02,-0.6122379032258118,4.693831837069544
2014-09-24,1969.75,1992.5,1969.5,1991.0,True,False,False,0.010788171087701581,,True,buy_after_red,2014-09-24,1.0788171087701581,0.02,1.058817108770158,5.752648945839702
2014-09-26,1961.0,1979.25,1956.5,1976.0,True,False,False,0.007649158592554883,,True,buy_after_red,2014-09-26,0.7649158592554883,0.02,0.7449158592554883,6.497564805095191
2014-09-30,1968.75,1978.25,1960.5,1965.5,False,True,False,-0.0016507936507936805,,True,buy_after_red,2014-09-30,-0.16507936507936805,0.02,-0.18507936507936804,6.3124854400158235
2014-10-01,1961.0,1967.0,1933.75,1940.75,False,True,False,-0.010326364099949026,,True,buy_after_red,2014-10-01,-1.0326364099949026,0.02,-1.0526364099949026,5.259849030020921
2014-10-02,1940.75,1945.75,1918.25,1938.5,False,True,False,-0.0011593456138091485,,True,buy_after_red,2014-10-02,-0.11593456138091485,0.02,-0.13593456138091484,5.123914468640006
2014-10-03,1938.5,1964.5,1935.75,1960.25,True,False,False,0.011220015475883471,,True,buy_after_red,2014-10-03,1.1220015475883471,0.02,1.1020015475883471,6.2259160162283536
2014-10-07,1953.25,1956.25,1924.25,1928.0,False,True,False,-0.01292717266094967,,True,buy_after_red,2014-10-07,-1.292717266094967,0.02,-1.312717266094967,4.913198750133386
2014-10-08,1926.25,1964.0,1918.0,1961.75,True,False,False,0.018429591174562,,True,buy_after_red,2014-10-08,1.8429591174562,0.02,1.8229591174561999,6.736157867589586
2014-10-10,1917.0,1931.25,1893.25,1894.25,False,True,False,-0.011867501304121064,,True,buy_after_red,2014-10-10,-1.1867501304121064,0.02,-1.2067501304121064,5.52940773717748
2014-10-13,1892.0,1906.0,1863.75,1865.5,False,True,False,-0.014006342494714552,,True,buy_after_red,2014-10-13,-1.4006342494714552,0.02,-1.4206342494714552,4.108773487706024
2014-10-14,1866.25,1892.75,1864.75,1874.75,True,False,False,0.00455458807769582,,True,buy_after_red,2014-10-14,0.45545880776958203,0.02,0.435458807769582,4.544232295475606
2014-10-16,1846.75,1869.75,1815.25,1850.5,True,False,False,0.002030594287261378,,True,buy_after_red,2014-10-16,0.2030594287261378,0.02,0.1830594287261378,4.727291724201744
2014-10-23,1924.5,1956.25,1922.25,1946.0,True,False,False,0.011171732917640842,,True,buy_after_red,2014-10-23,1.1171732917640842,0.02,1.0971732917640842,5.824465015965828
2014-10-28,1957.75,1980.75,1956.75,1980.0,True,False,False,0.011365087472864355,,True,buy_after_red,2014-10-28,1.1365087472864355,0.02,1.1165087472864355,6.940973763252263
2014-10-30,1971.75,1994.25,1959.25,1988.5,True,False,False,0.008494991758590142,,True,buy_after_red,2014-10-30,0.8494991758590142,0.02,0.8294991758590142,7.7704729391112775
2014-11-04,2010.5,2013.75,1995.25,2005.5,False,True,False,-0.0024869435463814593,,True,buy_after_red,2014-11-04,-0.24869435463814593,0.02,-0.26869435463814595,7.501778584473131
2014-11-05,2006.25,2020.5,2003.75,2018.75,True,False,False,0.006230529595015577,,True,buy_after_red,2014-11-05,0.6230529595015577,0.02,0.6030529595015577,8.104831543974688
2014-11-10,2025.75,2035.0,2021.0,2034.0,True,False,False,0.004072565716401355,,True,buy_after_red,2014-11-10,0.4072565716401355,0.02,0.3872565716401355,8.492088115614823
2014-11-13,2034.75,2043.75,2026.75,2034.0,False,True,False,-0.00036859565057134613,,True,buy_after_red,2014-11-13,-0.03685956505713461,0.02,-0.05685956505713462,8.435228550557689
2014-11-14,2033.0,2039.75,2032.0,2038.0,True,False,False,0.0024594195769798155,,True,buy_after_red,2014-11-14,0.24594195769798155,0.02,0.22594195769798156,8.66117050825567
2014-11-20,2047.0,2052.75,2035.25,2052.0,True,False,False,0.002442598925256556,,True,buy_after_red,2014-11-20,0.2442598925256556,0.02,0.22425989252565562,8.885430400781326
2014-12-01,2063.25,2064.0,2048.25,2050.75,False,True,False,-0.0060584030049678494,,True,buy_after_red,2014-12-01,-0.605840300496785,0.02,-0.625840300496785,8.25959010028454
2014-12-02,2051.0,2068.0,2050.75,2066.0,True,False,False,0.0073135056070210425,,True,buy_after_red,2014-12-02,0.7313505607021042,0.02,0.7113505607021042,8.970940660986646
2014-12-05,2071.75,2079.0,2068.5,2076.0,True,False,False,0.0020514058163387805,,True,buy_after_red,2014-12-05,0.20514058163387805,0.02,0.18514058163387806,9.156081242620523
2014-12-09,2060.25,2062.25,2033.25,2057.5,False,True,False,-0.0013347894672977034,,True,buy_after_red,2014-12-09,-0.13347894672977034,0.02,-0.15347894672977033,9.002602295890753
2014-12-10,2057.75,2060.0,2023.25,2026.5,False,True,False,-0.015186490098408445,,True,buy_after_red,2014-12-10,-1.5186490098408445,0.02,-1.5386490098408445,7.463953286049909
2014-12-11,2026.25,2056.5,2023.75,2031.0,True,False,False,0.002344231955582865,,True,buy_after_red,2014-12-11,0.2344231955582865,0.02,0.2144231955582865,7.678376481608196
2014-12-15,1998.75,2019.25,1981.5,1990.0,False,True,False,-0.004377736085053208,,True,buy_after_red,2014-12-15,-0.43777360850532077,0.02,-0.4577736085053208,7.220602873102875
2014-12-16,1991.25,2018.0,1968.25,1971.5,False,True,False,-0.009918392969240464,,True,buy_after_red,2014-12-16,-0.9918392969240464,0.02,-1.0118392969240464,6.2087635761788285
2014-12-17,1973.5,2017.0,1972.75,2014.25,True,False,False,0.020648593868761056,,True,buy_after_red,2014-12-17,2.0648593868761056,0.02,2.0448593868761056,8.253622963054934
2014-12-22,2065.0,2076.0,2064.0,2072.5,True,False,False,0.00363196125907983,,True,buy_after_red,2014-12-22,0.363196125907983,0.02,0.343196125907983,8.596819088962917
2014-12-30,2087.5,2088.5,2073.0,2076.75,False,True,False,-0.005149700598802376,,True,buy_after_red,2014-12-30,-0.5149700598802376,0.02,-0.5349700598802376,8.06184902908268
2014-12-31,2076.25,2082.75,2050.75,2052.5,False,True,False,-0.011438892233594178,,True,buy_after_red,2014-12-31,-1.1438892233594178,0.02,-1.1638892233594178,6.8979598057232625
2015-01-02,2055.0,2067.25,2038.75,2046.25,False,True,False,-0.0042579075425790425,,True,buy_after_red,2015-01-02,-0.42579075425790425,0.02,-0.44579075425790426,6.452169051465358
2015-01-05,2045.75,2048.25,2009.5,2016.0,False,True,False,-0.014542343883661268,,True,buy_after_red,2015-01-05,-1.4542343883661268,0.02,-1.4742343883661269,4.977934663099231
2015-01-06,2019.0,2023.5,1984.25,1994.5,False,True,False,-0.012134720158494261,,True,buy_after_red,2015-01-06,-1.213472015849426,0.02,-1.2334720158494261,3.744462647249805
2015-01-07,1996.5,2023.75,1995.75,2019.5,True,False,False,0.011520160280490854,,True,buy_after_red,2015-01-07,1.1520160280490854,0.02,1.1320160280490854,4.87647867529889
2015-01-12,2034.5,2048.25,2015.25,2022.5,False,True,False,-0.005898255099533012,,True,buy_after_red,2015-01-12,-0.5898255099533012,0.02,-0.6098255099533012,4.2666531653455895
2015-01-13,2023.75,2051.75,2001.0,2016.0,False,True,False,-0.003829524397776396,,True,buy_after_red,2015-01-13,-0.3829524397776396,0.02,-0.4029524397776396,3.86370072556795
2015-01-14,2017.25,2019.5,1981.25,2007.5,False,True,False,-0.004833312678150903,,True,buy_after_red,2015-01-14,-0.4833312678150903,0.02,-0.5033312678150903,3.3603694577528596
2015-01-15,2009.75,2027.25,1978.25,1989.0,False,True,False,-0.010324667247170072,,True,buy_after_red,2015-01-15,-1.0324667247170072,0.02,-1.0524667247170072,2.3079027330358524
2015-01-16,1980.75,2014.25,1970.25,2013.0,True,False,False,0.016281711472927007,,True,buy_after_red,2015-01-16,1.6281711472927007,0.02,1.6081711472927007,3.916073880328553
2015-01-26,2035.0,2055.0,2025.5,2053.5,True,False,False,0.009090909090909038,,True,buy_after_red,2015-01-26,0.9090909090909038,0.02,0.8890909090909038,4.805164789419457
2015-01-28,2036.5,2046.5,1991.25,1991.5,False,True,False,-0.022096734593665568,,True,buy_after_red,2015-01-28,-2.209673459366557,0.02,-2.229673459366557,2.5754913300529005
2015-01-29,1993.5,2020.0,1982.0,2018.5,True,False,False,0.012540757461750651,,True,buy_after_red,2015-01-29,1.2540757461750651,0.02,1.234075746175065,3.8095670762279656
2015-02-02,1990.5,2018.5,1973.75,2017.0,True,False,False,0.013313237879929662,,True,buy_after_red,2015-02-02,1.3313237879929662,0.02,1.3113237879929662,5.120890864220932
2015-02-05,2025.0,2058.75,2020.75,2055.0,True,False,False,0.014814814814814836,,True,buy_after_red,2015-02-05,1.4814814814814836,0.02,1.4614814814814836,6.5823723457024155
2015-02-09,2050.0,2051.75,2036.5,2042.5,False,True,False,-0.003658536585365857,,True,buy_after_red,2015-02-09,-0.3658536585365857,0.02,-0.3858536585365857,6.196518687165829
2015-02-10,2043.75,2066.5,2040.5,2062.25,True,False,False,0.009051987767584091,1976.60375,True,buy_after_red,2015-02-10,0.9051987767584091,0.02,0.8851987767584091,7.081717463924239
2015-02-19,2095.25,2099.5,2087.25,2095.25,False,False,True,0.0,1983.035,True,buy_after_red,2015-02-19,0.0,0.02,-0.02,7.061717463924239
2015-02-24,2106.25,2115.75,2102.75,2113.75,True,False,False,0.0035608308605341588,1986.61875,True,buy_after_red,2015-02-24,0.3560830860534159,0.02,0.33608308605341586,7.397800549977655
2015-02-26,2110.5,2114.75,2101.5,2110.0,False,True,False,-0.00023691068467190934,1988.88875,True,buy_after_red,2015-02-26,-0.023691068467190934,0.02,-0.04369106846719094,7.354109481510464
2015-02-27,2109.5,2111.0,2100.75,2102.75,False,True,False,-0.0031998103816069934,1989.93125,True,buy_after_red,2015-02-27,-0.31998103816069934,0.02,-0.33998103816069936,7.014128443349764
2015-03-02,2104.0,2115.5,2100.5,2114.0,True,False,False,0.004752851711026684,1991.075,True,buy_after_red,2015-03-02,0.47528517110266844,0.02,0.4552851711026684,7.469413614452433
2015-03-04,2104.75,2104.75,2085.25,2096.5,False,True,False,-0.003919705428198084,1993.37125,True,buy_after_red,2015-03-04,-0.39197054281980837,0.02,-0.4119705428198084,7.057443071632624
2015-03-05,2096.5,2103.5,2093.25,2099.75,True,False,False,0.0015502027188170064,1994.45875,True,buy_after_red,2015-03-05,0.15502027188170064,0.02,0.13502027188170065,7.1924633435143255
2015-03-09,2073.5,2082.5,2066.0,2077.75,True,False,False,0.002049674463467488,1996.43625,True,buy_after_red,2015-03-09,0.2049674463467488,0.02,0.1849674463467488,7.377430789861075
2015-03-11,2044.25,2052.25,2038.25,2039.5,False,True,False,-0.0023235905588846473,1997.9075,True,buy_after_red,2015-03-11,-0.23235905588846473,0.02,-0.25235905588846475,7.12507173397261
2015-03-12,2042.0,2066.5,2038.25,2064.0,True,False,False,0.010773751224289807,1998.68125,True,buy_after_red,2015-03-12,1.0773751224289807,0.02,1.0573751224289807,8.18244685640159
2015-03-16,2050.75,2081.75,2044.5,2076.5,True,False,False,0.012556381811532402,2000.1775,True,buy_after_red,2015-03-16,1.2556381811532402,0.02,1.2356381811532402,9.41808503755483
2015-03-20,2088.5,2105.5,2086.5,2101.25,True,False,False,0.006104859947330565,2003.55625,True,buy_after_red,2015-03-20,0.6104859947330565,0.02,0.5904859947330565,10.008571032287886
2015-03-24,2094.0,2101.0,2083.0,2085.0,False,True,False,-0.004297994269340966,2005.01625,True,buy_after_red,2015-03-24,-0.42979942693409656,0.02,-0.4497994269340966,9.55877160535379
2015-03-25,2085.25,2089.25,2052.25,2053.75,False,True,False,-0.01510610238580501,2005.53375,True,buy_after_red,2015-03-25,-1.510610238580501,0.02,-1.530610238580501,8.02816136677329
2015-03-26,2056.0,2058.75,2033.25,2048.5,False,True,False,-0.0036478599221789754,2006.02375,True,buy_after_red,2015-03-26,-0.36478599221789754,0.02,-0.38478599221789755,7.643375374555392
2015-03-27,2050.0,2057.75,2041.0,2052.5,True,False,False,0.0012195121951219523,2006.56625,True,buy_after_red,2015-03-27,0.12195121951219523,0.02,0.10195121951219523,7.7453265940675875
2015-04-01,2058.0,2060.75,2033.5,2053.0,False,True,False,-0.0024295432458697475,2008.49875,True,buy_after_red,2015-04-01,-0.24295432458697475,0.02,-0.26295432458697476,7.482372269480613
2015-04-02,2055.25,2064.75,2044.0,2059.5,True,False,False,0.002067874954385207,2009.08875,True,buy_after_red,2015-04-02,0.2067874954385207,0.02,0.18678749543852072,7.669159764919134
2015-04-08,2068.5,2080.25,2064.5,2076.0,True,False,False,0.0036258158085569203,2010.75625,True,buy_after_red,2015-04-08,0.36258158085569203,0.02,0.342581580855692,8.011741345774826
2015-04-14,2087.0,2092.75,2075.75,2091.0,True,False,False,0.001916626736943039,2013.5775,True,buy_after_red,2015-04-14,0.1916626736943039,0.02,0.1716626736943039,8.18340401946913
2015-04-17,2101.25,2101.75,2064.5,2075.5,False,True,False,-0.01225461035098152,2015.60625,True,buy_after_red,2015-04-17,-1.225461035098152,0.02,-1.245461035098152,6.937942984370977
2015-04-20,2081.0,2097.5,2078.5,2091.0,True,False,False,0.0048053820278712855,2016.2225,True,buy_after_red,2015-04-20,0.48053820278712855,0.02,0.46053820278712854,7.398481187158106
2015-04-28,2103.75,2112.5,2088.25,2112.0,True,False,False,0.0039215686274509665,2020.37375,True,buy_after_red,2015-04-28,0.39215686274509665,0.02,0.37215686274509663,7.770638049903203
2015-04-30,2098.25,2102.0,2070.25,2079.0,False,True,False,-0.00917431192660545,2021.56875,True,buy_after_red,2015-04-30,-0.917431192660545,0.02,-0.937431192660545,6.833206857242658
2015-05-01,2082.75,2102.5,2080.5,2101.5,True,False,False,0.009002520705797545,2022.2025,True,buy_after_red,2015-05-01,0.9002520705797545,0.02,0.8802520705797545,7.713458927822412
2015-05-06,2085.5,2093.75,2061.25,2074.25,False,True,False,-0.0053943898345720775,2024.08375,True,buy_after_red,2015-05-06,-0.5394389834572078,0.02,-0.5594389834572078,7.154019944365205
2015-05-07,2074.75,2088.25,2057.0,2084.25,True,False,False,0.0045788649234848045,2024.63,True,buy_after_red,2015-05-07,0.45788649234848045,0.02,0.4378864923484804,7.5919064367136855
2015-05-12,2097.75,2101.0,2079.25,2095.0,False,True,False,-0.0013109283756406187,2026.47125,True,buy_after_red,2015-05-12,-0.13109283756406187,0.02,-0.15109283756406186,7.440813599149624
2015-05-13,2096.25,2106.5,2091.5,2094.5,False,True,False,-0.0008348240906380644,2027.07875,True,buy_after_red,2015-05-13,-0.08348240906380644,0.02,-0.10348240906380644,7.337331190085817
2015-05-14,2096.0,2118.25,2092.0,2117.5,True,False,False,0.010257633587786197,2027.85125,True,buy_after_red,2015-05-14,1.0257633587786197,0.02,1.0057633587786197,8.343094548864437
2015-05-20,2124.25,2132.25,2119.25,2122.5,False,True,False,-0.0008238201718253624,2031.61,True,buy_after_red,2015-05-20,-0.08238201718253624,0.02,-0.10238201718253624,8.2407125316819
2015-05-21,2120.75,2132.0,2115.0,2128.0,True,False,False,0.0034186019097017795,2032.685,True,buy_after_red,2015-05-21,0.34186019097017795,0.02,0.32186019097017793,8.562572722652078
2015-05-26,2124.5,2127.0,2096.0,2105.0,False,True,False,-0.009178630265944898,2034.7325,True,buy_after_red,2015-05-26,-0.9178630265944898,0.02,-0.9378630265944898,7.624709696057588
2015-05-27,2105.75,2124.25,2101.25,2121.0,True,False,False,0.007242075270093684,2035.71875,True,buy_after_red,2015-05-27,0.7242075270093684,0.02,0.7042075270093684,8.328917223066956
2015-06-01,2107.0,2117.75,2100.25,2109.25,True,False,False,0.0010678690080683229,2038.365,True,buy_after_red,2015-06-01,0.10678690080683229,0.02,0.08678690080683228,8.415704123873788
2015-06-03,2107.0,2120.75,2106.75,2116.0,True,False,False,0.004271476032273291,2039.94875,True,buy_after_red,2015-06-03,0.42714760322732914,0.02,0.4071476032273291,8.822851727101117
2015-06-05,2098.75,2102.75,2083.5,2092.25,False,True,False,-0.003097081596188156,2041.18125,True,buy_after_red,2015-06-05,-0.3097081596188156,0.02,-0.3297081596188156,8.493143567482301
2015-06-08,2092.0,2093.25,2076.25,2078.25,False,True,False,-0.0065726577437859035,2041.65625,True,buy_after_red,2015-06-08,-0.6572657743785904,0.02,-0.6772657743785904,7.815877793103711
2015-06-09,2080.0,2084.75,2068.75,2080.0,False,False,True,0.0,2042.10875,True,buy_after_red,2015-06-09,0.0,0.02,-0.02,7.7958777931037115
2015-06-15,2087.0,2089.75,2071.25,2084.0,False,True,False,-0.0014374700527072237,2044.18375,True,buy_after_red,2015-06-15,-0.14374700527072237,0.02,-0.16374700527072236,7.632130787832989
2015-06-16,2083.5,2098.25,2070.5,2097.5,True,False,False,0.006719462443004476,2044.6875,True,buy_after_red,2015-06-16,0.6719462443004476,0.02,0.6519462443004476,8.284077032133437
2015-06-18,2097.25,2127.5,2090.5,2123.0,True,False,False,0.01227798307307193,2045.78375,True,buy_after_red,2015-06-18,1.227798307307193,0.02,1.207798307307193,9.49187533944063
2015-06-22,2105.75,2122.0,2103.5,2112.75,True,False,False,0.003324231271518485,2046.9575,True,buy_after_red,2015-06-22,0.3324231271518485,0.02,0.3124231271518485,9.80429846659248
2015-06-25,2101.25,2112.75,2092.0,2094.0,False,True,False,-0.003450327186198643,2048.52625,True,buy_after_red,2015-06-25,-0.3450327186198643,0.02,-0.3650327186198643,9.439265747972616
2015-06-26,2094.75,2100.75,2086.25,2095.75,True,False,False,0.00047738393603058427,2049.03,True,buy_after_red,2015-06-26,0.04773839360305843,0.02,0.027738393603058426,9.467004141575675
2015-06-30,2054.5,2069.0,2046.75,2054.5,False,False,True,0.0,2049.64625,True,buy_after_red,2015-06-30,0.0,0.02,-0.02,9.447004141575675
2015-07-06,2068.5,2071.75,2034.25,2064.5,False,True,False,-0.001933768431230387,2050.74125,True,buy_after_red,2015-07-06,-0.1933768431230387,0.02,-0.2133768431230387,9.233627298452637
2015-07-07,2067.75,2078.0,2035.0,2073.75,True,False,False,0.0029017047515416117,2051.04875,True,buy_after_red,2015-07-07,0.29017047515416117,0.02,0.27017047515416115,9.503797773606799
2015-07-09,2039.75,2068.0,2038.25,2041.25,True,False,False,0.0007353842382644693,2051.42375,True,buy_after_red,2015-07-09,0.07353842382644693,0.02,0.053538423826446926,9.557336197433246
2015-07-22,2107.75,2112.0,2102.25,2108.0,True,False,False,0.00011860989206491368,2057.7975,True,buy_after_red,2015-07-22,0.011860989206491368,0.02,-0.008139010793508632,9.549197186639738
2015-07-24,2101.0,2104.0,2069.75,2077.5,False,True,False,-0.01118514992860542,2059.2575,True,buy_after_red,2015-07-24,-1.118514992860542,0.02,-1.138514992860542,8.410682193779195
2015-07-27,2078.25,2080.75,2056.5,2064.5,False,True,False,-0.006616143389871265,2059.77125,True,buy_after_red,2015-07-27,-0.6616143389871265,0.02,-0.6816143389871265,7.729067854792069
2015-07-28,2065.5,2089.0,2061.5,2087.25,True,False,False,0.01053013798111846,2060.5825,True,buy_after_red,2015-07-28,1.053013798111846,0.02,1.033013798111846,8.762081652903914
2015-08-03,2098.75,2102.5,2080.0,2091.0,False,True,False,-0.0036926742108397415,2065.15,True,buy_after_red,2015-08-03,-0.36926742108397415,0.02,-0.38926742108397416,8.372814231819941
2015-08-04,2090.5,2096.25,2081.5,2083.0,False,True,False,-0.0035876584549150436,2066.3125,True,buy_after_red,2015-08-04,-0.35876584549150436,0.02,-0.3787658454915044,7.994048386328437
2015-08-05,2082.5,2107.0,2082.25,2093.75,True,False,False,0.005402160864345751,2067.37625,True,buy_after_red,2015-08-05,0.5402160864345751,0.02,0.5202160864345751,8.514264472763012
2015-08-07,2080.0,2082.75,2062.0,2073.5,False,True,False,-0.0031250000000000444,2068.95125,True,buy_after_red,2015-08-07,-0.31250000000000444,0.02,-0.33250000000000446,8.181764472763007
2015-08-10,2072.0,2101.25,2071.75,2099.75,True,False,False,0.013392857142857206,2069.825,True,buy_after_red,2015-08-10,1.3392857142857206,0.02,1.3192857142857206,9.501050187048728
2015-08-12,2080.75,2085.25,2046.5,2084.25,True,False,False,0.001682085786375076,2071.11625,True,buy_after_red,2015-08-12,0.1682085786375076,0.02,0.1482085786375076,9.649258765686236
2015-08-14,2079.25,2090.5,2073.75,2089.5,True,False,False,0.004929662137790114,2072.28125,True,buy_after_red,2015-08-14,0.4929662137790114,0.02,0.4729662137790114,10.122224979465248
2015-08-19,2093.25,2098.0,2066.5,2072.75,False,True,False,-0.009793383494565822,2073.75,True,buy_after_red,2015-08-19,-0.9793383494565822,0.02,-0.9993383494565822,9.122886630008665
2015-08-20,2073.5,2077.75,2024.5,2025.5,False,True,False,-0.02314926452857491,2073.8225,True,buy_after_red,2015-08-20,-2.314926452857491,0.02,-2.334926452857491,6.787960177151174
2015-08-21,2026.25,2029.0,1967.25,1971.5,False,True,False,-0.027020357803824835,2073.6525,True,buy_after_red,2015-08-21,-2.7020357803824835,0.02,-2.7220357803824835,4.06592439676869
2015-08-24,1964.5,1964.75,1831.0,1871.25,False,True,False,-0.04746754899465511,2072.915,True,buy_after_red,2015-08-24,-4.746754899465511,0.02,-4.766754899465511,-0.7008305026968209
2015-08-25,1872.75,1948.5,1860.0,1872.75,False,False,True,0.0,2072.13875,True,buy_after_red,2015-08-25,0.0,0.02,-0.02,-0.7208305026968209
2015-09-01,1965.5,1966.25,1898.75,1916.0,False,True,False,-0.025184431442381028,2070.3175,True,buy_after_red,2015-09-01,-2.518443144238103,0.02,-2.538443144238103,-3.2592736469349237
2015-09-02,1913.5,1949.0,1907.25,1947.0,True,False,False,0.017507185785210266,2069.8625,True,buy_after_red,2015-09-02,1.7507185785210266,0.02,1.7307185785210266,-1.528555068413897
2015-09-04,1947.25,1949.25,1907.75,1921.75,False,True,False,-0.013095390935935258,2068.76,True,buy_after_red,2015-09-04,-1.3095390935935258,0.02,-1.3295390935935258,-2.858094162007423
2015-09-08,1916.75,1968.75,1915.75,1965.75,True,False,False,0.025564105908438828,2068.3525,True,buy_after_red,2015-09-08,2.556410590843883,0.02,2.5364105908438828,-0.3216835711635402
2015-09-10,1943.75,1967.25,1928.5,1949.5,True,False,False,0.002958199356913216,2067.245,True,buy_after_red,2015-09-10,0.2958199356913216,0.02,0.27581993569132157,-0.04586363547221861
2015-09-15,1953.25,1983.0,1945.0,1979.75,True,False,False,0.013567131703571045,2065.67875,True,buy_after_red,2015-09-15,1.3567131703571045,0.02,1.3367131703571045,1.2908495348848859
2015-09-18,1988.0,1993.75,1954.75,1960.0,False,True,False,-0.014084507042253502,2064.49375,True,buy_after_red,2015-09-18,-1.4084507042253502,0.02,-1.4284507042253503,-0.1376011693404644
2015-09-21,1949.25,1969.0,1938.5,1963.0,True,False,False,0.007053995126330648,2063.94625,True,buy_after_red,2015-09-21,0.7053995126330648,0.02,0.6853995126330648,0.5477983432926004
2015-09-23,1930.5,1941.75,1910.5,1928.5,False,True,False,-0.0010360010360009886,2062.50875,True,buy_after_red,2015-09-23,-0.10360010360009886,0.02,-0.12360010360009886,0.4241982396925015
2015-09-24,1931.75,1936.25,1897.25,1918.75,False,True,False,-0.006729649281739358,2061.805,True,buy_after_red,2015-09-24,-0.6729649281739358,0.02,-0.6929649281739358,-0.26876668848143437
2015-09-25,1913.25,1951.0,1910.25,1919.25,True,False,False,0.0031360250882006557,2061.11375,True,buy_after_red,2015-09-25,0.3136025088200656,0.02,0.29360250882006556,0.024835820338631187
2015-09-29,1876.25,1889.75,1861.0,1874.5,False,True,False,-0.0009327115256495544,2059.55875,True,buy_after_red,2015-09-29,-0.09327115256495544,0.02,-0.11327115256495544,-0.08843533222632426
2015-09-30,1875.0,1910.5,1871.25,1908.75,True,False,False,0.018000000000000016,2059.11625,True,buy_after_red,2015-09-30,1.8000000000000016,0.02,1.7800000000000016,1.6915646677736773
2015-10-07,1961.0,1991.25,1960.5,1987.25,True,False,False,0.013386027536970824,2057.53875,True,buy_after_red,2015-10-07,1.3386027536970824,0.02,1.3186027536970824,3.0101674214707597
2015-10-14,1991.5,2001.75,1982.5,1984.0,False,True,False,-0.0037660055234747247,2055.5525,True,buy_after_red,2015-10-14,-0.3766005523474725,0.02,-0.3966005523474725,2.613566869123287
2015-10-15,1985.75,2019.5,1985.0,2019.0,True,False,False,0.016744303160015184,2055.26375,True,buy_after_red,2015-10-15,1.6744303160015184,0.02,1.6544303160015184,4.2679971851248055
2015-10-21,2019.75,2034.25,2007.5,2008.5,False,True,False,-0.005569996286669099,2055.1275,True,buy_after_red,2015-10-21,-0.5569996286669099,0.02,-0.5769996286669099,3.6909975564578956
2015-10-22,2010.5,2056.0,2008.5,2053.0,True,False,False,0.021139020144242737,2055.295,True,buy_after_red,2015-10-22,2.1139020144242737,0.02,2.0939020144242737,5.784899570882169
2015-10-27,2063.75,2064.75,2051.25,2060.5,False,True,False,-0.0015748031496063408,2055.675,True,buy_after_red,2015-10-27,-0.15748031496063408,0.02,-0.17748031496063407,5.607419255921536
2015-10-28,2062.0,2085.25,2055.5,2084.5,True,False,False,0.010911736178467413,2056.0175,True,buy_after_red,2015-10-28,1.0911736178467413,0.02,1.0711736178467413,6.678592873768277
2015-11-02,2073.0,2100.0,2064.25,2095.5,True,False,False,0.01085383502170778,2057.23125,True,buy_after_red,2015-11-02,1.085383502170778,0.02,1.065383502170778,7.743976375939056
2015-11-05,2095.5,2104.75,2084.0,2094.0,False,True,False,-0.0007158196134574579,2058.19125,True,buy_after_red,2015-11-05,-0.07158196134574579,0.02,-0.0915819613457458,7.65239441459331
2015-11-06,2094.75,2099.0,2077.5,2093.75,False,True,False,-0.00047738393603058427,2058.44,True,buy_after_red,2015-11-06,-0.04773839360305843,0.02,-0.06773839360305843,7.584656020990252
2015-11-09,2092.0,2097.75,2062.0,2073.0,False,True,False,-0.009082217973231388,2058.5375,True,buy_after_red,2015-11-09,-0.9082217973231388,0.02,-0.9282217973231388,6.656434223667113
2015-11-10,2072.25,2079.0,2064.5,2078.0,True,False,False,0.002774761732416531,2058.7775,True,buy_after_red,2015-11-10,0.2774761732416531,0.02,0.25747617324165306,6.913910396908767
2015-11-12,2068.5,2077.5,2039.5,2040.5,False,True,False,-0.013536379018612488,2059.275,True,buy_after_red,2015-11-12,-1.3536379018612488,0.02,-1.3736379018612488,5.5402724950475175
2015-11-13,2040.5,2046.0,2011.5,2018.5,False,True,False,-0.010781671159029615,2059.425,True,buy_after_red,2015-11-13,-1.0781671159029615,0.02,-1.0981671159029616,4.4421053791445555
2015-11-16,2006.5,2051.0,1998.5,2048.0,True,False,False,0.020682780961873926,2059.58,True,buy_after_red,2015-11-16,2.0682780961873926,0.02,2.0482780961873925,6.490383475331948
2015-11-24,2083.0,2091.5,2065.5,2084.75,True,False,False,0.0008401344215074324,2060.485,True,buy_after_red,2015-11-24,0.08401344215074324,0.02,0.06401344215074324,6.554396917482691
2015-12-01,2085.5,2101.5,2083.5,2100.0,True,False,False,0.006952769120114999,2060.5775,True,buy_after_red,2015-12-01,0.6952769120114999,0.02,0.6752769120114999,7.229673829494191
2015-12-03,2083.25,2095.25,2040.0,2051.25,False,True,False,-0.015360614424577035,2060.2875,True,buy_after_red,2015-12-03,-1.5360614424577035,0.02,-1.5560614424577035,5.673612387036487
2015-12-04,2053.25,2093.0,2046.75,2088.5,True,False,False,0.01716790454158046,2060.195,True,buy_after_red,2015-12-04,1.7167904541580459,0.02,1.6967904541580459,7.370402841194533
2015-12-08,2080.0,2081.5,2050.25,2058.75,False,True,False,-0.010216346153846145,2059.79125,True,buy_after_red,2015-12-08,-1.0216346153846145,0.02,-1.0416346153846145,6.3287682258099185
2015-12-09,2059.5,2079.75,2034.25,2042.0,False,True,False,-0.008497208060208816,2059.45,True,buy_after_red,2015-12-09,-0.8497208060208816,0.02,-0.8697208060208816,5.459047419789037
2015-12-10,2045.75,2067.0,2043.75,2049.25,True,False,False,0.0017108639863130382,2059.14625,True,buy_after_red,2015-12-10,0.17108639863130382,0.02,0.15108639863130383,5.6101338184203415
2015-12-14,2008.0,2028.25,1992.25,2018.5,True,False,False,0.005229083665338585,2058.20375,True,buy_after_red,2015-12-14,0.5229083665338585,0.02,0.5029083665338585,6.1130421849542
2015-12-18,2033.25,2040.25,2022.0,2032.5,False,True,False,-0.00036886757653997737,2057.26625,True,buy_after_red,2015-12-18,-0.03688675765399774,0.02,-0.05688675765399774,6.056155427300202
2015-12-21,1997.25,2019.5,1995.25,2015.0,True,False,False,0.008887219927400158,2056.9525,True,buy_after_red,2015-12-21,0.8887219927400158,0.02,0.8687219927400158,6.924877420040218
2015-12-28,2051.25,2054.5,2035.25,2048.75,False,True,False,-0.0012187690432663434,2056.92125,True,buy_after_red,2015-12-28,-0.12187690432663434,0.02,-0.14187690432663433,6.783000515713584
2015-12-29,2049.75,2074.5,2047.5,2072.75,True,False,False,0.011220880595194549,2056.9025,True,buy_after_red,2015-12-29,1.122088059519455,0.02,1.1020880595194549,7.8850885752330395
2015-12-31,2055.25,2057.75,2030.25,2035.5,False,True,False,-0.00960953655273078,2056.4775,True,buy_after_red,2015-12-31,-0.960953655273078,0.02,-0.980953655273078,6.9041349199599615
2016-01-04,2037.75,2043.5,1980.25,2009.0,False,True,False,-0.014108698319224677,2056.07,True,buy_after_red,2016-01-04,-1.4108698319224677,0.02,-1.4308698319224677,5.473265088037493
2016-01-05,2009.0,2017.0,1992.25,2011.75,True,False,False,0.0013688402190144,2055.6225,True,buy_after_red,2016-01-05,0.13688402190144,0.02,0.11688402190144,5.590149109938934
2016-01-07,1987.75,1991.0,1928.5,1933.0,False,True,False,-0.02754370519431515,2054.31875,True,buy_after_red,2016-01-07,-2.754370519431515,0.02,-2.774370519431515,2.815778590507419
2016-01-08,1936.5,1964.75,1910.0,1911.5,False,True,False,-0.01290988897495482,2053.6075,True,buy_after_red,2016-01-08,-1.290988897495482,0.02,-1.310988897495482,1.5047896930119369
2016-01-11,1909.25,1929.0,1892.5,1914.25,True,False,False,0.0026188293832656306,2052.93625,True,buy_after_red,2016-01-11,0.26188293832656306,0.02,0.24188293832656307,1.7466726313385
2016-01-14,1883.75,1927.5,1871.0,1914.5,True,False,False,0.016323822163238244,2050.5975,True,buy_after_red,2016-01-14,1.6323822163238244,0.02,1.6123822163238244,3.3590548476623243
2016-01-19,1869.75,1907.5,1856.25,1873.0,True,False,False,0.0017382002941570551,2048.775,True,buy_after_red,2016-01-19,0.1738200294157055,0.02,0.15382002941570552,3.51287487707803
2016-01-21,1854.75,1883.25,1836.25,1861.0,True,False,False,0.0033697263782181963,2046.65,True,buy_after_red,2016-01-21,0.33697263782181963,0.02,0.3169726378218196,3.8298475148998494
2016-01-26,1871.75,1899.75,1851.25,1896.0,True,False,False,0.012955790036062398,2043.69125,True,buy_after_red,2016-01-26,1.2955790036062398,0.02,1.2755790036062398,5.105426518506089
2016-01-28,1880.0,1902.5,1865.75,1880.75,True,False,False,0.0003989361702128047,2041.5825,True,buy_after_red,2016-01-28,0.03989361702128047,0.02,0.01989361702128047,5.12532013552737
2016-02-03,1895.0,1912.25,1865.0,1908.5,True,False,False,0.0071240105540897325,2038.08375,True,buy_after_red,2016-02-03,0.7124010554089732,0.02,0.6924010554089732,5.817721190936343
2016-02-08,1876.25,1884.5,1821.75,1852.0,False,True,False,-0.01292471685542973,2034.7675,True,buy_after_red,2016-02-08,-1.292471685542973,0.02,-1.312471685542973,4.50524950539337
2016-02-09,1849.75,1863.75,1825.75,1848.25,False,True,False,-0.0008109203946479182,2033.45,True,buy_after_red,2016-02-09,-0.08109203946479182,0.02,-0.10109203946479182,4.404157465928578
2016-02-10,1850.0,1877.75,1838.5,1846.75,False,True,False,-0.0017567567567567943,2032.16,True,buy_after_red,2016-02-10,-0.17567567567567943,0.02,-0.19567567567567942,4.208481790252899
2016-02-11,1842.25,1847.25,1802.5,1824.5,False,True,False,-0.009634957253358611,2030.7225,True,buy_after_red,2016-02-11,-0.9634957253358611,0.02,-0.9834957253358612,3.2249860649170374
2016-02-12,1827.25,1860.75,1822.5,1858.25,True,False,False,0.016965385141606282,2029.51875,True,buy_after_red,2016-02-12,1.6965385141606282,0.02,1.6765385141606282,4.901524579077666
2016-02-19,1917.5,1922.75,1898.5,1914.5,False,True,False,-0.0015645371577575062,2025.8625,True,buy_after_red,2016-02-19,-0.15645371577575062,0.02,-0.1764537157757506,4.725070863301916
2016-02-22,1911.0,1943.75,1908.25,1936.25,True,False,False,0.01321297749869177,2025.1725,True,buy_after_red,2016-02-22,1.321297749869177,0.02,1.301297749869177,6.026368613171092
2016-02-24,1914.0,1933.75,1886.75,1930.25,True,False,False,0.008490073145245525,2023.44,True,buy_after_red,2016-02-24,0.8490073145245525,0.02,0.8290073145245525,6.855375927695645
2016-02-29,1943.0,1956.25,1926.5,1929.5,False,True,False,-0.006948018528049382,2021.1175,True,buy_after_red,2016-02-29,-0.6948018528049382,0.02,-0.7148018528049382,6.140574074890707
2016-03-01,1928.0,1978.5,1920.75,1978.0,True,False,False,0.025933609958506132,2020.42,True,buy_after_red,2016-03-01,2.593360995850613,0.02,2.573360995850613,8.71393507074132
2016-03-09,1981.75,1994.0,1978.0,1989.0,True,False,False,0.003658382742525612,2016.3875,True,buy_after_red,2016-03-09,0.3658382742525612,0.02,0.3458382742525612,9.05977334499388
2016-03-11,1988.5,2022.25,1987.5,2020.0,True,False,False,0.01584108624591396,2015.30125,True,buy_after_red,2016-03-11,1.584108624591396,0.02,1.564108624591396,10.623881969585277
2016-03-15,2019.0,2019.5,2004.5,2015.75,False,True,False,-0.0016097077761267897,2014.335,True,buy_after_red,2016-03-15,-0.16097077761267897,0.02,-0.18097077761267896,10.442911191972598
2016-03-16,2016.25,2032.25,2006.5,2027.0,True,False,False,0.005331680099194047,2013.92375,True,buy_after_red,2016-03-16,0.5331680099194047,0.02,0.5131680099194047,10.956079201892003
2016-03-23,2043.0,2045.25,2025.25,2028.75,False,True,False,-0.006975036710719529,2012.47125,True,buy_after_red,2016-03-23,-0.6975036710719529,0.02,-0.7175036710719529,10.23857553082005
2016-03-24,2028.0,2030.25,2012.25,2028.5,True,False,False,0.0002465483234714849,2012.21375,True,buy_after_red,2016-03-24,0.024654832347148492,0.02,0.004654832347148492,10.243230363167198
2016-03-29,2027.75,2049.25,2019.25,2047.5,True,False,False,0.009739859450129451,2011.51,True,buy_after_red,2016-03-29,0.9739859450129451,0.02,0.9539859450129451,11.197216308180144
2016-04-01,2052.75,2067.0,2035.25,2065.0,True,False,False,0.0059676044330776445,2010.99625,True,buy_after_red,2016-04-01,0.5967604433077645,0.02,0.5767604433077644,11.773976751487908
2016-04-05,2055.5,2055.5,2034.25,2038.75,False,True,False,-0.008148868888348315,2010.375,True,buy_after_red,2016-04-05,-0.8148868888348315,0.02,-0.8348868888348315,10.939089862653077
2016-04-06,2042.0,2060.5,2035.0,2060.25,True,False,False,0.00893731635651318,2010.08375,True,buy_after_red,2016-04-06,0.8937316356513181,0.02,0.8737316356513181,11.812821498304395
2016-04-08,2034.5,2054.25,2030.25,2040.75,True,False,False,0.0030720078643400317,2009.31625,True,buy_after_red,2016-04-08,0.30720078643400317,0.02,0.28720078643400315,12.100022284738397
2016-04-12,2032.5,2058.5,2029.25,2055.75,True,False,False,0.011439114391143868,2008.8,True,buy_after_red,2016-04-12,1.1439114391143868,0.02,1.1239114391143867,13.223933723852785
2016-04-18,2064.25,2088.75,2058.5,2086.75,True,False,False,0.01089984255782972,2009.0125,True,buy_after_red,2016-04-18,1.089984255782972,0.02,1.069984255782972,14.293917979635756
2016-04-22,2079.75,2089.0,2075.0,2086.0,True,False,False,0.0030051688904917384,2009.58375,True,buy_after_red,2016-04-22,0.30051688904917384,0.02,0.2805168890491738,14.57443486868493
2016-04-26,2084.25,2091.25,2079.5,2088.5,True,False,False,0.0020391027947703755,2009.89125,True,buy_after_red,2016-04-26,0.20391027947703755,0.02,0.18391027947703756,14.758345148161968
2016-04-29,2073.75,2076.0,2045.75,2059.0,False,True,False,-0.0071127185051235164,2009.49875,True,buy_after_red,2016-04-29,-0.7112718505123516,0.02,-0.7312718505123517,14.027073297649617
2016-05-02,2060.75,2077.5,2055.5,2074.25,True,False,False,0.006551012980710924,2009.285,True,buy_after_red,2016-05-02,0.6551012980710924,0.02,0.6351012980710924,14.662174595720709
2016-05-04,2057.5,2060.25,2039.0,2047.0,False,True,False,-0.0051032806804374164,2008.60125,True,buy_after_red,2016-05-04,-0.5103280680437416,0.02,-0.5303280680437417,14.131846527676966
2016-05-05,2046.5,2060.0,2039.5,2044.0,False,True,False,-0.0012215978499877655,2008.24875,True,buy_after_red,2016-05-05,-0.12215978499877655,0.02,-0.14215978499877654,13.98968674267819
2016-05-06,2043.5,2054.5,2030.5,2052.75,True,False,False,0.0045265475899192165,2007.9725,True,buy_after_red,2016-05-06,0.45265475899192165,0.02,0.43265475899192163,14.422341501670111
2016-05-12,2059.0,2072.75,2048.5,2058.75,False,True,False,-0.00012141816415733864,2007.57625,True,buy_after_red,2016-05-12,-0.012141816415733864,0.02,-0.03214181641573387,14.390199685254377
2016-05-13,2059.25,2063.5,2038.5,2043.5,False,True,False,-0.007648415685322374,2007.28625,True,buy_after_red,2016-05-13,-0.7648415685322374,0.02,-0.7848415685322374,13.60535811672214
2016-05-16,2041.25,2068.5,2035.0,2062.75,True,False,False,0.010532761788120126,2007.08125,True,buy_after_red,2016-05-16,1.0532761788120126,0.02,1.0332761788120126,14.638634295534153
2016-05-18,2043.75,2057.75,2030.75,2041.5,False,True,False,-0.0011009174311926717,2006.55875,True,buy_after_red,2016-05-18,-0.11009174311926717,0.02,-0.13009174311926716,14.508542552414886
2016-05-19,2043.5,2044.75,2022.0,2038.75,False,True,False,-0.0023244433569855616,2006.3375,True,buy_after_red,2016-05-19,-0.23244433569855616,0.02,-0.2524443356985562,14.25609821671633
2016-05-20,2038.75,2055.5,2037.25,2050.0,True,False,False,0.005518087063151489,2006.11875,True,buy_after_red,2016-05-20,0.5518087063151489,0.02,0.5318087063151489,14.787906923031478
2016-05-24,2045.0,2077.25,2041.25,2075.0,True,False,False,0.014669926650366705,2005.955,True,buy_after_red,2016-05-24,1.4669926650366705,0.02,1.4469926650366705,16.23489958806815
2016-06-01,2094.0,2099.25,2083.25,2098.0,True,False,False,0.0019102196752627254,2006.1225,True,buy_after_red,2016-06-01,0.19102196752627254,0.02,0.17102196752627255,16.40592155559442
2016-06-06,2097.5,2112.25,2094.0,2108.25,True,False,False,0.005125148986889094,2006.34125,True,buy_after_red,2016-06-06,0.5125148986889094,0.02,0.4925148986889094,16.89843645428333
2016-06-10,2113.75,2114.0,2088.5,2096.25,False,True,False,-0.008279124778237779,2009.83,True,buy_after_red,2016-06-10,-0.8279124778237779,0.02,-0.8479124778237779,16.05052397645955
2016-06-13,2089.25,2098.25,2075.75,2078.75,False,True,False,-0.005025726935503183,2010.53375,True,buy_after_red,2016-06-13,-0.5025726935503183,0.02,-0.5225726935503183,15.527951282909234
2016-06-14,2077.0,2081.75,2063.25,2074.5,False,True,False,-0.0012036591237362115,2010.96,True,buy_after_red,2016-06-14,-0.12036591237362115,0.02,-0.14036591237362114,15.387585370535612
2016-06-15,2072.75,2086.25,2068.75,2071.75,False,True,False,-0.00048245085031961565,2011.37,True,buy_after_red,2016-06-15,-0.048245085031961565,0.02,-0.06824508503196157,15.319340285503651
2016-06-16,2070.5,2080.0,2050.0,2079.25,True,False,False,0.004226032359333498,2011.92,True,buy_after_red,2016-06-16,0.4226032359333498,0.02,0.4026032359333498,15.721943521437002
2016-06-23,2083.0,2113.25,2083.0,2105.75,True,False,False,0.010921747479596844,2015.51625,True,buy_after_red,2016-06-23,1.0921747479596844,0.02,1.0721747479596844,16.794118269396687
2016-06-27,2013.75,2022.5,1981.5,1985.0,False,True,False,-0.014276846679081356,2016.0725,True,buy_after_red,2016-06-27,-1.4276846679081356,0.02,-1.4476846679081357,15.346433601488553
2016-06-28,1982.5,2029.75,1982.25,2028.5,True,False,False,0.023203026481714906,2016.41375,True,buy_after_red,2016-06-28,2.3203026481714906,0.02,2.3003026481714905,17.646736249660044
2016-07-06,2084.0,2094.5,2065.75,2094.0,True,False,False,0.004798464491362786,2019.165,True,buy_after_red,2016-07-06,0.4798464491362786,0.02,0.4598464491362786,18.106582698796323
2016-07-18,2154.5,2163.25,2152.75,2160.0,True,False,False,0.002552796472499397,2028.10375,True,buy_after_red,2016-07-18,0.2552796472499397,0.02,0.2352796472499397,18.341862346046263
2016-07-20,2159.0,2169.75,2155.25,2167.5,True,False,False,0.003937007874015741,2030.43625,True,buy_after_red,2016-07-20,0.3937007874015741,0.02,0.3737007874015741,18.715563133447837
2016-07-22,2159.0,2169.25,2156.0,2167.5,True,False,False,0.003937007874015741,2032.3475,True,buy_after_red,2016-07-22,0.3937007874015741,0.02,0.3737007874015741,19.08926392084941
2016-07-26,2162.75,2168.0,2153.75,2163.25,True,False,False,0.0002311871459947934,2034.00625,True,buy_after_red,2016-07-26,0.02311871459947934,0.02,0.0031187145994793393,19.092382635448892
2016-07-28,2162.75,2168.5,2153.5,2164.75,True,False,False,0.0009247485839787295,2035.54,True,buy_after_red,2016-07-28,0.09247485839787295,0.02,0.07247485839787295,19.164857493846764
2016-08-02,2166.0,2171.0,2141.5,2152.75,False,True,False,-0.006117266851338843,2037.9825,True,buy_after_red,2016-08-02,-0.6117266851338843,0.02,-0.6317266851338843,18.53313080871288
2016-08-03,2152.25,2158.25,2145.25,2157.0,True,False,False,0.0022069926820769137,2038.64,True,buy_after_red,2016-08-03,0.22069926820769137,0.02,0.20069926820769138,18.733830076920572
2016-08-09,2176.0,2183.5,2173.75,2177.5,True,False,False,0.0006893382352941568,2041.5375,True,buy_after_red,2016-08-09,0.06893382352941568,0.02,0.04893382352941568,18.78276390044999
2016-08-11,2172.5,2185.25,2170.0,2181.75,True,False,False,0.004257767548906832,2042.66875,True,buy_after_red,2016-08-11,0.42577675489068323,0.02,0.4057767548906832,19.188540655340674
2016-08-15,2180.75,2190.75,2180.5,2186.0,True,False,False,0.0024074286369368814,2043.775,True,buy_after_red,2016-08-15,0.24074286369368814,0.02,0.22074286369368815,19.40928351903436
2016-08-17,2177.5,2182.0,2165.5,2179.75,True,False,False,0.001033295063145756,2044.77375,True,buy_after_red,2016-08-17,0.1033295063145756,0.02,0.0833295063145756,19.492613025348938
2016-08-22,2181.75,2184.5,2173.5,2181.5,False,True,False,-0.00011458691417443045,2046.04125,True,buy_after_red,2016-08-22,-0.011458691417443045,0.02,-0.03145869141744305,19.461154333931496
2016-08-23,2180.75,2191.5,2179.25,2185.25,True,False,False,0.002063510260231549,2046.4975,True,buy_after_red,2016-08-23,0.20635102602315492,0.02,0.18635102602315493,19.64750535995465
2016-08-25,2175.0,2177.25,2167.5,2173.5,False,True,False,-0.0006896551724138167,2047.40625,True,buy_after_red,2016-08-25,-0.06896551724138167,0.02,-0.08896551724138167,19.55853984271327
2016-08-26,2174.0,2186.75,2157.5,2168.5,False,True,False,-0.0025298988040478587,2047.85875,True,buy_after_red,2016-08-26,-0.25298988040478587,0.02,-0.2729898804047859,19.285549962308483
2016-08-29,2167.75,2182.25,2164.5,2179.25,True,False,False,0.0053050397877985045,2048.41,True,buy_after_red,2016-08-29,0.5305039787798504,0.02,0.5105039787798504,19.796053941088335
2016-08-31,2175.75,2176.25,2159.5,2169.5,False,True,False,-0.002872572676088758,2049.83875,True,buy_after_red,2016-08-31,-0.2872572676088758,0.02,-0.30725726760887584,19.48879667347946
2016-09-01,2169.0,2177.25,2154.75,2167.25,False,True,False,-0.0008068234209313019,2050.435,True,buy_after_red,2016-09-01,-0.08068234209313019,0.02,-0.10068234209313019,19.38811433138633
2016-09-02,2166.25,2183.75,2164.25,2178.0,True,False,False,0.005424120023081347,2051.08,True,buy_after_red,2016-09-02,0.5424120023081347,0.02,0.5224120023081347,19.910526333694463
2016-09-08,2184.5,2189.25,2175.75,2177.5,False,True,False,-0.003204394598306237,2052.57375,True,buy_after_red,2016-09-08,-0.3204394598306237,0.02,-0.34043945983062374,19.57008687386384
2016-09-09,2177.25,2178.25,2119.75,2122.75,False,True,False,-0.02503157653002641,2052.76625,True,buy_after_red,2016-09-09,-2.503157653002641,0.02,-2.523157653002641,17.046929220861198
2016-09-12,2121.75,2162.75,2107.0,2158.5,True,False,False,0.017320607988688508,2053.135,True,buy_after_red,2016-09-12,1.7320607988688508,0.02,1.7120607988688508,18.75899001973005
2016-09-14,2131.75,2141.25,2118.75,2120.25,False,True,False,-0.005394628826081882,2053.49,True,buy_after_red,2016-09-14,-0.5394628826081882,0.02,-0.5594628826081882,18.199527137121862
2016-09-15,2121.75,2151.5,2114.75,2145.0,True,False,False,0.010957935666313201,2053.81625,True,buy_after_red,2016-09-15,1.09579356663132,0.02,1.07579356663132,19.27532070375318
2016-09-19,2132.25,2146.75,2127.75,2133.0,True,False,False,0.0003517411185367525,2054.2825,True,buy_after_red,2016-09-19,0.03517411185367525,0.02,0.015174111853675249,19.290494815606856
2016-09-21,2130.0,2157.5,2126.25,2156.25,True,False,False,0.012323943661971759,2055.02,True,buy_after_red,2016-09-21,1.232394366197176,0.02,1.2123943661971759,20.502889181804033
2016-09-26,2156.25,2159.5,2136.75,2139.75,False,True,False,-0.007652173913043514,2056.44125,True,buy_after_red,2016-09-26,-0.7652173913043514,0.02,-0.7852173913043514,19.717671790499683
2016-09-27,2139.25,2154.0,2132.75,2152.75,True,False,False,0.006310622881851025,2056.95875,True,buy_after_red,2016-09-27,0.6310622881851025,0.02,0.6110622881851024,20.328734078684786
2016-09-30,2145.75,2168.25,2135.75,2160.5,True,False,False,0.006874053361295651,2058.95125,True,buy_after_red,2016-09-30,0.6874053361295651,0.02,0.6674053361295651,20.99613941481435
2016-10-04,2153.75,2159.75,2136.0,2144.75,False,True,False,-0.004178757980267012,2059.91,True,buy_after_red,2016-10-04,-0.41787579802670116,0.02,-0.4378757980267012,20.55826361678765
2016-10-05,2144.25,2158.0,2141.0,2153.25,True,False,False,0.0041972717733473885,2060.51375,True,buy_after_red,2016-10-05,0.41972717733473885,0.02,0.39972717733473884,20.957990794122388
2016-10-11,2159.5,2160.75,2121.75,2134.5,False,True,False,-0.011576753878212553,2062.18125,True,buy_after_red,2016-10-11,-1.1576753878212553,0.02,-1.1776753878212554,19.78031540630113
2016-10-12,2133.0,2140.75,2126.25,2131.5,False,True,False,-0.0007032348804500987,2062.5825,True,buy_after_red,2016-10-12,-0.07032348804500987,0.02,-0.09032348804500988,19.689991918256123
2016-10-13,2127.75,2132.25,2107.75,2126.25,False,True,False,-0.0007049700387733449,2062.97,True,buy_after_red,2016-10-13,-0.07049700387733449,0.02,-0.09049700387733449,19.599494914378788
2016-10-14,2126.25,2143.25,2122.25,2127.0,True,False,False,0.00035273368606691946,2063.24125,True,buy_after_red,2016-10-14,0.035273368606691946,0.02,0.015273368606691946,19.61476828298548
2016-10-18,2122.5,2139.75,2120.25,2132.0,True,False,False,0.004475853945818509,2064.06625,True,buy_after_red,2016-10-18,0.44758539458185087,0.02,0.42758539458185085,20.04235367756733
2016-10-21,2136.0,2138.5,2123.25,2134.75,False,True,False,-0.00058520599250933,2066.08125,True,buy_after_red,2016-10-21,-0.058520599250933,0.02,-0.07852059925093301,19.963833078316398
2016-10-24,2137.0,2149.0,2134.75,2144.25,True,False,False,0.0033926064576508264,2067.1375,True,buy_after_red,2016-10-24,0.33926064576508264,0.02,0.3192606457650826,20.283093724081482
2016-10-26,2135.25,2140.0,2124.75,2134.0,False,True,False,-0.0005854115443156838,2069.36875,True,buy_after_red,2016-10-26,-0.058541154431568376,0.02,-0.07854115443156838,20.204552569649913
2016-10-27,2133.75,2143.75,2122.5,2123.5,False,True,False,-0.004803749267721202,2070.36125,True,buy_after_red,2016-10-27,-0.48037492677212024,0.02,-0.5003749267721203,19.70417764287779
2016-10-28,2127.25,2135.25,2112.5,2123.75,False,True,False,-0.0016453167234692367,2071.5725,True,buy_after_red,2016-10-28,-0.16453167234692367,0.02,-0.18453167234692366,19.519645970530867
2016-10-31,2120.0,2130.5,2114.75,2120.0,False,False,True,0.0,2072.6,True,buy_after_red,2016-10-31,0.0,0.02,-0.02,19.499645970530867
2016-11-02,2102.25,2106.5,2087.25,2092.25,False,True,False,-0.004756808181710093,2074.84,True,buy_after_red,2016-11-02,-0.47568081817100927,0.02,-0.4956808181710093,19.003965152359857
2016-11-03,2088.25,2098.75,2079.75,2083.5,False,True,False,-0.0022746318687896228,2075.9825,True,buy_after_red,2016-11-03,-0.22746318687896228,0.02,-0.24746318687896227,18.756501965480894
2016-11-04,2084.0,2094.25,2078.75,2080.0,False,True,False,-0.0019193857965451588,2077.0775,True,buy_after_red,2016-11-04,-0.19193857965451588,0.02,-0.21193857965451587,18.54456338582638
2016-11-07,2106.0,2130.75,2102.75,2129.0,True,False,False,0.010921177587844166,2078.22625,True,buy_after_red,2016-11-07,1.0921177587844166,0.02,1.0721177587844166,19.616681144610794
2016-11-15,2161.0,2179.75,2158.5,2179.25,True,False,False,0.008445164275798334,2084.98,True,buy_after_red,2016-11-15,0.8445164275798334,0.02,0.8245164275798333,20.441197572190628
2016-11-17,2172.5,2185.5,2171.75,2184.25,True,False,False,0.005408515535097802,2087.62125,True,buy_after_red,2016-11-17,0.5408515535097802,0.02,0.5208515535097802,20.962049125700407
2016-11-21,2179.5,2196.5,2178.5,2193.0,True,False,False,0.006194081211287061,2090.40875,True,buy_after_red,2016-11-21,0.6194081211287061,0.02,0.5994081211287061,21.561457246829114
2016-11-25,2201.0,2211.75,2197.5,2211.25,True,False,False,0.004656974102680511,2095.5925,True,buy_after_red,2016-11-25,0.4656974102680511,0.02,0.4456974102680511,22.007154657097164
2016-11-29,2200.25,2209.5,2196.25,2203.75,True,False,False,0.0015907283263265626,2099.25875,True,buy_after_red,2016-11-29,0.15907283263265626,0.02,0.13907283263265627,22.14622748972982
2016-12-01,2199.5,2203.0,2186.0,2192.0,False,True,False,-0.0034098658786088087,2102.4775,True,buy_after_red,2016-12-01,-0.3409865878608809,0.02,-0.3609865878608809,21.78524090186894
2016-12-02,2190.5,2197.25,2184.25,2192.0,True,False,False,0.0006847751654872614,2103.82375,True,buy_after_red,2016-12-02,0.06847751654872614,0.02,0.04847751654872613,21.833718418417664
2016-12-13,2256.0,2278.25,2253.25,2273.25,True,False,False,0.007646276595744572,2114.73,True,buy_after_red,2016-12-13,0.7646276595744572,0.02,0.7446276595744572,22.578346077992123
2016-12-15,2256.0,2272.75,2252.25,2263.5,True,False,False,0.0033244680851063357,2117.795,True,buy_after_red,2016-12-15,0.3324468085106336,0.02,0.31244680851063356,22.890792886502755
2016-12-22,2258.25,2261.0,2251.5,2258.75,True,False,False,0.00022141038414691394,2124.61625,True,buy_after_red,2016-12-22,0.022141038414691394,0.02,0.0021410384146913937,22.892933924917447
2016-12-29,2245.5,2250.0,2239.5,2245.0,False,True,False,-0.00022266755733690857,2129.59,True,buy_after_red,2016-12-29,-0.022266755733690857,0.02,-0.04226675573369086,22.850667169183755
2016-12-30,2246.25,2252.75,2228.0,2236.25,False,True,False,-0.004451864218141366,2130.6925,True,buy_after_red,2016-12-30,-0.4451864218141366,0.02,-0.4651864218141366,22.38548074736962
2017-01-03,2240.75,2259.5,2239.5,2252.5,True,False,False,0.0052437799843803035,2131.82,True,buy_after_red,2017-01-03,0.5243779984380303,0.02,0.5043779984380303,22.88985874580765
2017-01-06,2264.25,2277.0,2258.25,2271.5,True,False,False,0.0032019432483161303,2135.1675,True,buy_after_red,2017-01-06,0.32019432483161303,0.02,0.300194324831613,23.190053070639262
2017-01-10,2264.5,2274.0,2259.5,2263.75,False,True,False,-0.0003311989401634241,2137.455,True,buy_after_red,2017-01-10,-0.03311989401634241,0.02,-0.053119894016342414,23.13693317662292
2017-01-11,2263.75,2271.75,2255.0,2270.5,True,False,False,0.0029817780231915503,2138.665,True,buy_after_red,2017-01-11,0.298177802319155,0.02,0.278177802319155,23.415110978942078
2017-01-13,2264.5,2273.5,2262.75,2272.5,True,False,False,0.0035327886950762277,2140.9675,True,buy_after_red,2017-01-13,0.3532788695076228,0.02,0.33327886950762275,23.7483898484497
2017-01-18,2262.0,2268.5,2258.25,2266.5,True,False,False,0.0019893899204244114,2143.08,True,buy_after_red,2017-01-18,0.19893899204244114,0.02,0.17893899204244115,23.92732884049214
2017-01-20,2261.0,2272.75,2259.75,2266.0,True,False,False,0.002211410880141429,2145.105,True,buy_after_red,2017-01-20,0.2211410880141429,0.02,0.2011410880141429,24.128469928506284
2017-01-24,2260.75,2280.5,2259.5,2274.5,True,False,False,0.006082052416233497,2147.2925,True,buy_after_red,2017-01-24,0.6082052416233497,0.02,0.5882052416233496,24.716675170129633
2017-01-30,2282.0,2285.75,2263.25,2276.0,False,True,False,-0.002629272567922891,2152.2275,True,buy_after_red,2017-01-30,-0.2629272567922891,0.02,-0.28292725679228914,24.433747913337346
2017-01-31,2275.75,2278.25,2262.25,2274.5,False,True,False,-0.0005492694716027202,2153.22,True,buy_after_red,2017-01-31,-0.05492694716027202,0.02,-0.07492694716027203,24.358820966177074
2017-02-01,2277.0,2285.0,2268.25,2274.5,False,True,False,-0.0010979358805446315,2154.21,True,buy_after_red,2017-02-01,-0.10979358805446315,0.02,-0.12979358805446314,24.229027378122613
2017-02-02,2275.0,2279.75,2264.5,2275.5,True,False,False,0.00021978021978030782,2155.2125,True,buy_after_red,2017-02-02,0.02197802197803078,0.02,0.0019780219780307813,24.231005400100642
2017-02-07,2286.25,2295.0,2284.0,2288.5,True,False,False,0.0009841443411700013,2158.15,True,buy_after_red,2017-02-07,0.09841443411700013,0.02,0.07841443411700012,24.309419834217643
2017-02-17,2345.0,2348.75,2336.5,2348.0,True,False,False,0.0012793176972281106,2168.0375,True,buy_after_red,2017-02-17,0.12793176972281106,0.02,0.10793176972281106,24.417351603940453
2017-03-01,2364.5,2401.0,2363.25,2393.5,True,False,False,0.012264749418481768,2178.95125,True,buy_after_red,2017-03-01,1.2264749418481768,0.02,1.2064749418481768,25.62382654578863
2017-03-03,2379.75,2383.25,2373.75,2381.25,True,False,False,0.0006303183107470023,2182.25625,True,buy_after_red,2017-03-03,0.06303183107470023,0.02,0.043031831074700225,25.66685837686333
2017-03-07,2371.25,2375.5,2364.5,2366.5,False,True,False,-0.002003162888771781,2185.435,True,buy_after_red,2017-03-07,-0.20031628887717812,0.02,-0.2203162888771781,25.446542087986153
2017-03-08,2365.75,2373.0,2359.5,2364.0,False,True,False,-0.0007397231321990549,2187.0475,True,buy_after_red,2017-03-08,-0.0739723132199055,0.02,-0.0939723132199055,25.35256977476625
2017-03-09,2363.75,2369.25,2354.0,2366.25,True,False,False,0.0010576414595451222,2188.685,True,buy_after_red,2017-03-09,0.10576414595451222,0.02,0.08576414595451222,25.438333920720762
2017-03-15,2367.0,2390.5,2366.5,2383.75,True,False,False,0.007076468103084155,2194.8825,True,buy_after_red,2017-03-15,0.7076468103084155,0.02,0.6876468103084155,26.125980731029177
2017-03-21,2369.0,2378.75,2338.0,2342.25,False,True,False,-0.011291684254959855,2200.38125,True,buy_after_red,2017-03-21,-1.1291684254959855,0.02,-1.1491684254959855,24.97681230553319
2017-03-22,2340.5,2348.75,2332.25,2342.5,True,False,False,0.0008545182653278971,2201.575,True,buy_after_red,2017-03-22,0.08545182653278971,0.02,0.0654518265327897,25.04226413206598
2017-03-24,2341.0,2352.75,2331.75,2344.75,True,False,False,0.001601879538658757,2203.96875,True,buy_after_red,2017-03-24,0.1601879538658757,0.02,0.1401879538658757,25.182452085931857
2017-04-03,2357.5,2363.25,2340.0,2356.0,False,True,False,-0.0006362672322375307,2211.6425,True,buy_after_red,2017-04-03,-0.06362672322375307,0.02,-0.08362672322375307,25.098825362708105
2017-04-04,2354.25,2358.75,2344.75,2356.5,True,False,False,0.0009557183816502057,2213.06625,True,buy_after_red,2017-04-04,0.09557183816502057,0.02,0.07557183816502057,25.174397200873127
2017-04-06,2345.5,2361.25,2338.0,2353.75,True,False,False,0.003517373694308157,2215.77875,True,buy_after_red,2017-04-06,0.3517373694308157,0.02,0.33173736943081567,25.506134570303942
2017-04-10,2351.75,2363.25,2347.5,2352.5,True,False,False,0.0003189114489210443,2218.52875,True,buy_after_red,2017-04-10,0.03189114489210443,0.02,0.011891144892104428,25.518025715196046
2017-04-12,2351.75,2356.5,2337.5,2340.75,False,True,False,-0.004677367917508279,2221.075,True,buy_after_red,2017-04-12,-0.46773679175082794,0.02,-0.48773679175082796,25.03028892344522
2017-04-13,2338.75,2345.0,2324.0,2327.5,False,True,False,-0.0048102618920363716,2222.62,True,buy_after_red,2017-04-13,-0.48102618920363716,0.02,-0.5010261892036372,24.529262734241584
2017-04-17,2324.0,2346.0,2322.75,2345.0,True,False,False,0.009036144578313143,2224.42,True,buy_after_red,2017-04-17,0.9036144578313143,0.02,0.8836144578313143,25.412877192072898
2017-04-19,2337.75,2349.25,2331.25,2333.75,False,True,False,-0.0017110469468506473,2227.29875,True,buy_after_red,2017-04-19,-0.17110469468506473,0.02,-0.19110469468506472,25.221772497387832
2017-04-20,2333.25,2358.25,2332.5,2352.0,True,False,False,0.008036001285760097,2228.6075,True,buy_after_red,2017-04-20,0.8036001285760097,0.02,0.7836001285760097,26.00537262596384
2017-04-24,2365.75,2376.75,2365.25,2370.0,True,False,False,0.001796470463912181,2231.3,True,buy_after_red,2017-04-24,0.1796470463912181,0.02,0.1596470463912181,26.165019672355058
2017-04-27,2381.5,2388.75,2378.75,2386.0,True,False,False,0.001889565399957993,2235.53375,True,buy_after_red,2017-04-27,0.1889565399957993,0.02,0.16895653999579932,26.33397621235086
2017-05-01,2381.5,2390.75,2377.0,2387.0,True,False,False,0.002309468822170979,2237.99125,True,buy_after_red,2017-05-01,0.23094688221709792,0.02,0.21094688221709793,26.544923094567956
2017-05-03,2384.0,2386.0,2375.5,2383.25,False,True,False,-0.00031459731543626024,2240.32,True,buy_after_red,2017-05-03,-0.031459731543626024,0.02,-0.05145973154362603,26.49346336302433
2017-05-04,2382.0,2390.75,2376.0,2385.5,True,False,False,0.001469353484466751,2241.48375,True,buy_after_red,2017-05-04,0.1469353484466751,0.02,0.12693534844667512,26.620398711471005
2017-05-09,2394.5,2400.0,2388.75,2393.25,False,True,False,-0.0005220296512842282,2244.9825,True,buy_after_red,2017-05-09,-0.05220296512842282,0.02,-0.07220296512842282,26.548195746342582
2017-05-10,2391.75,2397.0,2387.5,2395.25,True,False,False,0.0014633636458660781,2246.16875,True,buy_after_red,2017-05-10,0.14633636458660781,0.02,0.12633636458660782,26.67453211092919
2017-05-12,2390.25,2391.5,2384.25,2388.75,False,True,False,-0.0006275494195168152,2248.41875,True,buy_after_red,2017-05-12,-0.06275494195168152,0.02,-0.08275494195168152,26.591777168977508
2017-05-15,2388.75,2402.25,2388.0,2398.5,True,False,False,0.004081632653061273,2249.595,True,buy_after_red,2017-05-15,0.40816326530612734,0.02,0.3881632653061273,26.979940434283634
2017-05-17,2396.5,2396.75,2354.75,2357.5,False,True,False,-0.016273732526601248,2251.74125,True,buy_after_red,2017-05-17,-1.6273732526601248,0.02,-1.6473732526601248,25.33256718162351
2017-05-18,2355.0,2375.0,2344.5,2363.5,True,False,False,0.0036093418259024457,2252.7175,True,buy_after_red,2017-05-18,0.36093418259024457,0.02,0.34093418259024455,25.673501364213756
2017-05-31,2410.5,2416.75,2402.75,2411.0,True,False,False,0.000207425845260234,2262.15375,True,buy_after_red,2017-05-31,0.0207425845260234,0.02,0.0007425845260233994,25.67424394873978
2017-06-06,2434.25,2435.75,2426.25,2430.75,False,True,False,-0.0014378145219267058,2267.1925,True,buy_after_red,2017-06-06,-0.14378145219267058,0.02,-0.16378145219267057,25.51046249654711
2017-06-07,2429.5,2435.0,2424.0,2432.0,True,False,False,0.0010290183165260203,2268.45375,True,buy_after_red,2017-06-07,0.10290183165260203,0.02,0.08290183165260202,25.593364328199712
2017-06-13,2428.75,2441.5,2427.25,2440.0,True,False,False,0.0046320123520329215,2273.45125,True,buy_after_red,2017-06-13,0.46320123520329215,0.02,0.44320123520329213,26.036565563403006
2017-06-15,2436.0,2436.0,2418.25,2434.25,False,True,False,-0.0007183908045976795,2276.06625,True,buy_after_red,2017-06-15,-0.07183908045976795,0.02,-0.09183908045976795,25.94472648294324
2017-06-16,2433.75,2439.0,2432.5,2433.75,False,False,True,0.0,2277.3925,True,buy_after_red,2017-06-16,0.0,0.02,-0.02,25.92472648294324
2017-06-21,2435.75,2440.0,2428.0,2433.5,False,True,False,-0.0009237401211126262,2281.365,True,buy_after_red,2017-06-21,-0.09237401211126262,0.02,-0.11237401211126262,25.812352470831975
2017-06-22,2431.75,2439.0,2428.0,2431.75,False,False,True,0.0,2282.6875,True,buy_after_red,2017-06-22,0.0,0.02,-0.02,25.792352470831975
2017-06-28,2417.0,2442.5,2413.75,2438.5,True,False,False,0.008895324782788538,2287.715,True,buy_after_red,2017-06-28,0.8895324782788538,0.02,0.8695324782788538,26.661884949110828
2017-06-30,2420.75,2429.75,2415.0,2421.0,True,False,False,0.0001032737787876048,2290.51375,True,buy_after_red,2017-06-30,0.01032737787876048,0.02,-0.00967262212123952,26.652212326989588
2017-07-07,2409.25,2425.0,2407.5,2422.5,True,False,False,0.005499636816436615,2296.255,True,buy_after_red,2017-07-07,0.5499636816436615,0.02,0.5299636816436615,27.18217600863325
2017-07-19,2459.75,2472.0,2457.75,2471.5,True,False,False,0.004776908222380305,2308.135,True,buy_after_red,2017-07-19,0.4776908222380305,0.02,0.4576908222380305,27.63986683087128
2017-07-24,2469.75,2470.5,2463.5,2468.5,False,True,False,-0.0005061241016297569,2312.87,True,buy_after_red,2017-07-24,-0.050612410162975685,0.02,-0.07061241016297569,27.569254420708305
2017-07-25,2467.0,2478.75,2466.25,2474.0,True,False,False,0.0028374543980542732,2314.51625,True,buy_after_red,2017-07-25,0.2837454398054273,0.02,0.2637454398054273,27.83299986051373
2017-07-27,2474.5,2480.5,2457.0,2472.0,False,True,False,-0.0010103051121438389,2317.69375,True,buy_after_red,2017-07-27,-0.10103051121438389,0.02,-0.12103051121438389,27.71196934929935
2017-07-28,2472.0,2472.0,2461.5,2470.25,False,True,False,-0.0007079288025889641,2319.3125,True,buy_after_red,2017-07-28,-0.0707928802588964,0.02,-0.09079288025889641,27.621176469040453
2017-07-31,2470.5,2475.0,2465.25,2468.0,False,True,False,-0.0010119409026513315,2320.98,True,buy_after_red,2017-07-31,-0.10119409026513315,0.02,-0.12119409026513316,27.49998237877532
2017-08-01,2468.0,2477.25,2466.25,2472.25,True,False,False,0.0017220421393842056,2322.68375,True,buy_after_red,2017-08-01,0.17220421393842056,0.02,0.15220421393842057,27.652186592713743
2017-08-03,2473.25,2474.5,2466.0,2471.75,False,True,False,-0.0006064894369756102,2326.14375,True,buy_after_red,2017-08-03,-0.06064894369756102,0.02,-0.08064894369756102,27.571537649016182
2017-08-04,2470.75,2477.75,2467.75,2472.0,True,False,False,0.0005059192552867575,2327.88875,True,buy_after_red,2017-08-04,0.05059192552867575,0.02,0.03059192552867575,27.602129574544858
2017-08-09,2470.0,2474.5,2459.0,2473.0,True,False,False,0.0012145748987855143,2332.97,True,buy_after_red,2017-08-09,0.12145748987855143,0.02,0.10145748987855142,27.70358706442341
2017-08-11,2434.5,2446.5,2430.25,2440.0,True,False,False,0.002259190798931998,2335.9625,True,buy_after_red,2017-08-11,0.22591907989319981,0.02,0.20591907989319982,27.90950614431661
2017-08-16,2464.5,2474.0,2461.5,2467.5,True,False,False,0.00121728545343891,2340.95875,True,buy_after_red,2017-08-16,0.12172854534389099,0.02,0.10172854534389099,28.0112346896605
2017-08-18,2426.75,2439.5,2419.5,2426.75,False,False,True,0.0,2344.02125,True,buy_after_red,2017-08-18,0.0,0.02,-0.02,27.9912346896605
2017-08-22,2428.0,2454.25,2427.5,2452.75,True,False,False,0.01019357495881379,2347.445,True,buy_after_red,2017-08-22,1.019357495881379,0.02,0.9993574958813789,28.99059218554188
2017-08-24,2440.25,2449.0,2434.5,2440.75,True,False,False,0.0002048970392378724,2351.03875,True,buy_after_red,2017-08-24,0.02048970392378724,0.02,0.0004897039237872387,28.99108188946567
2017-09-06,2460.25,2469.0,2456.5,2465.5,True,False,False,0.0021339294787114937,2362.8875,True,buy_after_red,2017-09-06,0.21339294787114937,0.02,0.19339294787114938,29.18447483733682
2017-09-11,2468.0,2489.0,2468.0,2487.5,True,False,False,0.007901134521880016,2367.1,True,buy_after_red,2017-09-11,0.7901134521880016,0.02,0.7701134521880015,29.95458828952482
2017-09-14,2496.25,2498.25,2489.5,2496.5,True,False,False,0.00010015022533793605,2371.48125,True,buy_after_red,2017-09-14,0.010015022533793605,0.02,-0.009984977466206395,29.944603312058614
2017-09-22,2500.75,2501.0,2492.0,2499.5,False,True,False,-0.0004998500449865384,2380.52375,True,buy_after_red,2017-09-22,-0.04998500449865384,0.02,-0.06998500449865384,29.87461830755996
2017-09-25,2499.0,2504.5,2485.0,2497.0,False,True,False,-0.0008003201280512018,2381.825,True,buy_after_red,2017-09-25,-0.08003201280512018,0.02,-0.10003201280512018,29.77458629475484
2017-09-26,2498.0,2501.25,2492.25,2495.5,False,True,False,-0.0010008006405124448,2383.06375,True,buy_after_red,2017-09-26,-0.10008006405124448,0.02,-0.12008006405124448,29.654506230703596
2017-09-27,2495.0,2509.25,2493.0,2504.5,True,False,False,0.0038076152304609145,2384.28625,True,buy_after_red,2017-09-27,0.38076152304609145,0.02,0.36076152304609144,30.015267753749686
2017-10-09,2543.25,2550.5,2539.25,2543.75,True,False,False,0.00019659884006695272,2395.05375,True,buy_after_red,2017-10-09,0.019659884006695272,0.02,-0.0003401159933047286,30.014927637756383
2017-10-13,2548.0,2555.5,2547.0,2552.75,True,False,False,0.001864207221350167,2400.9475,True,buy_after_red,2017-10-13,0.1864207221350167,0.02,0.1664207221350167,30.1813483598914
2017-10-24,2562.5,2570.25,2562.25,2567.25,True,False,False,0.0018536585365853675,2411.64625,True,buy_after_red,2017-10-24,0.18536585365853675,0.02,0.16536585365853676,30.346714213549934
2017-10-26,2559.5,2565.0,2555.5,2561.5,True,False,False,0.0007814026176988786,2414.575,True,buy_after_red,2017-10-26,0.07814026176988786,0.02,0.05814026176988786,30.404854475319823
2017-10-31,2568.0,2575.5,2566.75,2572.75,True,False,False,0.0018496884735201835,2419.17875,True,buy_after_red,2017-10-31,0.18496884735201835,0.02,0.16496884735201836,30.56982332267184
2017-11-08,2584.0,2592.5,2579.75,2591.0,True,False,False,0.002708978328173295,2428.56,True,buy_after_red,2017-11-08,0.2708978328173295,0.02,0.25089783281732947,30.82072115548917
2017-11-10,2582.0,2585.75,2571.5,2579.5,False,True,False,-0.0009682416731215948,2431.4625,True,buy_after_red,2017-11-10,-0.09682416731215948,0.02,-0.11682416731215949,30.70389698817701
2017-11-13,2580.25,2585.5,2570.25,2582.0,True,False,False,0.0006782288537932057,2432.9925,True,buy_after_red,2017-11-13,0.06782288537932057,0.02,0.04782288537932057,30.751719873556333
2017-11-15,2576.75,2577.0,2555.5,2565.0,False,True,False,-0.00456000776171539,2435.9625,True,buy_after_red,2017-11-15,-0.456000776171539,0.02,-0.476000776171539,30.275719097384794
2017-11-16,2564.25,2589.5,2562.25,2585.0,True,False,False,0.008092034708004237,2437.51,True,buy_after_red,2017-11-16,0.8092034708004237,0.02,0.7892034708004236,31.064922568185217
2017-11-20,2576.0,2584.0,2567.75,2582.0,True,False,False,0.0023291925465838137,2440.41375,True,buy_after_red,2017-11-20,0.23291925465838137,0.02,0.21291925465838138,31.277841822843598
2017-11-24,2593.25,2603.0,2589.5,2601.0,True,False,False,0.0029885279089945094,2444.9575,True,buy_after_red,2017-11-24,0.29885279089945094,0.02,0.2788527908994509,31.556694613743048
2017-11-30,2625.0,2658.5,2621.75,2648.0,True,False,False,0.008761904761904749,2450.82875,True,buy_after_red,2017-11-30,0.8761904761904749,0.02,0.8561904761904748,32.412885089933525
2017-12-05,2636.0,2648.75,2627.25,2628.25,False,True,False,-0.0029400606980273247,2455.11375,True,buy_after_red,2017-12-05,-0.2940060698027325,0.02,-0.3140060698027325,32.098879020130795
2017-12-06,2626.75,2634.5,2620.0,2629.25,True,False,False,0.0009517464547443844,2456.455,True,buy_after_red,2017-12-06,0.09517464547443844,0.02,0.07517464547443843,32.174053665605236
2017-12-15,2650.0,2667.25,2650.0,2666.75,True,False,False,0.006320754716981236,2466.395,True,buy_after_red,2017-12-15,0.6320754716981236,0.02,0.6120754716981236,32.78612913730336
2017-12-20,2684.75,2695.5,2679.0,2681.5,False,True,False,-0.0012105410187168708,2471.165,True,buy_after_red,2017-12-20,-0.12105410187168708,0.02,-0.14105410187168707,32.645075035431674
2017-12-21,2681.5,2696.0,2680.75,2687.75,True,False,False,0.002330785008390901,2472.7725,True,buy_after_red,2017-12-21,0.2330785008390901,0.02,0.2130785008390901,32.85815353627076
2017-12-26,2686.75,2689.5,2683.5,2687.0,True,False,False,9.304922303887686e-05,2475.90375,True,buy_after_red,2017-12-26,0.009304922303887686,0.02,-0.010695077696112314,32.84745845857465
2017-12-28,2684.0,2689.0,2683.0,2685.75,True,False,False,0.000652011922503748,2479.00875,True,buy_after_red,2017-12-28,0.0652011922503748,0.02,0.04520119225037479,32.892659650825024
2018-01-02,2675.25,2696.0,2674.5,2693.0,True,False,False,0.006634893935146158,2482.0175,True,buy_after_red,2018-01-02,0.6634893935146158,0.02,0.6434893935146158,33.53614904433964
2018-01-17,2782.75,2809.5,2779.0,2803.75,True,False,False,0.007546491779714337,2502.32125,True,buy_after_red,2018-01-17,0.7546491779714337,0.02,0.7346491779714337,34.27079822231107
2018-01-19,2797.0,2815.0,2791.75,2811.0,True,False,False,0.005005362888809373,2506.795,True,buy_after_red,2018-01-19,0.5005362888809373,0.02,0.48053628888093725,34.751334511192006
2018-01-30,2853.25,2858.0,2818.5,2824.5,False,True,False,-0.010076228861824243,2524.22125,True,buy_after_red,2018-01-30,-1.0076228861824243,0.02,-1.0276228861824244,33.723711625009585
2018-01-31,2823.25,2839.75,2813.0,2825.75,True,False,False,0.0008855042946958047,2526.625,True,buy_after_red,2018-01-31,0.08855042946958047,0.02,0.06855042946958047,33.79226205447917
2018-02-02,2826.5,2831.0,2755.25,2756.75,False,True,False,-0.024677162568547684,2531.16625,True,buy_after_red,2018-02-02,-2.4677162568547684,0.02,-2.4877162568547684,31.3045457976244
2018-02-05,2757.0,2763.0,2595.75,2607.75,False,True,False,-0.05413492927094665,2532.445,True,buy_after_red,2018-02-05,-5.413492927094666,0.02,-5.433492927094665,25.871052870529734
2018-02-06,2624.0,2699.75,2529.0,2694.25,True,False,False,0.02677210365853666,2534.17875,True,buy_after_red,2018-02-06,2.677210365853666,0.02,2.657210365853666,28.5282632363834
2018-02-08,2664.75,2686.5,2577.0,2593.5,False,True,False,-0.0267379679144385,2536.7125,True,buy_after_red,2018-02-08,-2.67379679144385,0.02,-2.69379679144385,25.83446644493955
2018-02-09,2593.75,2637.75,2530.25,2619.0,True,False,False,0.009734939759036054,2537.89625,True,buy_after_red,2018-02-09,0.9734939759036054,0.02,0.9534939759036054,26.787960420843156
2018-02-21,2714.5,2747.75,2693.5,2698.75,False,True,False,-0.00580217351261747,2548.84625,True,buy_after_red,2018-02-21,-0.580217351261747,0.02,-0.600217351261747,26.18774306958141
2018-02-22,2698.5,2731.0,2682.0,2711.5,True,False,False,0.004817491198814139,2550.42875,True,buy_after_red,2018-02-22,0.4817491198814139,0.02,0.46174911988141387,26.649492189462823
2018-02-28,2746.5,2762.0,2712.0,2714.5,False,True,False,-0.011651192426724966,2557.56375,True,buy_after_red,2018-02-28,-1.1651192426724966,0.02,-1.1851192426724966,25.464372946790327
2018-03-01,2718.25,2731.0,2658.5,2678.25,False,True,False,-0.014715349949416034,2558.9625,True,buy_after_red,2018-03-01,-1.4715349949416034,0.02,-1.4915349949416035,23.972837951848724
2018-03-02,2678.75,2696.0,2647.0,2690.25,True,False,False,0.0042930471301914075,2560.42875,True,buy_after_red,2018-03-02,0.42930471301914075,0.02,0.40930471301914073,24.382142664867864
2018-03-14,2763.0,2779.5,2744.25,2749.75,False,True,False,-0.004795512124502355,2574.7725,True,buy_after_red,2018-03-14,-0.47955121245023546,0.02,-0.4995512124502355,23.88259145241763
2018-03-15,2750.75,2763.5,2741.0,2751.5,True,False,False,0.000272652912841842,2576.47625,True,buy_after_red,2018-03-15,0.0272652912841842,0.02,0.007265291284184201,23.889856743701813
2018-03-19,2756.25,2756.5,2697.25,2722.75,False,True,False,-0.012154195011337854,2579.65125,True,buy_after_red,2018-03-19,-1.2154195011337854,0.02,-1.2354195011337854,22.65443724256803
2018-03-20,2721.5,2729.0,2712.75,2723.5,True,False,False,0.0007348888480618321,2581.08,True,buy_after_red,2018-03-20,0.07348888480618321,0.02,0.053488884806183204,22.70792612737421
2018-03-22,2718.25,2726.25,2641.75,2643.25,False,True,False,-0.027591281155154967,2583.56125,True,buy_after_red,2018-03-22,-2.7591281155154967,0.02,-2.7791281155154968,19.928798011858714
2018-03-23,2645.75,2658.75,2586.0,2597.75,False,True,False,-0.018142303694604567,2584.39,True,buy_after_red,2018-03-23,-1.8142303694604567,0.02,-1.8342303694604567,18.094567642398257
2018-03-26,2595.0,2662.75,2591.0,2659.5,True,False,False,0.02485549132947984,2585.525,True,buy_after_red,2018-03-26,2.485549132947984,0.02,2.465549132947984,20.56011677534624
2018-03-28,2612.75,2633.75,2593.0,2607.5,False,True,False,-0.002009377093101117,2587.34625,True,buy_after_red,2018-03-28,-0.20093770931011168,0.02,-0.22093770931011167,20.33917906603613
2018-03-29,2609.75,2659.5,2601.0,2643.0,True,False,False,0.012740683973560651,2588.36125,True,buy_after_red,2018-03-29,1.2740683973560651,0.02,1.2540683973560651,21.593247463392196
2018-04-03,2581.25,2618.75,2573.5,2613.25,True,False,False,0.012397094430992794,2589.945,True,buy_after_red,2018-04-03,1.2397094430992794,0.02,1.2197094430992794,22.812956906491475
2018-04-09,2607.5,2653.75,2607.5,2619.0,True,False,False,0.004410354745925327,2593.85125,True,buy_after_red,2018-04-09,0.4410354745925327,0.02,0.42103547459253265,23.233992381084008
2018-04-12,2642.5,2675.0,2639.75,2664.0,True,False,False,0.008136234626300753,2597.1375,True,buy_after_red,2018-04-12,0.8136234626300753,0.02,0.7936234626300753,24.027615843714084
2018-04-16,2673.25,2687.0,2660.75,2681.75,True,False,False,0.0031796502384737746,2599.5375,True,buy_after_red,2018-04-16,0.31796502384737746,0.02,0.29796502384737744,24.325580867561463
2018-04-20,2692.5,2698.25,2659.75,2671.5,False,True,False,-0.007799442896935904,2604.97125,True,buy_after_red,2018-04-20,-0.7799442896935904,0.02,-0.7999442896935904,23.52563657786787
2018-04-23,2683.0,2684.75,2657.25,2671.25,False,True,False,-0.004379426015654109,2606.285,True,buy_after_red,2018-04-23,-0.43794260156541087,0.02,-0.4579426015654109,23.06769397630246
2018-04-24,2672.0,2688.5,2616.0,2635.25,False,True,False,-0.01375374251497008,2607.34875,True,buy_after_red,2018-04-24,-1.375374251497008,0.02,-1.395374251497008,21.672319724805455
2018-04-25,2635.25,2648.25,2611.25,2644.5,True,False,False,0.0035101034057489766,2608.44875,True,buy_after_red,2018-04-25,0.35101034057489766,0.02,0.33101034057489764,22.003330065380354
2018-04-30,2670.5,2682.25,2645.0,2647.0,False,True,False,-0.008799850215315486,2611.86375,True,buy_after_red,2018-04-30,-0.8799850215315486,0.02,-0.8999850215315486,21.103345043848805
2018-05-01,2646.25,2658.0,2623.25,2652.25,True,False,False,0.0022673594709494704,2612.845,True,buy_after_red,2018-05-01,0.22673594709494704,0.02,0.20673594709494705,21.310080990943753
2018-05-03,2626.75,2636.25,2591.25,2631.75,True,False,False,0.0019034929094889907,2614.56,True,buy_after_red,2018-05-03,0.19034929094889907,0.02,0.17034929094889908,21.48043028189265
2018-05-16,2711.25,2728.0,2704.5,2723.0,True,False,False,0.004333794375288136,2624.92125,True,buy_after_red,2018-05-16,0.4333794375288136,0.02,0.41337943752881356,21.893809719421466
2018-05-18,2718.75,2727.0,2708.75,2713.0,False,True,False,-0.002114942528735675,2627.35125,True,buy_after_red,2018-05-18,-0.2114942528735675,0.02,-0.23149425287356748,21.6623154665479
2018-05-21,2728.75,2739.25,2724.25,2733.0,True,False,False,0.0015574896930830029,2628.6575,True,buy_after_red,2018-05-21,0.1557489693083003,0.02,0.1357489693083003,21.798064435856197
2018-05-23,2724.5,2733.0,2704.5,2730.75,True,False,False,0.0022939988988806004,2631.19375,True,buy_after_red,2018-05-23,0.22939988988806004,0.02,0.20939988988806005,22.00746432574426
2018-05-25,2726.75,2737.75,2713.75,2718.25,False,True,False,-0.003117264142293963,2633.69375,True,buy_after_red,2018-05-25,-0.3117264142293963,0.02,-0.3317264142293963,21.67573791151486
2018-05-29,2721.25,2724.25,2675.0,2692.25,False,True,False,-0.010656867248507118,2634.9675,True,buy_after_red,2018-05-29,-1.0656867248507118,0.02,-1.0856867248507118,20.590051186664148
2018-05-30,2693.25,2729.25,2685.75,2724.5,True,False,False,0.01160308177852043,2636.39,True,buy_after_red,2018-05-30,1.160308177852043,0.02,1.140308177852043,21.73035936451619
2018-06-01,2707.5,2737.0,2706.0,2733.75,True,False,False,0.00969529085872578,2638.95,True,buy_after_red,2018-06-01,0.969529085872578,0.02,0.949529085872578,22.679888450388766
2018-06-08,2771.0,2779.75,2752.0,2778.75,True,False,False,0.0027968242511728914,2647.02875,True,buy_after_red,2018-06-08,0.27968242511728914,0.02,0.2596824251172891,22.939570875506057
2018-06-14,2773.25,2789.25,2767.5,2783.25,True,False,False,0.0036058775804561627,2653.80875,True,buy_after_red,2018-06-14,0.36058775804561627,0.02,0.34058775804561625,23.28015863355167
2018-06-18,2780.0,2786.75,2761.25,2779.75,False,True,False,-8.992805755392297e-05,2657.07625,True,buy_after_red,2018-06-18,-0.008992805755392297,0.02,-0.028992805755392297,23.251165827796278
2018-06-19,2778.25,2780.25,2735.75,2766.25,False,True,False,-0.004319265724826771,2658.5575,True,buy_after_red,2018-06-19,-0.4319265724826771,0.02,-0.4519265724826771,22.7992392553136
2018-06-20,2765.25,2778.25,2757.25,2772.0,True,False,False,0.0024410089503661414,2660.04625,True,buy_after_red,2018-06-20,0.24410089503661414,0.02,0.22410089503661415,23.023340150350215
2018-06-22,2750.5,2768.5,2749.25,2759.5,True,False,False,0.003272132339574574,2662.98,True,buy_after_red,2018-06-22,0.3272132339574574,0.02,0.30721323395745737,23.330553384307674
2018-06-26,2721.75,2735.25,2714.75,2728.5,True,False,False,0.002480022044640373,2665.58875,True,buy_after_red,2018-06-26,0.2480022044640373,0.02,0.22800220446403732,23.55855558877171
2018-06-28,2705.0,2726.25,2693.25,2719.5,True,False,False,0.00536044362292043,2667.79375,True,buy_after_red,2018-06-28,0.536044362292043,0.02,0.516044362292043,24.074599951063753
2018-07-05,2713.0,2739.75,2710.75,2738.5,True,False,False,0.009399189089568827,2672.3375,True,buy_after_red,2018-07-05,0.9399189089568827,0.02,0.9199189089568827,24.994518860020637
2018-07-12,2776.75,2801.0,2773.75,2798.5,True,False,False,0.007832898172323688,2679.39875,True,buy_after_red,2018-07-12,0.7832898172323688,0.02,0.7632898172323688,25.757808677253006
2018-07-17,2795.75,2815.75,2789.75,2811.25,True,False,False,0.005544129482249804,2683.915,True,buy_after_red,2018-07-17,0.5544129482249804,0.02,0.5344129482249804,26.292221625477985
2018-07-20,2805.5,2810.5,2793.0,2800.75,False,True,False,-0.0016931028337194842,2688.15,True,buy_after_red,2018-07-20,-0.16931028337194842,0.02,-0.1893102833719484,26.102911342106037
2018-07-23,2805.25,2812.5,2792.5,2812.0,True,False,False,0.002406202655734768,2689.52875,True,buy_after_red,2018-07-23,0.24062026557347682,0.02,0.22062026557347683,26.323531607679513
2018-07-30,2816.0,2821.75,2798.25,2803.25,False,True,False,-0.0045276988636363535,2696.455,True,buy_after_red,2018-07-30,-0.45276988636363535,0.02,-0.47276988636363537,25.850761721315877
2018-07-31,2805.5,2827.75,2802.75,2817.0,True,False,False,0.0040990910711102835,2697.7925,True,buy_after_red,2018-07-31,0.40990910711102835,0.02,0.38990910711102833,26.240670828426904
2018-08-02,2814.0,2831.25,2791.0,2828.5,True,False,False,0.00515280739161339,2700.44375,True,buy_after_red,2018-08-02,0.515280739161339,0.02,0.49528073916133897,26.73595156758824
2018-08-09,2853.5,2862.75,2850.5,2853.75,True,False,False,8.761170492377346e-05,2707.66,True,buy_after_red,2018-08-09,0.008761170492377346,0.02,-0.011238829507622655,26.72471273808062
2018-08-13,2835.75,2843.75,2820.0,2825.5,False,True,False,-0.0036145640483117303,2710.3425,True,buy_after_red,2018-08-13,-0.36145640483117303,0.02,-0.38145640483117305,26.343256333249446
2018-08-14,2826.75,2843.5,2825.75,2841.0,True,False,False,0.005041124966834731,2711.74,True,buy_after_red,2018-08-14,0.5041124966834731,0.02,0.4841124966834731,26.82736882993292
2018-08-16,2822.25,2851.75,2817.5,2844.75,True,False,False,0.007972362476747374,2714.33625,True,buy_after_red,2018-08-16,0.7972362476747374,0.02,0.7772362476747374,27.604605077607655
2018-08-24,2858.25,2877.5,2856.25,2876.75,True,False,False,0.006472491909385036,2722.76625,True,buy_after_red,2018-08-24,0.6472491909385036,0.02,0.6272491909385036,28.231854268546158
2018-08-31,2898.0,2907.5,2891.75,2902.0,True,False,False,0.0013802622498275685,2730.77625,True,buy_after_red,2018-08-31,0.13802622498275685,0.02,0.11802622498275685,28.349880493528914
2018-09-05,2898.75,2900.5,2877.5,2888.25,False,True,False,-0.0036222509702458217,2733.95875,True,buy_after_red,2018-09-05,-0.36222509702458217,0.02,-0.3822250970245822,27.967655396504334
2018-09-06,2888.5,2893.0,2868.0,2879.0,False,True,False,-0.0032889042755755993,2735.4725,True,buy_after_red,2018-09-06,-0.32889042755755993,0.02,-0.34889042755755995,27.618764968946774
2018-09-07,2877.75,2885.0,2865.0,2874.75,False,True,False,-0.0010424811050300242,2736.93625,True,buy_after_red,2018-09-07,-0.10424811050300242,0.02,-0.12424811050300243,27.49451685844377
2018-09-10,2873.75,2888.25,2873.25,2880.25,True,False,False,0.002261852979556389,2738.35625,True,buy_after_red,2018-09-10,0.2261852979556389,0.02,0.20618529795563892,27.70070215639941
2018-09-13,2887.0,2907.0,2884.75,2905.25,True,False,False,0.006321440942154588,2742.7875,True,buy_after_red,2018-09-13,0.6321440942154588,0.02,0.6121440942154588,28.312846250614868
2018-09-18,2890.5,2912.5,2878.5,2906.5,True,False,False,0.005535374502681156,2746.81125,True,buy_after_red,2018-09-18,0.5535374502681156,0.02,0.5335374502681156,28.846383700882985
2018-09-25,2926.5,2934.25,2918.25,2921.25,False,True,False,-0.0017939518195797532,2754.08375,True,buy_after_red,2018-09-25,-0.17939518195797532,0.02,-0.19939518195797531,28.64698851892501
2018-09-26,2922.5,2936.0,2907.5,2911.5,False,True,False,-0.0037639007698887506,2755.38625,True,buy_after_red,2018-09-26,-0.37639007698887506,0.02,-0.3963900769888751,28.250598441936134
2018-09-27,2911.5,2932.0,2907.5,2920.0,True,False,False,0.0029194573244031297,2756.67875,True,buy_after_red,2018-09-27,0.29194573244031297,0.02,0.27194573244031295,28.522544174376446
2018-10-01,2922.5,2942.0,2922.5,2930.0,True,False,False,0.0025662959794696683,2759.26625,True,buy_after_red,2018-10-01,0.2566295979469668,0.02,0.23662959794696684,28.75917377232341
2018-10-03,2929.0,2944.75,2924.75,2931.5,True,False,False,0.0008535336292250228,2761.96625,True,buy_after_red,2018-10-03,0.08535336292250228,0.02,0.06535336292250228,28.824527135245912
2018-10-05,2910.0,2915.5,2873.25,2894.0,False,True,False,-0.005498281786941561,2764.0825,True,buy_after_red,2018-10-05,-0.5498281786941561,0.02,-0.5698281786941561,28.254698956551756
2018-10-08,2897.5,2898.25,2866.0,2893.75,False,True,False,-0.0012942191544434989,2765.14375,True,buy_after_red,2018-10-08,-0.1294219154443499,0.02,-0.14942191544434988,28.105277041107406
2018-10-09,2892.25,2900.0,2874.5,2888.25,False,True,False,-0.0013830063099662393,2766.14625,True,buy_after_red,2018-10-09,-0.13830063099662393,0.02,-0.15830063099662392,27.946976410110782
2018-10-10,2886.75,2891.25,2771.5,2781.0,False,True,False,-0.036632891660171474,2766.62125,True,buy_after_red,2018-10-10,-3.6632891660171474,0.02,-3.6832891660171474,24.263687244093635
2018-10-11,2776.5,2798.75,2712.25,2745.5,False,True,False,-0.01116513596254276,2766.91375,True,buy_after_red,2018-10-11,-1.116513596254276,0.02,-1.136513596254276,23.12717364783936
2018-10-12,2748.5,2785.0,2732.25,2768.5,True,False,False,0.007276696379843628,2767.32875,True,buy_after_red,2018-10-12,0.7276696379843628,0.02,0.7076696379843628,23.834843285823723
2018-10-16,2747.5,2819.0,2745.5,2817.75,True,False,False,0.02556869881710644,2768.35375,True,buy_after_red,2018-10-16,2.556869881710644,0.02,2.536869881710644,26.371713167534367
2018-10-19,2774.75,2800.5,2762.25,2767.5,False,True,False,-0.002612848004324708,2769.495,True,buy_after_red,2018-10-19,-0.2612848004324708,0.02,-0.28128480043247084,26.090428367101897
2018-10-22,2758.0,2782.0,2749.75,2756.5,False,True,False,-0.0005438723712835047,2769.565,True,buy_after_red,2018-10-22,-0.054387237128350474,0.02,-0.07438723712835048,26.016041129973548
2018-10-23,2755.75,2757.5,2692.25,2746.25,False,True,False,-0.0034473373854667644,2769.5625,True,buy_after_red,2018-10-23,-0.34473373854667644,0.02,-0.36473373854667646,25.651307391426872
2018-10-24,2745.25,2750.0,2652.25,2664.25,False,True,False,-0.02950550951643749,2769.1225,True,buy_after_red,2018-10-24,-2.950550951643749,0.02,-2.970550951643749,22.680756439783124
2018-10-25,2673.75,2723.75,2658.75,2688.25,True,False,False,0.00542309490416093,2768.81125,True,buy_after_red,2018-10-25,0.542309490416093,0.02,0.522309490416093,23.203065930199216
2018-10-29,2667.0,2707.0,2603.0,2643.5,False,True,False,-0.008811398575178098,2767.585,True,buy_after_red,2018-10-29,-0.8811398575178098,0.02,-0.9011398575178098,22.301926072681407
2018-10-30,2639.0,2690.25,2633.25,2685.25,True,False,False,0.01752557787040554,2767.09875,True,buy_after_red,2018-10-30,1.752557787040554,0.02,1.732557787040554,24.034483859721963
2018-11-09,2804.0,2811.25,2764.5,2779.0,False,True,False,-0.00891583452211131,2764.26625,True,buy_after_red,2018-11-09,-0.891583452211131,0.02,-0.911583452211131,23.122900407510834
2018-11-12,2778.75,2795.25,2722.25,2727.75,False,True,False,-0.01835357624831313,2763.6375,True,buy_after_red,2018-11-12,-1.835357624831313,0.02,-1.855357624831313,21.26754278267952
2018-11-13,2732.0,2755.75,2714.5,2727.5,False,True,False,-0.0016471449487555079,2763.1525,True,buy_after_red,2018-11-13,-0.1647144948755508,0.02,-0.18471449487555078,21.08282828780397
2018-11-14,2731.25,2748.25,2686.25,2698.5,False,True,False,-0.011990846681922185,2762.51625,True,buy_after_red,2018-11-14,-1.1990846681922185,0.02,-1.2190846681922185,19.863743619611753
2018-11-15,2702.0,2736.75,2671.25,2734.5,True,False,False,0.012028127313101322,2762.07625,True,buy_after_red,2018-11-15,1.2028127313101322,0.02,1.1828127313101322,21.046556350921886
2018-11-20,2696.25,2696.75,2631.75,2640.0,False,True,False,-0.020862308762169657,2762.17875,True,buy_after_red,2018-11-20,-2.0862308762169657,0.02,-2.1062308762169657,18.94032547470492
2018-11-21,2639.75,2671.25,2632.25,2649.0,True,False,False,0.003504119708305664,2762.0825,True,buy_after_red,2018-11-21,0.3504119708305664,0.02,0.3304119708305664,19.270737445535488
2018-11-26,2633.5,2676.25,2631.5,2670.0,True,False,False,0.013859882285931269,2762.5175,True,buy_after_red,2018-11-26,1.3859882285931269,0.02,1.3659882285931269,20.636725674128616
2018-12-04,2789.75,2790.5,2696.0,2701.75,False,True,False,-0.031544045165337375,2763.6325,True,buy_after_red,2018-12-04,-3.1544045165337375,0.02,-3.1744045165337376,17.46232115759488
2018-12-06,2713.25,2714.0,2621.25,2691.0,False,True,False,-0.008200497558278785,2763.59375,True,buy_after_red,2018-12-06,-0.8200497558278785,0.02,-0.8400497558278786,16.622271401767
2018-12-07,2694.25,2709.75,2623.25,2636.0,False,True,False,-0.021620116915653687,2763.21625,True,buy_after_red,2018-12-07,-2.1620116915653687,0.02,-2.1820116915653687,14.440259710201634
2018-12-10,2625.0,2648.5,2583.0,2643.0,True,False,False,0.006857142857142895,2762.6875,True,buy_after_red,2018-12-10,0.6857142857142895,0.02,0.6657142857142895,15.105973995915923
2018-12-12,2632.5,2686.5,2631.75,2652.5,True,False,False,0.007597340930674212,2761.49625,True,buy_after_red,2018-12-12,0.7597340930674212,0.02,0.7397340930674212,15.845708088983343
2018-12-14,2646.5,2648.75,2594.0,2602.0,False,True,False,-0.016814660872850884,2760.77,True,buy_after_red,2018-12-14,-1.6814660872850884,0.02,-1.7014660872850884,14.144242001698256
2018-12-17,2594.0,2613.75,2530.5,2552.5,False,True,False,-0.015998457979953695,2760.08125,True,buy_after_red,2018-12-17,-1.5998457979953695,0.02,-1.6198457979953695,12.524396203702887
2018-12-18,2553.75,2574.75,2528.0,2535.75,False,True,False,-0.007048458149779724,2759.1675,True,buy_after_red,2018-12-18,-0.7048458149779724,0.02,-0.7248458149779724,11.799550388724914
2018-12-19,2530.5,2593.25,2488.0,2503.25,False,True,False,-0.010768622801817784,2758.06375,True,buy_after_red,2018-12-19,-1.0768622801817784,0.02,-1.0968622801817784,10.702688108543136
2018-12-20,2503.5,2517.5,2441.0,2485.75,False,True,False,-0.007090073896544813,2756.87625,True,buy_after_red,2018-12-20,-0.7090073896544813,0.02,-0.7290073896544813,9.973680718888655
2018-12-21,2487.0,2491.25,2466.75,2467.75,False,True,False,-0.007740249296340984,2755.51875,True,buy_after_red,2018-12-21,-0.7740249296340984,0.02,-0.7940249296340984,9.179655789254557
2018-12-24,2407.75,2434.5,2340.5,2341.75,False,True,False,-0.027411483750389376,2753.3075,True,buy_after_red,2018-12-24,-2.7411483750389376,0.02,-2.7611483750389376,6.41850741421562
2018-12-26,2348.5,2477.75,2316.75,2471.0,True,False,False,0.05216095380029806,2751.7425,True,buy_after_red,2018-12-26,5.216095380029806,0.02,5.196095380029806,11.614602794245426
2018-12-31,2495.5,2513.0,2482.75,2505.25,True,False,False,0.003907032658785781,2747.825,True,buy_after_red,2018-12-31,0.39070326587857807,0.02,0.37070326587857805,11.985306060124005
2019-01-04,2451.75,2539.25,2438.5,2531.25,True,False,False,0.03242581829305591,2744.28,True,buy_after_red,2019-01-04,3.242581829305591,0.02,3.222581829305591,15.207887889429596
2019-01-15,2581.5,2613.75,2580.0,2605.5,True,False,False,0.009296920395119201,2742.2575,True,buy_after_red,2019-01-15,0.9296920395119201,0.02,0.9096920395119201,16.117579928941517
2019-01-23,2630.75,2653.75,2612.5,2638.25,True,False,False,0.0028508980328803,2742.695,True,buy_after_red,2019-01-23,0.28508980328803,0.02,0.26508980328803,16.382669732229548
2019-01-25,2636.25,2672.5,2634.5,2663.5,True,False,False,0.010336652441915506,2742.8125,True,buy_after_red,2019-01-25,1.0336652441915506,0.02,1.0136652441915506,17.396334976421098
2019-01-29,2640.25,2650.0,2628.5,2640.25,False,False,True,0.0,2742.69875,True,buy_after_red,2019-01-29,0.0,0.02,-0.02,17.3763349764211
2019-02-04,2699.25,2725.0,2697.0,2721.25,True,False,False,0.008150412151523678,2742.985,True,buy_after_red,2019-02-04,0.8150412151523678,0.02,0.7950412151523678,18.171376191573465
2019-02-07,2727.0,2729.25,2685.5,2704.0,False,True,False,-0.008434176751008438,2743.62875,True,buy_after_red,2019-02-07,-0.8434176751008438,0.02,-0.8634176751008438,17.30795851647262
2019-02-08,2702.0,2709.0,2680.75,2706.25,True,False,False,0.0015729089563285559,2743.98375,True,buy_after_red,2019-02-08,0.1572908956328556,0.02,0.1372908956328556,17.445249412105476
2019-02-12,2707.0,2748.0,2705.5,2744.75,True,False,False,0.013945326930181023,2744.65375,True,buy_after_red,2019-02-12,1.3945326930181023,0.02,1.3745326930181023,18.81978210512358
2019-02-15,2741.25,2778.5,2729.0,2777.0,True,False,False,0.013041495668034697,2746.15,True,buy_after_red,2019-02-15,1.3041495668034697,0.02,1.2841495668034697,20.10393167192705
2019-02-22,2773.5,2795.5,2770.5,2791.25,True,False,False,0.006399855777897923,2748.845,True,buy_after_red,2019-02-22,0.6399855777897923,0.02,0.6199855777897922,20.72391724971684
2019-02-26,2795.75,2803.5,2783.25,2791.5,False,True,False,-0.0015201645354555593,2749.95625,True,buy_after_red,2019-02-26,-0.15201645354555593,0.02,-0.17201645354555592,20.551900796171285
2019-02-27,2788.0,2797.25,2775.0,2795.0,True,False,False,0.002510760401721601,2750.3375,True,buy_after_red,2019-02-27,0.2510760401721601,0.02,0.23107604017216013,20.782976836343444
2019-03-01,2785.25,2808.25,2783.0,2805.0,True,False,False,0.007090925410645266,2750.98375,True,buy_after_red,2019-03-01,0.7090925410645266,0.02,0.6890925410645266,21.47206937740797
2019-03-05,2790.5,2799.0,2783.25,2791.5,True,False,False,0.0003583587170759017,2751.73875,True,buy_after_red,2019-03-05,0.03583587170759017,0.02,0.015835871707590172,21.48790524911556
2019-03-07,2770.5,2776.25,2738.5,2750.0,False,True,False,-0.00739938639234794,2752.1875,True,buy_after_red,2019-03-07,-0.739938639234794,0.02,-0.759938639234794,20.727966609880767
2019-03-08,2749.0,2751.5,2722.0,2747.0,False,True,False,-0.0007275372862859397,2752.2575,True,buy_after_red,2019-03-08,-0.07275372862859397,0.02,-0.09275372862859398,20.635212881252173
2019-03-11,2745.5,2787.5,2736.75,2784.0,True,False,False,0.014022946639956402,2752.5475,True,buy_after_red,2019-03-11,1.4022946639956402,0.02,1.3822946639956402,22.017507545247813
2019-03-15,2808.0,2821.5,2807.5,2811.889892578125,True,False,False,0.0013852893796741927,2754.3319494628904,True,buy_after_red,2019-03-15,0.13852893796741927,0.02,0.11852893796741927,22.136036483215232
2019-03-20,2837.25,2849.25,2817.25,2827.0,False,True,False,-0.003612653097189167,2756.0331994628905,True,buy_after_red,2019-03-20,-0.3612653097189167,0.02,-0.3812653097189167,21.754771173496316
2019-03-21,2823.75,2866.0,2813.75,2862.5,True,False,False,0.013722886232846454,2756.6181994628905,True,buy_after_red,2019-03-21,1.3722886232846454,0.02,1.3522886232846454,23.107059796780963
2019-03-25,2813.0,2818.5,2789.5,2807.0,False,True,False,-0.0021329541414859543,2757.0881994628908,True,buy_after_red,2019-03-25,-0.21329541414859543,0.02,-0.23329541414859542,22.873764382632366
2019-03-26,2808.5,2835.0,2806.0,2823.0,True,False,False,0.005162898344311939,2757.3419494628906,True,buy_after_red,2019-03-26,0.5162898344311939,0.02,0.4962898344311939,23.37005421706356
2019-03-28,2807.0,2824.25,2795.0,2821.0,True,False,False,0.004987531172069737,2757.6906994628907,True,buy_after_red,2019-03-28,0.4987531172069737,0.02,0.47875311720697367,23.848807334270536
2019-04-03,2866.0,2889.25,2865.25,2879.75,True,False,False,0.004797627355198841,2759.3756994628907,True,buy_after_red,2019-04-03,0.47976273551988413,0.02,0.4597627355198841,24.30857006979042
2019-04-10,2882.0,2896.0,2878.0,2894.5,True,False,False,0.004337265787647482,2762.4956994628906,True,buy_after_red,2019-04-10,0.4337265787647482,0.02,0.41372657876474817,24.72229664855517
2019-04-12,2892.0,2914.75,2890.75,2912.5,True,False,False,0.007088520055325009,2764.2631994628905,True,buy_after_red,2019-04-12,0.7088520055325009,0.02,0.6888520055325009,25.41114865408767
2019-04-16,2910.25,2921.25,2904.5,2911.5,True,False,False,0.0004295163645735567,2766.2456994628906,True,buy_after_red,2019-04-16,0.04295163645735567,0.02,0.022951636457355668,25.434100290545025
2019-04-18,2901.0,2911.75,2889.5,2910.0,True,False,False,0.0031023784901758056,2768.0544494628907,True,buy_after_red,2019-04-18,0.31023784901758056,0.02,0.29023784901758054,25.724338139562605
2019-04-25,2930.0,2935.75,2914.25,2926.25,False,True,False,-0.0012798634812286602,2771.5806994628906,True,buy_after_red,2019-04-25,-0.12798634812286602,0.02,-0.147986348122866,25.576351791439738
2019-04-26,2923.75,2942.75,2917.25,2941.5,True,False,False,0.006070970500213768,2772.3044494628907,True,buy_after_red,2019-04-26,0.6070970500213768,0.02,0.5870970500213768,26.163448841461115
2019-05-02,2916.5,2932.75,2901.0,2917.5,True,False,False,0.0003428767358135687,2775.1031994628906,True,buy_after_red,2019-05-02,0.03428767358135687,0.02,0.01428767358135687,26.177736515042472
2019-05-08,2889.75,2899.5,2868.75,2887.25,False,True,False,-0.0008651267410675345,2777.226949462891,True,buy_after_red,2019-05-08,-0.08651267410675345,0.02,-0.10651267410675345,26.07122384093572
2019-05-09,2884.0,2885.5,2836.25,2872.75,False,True,False,-0.0039008321775312327,2777.5306994628904,True,buy_after_red,2019-05-09,-0.39008321775312327,0.02,-0.4100832177531233,25.661140623182597
2019-05-10,2869.75,2893.0,2826.0,2887.0,True,False,False,0.006010976565902881,2777.860699462891,True,buy_after_red,2019-05-10,0.6010976565902881,0.02,0.5810976565902881,26.242238279772884
2019-05-14,2806.0,2853.75,2799.75,2839.25,True,False,False,0.011849607982893806,2777.673199462891,True,buy_after_red,2019-05-14,1.1849607982893806,0.02,1.1649607982893806,27.407199078062266
2019-05-20,2861.5,2876.5,2832.5,2844.0,False,True,False,-0.006115673597763438,2778.6281994628907,True,buy_after_red,2019-05-20,-0.6115673597763438,0.02,-0.6315673597763438,26.775631718285922
2019-05-21,2848.0,2870.75,2846.25,2866.0,True,False,False,0.006320224719101208,2778.8156994628907,True,buy_after_red,2019-05-21,0.6320224719101208,0.02,0.6120224719101208,27.38765419019604
2019-05-23,2857.75,2858.5,2805.75,2819.5,False,True,False,-0.013384655760650843,2778.7531994628907,True,buy_after_red,2019-05-23,-1.3384655760650843,0.02,-1.3584655760650843,26.02918861413096
2019-05-24,2821.75,2842.0,2819.25,2831.75,True,False,False,0.0035439000620183236,2778.6131994628904,True,buy_after_red,2019-05-24,0.35439000620183236,0.02,0.33439000620183235,26.36357862033279
2019-05-29,2804.25,2806.0,2766.25,2780.0,False,True,False,-0.00864758848176872,2777.9931994628905,True,buy_after_red,2019-05-29,-0.864758848176872,0.02,-0.884758848176872,25.47881977215592
2019-05-30,2779.5,2799.0,2776.5,2790.5,True,False,False,0.003957546321280869,2777.7619494628907,True,buy_after_red,2019-05-30,0.3957546321280869,0.02,0.3757546321280869,25.854574404284005
2019-06-03,2741.0,2763.75,2728.75,2749.5,True,False,False,0.0031010580080261807,2776.9394494628905,True,buy_after_red,2019-06-03,0.31010580080261807,0.02,0.29010580080261805,26.144680205086622
2019-06-11,2890.25,2911.5,2879.25,2887.0,False,True,False,-0.0011244702015396069,2777.0894494628906,True,buy_after_red,2019-06-11,-0.11244702015396069,0.02,-0.13244702015396068,26.01223318493266
2019-06-12,2887.25,2891.0,2875.25,2881.0,False,True,False,-0.0021646895835136792,2777.204449462891,True,buy_after_red,2019-06-12,-0.21646895835136792,0.02,-0.2364689583513679,25.775764226581295
2019-06-13,2882.0,2896.5,2867.25,2894.5,True,False,False,0.004337265787647482,2777.2931994628907,True,buy_after_red,2019-06-13,0.4337265787647482,0.02,0.41372657876474817,26.189490805346043
2019-06-17,2890.75,2900.75,2887.75,2892.0,True,False,False,0.00043241373346014633,2777.2169494628906,True,buy_after_red,2019-06-17,0.04324137334601463,0.02,0.023241373346014633,26.212732178692058
2019-06-26,2922.5,2939.0,2914.5,2918.0,False,True,False,-0.0015397775876817565,2778.6839489746094,True,buy_after_red,2019-06-26,-0.15397775876817565,0.02,-0.17397775876817564,26.038754419923883
2019-06-27,2914.75,2935.75,2914.75,2931.0,True,False,False,0.005575092203447873,2778.9376989746092,True,buy_after_red,2019-06-27,0.5575092203447873,0.02,0.5375092203447873,26.57626364026867
2019-07-02,2968.0,2980.0,2958.5,2979.5,True,False,False,0.0038746630727761744,2779.977698974609,True,buy_after_red,2019-07-02,0.38746630727761744,0.02,0.3674663072776174,26.943729947546288
2019-07-08,2990.75,2994.75,2973.25,2978.5,False,True,False,-0.0040959625511994835,2781.3051989746095,True,buy_after_red,2019-07-08,-0.40959625511994835,0.02,-0.42959625511994837,26.51413369242634
2019-07-09,2977.75,2986.25,2963.5,2982.0,True,False,False,0.0014272521198892552,2781.665198974609,True,buy_after_red,2019-07-09,0.14272521198892552,0.02,0.12272521198892551,26.636858904415266
2019-07-17,3005.75,3013.0,2980.5,2985.0,False,True,False,-0.006903435082758036,2784.0201989746092,True,buy_after_red,2019-07-17,-0.6903435082758036,0.02,-0.7103435082758036,25.926515396139465
2019-07-18,2980.75,3005.25,2974.5,2997.5,True,False,False,0.005619391092845705,2784.412698974609,True,buy_after_red,2019-07-18,0.5619391092845705,0.02,0.5419391092845705,26.468454505424035
2019-07-22,2974.5,2993.5,2972.5,2989.0,True,False,False,0.004874768868717405,2784.9501989746095,True,buy_after_red,2019-07-22,0.4874768868717405,0.02,0.4674768868717405,26.935931392295775
2019-07-26,3006.5,3029.5,3006.0,3024.5,True,False,False,0.005987028105770786,2787.1176989746095,True,buy_after_red,2019-07-26,0.5987028105770786,0.02,0.5787028105770786,27.514634202872852
2019-07-30,3022.25,3027.5,3001.5,3012.25,False,True,False,-0.0033087931177102625,2788.9414489746096,True,buy_after_red,2019-07-30,-0.33087931177102625,0.02,-0.35087931177102627,27.163754891101824
2019-07-31,3016.25,3020.75,2958.0,2982.25,False,True,False,-0.011272275176129276,2790.1251989746092,True,buy_after_red,2019-07-31,-1.1272275176129276,0.02,-1.1472275176129276,26.0165273734889
2019-08-01,2970.25,3014.25,2944.5,2952.0,False,True,False,-0.006144263950845885,2791.0426989746093,True,buy_after_red,2019-08-01,-0.6144263950845885,0.02,-0.6344263950845885,25.38210097840431
2019-08-02,2950.25,2961.0,2913.5,2932.5,False,True,False,-0.00601643928480633,2791.9601989746093,True,buy_after_red,2019-08-02,-0.601643928480633,0.02,-0.621643928480633,24.760457049923676
2019-08-05,2929.25,2933.5,2820.5,2830.0,False,True,False,-0.033882393104036845,2792.0214489746095,True,buy_after_red,2019-08-05,-3.3882393104036845,0.02,-3.4082393104036846,21.352217739519993
2019-08-06,2816.25,2883.75,2775.75,2876.0,True,False,False,0.021216156236129713,2792.3201989746094,True,buy_after_red,2019-08-06,2.1216156236129713,0.02,2.1016156236129713,23.453833363132965
2019-08-12,2918.75,2931.0,2872.5,2880.25,False,True,False,-0.013190578158458255,2795.2101989746093,True,buy_after_red,2019-08-12,-1.3190578158458255,0.02,-1.3390578158458255,22.114775547287138
2019-08-13,2882.25,2944.25,2866.75,2932.0,True,False,False,0.01726082053950906,2796.548948974609,True,buy_after_red,2019-08-13,1.7260820539509059,0.02,1.7060820539509058,23.820857601238043
2019-08-15,2836.0,2871.75,2817.75,2848.5,True,False,False,0.004407616361072009,2798.2064489746094,True,buy_after_red,2019-08-15,0.44076163610720087,0.02,0.42076163610720085,24.241619237345244
2019-08-21,2893.25,2932.5,2893.0,2929.25,True,False,False,0.012442754687635116,2802.5314489746092,True,buy_after_red,2019-08-21,1.2442754687635116,0.02,1.2242754687635116,25.465894706108756
2019-08-23,2920.25,2936.75,2834.0,2855.5,False,True,False,-0.022172759181576907,2804.1014489746094,True,buy_after_red,2019-08-23,-2.2172759181576907,0.02,-2.2372759181576907,23.228618787951063
2019-08-26,2831.0,2888.5,2810.25,2883.25,True,False,False,0.01845637583892623,2804.7226989746096,True,buy_after_red,2019-08-26,1.8456375838926231,0.02,1.825637583892623,25.054256371843685
2019-08-28,2866.25,2890.5,2851.75,2889.75,True,False,False,0.008198866114260683,2805.372698974609,True,buy_after_red,2019-08-28,0.8198866114260683,0.02,0.7998866114260683,25.854142983269753
2019-09-10,2979.25,2985.0,2957.25,2978.5,False,True,False,-0.00025174121003612715,2814.6676989746093,True,buy_after_red,2019-09-10,-0.025174121003612715,0.02,-0.04517412100361272,25.80896886226614
2019-09-11,2979.0,3004.25,2972.0,3002.0,True,False,False,0.007720711648204093,2816.4326989746096,True,buy_after_red,2019-09-11,0.7720711648204093,0.02,0.7520711648204093,26.561040027086552
2019-09-16,2993.5,3003.25,2981.25,2999.0,True,False,False,0.0018373141807248583,2821.6039489746095,True,buy_after_red,2019-09-16,0.18373141807248583,0.02,0.16373141807248584,26.72477144515904
2019-09-20,3005.5,3015.5,3001.75,3013.610107421875,True,False,False,0.002698422033563519,2826.5869995117187,True,buy_after_red,2019-09-20,0.2698422033563519,0.02,0.2498422033563519,26.97461364851539
2019-09-25,2971.0,2991.75,2953.75,2986.25,True,False,False,0.0051329518680578445,2831.210749511719,True,buy_after_red,2019-09-25,0.5132951868057845,0.02,0.49329518680578444,27.467908835321175
2019-09-27,2979.75,2993.0,2946.25,2963.75,False,True,False,-0.005369577984730256,2834.5107495117186,True,buy_after_red,2019-09-27,-0.5369577984730256,0.02,-0.5569577984730256,26.91095103684815
2019-09-30,2976.0,2986.25,2964.5,2978.5,True,False,False,0.0008400537634407623,2836.1407495117187,True,buy_after_red,2019-09-30,0.08400537634407623,0.02,0.06400537634407623,26.974956413192228
2019-10-02,2942.25,2949.0,2874.0,2880.5,False,True,False,-0.02098733962103827,2838.994499511719,True,buy_after_red,2019-10-02,-2.098733962103827,0.02,-2.118733962103827,24.8562224510884
2019-10-03,2883.75,2912.5,2855.0,2911.75,True,False,False,0.009709579540528868,2840.790749511719,True,buy_after_red,2019-10-03,0.9709579540528868,0.02,0.9509579540528867,25.807180405141285
2019-10-09,2893.5,2934.25,2888.25,2919.0,True,False,False,0.00881285640228091,2849.3282495117187,True,buy_after_red,2019-10-09,0.8812856402280911,0.02,0.8612856402280911,26.668466045369374
2019-10-15,2966.75,3003.25,2966.5,2997.75,True,False,False,0.01044914468694702,2859.7344995117187,True,buy_after_red,2019-10-15,1.044914468694702,0.02,1.024914468694702,27.693380514064078
2019-10-17,2992.25,3008.0,2985.25,2998.0,True,False,False,0.0019216308797727066,2864.6007495117187,True,buy_after_red,2019-10-17,0.19216308797727066,0.02,0.17216308797727067,27.86554360204135
2019-10-21,2984.75,3007.5,2983.75,3006.5,True,False,False,0.007287042465868199,2869.679499511719,True,buy_after_red,2019-10-21,0.7287042465868199,0.02,0.7087042465868199,28.57424784862817
2019-10-23,2992.0,3006.0,2982.0,3005.75,True,False,False,0.004595588235294157,2874.065749511719,True,buy_after_red,2019-10-23,0.4595588235294157,0.02,0.43955882352941567,29.013806672157585
2019-10-25,3003.75,3026.5,3000.0,3020.25,True,False,False,0.005493133583021281,2878.3057495117187,True,buy_after_red,2019-10-25,0.5493133583021281,0.02,0.5293133583021281,29.543120030459715
2019-10-30,3036.5,3055.0,3023.25,3047.75,True,False,False,0.003704923431582463,2884.9994995117186,True,buy_after_red,2019-10-30,0.3704923431582463,0.02,0.3504923431582463,29.893612373617962
2019-11-01,3036.0,3065.0,3033.0,3063.25,True,False,False,0.008975625823451905,2889.2519995117186,True,buy_after_red,2019-11-01,0.8975625823451905,0.02,0.8775625823451905,30.771174955963154
2019-11-06,3071.5,3078.0,3063.0,3075.5,True,False,False,0.0013022952954582223,2895.659499511719,True,buy_after_red,2019-11-06,0.13022952954582223,0.02,0.11022952954582223,30.881404485508977
2019-11-12,3087.75,3102.0,3081.25,3092.0,True,False,False,0.0013764067686827808,2904.540749511719,True,buy_after_red,2019-11-12,0.13764067686827808,0.02,0.11764067686827807,30.999045162377254
2019-11-20,3116.5,3118.5,3090.75,3109.0,False,True,False,-0.0024065458045884336,2916.4757495117187,True,buy_after_red,2019-11-20,-0.24065458045884336,0.02,-0.2606545804588434,30.73839058191841
2019-11-21,3097.25,3114.5,3091.25,3104.0,True,False,False,0.002179352651545674,2918.4757495117187,True,buy_after_red,2019-11-21,0.2179352651545674,0.02,0.1979352651545674,30.936325847072975
2019-12-02,3146.25,3158.0,3110.25,3114.25,False,True,False,-0.010170838299563001,2930.3282495117187,True,buy_after_red,2019-12-02,-1.0170838299563,0.02,-1.0370838299563,29.899242017116677
2019-12-03,3114.25,3121.75,3069.5,3091.0,False,True,False,-0.0074656819458939205,2931.889499511719,True,buy_after_red,2019-12-03,-0.746568194589392,0.02,-0.7665681945893921,29.132673822527284
2019-12-04,3091.75,3119.5,3081.75,3111.0,True,False,False,0.006226247270963103,2933.509499511719,True,buy_after_red,2019-12-04,0.6226247270963103,0.02,0.6026247270963103,29.735298549623593
2019-12-10,3133.5,3143.0,3116.25,3136.0,True,False,False,0.0007978299026647484,2940.4107495117187,True,buy_after_red,2019-12-10,0.07978299026647484,0.02,0.059782990266474836,29.795081539890067
2019-12-16,3176.5,3198.75,3173.75,3194.25,True,False,False,0.00558791122304414,2947.915749511719,True,buy_after_red,2019-12-16,0.558791122304414,0.02,0.538791122304414,30.33387266219448
2019-12-18,3189.5,3199.0,3188.5,3194.75,True,False,False,0.0016460260228876589,2952.034499511719,True,buy_after_red,2019-12-18,0.1646026022887659,0.02,0.1446026022887659,30.478475264483247
2019-12-26,3227.5,3244.75,3227.0,3244.5,True,False,False,0.005267234701781476,2963.274599609375,True,buy_after_red,2019-12-26,0.5267234701781476,0.02,0.5067234701781476,30.985198734661395
2019-12-30,3238.25,3244.25,3217.25,3223.5,False,True,False,-0.004554929359993798,2967.4839001464843,True,buy_after_red,2019-12-30,-0.4554929359993798,0.02,-0.4754929359993798,30.509705798662015
2019-12-31,3223.25,3236.25,3213.0,3231.0,True,False,False,0.002404405491351902,2969.436400146484,True,buy_after_red,2019-12-31,0.2404405491351902,0.02,0.2204405491351902,30.730146347797206
2020-01-06,3220.25,3249.5,3208.75,3243.5,True,False,False,0.0072199363403462335,2975.4964001464846,True,buy_after_red,2020-01-06,0.7219936340346234,0.02,0.7019936340346233,31.432139981831828
2020-01-08,3231.75,3267.75,3181.0,3260.25,True,False,False,0.008818751450452522,2979.885150146484,True,buy_after_red,2020-01-08,0.8818751450452522,0.02,0.8618751450452522,32.29401512687708
2020-01-13,3265.75,3291.0,3265.5,3289.75,True,False,False,0.007349000995177324,2986.7651501464843,True,buy_after_red,2020-01-13,0.7349000995177324,0.02,0.7149000995177324,33.00891522639481
2020-01-15,3287.75,3299.0,3277.75,3293.75,True,False,False,0.0018249562770891181,2991.1326501464846,True,buy_after_red,2020-01-15,0.1824956277089118,0.02,0.16249562770891182,33.171410854103726
2020-01-22,3321.25,3337.5,3315.25,3319.75,False,True,False,-0.00045163718479490633,2999.9089001464845,True,buy_after_red,2020-01-22,-0.04516371847949063,0.02,-0.06516371847949064,33.10624713562424
2020-01-23,3317.25,3327.0,3301.25,3326.0,True,False,False,0.0026377270329338565,3002.0476501464846,True,buy_after_red,2020-01-23,0.26377270329338565,0.02,0.24377270329338566,33.350019838917625
2020-01-27,3269.75,3269.75,3233.0,3239.5,False,True,False,-0.009251471825063029,3005.8276501464843,True,buy_after_red,2020-01-27,-0.9251471825063029,0.02,-0.9451471825063029,32.40487265641132
2020-01-28,3239.5,3285.0,3238.75,3278.25,True,False,False,0.011961722488038173,3007.760150146484,True,buy_after_red,2020-01-28,1.1961722488038173,0.02,1.1761722488038173,33.58104490521514
2020-01-30,3271.5,3295.25,3239.75,3289.75,True,False,False,0.005578480819196097,3011.4614001464843,True,buy_after_red,2020-01-30,0.5578480819196097,0.02,0.5378480819196096,34.11889298713475
2020-02-03,3222.75,3267.25,3222.0,3245.5,True,False,False,0.007059188581180598,3014.748900146484,True,buy_after_red,2020-02-03,0.7059188581180598,0.02,0.6859188581180597,34.80481184525281
2020-02-10,3322.25,3353.5,3303.5,3353.0,True,False,False,0.009255775453382409,3024.9526501464843,True,buy_after_red,2020-02-10,0.9255775453382409,0.02,0.9055775453382409,35.71038939059105
2020-02-14,3379.5,3388.5,3365.25,3381.0,True,False,False,0.00044385264092317023,3033.655150146484,True,buy_after_red,2020-02-14,0.04438526409231702,0.02,0.024385264092317022,35.73477465468336
2020-02-19,3372.0,3393.75,3370.75,3387.25,True,False,False,0.004522538552787614,3038.112650146484,True,buy_after_red,2020-02-19,0.4522538552787614,0.02,0.43225385527876137,36.16702850996212
2020-02-21,3367.0,3369.25,3328.0,3339.25,False,True,False,-0.008241758241758212,3042.5389001464846,True,buy_after_red,2020-02-21,-0.8241758241758212,0.02,-0.8441758241758213,35.3228526857863
2020-02-24,3309.0,3312.0,3213.75,3226.25,False,True,False,-0.025007555152614103,3044.2339001464843,True,buy_after_red,2020-02-24,-2.5007555152614103,0.02,-2.5207555152614103,32.80209717052489
2020-02-25,3223.0,3259.5,3117.25,3132.5,False,True,False,-0.028079429103319842,3045.5326501464842,True,buy_after_red,2020-02-25,-2.807942910331984,0.02,-2.827942910331984,29.974154260192904
2020-02-26,3138.0,3182.0,3091.0,3110.25,False,True,False,-0.008843212237093723,3046.6489001464843,True,buy_after_red,2020-02-26,-0.8843212237093723,0.02,-0.9043212237093723,29.06983303648353
2020-02-27,3100.25,3117.0,2944.5,2957.0,False,True,False,-0.0462059511329731,3047.3989001464843,True,buy_after_red,2020-02-27,-4.62059511329731,0.02,-4.64059511329731,24.42923792318622
2020-02-28,2950.0,2996.0,2853.25,2951.0,True,False,False,0.0003389830508475633,3047.9576501464844,True,buy_after_red,2020-02-28,0.03389830508475633,0.02,0.01389830508475633,24.443136228270976
2020-03-04,2988.25,3129.5,2976.5,3114.75,True,False,False,0.042332468836275394,3050.8639001464844,True,buy_after_red,2020-03-04,4.233246883627539,0.02,4.21324688362754,28.656383111898517
2020-03-06,3024.25,3037.0,2898.0,2964.0,False,True,False,-0.019922294783830674,3052.2114001464843,True,buy_after_red,2020-03-06,-1.9922294783830674,0.02,-2.0122294783830674,26.64415363351545
2020-03-09,2916.0,2916.0,2715.0,2747.75,False,True,False,-0.057698902606310054,3051.6626501464843,True,buy_after_red,2020-03-09,-5.769890260631005,0.02,-5.7898902606310045,20.854263372884446
2020-03-10,2733.0,2884.75,2695.25,2865.75,True,False,False,0.048572996706915506,3051.893900146484,True,buy_after_red,2020-03-10,4.8572996706915506,0.02,4.837299670691551,25.691563043575997
2020-03-12,2738.0,2774.0,2442.5,2469.0,False,True,False,-0.09824689554419286,3049.7564001464843,True,buy_after_red,2020-03-12,-9.824689554419287,0.02,-9.844689554419286,15.84687348915671
2020-03-13,2429.5,2707.75,2393.5,2696.0,True,False,False,0.10969335254167523,3049.3364001464843,True,buy_after_red,2020-03-13,10.969335254167522,0.02,10.949335254167522,26.796208743324232
2020-03-17,2417.25,2554.5,2365.0,2495.5,True,False,False,0.03237149653531901,3046.1801501464843,True,buy_after_red,2020-03-17,3.237149653531901,0.02,3.217149653531901,30.013358396856134
2020-03-19,2414.25,2474.0,2288.0,2403.25,False,True,False,-0.004556280418349434,3042.4939001464845,True,buy_after_red,2020-03-19,-0.45562804183494343,0.02,-0.47562804183494345,29.53773035502119
2020-03-20,2364.25,2512.75,2346.25,2437.97998046875,True,False,False,0.031185357076768616,3040.545050048828,True,buy_after_red,2020-03-20,3.1185357076768616,0.02,3.0985357076768616,32.63626606269805
2020-03-30,2459.0,2621.75,2445.0,2611.25,True,False,False,0.061915412769418365,3028.526300048828,True,buy_after_red,2020-03-30,6.1915412769418365,0.02,6.171541276941837,38.807807339639886
2020-04-01,2562.0,2562.25,2434.25,2448.0,False,True,False,-0.04449648711943799,3024.702550048828,True,buy_after_red,2020-04-01,-4.449648711943799,0.02,-4.469648711943798,34.33815862769609
2020-04-02,2459.0,2525.0,2424.75,2516.5,True,False,False,0.02338348922326139,3022.676300048828,True,buy_after_red,2020-04-02,2.338348922326139,0.02,2.318348922326139,36.656507550022226
2020-04-06,2485.0,2668.5,2484.75,2644.5,True,False,False,0.06418511066398391,3018.888800048828,True,buy_after_red,2020-04-06,6.418511066398391,0.02,6.398511066398392,43.05501861642062
2020-04-08,2640.5,2752.5,2620.75,2735.0,True,False,False,0.03578867638704786,3016.244300537109,True,buy_after_red,2020-04-08,3.5788676387047857,0.02,3.5588676387047857,46.6138862551254
2020-04-14,2760.0,2846.0,2752.5,2843.0,True,False,False,0.03007246376811601,3014.2993005371095,True,buy_after_red,2020-04-14,3.007246376811601,0.02,2.987246376811601,49.601132631937
2020-04-16,2767.75,2831.5,2746.0,2787.5,True,False,False,0.007135760093939014,3012.5518005371096,True,buy_after_red,2020-04-16,0.7135760093939014,0.02,0.6935760093939014,50.2947086413309
2020-04-21,2807.0,2833.25,2717.25,2732.0,False,True,False,-0.026718916993231256,3009.7430505371094,True,buy_after_red,2020-04-21,-2.6718916993231256,0.02,-2.6918916993231257,47.60281694200778
2020-04-22,2737.25,2808.0,2717.25,2788.5,True,False,False,0.018723171065850863,3008.7930505371096,True,buy_after_red,2020-04-22,1.8723171065850863,0.02,1.8523171065850863,49.45513404859286
2020-04-24,2777.0,2835.0,2755.25,2829.5,True,False,False,0.018905293482174956,3006.9468005371095,True,buy_after_red,2020-04-24,1.8905293482174956,0.02,1.8705293482174956,51.325663396810356
2020-04-29,2870.5,2959.75,2860.75,2941.0,True,False,False,0.024560181153109317,3005.1493005371094,True,buy_after_red,2020-04-29,2.4560181153109317,0.02,2.4360181153109317,53.761681512121285
2020-05-01,2871.5,2879.75,2811.75,2821.75,False,True,False,-0.01732543966568001,3003.8105505371095,True,buy_after_red,2020-05-01,-1.732543966568001,0.02,-1.752543966568001,52.00913754555329
2020-05-04,2789.0,2835.75,2771.0,2825.25,True,False,False,0.012997490139835088,3002.9493005371096,True,buy_after_red,2020-05-04,1.2997490139835088,0.02,1.2797490139835088,53.2888865595368
2020-05-07,2832.0,2895.0,2823.0,2880.0,True,False,False,0.016949152542372836,3000.9380505371096,True,buy_after_red,2020-05-07,1.6949152542372836,0.02,1.6749152542372836,54.96380181377408
2020-05-13,2839.75,2876.75,2786.0,2813.0,False,True,False,-0.009419843296064823,2998.150550537109,True,buy_after_red,2020-05-13,-0.9419843296064823,0.02,-0.9619843296064823,54.0018174841676
2020-05-14,2820.25,2853.75,2760.25,2847.0,True,False,False,0.009484974736282181,2997.3243005371096,True,buy_after_red,2020-05-14,0.9484974736282181,0.02,0.9284974736282181,54.93031495779582
2020-05-20,2913.5,2975.75,2908.5,2968.5,True,False,False,0.018877638579028577,2997.2493005371093,True,buy_after_red,2020-05-20,1.8877638579028577,0.02,1.8677638579028577,56.79807881569868
2020-05-22,2936.75,2957.5,2903.75,2953.0,True,False,False,0.005533327658125531,2997.9168005371093,True,buy_after_red,2020-05-22,0.5533327658125531,0.02,0.5333327658125531,57.33141158151123
2020-06-05,3113.25,3210.5,3106.5,3186.75,True,False,False,0.02360876897133224,3005.8230505371093,True,buy_after_red,2020-06-05,2.360876897133224,0.02,2.340876897133224,59.672288478644454
2020-06-10,3204.75,3227.25,3179.75,3186.0,False,True,False,-0.005850690381465018,3010.3830505371093,True,buy_after_red,2020-06-10,-0.5850690381465018,0.02,-0.6050690381465018,59.06721944049795
2020-06-11,3183.75,3188.5,2996.25,3010.25,False,True,False,-0.054495484884177436,3011.0180505371095,True,buy_after_red,2020-06-11,-5.449548488417744,0.02,-5.469548488417743,53.59767095208021
2020-06-12,3011.75,3087.75,2982.0,3034.75,True,False,False,0.007636756038847947,3011.8643005371096,True,buy_after_red,2020-06-12,0.7636756038847947,0.02,0.7436756038847947,54.341346555965
2020-06-18,3115.0,3130.5,3075.25,3109.0,False,True,False,-0.0019261637239165186,3015.7718005371094,True,buy_after_red,2020-06-18,-0.19261637239165186,0.02,-0.21261637239165185,54.12873018357335
2020-06-19,3108.25,3196.0,3106.75,3161.260009765625,True,False,False,0.017054615866042067,3016.8856005859375,True,buy_after_red,2020-06-19,1.7054615866042067,0.02,1.6854615866042066,55.81419177017756
2020-06-25,3046.75,3079.5,3005.0,3070.75,True,False,False,0.007877246245999725,3019.0831005859377,True,buy_after_red,2020-06-25,0.7877246245999725,0.02,0.7677246245999725,56.58191639477753
2020-06-29,2986.25,3051.25,2983.5,3047.75,True,False,False,0.02059439095855997,3019.2881005859376,True,buy_after_red,2020-06-29,2.059439095855997,0.02,2.039439095855997,58.621355490633526
2020-07-08,3135.25,3166.25,3125.5,3163.5,True,False,False,0.009010445737979378,3023.075050048828,True,buy_after_red,2020-07-08,0.9010445737979378,0.02,0.8810445737979378,59.50240006443146
2020-07-10,3142.25,3181.25,3111.5,3178.5,True,False,False,0.0115363195162701,3024.836300048828,True,buy_after_red,2020-07-10,1.15363195162701,0.02,1.13363195162701,60.63603201605847
2020-07-14,3149.75,3192.25,3119.0,3183.5,True,False,False,0.010715136121914437,3026.6613000488283,True,buy_after_red,2020-07-14,1.0715136121914437,0.02,1.0515136121914437,61.687545628249914
2020-07-17,3198.5,3225.25,3194.75,3214.0,True,False,False,0.004846021572612269,3030.401300048828,True,buy_after_red,2020-07-17,0.4846021572612269,0.02,0.4646021572612269,62.15214778551114
2020-07-24,3230.0,3239.0,3191.5,3204.0,False,True,False,-0.00804953560371513,3038.502550048828,True,buy_after_red,2020-07-24,-0.804953560371513,0.02,-0.824953560371513,61.32719422513963
2020-07-27,3210.75,3235.0,3192.0,3232.25,True,False,False,0.006696254769134935,3040.068800048828,True,buy_after_red,2020-07-27,0.6696254769134935,0.02,0.6496254769134935,61.97681970205312
2020-07-29,3215.0,3257.0,3204.25,3252.5,True,False,False,0.011664074650077794,3042.8375500488282,True,buy_after_red,2020-07-29,1.1664074650077794,0.02,1.1464074650077793,63.1232271670609
2020-07-31,3269.25,3273.75,3212.5,3263.5,False,True,False,-0.001758813183451835,3045.582550048828,True,buy_after_red,2020-07-31,-0.1758813183451835,0.02,-0.1958813183451835,62.92734584871571
2020-08-03,3272.0,3295.5,3254.75,3288.5,True,False,False,0.005042787286063666,3047.0675500488283,True,buy_after_red,2020-08-03,0.5042787286063666,0.02,0.48427872860636656,63.41162457732208
2020-08-12,3339.5,3382.5,3326.25,3370.0,True,False,False,0.009133103758047545,3058.7688000488283,True,buy_after_red,2020-08-12,0.9133103758047545,0.02,0.8933103758047545,64.30493495312683
2020-08-17,3366.0,3382.75,3364.75,3379.75,True,False,False,0.004084967320261423,3063.7150500488283,True,buy_after_red,2020-08-17,0.40849673202614234,0.02,0.3884967320261423,64.69343168515297
2020-08-20,3370.25,3387.0,3344.75,3380.75,True,False,False,0.0031154958830947876,3068.543800048828,True,buy_after_red,2020-08-20,0.31154958830947876,0.02,0.29154958830947875,64.98498127346245
2020-09-01,3493.25,3530.0,3484.25,3527.0,True,False,False,0.009661490016460217,3083.858800048828,True,buy_after_red,2020-09-01,0.9661490016460217,0.02,0.9461490016460217,65.93113027510847
2020-09-04,3454.75,3484.25,3347.75,3417.5,False,True,False,-0.010782256313770944,3089.357550048828,True,buy_after_red,2020-09-04,-1.0782256313770944,0.02,-1.0982256313770944,64.83290464373138
2020-09-08,3420.5,3447.0,3327.5,3335.5,False,True,False,-0.024850168104078363,3090.490050048828,True,buy_after_red,2020-09-08,-2.4850168104078363,0.02,-2.5050168104078363,62.327887833323544
2020-09-09,3315.25,3424.0,3295.5,3400.25,True,False,False,0.02563909207450421,3091.971300048828,True,buy_after_red,2020-09-09,2.563909207450421,0.02,2.543909207450421,64.87179704077397
2020-09-11,3345.25,3375.0,3308.75,3333.75,False,True,False,-0.0034377101860847414,3094.1213000488283,True,buy_after_red,2020-09-11,-0.34377101860847414,0.02,-0.36377101860847416,64.5080260221655
2020-09-14,3350.0,3402.75,3345.5,3382.5,True,False,False,0.009701492537313339,3095.315050048828,True,buy_after_red,2020-09-14,0.9701492537313339,0.02,0.9501492537313339,65.45817527589683
2020-09-17,3392.75,3396.5,3320.5,3361.5,False,True,False,-0.009210817183700537,3099.037550048828,True,buy_after_red,2020-09-17,-0.9210817183700537,0.02,-0.9410817183700537,64.51709355752678
2020-09-18,3355.75,3374.25,3341.75,3353.60009765625,False,True,False,-0.0006406622494971037,3100.3505505371095,True,buy_after_red,2020-09-18,-0.06406622494971037,0.02,-0.08406622494971037,64.43302733257707
2020-09-21,3314.5,3326.25,3217.75,3275.0,False,True,False,-0.011917332931060454,3101.170550537109,True,buy_after_red,2020-09-21,-1.1917332931060454,0.02,-1.2117332931060454,63.221294039471026
2020-09-22,3271.5,3309.5,3256.5,3299.25,True,False,False,0.008482347546996838,3102.0780505371094,True,buy_after_red,2020-09-22,0.8482347546996838,0.02,0.8282347546996838,64.04952879417071
2020-09-24,3228.0,3268.25,3198.0,3238.0,True,False,False,0.0030978934324659146,3103.0218005371094,True,buy_after_red,2020-09-24,0.30978934324659146,0.02,0.28978934324659145,64.33931813741731
2020-09-30,3330.0,3384.0,3291.25,3352.0,True,False,False,0.006606606606606613,3106.5218005371094,True,buy_after_red,2020-09-30,0.6606606606606613,0.02,0.6406606606606613,64.97997879807797
2020-10-05,3360.0,3400.0,3346.5,3393.0,True,False,False,0.009821428571428648,3109.116800537109,True,buy_after_red,2020-10-05,0.9821428571428648,0.02,0.9621428571428647,65.94212165522083
2020-10-07,3338.0,3416.75,3332.25,3406.75,True,False,False,0.020596165368484076,3110.726700439453,True,buy_after_red,2020-10-07,2.0596165368484076,0.02,2.0396165368484076,67.98173819206924
2020-10-14,3502.0,3524.0,3472.0,3481.0,False,True,False,-0.0059965733866361726,3117.080450439453,True,buy_after_red,2020-10-14,-0.5996573386636173,0.02,-0.6196573386636173,67.36208085340563
2020-10-15,3479.25,3486.5,3431.5,3475.5,False,True,False,-0.001077818495365368,3118.302950439453,True,buy_after_red,2020-10-15,-0.1077818495365368,0.02,-0.1277818495365368,67.2342990038691
2020-10-16,3478.5,3508.5,3461.25,3462.25,False,True,False,-0.004671553830674191,3119.319200439453,True,buy_after_red,2020-10-16,-0.4671553830674191,0.02,-0.4871553830674191,66.74714362080168
2020-10-19,3471.0,3496.5,3410.75,3422.75,False,True,False,-0.013900893114376256,3120.255450439453,True,buy_after_red,2020-10-19,-1.3900893114376256,0.02,-1.4100893114376256,65.33705430936405
2020-10-20,3436.0,3469.75,3418.75,3432.25,False,True,False,-0.0010913853317811029,3121.1992004394533,True,buy_after_red,2020-10-20,-0.10913853317811029,0.02,-0.12913853317811028,65.20791577618594
2020-10-21,3437.0,3458.0,3420.5,3432.5,False,True,False,-0.0013092813500145128,3122.1854504394532,True,buy_after_red,2020-10-21,-0.13092813500145128,0.02,-0.15092813500145127,65.05698764118449
2020-10-22,3430.25,3453.0,3402.5,3449.25,True,False,False,0.00553895488667,3123.130450439453,True,buy_after_red,2020-10-22,0.553895488667,0.02,0.533895488667,65.59088312985149
2020-10-26,3445.75,3446.25,3356.0,3393.5,False,True,False,-0.015163607342378316,3124.652950439453,True,buy_after_red,2020-10-26,-1.5163607342378316,0.02,-1.5363607342378316,64.05452239561366
2020-10-27,3394.25,3410.0,3368.25,3383.0,False,True,False,-0.003314428813434467,3125.119200439453,True,buy_after_red,2020-10-27,-0.3314428813434467,0.02,-0.3514428813434467,63.703079514270215
2020-10-28,3369.0,3370.25,3260.75,3263.5,False,True,False,-0.03131493024636389,3124.996700439453,True,buy_after_red,2020-10-28,-3.1314930246363892,0.02,-3.1514930246363893,60.55158648963383
2020-10-29,3279.0,3333.75,3250.25,3302.25,True,False,False,0.007090576395242465,3125.039200439453,True,buy_after_red,2020-10-29,0.7090576395242465,0.02,0.6890576395242465,61.24064412915807
2020-11-02,3260.0,3323.5,3243.25,3300.5,True,False,False,0.012423312883435678,3124.657950439453,True,buy_after_red,2020-11-02,1.2423312883435678,0.02,1.2223312883435677,62.46297541750164
2020-11-09,3522.5,3668.0,3515.75,3544.0,True,False,False,0.006103619588360587,3128.896700439453,True,buy_after_red,2020-11-09,0.6103619588360587,0.02,0.5903619588360587,63.053337376337694
2020-11-11,3546.25,3576.75,3531.0,3568.0,True,False,False,0.006133239337328122,3131.6879504394533,True,buy_after_red,2020-11-11,0.6133239337328122,0.02,0.5933239337328122,63.646661310070506
2020-11-13,3537.5,3590.0,3518.0,3582.0,True,False,False,0.012579505300353455,3134.691700439453,True,buy_after_red,2020-11-13,1.2579505300353455,0.02,1.2379505300353455,64.88461184010585
2020-11-18,3604.5,3623.25,3556.5,3565.0,False,True,False,-0.010958524067138264,3139.265450439453,True,buy_after_red,2020-11-18,-1.0958524067138264,0.02,-1.1158524067138265,63.76875943339202
2020-11-19,3562.0,3582.75,3542.25,3580.0,True,False,False,0.005053340819764163,3140.439200439453,True,buy_after_red,2020-11-19,0.5053340819764163,0.02,0.48533408197641625,64.25409351536844
2020-11-23,3546.5,3588.0,3545.5,3576.0,True,False,False,0.008318060059213206,3142.697950439453,True,buy_after_red,2020-11-23,0.8318060059213206,0.02,0.8118060059213206,65.06589952128977
2020-11-27,3630.25,3642.75,3612.75,3636.5,True,False,False,0.0017216445148404702,3146.6029504394533,True,buy_after_red,2020-11-27,0.17216445148404702,0.02,0.15216445148404703,65.2180639727738
2020-12-01,3631.0,3677.5,3626.0,3660.5,True,False,False,0.008124483613329625,3149.2704504394533,True,buy_after_red,2020-12-01,0.8124483613329625,0.02,0.7924483613329625,66.01051233410676
2020-12-04,3668.25,3700.0,3665.5,3698.0,True,False,False,0.008110134260205903,3153.9404504394533,True,buy_after_red,2020-12-04,0.8110134260205903,0.02,0.7910134260205903,66.80152576012735
2020-12-08,3682.75,3708.0,3664.25,3702.0,True,False,False,0.0052270721607494686,3159.110450439453,True,buy_after_red,2020-12-08,0.5227072160749469,0.02,0.5027072160749468,67.3042329762023
2020-12-10,3669.5,3681.25,3644.0,3668.5,False,True,False,-0.00027251669164740644,3165.479200439453,True,buy_after_red,2020-12-10,-0.027251669164740644,0.02,-0.04725166916474065,67.25698130703756
2020-12-11,3670.0,3674.75,3628.25,3661.25,False,True,False,-0.0023841961852860694,3169.030450439453,True,buy_after_red,2020-12-11,-0.23841961852860694,0.02,-0.25841961852860695,66.99856168850896
2020-12-14,3677.75,3698.0,3642.75,3646.5,False,True,False,-0.008497043029025875,3171.9379504394533,True,buy_after_red,2020-12-14,-0.8497043029025875,0.02,-0.8697043029025875,66.12885738560637
2020-12-15,3653.0,3695.75,3642.75,3694.5,True,False,False,0.011360525595401016,3175.425450439453,True,buy_after_red,2020-12-15,1.1360525595401016,0.02,1.1160525595401016,67.24490994514647
2020-12-22,3685.0,3695.0,3663.75,3677.25,False,True,False,-0.002103120759837207,3194.442950439453,True,buy_after_red,2020-12-22,-0.2103120759837207,0.02,-0.2303120759837207,67.01459786916276
2020-12-23,3674.25,3701.75,3651.0,3681.5,True,False,False,0.0019731918078520483,3199.149200439453,True,buy_after_red,2020-12-23,0.19731918078520483,0.02,0.17731918078520484,67.19191704994796
2020-12-30,3724.5,3738.25,3716.5,3724.25,False,True,False,-6.712310377232633e-05,3223.099200439453,True,buy_after_red,2020-12-30,-0.006712310377232633,0.02,-0.026712310377232634,67.16520473957073
2020-12-31,3725.0,3753.0,3715.0,3748.75,True,False,False,0.0063758389261745485,3229.7729504394533,True,buy_after_red,2020-12-31,0.6375838926174549,0.02,0.6175838926174548,67.78278863218819
2021-01-05,3695.0,3730.0,3673.25,3718.25,True,False,False,0.006292286874154174,3242.619300537109,True,buy_after_red,2021-01-05,0.6292286874154174,0.02,0.6092286874154174,68.39201731960361
2021-01-12,3794.25,3806.75,3768.0,3794.5,True,False,False,6.588917440875086e-05,3276.0318005371096,True,buy_after_red,2021-01-12,0.006588917440875086,0.02,-0.013411082559124914,68.37860623704448
2021-01-15,3793.0,3797.75,3741.5,3762.25,False,True,False,-0.008107039282889583,3294.6730505371092,True,buy_after_red,2021-01-15,-0.8107039282889583,0.02,-0.8307039282889583,67.54790230875552
2021-01-19,3750.0,3797.0,3740.5,3790.5,True,False,False,0.01079999999999992,3301.0430505371096,True,buy_after_red,2021-01-19,1.079999999999992,0.02,1.059999999999992,68.60790230875551
2021-01-25,3835.5,3853.25,3788.5,3848.5,True,False,False,0.0033893886064397805,3325.3905505371094,True,buy_after_red,2021-01-25,0.33893886064397805,0.02,0.31893886064397803,68.9268411693995
2021-01-27,3845.25,3853.0,3706.5,3744.25,False,True,False,-0.026266172550549416,3335.6293005371094,True,buy_after_red,2021-01-27,-2.6266172550549416,0.02,-2.6466172550549416,66.28022391434456
2021-01-28,3735.25,3823.5,3703.5,3779.25,True,False,False,0.011779666688976675,3340.3105505371095,True,buy_after_red,2021-01-28,1.1779666688976675,0.02,1.1579666688976675,67.43819058324223
2021-02-01,3692.25,3777.0,3656.5,3765.75,True,False,False,0.019906561040016202,3349.8530505371095,True,buy_after_red,2021-02-01,1.9906561040016202,0.02,1.9706561040016202,69.40884668724385
2021-02-04,3832.75,3869.75,3811.25,3864.5,True,False,False,0.008283869284456236,3365.3418005371095,True,buy_after_red,2021-02-04,0.8283869284456236,0.02,0.8083869284456235,70.21723361568948
2021-02-10,3912.25,3928.5,3878.25,3903.0,False,True,False,-0.0023643683302447815,3386.9868005371095,True,buy_after_red,2021-02-10,-0.23643683302447815,0.02,-0.2564368330244782,69.960796782665
2021-02-11,3907.0,3920.5,3884.5,3912.0,True,False,False,0.0012797542871769707,3392.210550537109,True,buy_after_red,2021-02-11,0.12797542871769707,0.02,0.10797542871769707,70.0687722113827
2021-02-17,3929.0,3932.25,3896.5,3928.0,False,True,False,-0.0002545176889794387,3407.8180505371092,True,buy_after_red,2021-02-17,-0.02545176889794387,0.02,-0.045451768897943876,70.02332044248475
2021-02-18,3928.25,3936.0,3880.5,3909.5,False,True,False,-0.004773117800547344,3413.2393005371096,True,buy_after_red,2021-02-18,-0.4773117800547344,0.02,-0.4973117800547344,69.52600866243002
2021-02-19,3910.5,3931.0,3890.25,3903.0,False,True,False,-0.00191791331031832,3418.463050537109,True,buy_after_red,2021-02-19,-0.191791331031832,0.02,-0.21179133103183198,69.31421733139818
2021-02-22,3905.5,3914.5,3861.25,3873.5,False,True,False,-0.008193573166047852,3423.6630505371095,True,buy_after_red,2021-02-22,-0.8193573166047852,0.02,-0.8393573166047852,68.47486001479339
2021-02-23,3878.0,3896.0,3804.75,3878.0,False,False,True,0.0,3428.6530505371093,True,buy_after_red,2021-02-23,0.0,0.02,-0.02,68.4548600147934
2021-02-26,3823.25,3858.5,3785.0,3809.25,False,True,False,-0.003661806055057837,3442.9330505371095,True,buy_after_red,2021-02-26,-0.3661806055057837,0.02,-0.3861806055057837,68.06867940928761
2021-03-01,3817.25,3912.0,3812.5,3898.75,True,False,False,0.021350448621389795,3448.3618005371095,True,buy_after_red,2021-03-01,2.1350448621389795,0.02,2.1150448621389795,70.18372427142658
2021-03-03,3867.5,3898.0,3813.0,3816.75,False,True,False,-0.01312217194570131,3458.315550537109,True,buy_after_red,2021-03-03,-1.312217194570131,0.02,-1.332217194570131,68.85150707685645
2021-03-04,3818.0,3842.25,3720.5,3765.5,False,True,False,-0.013750654793085348,3462.4030505371093,True,buy_after_red,2021-03-04,-1.3750654793085348,0.02,-1.3950654793085349,67.45644159754792
2021-03-05,3765.5,3850.0,3728.5,3839.0,True,False,False,0.01951932014340718,3467.0043005371094,True,buy_after_red,2021-03-05,1.9519320143407182,0.02,1.9319320143407182,69.38837361188864
2021-03-09,3831.25,3901.25,3826.25,3873.25,True,False,False,0.010962479608482845,3475.9393005371094,True,buy_after_red,2021-03-09,1.0962479608482845,0.02,1.0762479608482844,70.46462157273692
2021-03-17,3967.5,3983.75,3935.25,3974.0,True,False,False,0.0016383112791429344,3503.7518005371094,True,buy_after_red,2021-03-17,0.16383112791429344,0.02,0.14383112791429345,70.60845270065121
2021-03-19,3923.75,3934.25,3908.0,3912.6201171875,False,True,False,-0.002836542290538424,3511.923651123047,True,buy_after_red,2021-03-19,-0.2836542290538424,0.02,-0.30365422905384243,70.30479847159737
2021-03-22,3893.5,3944.5,3885.0,3930.0,True,False,False,0.00937459869012458,3516.021151123047,True,buy_after_red,2021-03-22,0.937459869012458,0.02,0.917459869012458,71.22225834060983
2021-03-24,3905.75,3931.5,3877.5,3880.75,False,True,False,-0.006400819304871019,3522.852401123047,True,buy_after_red,2021-03-24,-0.6400819304871019,0.02,-0.660081930487102,70.56217641012273
2021-03-25,3882.75,3909.5,3843.25,3900.5,True,False,False,0.004571502156976326,3526.327401123047,True,buy_after_red,2021-03-25,0.4571502156976326,0.02,0.43715021569763257,70.99932662582036
2021-03-30,3965.25,3968.5,3933.75,3947.75,False,True,False,-0.004413340899060536,3539.529901123047,True,buy_after_red,2021-03-30,-0.4413340899060536,0.02,-0.4613340899060536,70.5379925359143
2021-03-31,3949.5,3983.75,3941.5,3967.5,True,False,False,0.004557538928978255,3544.002401123047,True,buy_after_red,2021-03-31,0.45575389289782553,0.02,0.4357538928978255,70.97374642881212
2021-04-07,4067.0,4075.5,4056.5,4070.0,True,False,False,0.0007376444553726103,3562.4761010742186,True,buy_after_red,2021-04-07,0.07376444553726103,0.02,0.05376444553726102,71.02751087434937
2021-04-15,4123.5,4166.5,4119.5,4162.5,True,False,False,0.009457984721716883,3594.167351074219,True,buy_after_red,2021-04-15,0.9457984721716883,0.02,0.9257984721716883,71.95330934652107
2021-04-20,4156.25,4167.25,4110.5,4126.5,False,True,False,-0.007157894736842141,3609.8473510742188,True,buy_after_red,2021-04-20,-0.7157894736842141,0.02,-0.7357894736842141,71.21751987283685
2021-04-21,4121.25,4167.25,4113.0,4164.75,True,False,False,0.01055505004549584,3614.8111010742186,True,buy_after_red,2021-04-21,1.055505004549584,0.02,1.035505004549584,72.25302487738642
2021-04-23,4129.0,4186.75,4127.5,4171.5,True,False,False,0.010293049164446622,3624.807351074219,True,buy_after_red,2021-04-23,1.0293049164446622,0.02,1.0093049164446621,73.26232979383109
2021-04-28,4180.25,4193.75,4172.75,4176.25,False,True,False,-0.0009568805693439542,3640.142351074219,True,buy_after_red,2021-04-28,-0.09568805693439542,0.02,-0.11568805693439542,73.1466417368967
2021-04-29,4184.75,4211.0,4168.0,4203.5,True,False,False,0.004480554393930358,3645.2423510742187,True,buy_after_red,2021-04-29,0.4480554393930358,0.02,0.4280554393930358,73.57469717628973
2021-05-03,4181.5,4202.5,4181.0,4185.75,True,False,False,0.001016381681214984,3654.9736010742185,True,buy_after_red,2021-05-03,0.1016381681214984,0.02,0.08163816812149839,73.65633534441123
2021-05-05,4158.25,4180.0,4153.0,4160.0,True,False,False,0.000420850117236915,3664.2686010742186,True,buy_after_red,2021-05-05,0.0420850117236915,0.02,0.0220850117236915,73.67842035613492
2021-05-11,4176.75,4185.5,4103.75,4146.25,False,True,False,-0.007302328365355826,3683.2736010742187,True,buy_after_red,2021-05-11,-0.7302328365355826,0.02,-0.7502328365355826,72.92818751959933
2021-05-12,4140.0,4150.5,4051.0,4058.75,False,True,False,-0.01962560386473433,3687.406101074219,True,buy_after_red,2021-05-12,-1.9625603864734331,0.02,-1.9825603864734331,70.9456271331259
2021-05-13,4053.5,4126.75,4029.25,4107.0,True,False,False,0.013198470457629119,3691.8761010742187,True,buy_after_red,2021-05-13,1.319847045762912,0.02,1.2998470457629119,72.24547417888881
2021-05-18,4159.0,4179.5,4111.5,4123.0,False,True,False,-0.008655926905506095,3705.301101074219,True,buy_after_red,2021-05-18,-0.8655926905506095,0.02,-0.8855926905506095,71.3598814883382
2021-05-19,4114.0,4123.0,4055.5,4111.5,False,True,False,-0.0006076810889644735,3709.4161010742187,True,buy_after_red,2021-05-19,-0.06076810889644735,0.02,-0.08076810889644735,71.27911337944175
2021-05-20,4107.75,4169.25,4084.5,4154.25,True,False,False,0.011320065729413908,3713.687351074219,True,buy_after_red,2021-05-20,1.1320065729413908,0.02,1.1120065729413908,72.39111995238315
2021-05-24,4151.5,4206.25,4142.5,4193.75,True,False,False,0.010177044441768146,3722.113601074219,True,buy_after_red,2021-05-24,1.0177044441768146,0.02,0.9977044441768146,73.38882439655997
2021-05-26,4188.0,4204.25,4180.5,4193.0,True,False,False,0.0011938872970391756,3730.5186010742186,True,buy_after_red,2021-05-26,0.11938872970391756,0.02,0.09938872970391756,73.48821312626389
2021-06-01,4206.5,4230.0,4190.0,4198.5,False,True,False,-0.0019018186140496995,3743.1798510742187,True,buy_after_red,2021-06-01,-0.19018186140496995,0.02,-0.21018186140496994,73.27803126485891
2021-06-02,4198.5,4215.0,4190.75,4206.25,True,False,False,0.0018458973442896376,3747.403601074219,True,buy_after_red,2021-06-02,0.18458973442896376,0.02,0.16458973442896377,73.44262099928787
2021-06-04,4190.75,4232.0,4177.0,4228.25,True,False,False,0.008948278947682464,3755.667351074219,True,buy_after_red,2021-06-04,0.8948278947682464,0.02,0.8748278947682464,74.31744889405611
2021-06-08,4227.5,4236.75,4205.75,4225.75,False,True,False,-0.0004139562389119389,3764.156101074219,True,buy_after_red,2021-06-08,-0.04139562389119389,0.02,-0.06139562389119389,74.25605327016493
2021-06-09,4225.5,4235.0,4217.0,4218.5,False,True,False,-0.0016566086853626594,3768.2861010742185,True,buy_after_red,2021-06-09,-0.16566086853626594,0.02,-0.18566086853626593,74.07039240162867
2021-06-10,4222.25,4249.0,4207.0,4238.0,True,False,False,0.003730238616851178,3772.338601074219,True,buy_after_red,2021-06-10,0.3730238616851178,0.02,0.3530238616851178,74.42341626331378
2021-06-16,4248.0,4251.25,4200.75,4223.0,False,True,False,-0.005885122410546173,3787.6236010742186,True,buy_after_red,2021-06-16,-0.5885122410546173,0.02,-0.6085122410546173,73.81490402225917
2021-06-17,4214.25,4232.5,4193.0,4222.25,True,False,False,0.0018983211722132243,3791.2398510742187,True,buy_after_red,2021-06-17,0.18983211722132243,0.02,0.16983211722132244,73.98473613948049
2021-06-21,4142.5,4219.75,4126.75,4213.75,True,False,False,0.017199758599879322,3797.713601074219,True,buy_after_red,2021-06-21,1.7199758599879322,0.02,1.6999758599879322,75.68471199946842
2021-06-24,4233.75,4263.75,4231.75,4256.0,True,False,False,0.005255388249188142,3810.2598510742187,True,buy_after_red,2021-06-24,0.5255388249188142,0.02,0.5055388249188142,76.19025082438723
2021-07-07,4328.0,4353.25,4320.25,4349.75,True,False,False,0.0050254158964879725,3847.7231005859376,True,buy_after_red,2021-07-07,0.5025415896487972,0.02,0.48254158964879723,76.67279241403604
2021-07-09,4310.25,4364.0,4293.25,4360.0,True,False,False,0.01154225392958641,3858.2168505859377,True,buy_after_red,2021-07-09,1.154225392958641,0.02,1.134225392958641,77.80701780699468
2021-07-14,4359.5,4384.5,4350.0,4367.75,True,False,False,0.001892418855373279,3874.9618505859376,True,buy_after_red,2021-07-14,0.1892418855373279,0.02,0.1692418855373279,77.97625969253201
2021-07-16,4347.75,4368.0,4314.25,4318.5,False,True,False,-0.00672761773331032,3884.9156005859377,True,buy_after_red,2021-07-16,-0.672761773331032,0.02,-0.6927617733310321,77.28349791920098
2021-07-19,4320.0,4320.75,4224.0,4251.25,False,True,False,-0.01591435185185186,3889.4118505859374,True,buy_after_red,2021-07-19,-1.591435185185186,0.02,-1.611435185185186,75.6720627340158
2021-07-20,4262.75,4329.0,4252.75,4315.5,True,False,False,0.012374640783531676,3894.1506005859374,True,buy_after_red,2021-07-20,1.2374640783531676,0.02,1.2174640783531676,76.88952681236897
2021-07-28,4380.0,4407.75,4377.5,4393.75,True,False,False,0.003139269406392753,3923.7131005859374,True,buy_after_red,2021-07-28,0.3139269406392753,0.02,0.29392694063927527,77.18345375300825
2021-08-02,4396.5,4419.75,4377.25,4379.75,False,True,False,-0.003809848743318578,3937.0256005859374,True,buy_after_red,2021-08-02,-0.3809848743318578,0.02,-0.4009848743318578,76.7824688786764
2021-08-03,4383.75,4417.0,4365.25,4415.0,True,False,False,0.007128599942971103,3941.7231005859376,True,buy_after_red,2021-08-03,0.7128599942971103,0.02,0.6928599942971103,77.4753288729735
2021-08-05,4396.25,4422.75,4393.75,4421.5,True,False,False,0.005743531418822778,3951.3793505859376,True,buy_after_red,2021-08-05,0.5743531418822778,0.02,0.5543531418822778,78.02968201485578
2021-08-10,4427.25,4438.25,4416.5,4430.0,True,False,False,0.0006211530860014136,3966.2356005859374,True,buy_after_red,2021-08-10,0.06211530860014136,0.02,0.04211530860014136,78.07179732345593
2021-08-18,4436.75,4449.75,4381.5,4394.5,False,True,False,-0.00952273623711053,3999.2893505859374,True,buy_after_red,2021-08-18,-0.952273623711053,0.02,-0.972273623711053,77.09952369974488
2021-08-19,4389.75,4414.75,4347.75,4401.5,True,False,False,0.002676690016515826,4004.7943505859375,True,buy_after_red,2021-08-19,0.2676690016515826,0.02,0.2476690016515826,77.34719270139647
2021-08-27,4470.0,4510.0,4462.25,4505.5,True,False,False,0.007941834451901553,4034.6593505859373,True,buy_after_red,2021-08-27,0.7941834451901553,0.02,0.7741834451901553,78.12137614658663
2021-09-01,4527.75,4540.0,4519.25,4521.25,False,True,False,-0.0014355916293965487,4049.0818505859374,True,buy_after_red,2021-09-01,-0.14355916293965487,0.02,-0.16355916293965486,77.95781698364698
2021-09-02,4522.5,4544.0,4516.0,4535.25,True,False,False,0.002819237147595466,4053.6431005859376,True,buy_after_red,2021-09-02,0.2819237147595466,0.02,0.26192371475954657,78.21974069840653
2021-09-07,4533.0,4548.0,4510.75,4519.25,False,True,False,-0.003033311272887751,4063.0531005859375,True,buy_after_red,2021-09-07,-0.3033311272887751,0.02,-0.3233311272887751,77.89640957111774
2021-09-08,4517.5,4524.75,4492.0,4512.5,False,True,False,-0.0011068068622025473,4067.7156005859374,True,buy_after_red,2021-09-08,-0.11068068622025473,0.02,-0.13068068622025472,77.76572888489748
2021-09-09,4511.0,4529.5,4485.5,4492.25,False,True,False,-0.004156506317889552,4072.4056005859375,True,buy_after_red,2021-09-09,-0.4156506317889552,0.02,-0.43565063178895524,77.33007825310852
2021-09-10,4491.25,4518.25,4456.5,4458.25,False,True,False,-0.00734762037294745,4076.8168505859376,True,buy_after_red,2021-09-10,-0.734762037294745,0.02,-0.754762037294745,76.57531621581379
2021-09-13,4461.0,4492.75,4444.75,4469.0,True,False,False,0.001793319883434119,4080.9981005859377,True,buy_after_red,2021-09-13,0.1793319883434119,0.02,0.15933198834341192,76.7346482041572
2021-09-15,4446.75,4487.5,4437.5,4481.75,True,False,False,0.007870916961826069,4089.3106005859377,True,buy_after_red,2021-09-15,0.7870916961826069,0.02,0.7670916961826069,77.5017399003398
2021-09-17,4471.0,4482.5,4459.0,4464.330078125,False,True,False,-0.0014918188045179859,4097.584750976563,True,buy_after_red,2021-09-17,-0.1491818804517986,0.02,-0.16918188045179858,77.332558019888
2021-09-20,4411.75,4418.0,4293.75,4348.25,False,True,False,-0.014393381311270992,4100.989750976562,True,buy_after_red,2021-09-20,-1.4393381311270992,0.02,-1.4593381311270992,75.8732198887609
2021-09-21,4342.5,4395.75,4329.25,4343.25,True,False,False,0.00017271157167519924,4104.383500976563,True,buy_after_red,2021-09-21,0.017271157167519924,0.02,-0.0027288428324800766,75.87049104592842
2021-09-28,4429.75,4442.0,4334.75,4343.5,False,True,False,-0.019470624753089916,4122.446000976563,True,buy_after_red,2021-09-28,-1.9470624753089916,0.02,-1.9670624753089916,73.90342857061943
2021-09-29,4347.5,4378.75,4344.25,4349.75,True,False,False,0.0005175388154110561,4125.888500976563,True,buy_after_red,2021-09-29,0.051753881541105606,0.02,0.0317538815411056,73.93518245216053
2021-10-01,4301.0,4365.75,4260.0,4343.75,True,False,False,0.00993954894210658,4132.391000976562,True,buy_after_red,2021-10-01,0.993954894210658,0.02,0.973954894210658,74.9091373463712
2021-10-05,4295.75,4359.75,4269.0,4334.0,True,False,False,0.008904149450037924,4138.407250976563,True,buy_after_red,2021-10-05,0.8904149450037924,0.02,0.8704149450037924,75.77955229137498
2021-10-11,4381.0,4407.5,4344.0,4351.0,False,True,False,-0.00684775165487328,4151.939750976562,True,buy_after_red,2021-10-11,-0.684775165487328,0.02,-0.704775165487328,75.07477712588765
2021-10-12,4347.75,4365.0,4317.25,4340.75,False,True,False,-0.00161002817549305,4155.168500976562,True,buy_after_red,2021-10-12,-0.161002817549305,0.02,-0.181002817549305,74.89377430833835
2021-10-13,4327.5,4364.75,4318.75,4355.0,True,False,False,0.006354708261120834,4158.306000976562,True,buy_after_red,2021-10-13,0.6354708261120834,0.02,0.6154708261120834,75.50924513445044
2021-10-28,4548.75,4589.75,4545.25,4587.5,True,False,False,0.008518823852706747,4200.278500976562,True,buy_after_red,2021-10-28,0.8518823852706747,0.02,0.8318823852706747,76.34112751972111
2021-11-02,4605.75,4627.0,4593.25,4623.5,True,False,False,0.003853878304293623,4212.689750976562,True,buy_after_red,2021-11-02,0.3853878304293623,0.02,0.3653878304293623,76.70651535015047
2021-11-10,4674.75,4680.25,4625.25,4642.0,False,True,False,-0.007005722231135381,4238.037250976562,True,buy_after_red,2021-11-10,-0.7005722231135381,0.02,-0.7205722231135381,75.98594312703693
2021-11-11,4645.0,4661.5,4638.0,4643.0,False,True,False,-0.00043057050592032464,4242.356000976562,True,buy_after_red,2021-11-11,-0.043057050592032464,0.02,-0.06305705059203247,75.9228860764449
2021-11-12,4647.0,4685.5,4643.75,4678.25,True,False,False,0.006724768667957903,4247.221000976562,True,buy_after_red,2021-11-12,0.6724768667957903,0.02,0.6524768667957903,76.57536294324069
2021-11-16,4680.75,4709.75,4670.75,4696.0,True,False,False,0.003258024889173816,4256.176000976562,True,buy_after_red,2021-11-16,0.3258024889173816,0.02,0.3058024889173816,76.88116543215807
2021-11-18,4685.25,4706.5,4668.0,4701.5,True,False,False,0.0034683314657701914,4264.674750976563,True,buy_after_red,2021-11-18,0.34683314657701914,0.02,0.3268331465770191,77.20799857873509
2021-11-22,4701.0,4740.5,4674.25,4679.75,False,True,False,-0.004520314826632621,4272.604750976562,True,buy_after_red,2021-11-22,-0.4520314826632621,0.02,-0.4720314826632621,76.73596709607182
2021-11-23,4686.0,4695.5,4649.0,4688.5,True,False,False,0.0005335040546308178,4276.519750976562,True,buy_after_red,2021-11-23,0.053350405463081785,0.02,0.03335040546308178,76.7693175015349
2021-11-29,4589.0,4669.75,4588.75,4651.0,True,False,False,0.013510568751361918,4287.518500976563,True,buy_after_red,2021-11-29,1.3510568751361918,0.02,1.3310568751361918,78.1003743766711
2021-12-01,4587.5,4650.75,4497.75,4508.5,False,True,False,-0.017220708446866517,4293.613500976562,True,buy_after_red,2021-12-01,-1.7220708446866517,0.02,-1.7420708446866517,76.35830353198445
2021-12-02,4514.75,4593.75,4505.5,4575.75,True,False,False,0.013511268619524897,4296.944750976562,True,buy_after_red,2021-12-02,1.3511268619524897,0.02,1.3311268619524896,77.68943039393693
2021-12-06,4542.25,4611.75,4531.5,4590.0,True,False,False,0.010512411249931297,4303.699750976562,True,buy_after_red,2021-12-06,1.0512411249931297,0.02,1.0312411249931297,78.72067151893006
2021-12-10,4669.25,4712.75,4664.25,4711.0,True,False,False,0.00894147882422236,4320.321000976563,True,buy_after_red,2021-12-10,0.894147882422236,0.02,0.874147882422236,79.5948194013523
2021-12-14,4672.0,4686.0,4606.0,4637.0,False,True,False,-0.007491438356164393,4328.018500976563,True,buy_after_red,2021-12-14,-0.7491438356164393,0.02,-0.7691438356164393,78.82567556573586
2021-12-15,4637.75,4715.0,4611.25,4709.5,True,False,False,0.015470864104361048,4332.482250976563,True,buy_after_red,2021-12-15,1.5470864104361048,0.02,1.5270864104361048,80.35276197617196
2021-12-17,4674.25,4677.75,4629.5,4636.4599609375,False,True,False,-0.008084727830668048,4340.98580078125,True,buy_after_red,2021-12-17,-0.8084727830668048,0.02,-0.8284727830668048,79.52428919310516
2021-12-20,4612.0,4621.5,4520.25,4558.5,False,True,False,-0.011600173460537766,4344.68205078125,True,buy_after_red,2021-12-20,-1.1600173460537766,0.02,-1.1800173460537766,78.34427184705139
2021-12-21,4567.75,4643.0,4565.75,4640.75,True,False,False,0.01598161020195943,4348.51955078125,True,buy_after_red,2021-12-21,1.5981610201959429,0.02,1.5781610201959428,79.92243286724734
2021-12-29,4781.0,4796.0,4770.0,4784.5,True,False,False,0.0007320644216690653,4368.72705078125,True,buy_after_red,2021-12-29,0.07320644216690653,0.02,0.05320644216690652,79.97563930941425
2021-12-31,4773.75,4778.5,4750.5,4758.5,False,True,False,-0.003194553548049206,4376.92830078125,True,buy_after_red,2021-12-31,-0.3194553548049206,0.02,-0.3394553548049206,79.63618395460932
2022-01-03,4771.0,4791.25,4747.5,4786.0,True,False,False,0.003143994969608155,4381.295200195313,True,buy_after_red,2022-01-03,0.3143994969608155,0.02,0.29439949696081547,79.93058345157014
2022-01-05,4783.5,4788.25,4689.5,4692.5,False,True,False,-0.019023727396258017,4389.530200195312,True,buy_after_red,2022-01-05,-1.9023727396258017,0.02,-1.9223727396258017,78.00821071194434
2022-01-06,4692.0,4715.75,4662.0,4687.5,False,True,False,-0.0009590792838874984,4393.563950195313,True,buy_after_red,2022-01-06,-0.09590792838874984,0.02,-0.11590792838874985,77.89230278355559
2022-01-07,4695.0,4705.75,4653.75,4667.75,False,True,False,-0.005804046858360001,4397.400200195312,True,buy_after_red,2022-01-07,-0.5804046858360001,0.02,-0.6004046858360002,77.2918980977196
2022-01-10,4671.25,4681.75,4572.75,4662.25,False,True,False,-0.0019266791544019224,4400.887700195312,True,buy_after_red,2022-01-10,-0.19266791544019224,0.02,-0.21266791544019223,77.0792301822794
2022-01-11,4663.5,4707.5,4627.25,4705.0,True,False,False,0.008898895679210872,4404.617700195313,True,buy_after_red,2022-01-11,0.8898895679210872,0.02,0.8698895679210872,77.9491197502005
2022-01-14,4655.0,4667.0,4606.0,4654.75,False,True,False,-5.370569280338522e-05,4415.106450195312,True,buy_after_red,2022-01-14,-0.005370569280338522,0.02,-0.025370569280338522,77.92374918092015
2022-01-18,4666.0,4671.75,4560.0,4571.25,False,True,False,-0.020306472353193272,4417.623950195312,True,buy_after_red,2022-01-18,-2.0306472353193272,0.02,-2.0506472353193272,75.87310194560082
2022-01-19,4577.75,4603.0,4517.25,4524.25,False,True,False,-0.011686964119927867,4419.925200195313,True,buy_after_red,2022-01-19,-1.1686964119927867,0.02,-1.1886964119927868,74.68440553360804
2022-01-20,4526.0,4594.25,4437.75,4474.75,False,True,False,-0.011323464427750785,4421.948950195312,True,buy_after_red,2022-01-20,-1.1323464427750785,0.02,-1.1523464427750785,73.53205909083296
2022-01-21,4454.25,4487.0,4381.25,4390.0,False,True,False,-0.014424426109895028,4423.453950195312,True,buy_after_red,2022-01-21,-1.4424426109895028,0.02,-1.4624426109895028,72.06961647984346
2022-01-24,4389.0,4427.5,4212.75,4403.75,True,False,False,0.0033606744133058974,4424.875200195313,True,buy_after_red,2022-01-24,0.33606744133058974,0.02,0.3160674413305897,72.38568392117405
2022-01-26,4308.75,4446.25,4294.25,4341.5,True,False,False,0.007600812300551096,4427.062700195313,True,buy_after_red,2022-01-26,0.7600812300551096,0.02,0.7400812300551096,73.12576515122916
2022-01-28,4348.0,4426.0,4266.25,4423.25,True,False,False,0.017306807727690998,4429.365200195312,True,buy_after_red,2022-01-28,1.7306807727690998,0.02,1.7106807727690998,74.83644592399826
2022-02-04,4518.0,4532.5,4438.5,4492.5,False,True,False,-0.005644090305444882,4438.501450195313,True,buy_after_red,2022-02-04,-0.5644090305444882,0.02,-0.5844090305444882,74.25203689345376
2022-02-07,4497.0,4514.5,4462.75,4475.75,False,True,False,-0.004725372470535949,4440.022700195313,True,buy_after_red,2022-02-07,-0.4725372470535949,0.02,-0.4925372470535949,73.75949964640017
2022-02-08,4484.0,4523.75,4456.25,4512.5,True,False,False,0.006355932203389925,4441.687700195313,True,buy_after_red,2022-02-08,0.6355932203389925,0.02,0.6155932203389924,74.37509286673917
2022-02-11,4494.5,4520.5,4393.25,4409.5,False,True,False,-0.01891200355990652,4446.317700195313,True,buy_after_red,2022-02-11,-1.891200355990652,0.02,-1.911200355990652,72.46389251074851
2022-02-14,4411.75,4428.0,4354.0,4394.0,False,True,False,-0.00402334674448912,4447.4152001953125,True,buy_after_red,2022-02-14,-0.402334674448912,0.02,-0.42233467444891204,72.0415578362996
2022-02-15,4393.5,4468.0,4381.75,4464.5,True,False,False,0.016160236713326448,4448.808950195313,True,buy_after_red,2022-02-15,1.6160236713326448,0.02,1.5960236713326448,73.63758150763225
2022-02-18,4374.75,4411.5,4321.0,4343.5,False,True,False,-0.0071432653294474235,4452.186450195312,True,buy_after_red,2022-02-18,-0.7143265329447424,0.02,-0.7343265329447424,72.9032549746875
2022-02-22,4324.25,4391.25,4250.0,4300.0,False,True,False,-0.005607908885933988,4452.560200195312,True,buy_after_red,2022-02-22,-0.5607908885933988,0.02,-0.5807908885933988,72.3224640860941
2022-02-23,4310.75,4345.5,4212.5,4222.0,False,True,False,-0.0205880647219161,4452.752700195312,True,buy_after_red,2022-02-23,-2.05880647219161,0.02,-2.07880647219161,70.24365761390249
2022-02-24,4215.5,4290.0,4101.75,4284.0,True,False,False,0.01624955521290472,4453.441450195312,True,buy_after_red,2022-02-24,1.624955521290472,0.02,1.604955521290472,71.84861313519296
2022-03-02,4308.75,4399.25,4278.25,4381.75,True,False,False,0.01694226863939652,4458.146450195312,True,buy_after_red,2022-03-02,1.6942268639396518,0.02,1.6742268639396518,73.52283999913261
2022-03-04,4366.5,4374.5,4281.25,4327.25,False,True,False,-0.008988892705828477,4460.406450195313,True,buy_after_red,2022-03-04,-0.8988892705828477,0.02,-0.9188892705828478,72.60395072854976
2022-03-07,4308.75,4325.25,4185.25,4198.5,False,True,False,-0.025587467362924277,4460.627700195312,True,buy_after_red,2022-03-07,-2.5587467362924277,0.02,-2.5787467362924277,70.02520399225733
2022-03-08,4186.5,4275.0,4138.75,4168.75,False,True,False,-0.004239818464110812,4460.712700195312,True,buy_after_red,2022-03-08,-0.42398184641108116,0.02,-0.4439818464110812,69.58122214584625
2022-03-09,4153.0,4298.25,4152.0,4275.25,True,False,False,0.02943655189019978,4461.1202001953125,True,buy_after_red,2022-03-09,2.943655189019978,0.02,2.923655189019978,72.50487733486624
2022-03-11,4258.5,4335.5,4198.0,4201.5,False,True,False,-0.013384994716449494,4461.521450195312,True,buy_after_red,2022-03-11,-1.3384994716449494,0.02,-1.3584994716449494,71.14637786322129
2022-03-14,4216.0,4254.5,4160.75,4172.0,False,True,False,-0.010436432637571103,4461.386450195312,True,buy_after_red,2022-03-14,-1.0436432637571103,0.02,-1.0636432637571103,70.08273459946417
2022-03-15,4180.25,4271.5,4138.0,4262.0,True,False,False,0.019556246635966668,4461.683950195313,True,buy_after_red,2022-03-15,1.9556246635966668,0.02,1.9356246635966667,72.01835926306084
2022-03-22,4456.75,4514.75,4433.0,4505.0,True,False,False,0.010826274751781106,4467.109450683593,True,buy_after_red,2022-03-22,1.0826274751781106,0.02,1.0626274751781106,73.08098673823895
2022-03-24,4449.25,4517.5,4445.75,4512.5,True,False,False,0.014215879080743843,4469.688200683594,True,buy_after_red,2022-03-24,1.4215879080743843,0.02,1.4015879080743843,74.48257464631334
2022-03-31,4599.0,4614.25,4526.25,4530.75,False,True,False,-0.014840182648401812,4477.931950683594,True,buy_after_red,2022-03-31,-1.4840182648401812,0.02,-1.5040182648401812,72.97855638147315
2022-04-01,4541.0,4555.5,4501.25,4539.25,False,True,False,-0.00038537767011670443,4479.516950683594,True,buy_after_red,2022-04-01,-0.03853776701167044,0.02,-0.05853776701167045,72.92001861446148
2022-04-04,4538.25,4580.0,4527.75,4577.75,True,False,False,0.00870379551589262,4481.469450683594,True,buy_after_red,2022-04-04,0.8703795515892621,0.02,0.850379551589262,73.77039816605074
2022-04-06,4526.25,4528.75,4444.5,4475.75,False,True,False,-0.011157138911902842,4484.199450683594,True,buy_after_red,2022-04-06,-1.1157138911902842,0.02,-1.1357138911902842,72.63468427486046
2022-04-07,4471.25,4517.25,4444.5,4496.25,True,False,False,0.0055912776069331205,4485.523200683594,True,buy_after_red,2022-04-07,0.559127760693312,0.02,0.539127760693312,73.17381203555378
2022-04-11,4488.75,4491.25,4403.5,4409.0,False,True,False,-0.01776663881927043,4487.349450683594,True,buy_after_red,2022-04-11,-1.776663881927043,0.02,-1.796663881927043,71.37714815362673
2022-04-12,4411.0,4466.75,4375.5,4393.0,False,True,False,-0.0040807073226025725,4487.911950683594,True,buy_after_red,2022-04-12,-0.40807073226025725,0.02,-0.42807073226025727,70.94907742136648
2022-04-13,4396.75,4449.5,4384.0,4442.25,True,False,False,0.0103485529083982,4488.713200683594,True,buy_after_red,2022-04-13,1.03485529083982,0.02,1.01485529083982,71.9639327122063
2022-04-18,4390.0,4406.25,4355.5,4386.75,False,True,False,-0.0007403189066059745,4489.588200683594,True,buy_after_red,2022-04-18,-0.07403189066059745,0.02,-0.09403189066059746,71.8699008215457
2022-04-19,4399.0,4467.0,4371.75,4459.25,True,False,False,0.013696294612411952,4490.170700683594,True,buy_after_red,2022-04-19,1.3696294612411952,0.02,1.3496294612411952,73.21953028278689
2022-04-22,4385.75,4393.25,4247.5,4267.25,False,True,False,-0.02701932394687334,4490.753200683594,True,buy_after_red,2022-04-22,-2.701932394687334,0.02,-2.721932394687334,70.49759788809956
2022-04-25,4259.0,4296.5,4195.25,4292.75,True,False,False,0.007924395397980843,4490.416950683593,True,buy_after_red,2022-04-25,0.7924395397980843,0.02,0.7724395397980843,71.27003742789765
2022-04-27,4149.5,4236.25,4149.0,4180.25,True,False,False,0.0074105313893240154,4488.481950683594,True,buy_after_red,2022-04-27,0.7410531389324015,0.02,0.7210531389324015,71.99109056683005
2022-05-02,4144.0,4165.75,4056.0,4151.0,True,False,False,0.0016891891891892552,4486.1007006835935,True,buy_after_red,2022-05-02,0.16891891891892552,0.02,0.14891891891892553,72.14000948574898
2022-05-06,4146.5,4153.25,4062.0,4119.5,False,True,False,-0.006511515736163043,4483.353200683594,True,buy_after_red,2022-05-06,-0.6511515736163043,0.02,-0.6711515736163043,71.46885791213268
2022-05-09,4087.25,4099.0,3970.0,3987.5,False,True,False,-0.024405162395253477,4481.275700683594,True,buy_after_red,2022-05-09,-2.4405162395253477,0.02,-2.4605162395253477,69.00834167260733
2022-05-10,3993.25,4065.5,3953.0,3996.75,True,False,False,0.0008764790584110393,4479.188200683594,True,buy_after_red,2022-05-10,0.08764790584110393,0.02,0.06764790584110393,69.07598957844843
2022-05-12,3939.75,3961.75,3855.0,3927.25,False,True,False,-0.003172790151659388,4474.534450683594,True,buy_after_red,2022-05-12,-0.3172790151659388,0.02,-0.33727901516593883,68.7387105632825
2022-05-13,3916.25,4036.0,3915.5,4019.75,True,False,False,0.02642834344079148,4472.574450683594,True,buy_after_red,2022-05-13,2.642834344079148,0.02,2.622834344079148,71.36154490736165
2022-05-17,4002.0,4091.5,4000.5,4084.75,True,False,False,0.020677161419290435,4469.175700683594,True,buy_after_red,2022-05-17,2.0677161419290435,0.02,2.0477161419290435,73.40926104929069
2022-05-19,3916.5,3943.5,3856.0,3897.75,False,True,False,-0.004787437763309033,4464.229450683593,True,buy_after_red,2022-05-19,-0.47874377633090326,0.02,-0.4987437763309033,72.9105172729598
2022-05-20,3900.5,3949.5,3807.5,3899.5,False,True,False,-0.00025637738751438377,4461.619450683594,True,buy_after_red,2022-05-20,-0.025637738751438377,0.02,-0.04563773875143838,72.86487953420836
2022-05-23,3910.5,3982.25,3906.5,3971.75,True,False,False,0.01566295870093337,4459.330700683594,True,buy_after_red,2022-05-23,1.5662958700933372,0.02,1.5462958700933371,74.41117540430169
2022-05-25,3950.0,3997.75,3913.5,3976.75,True,False,False,0.006772151898734258,4454.638200683594,True,buy_after_red,2022-05-25,0.6772151898734258,0.02,0.6572151898734258,75.06839059417511
2022-06-01,4138.5,4165.0,4071.5,4099.0,False,True,False,-0.009544520961701108,4447.689450683593,True,buy_after_red,2022-06-01,-0.9544520961701108,0.02,-0.9744520961701109,74.093938498005
2022-06-02,4097.75,4179.0,4072.25,4175.25,True,False,False,0.018912818009883425,4446.348200683594,True,buy_after_red,2022-06-02,1.8912818009883425,0.02,1.8712818009883425,75.96522029899334
2022-06-06,4110.5,4168.25,4104.5,4120.5,True,False,False,0.0024327940639825574,4443.505700683594,True,buy_after_red,2022-06-06,0.24327940639825574,0.02,0.22327940639825575,76.1884997053916
2022-06-09,4116.0,4144.25,4014.75,4016.25,False,True,False,-0.02423469387755106,4437.9757006835935,True,buy_after_red,2022-06-09,-2.423469387755106,0.02,-2.443469387755106,73.7450303176365
2022-06-10,4025.25,4029.5,3895.25,3899.0,False,True,False,-0.031364511521023486,4435.005700683594,True,buy_after_red,2022-06-10,-3.1364511521023486,0.02,-3.1564511521023486,70.58857916553416
2022-06-13,3870.75,3876.5,3732.5,3750.5,False,True,False,-0.031066330814441656,4431.425700683594,True,buy_after_red,2022-06-13,-3.1066330814441656,0.02,-3.1266330814441656,67.46194608408999
2022-06-14,3758.25,3805.0,3705.25,3736.75,False,True,False,-0.0057207476884187924,4427.581950683594,True,buy_after_red,2022-06-14,-0.5720747688418792,0.02,-0.5920747688418793,66.8698713152481
2022-06-15,3740.0,3839.0,3720.25,3789.25,True,False,False,0.013168449197860976,4423.901950683594,True,buy_after_red,2022-06-15,1.3168449197860976,0.02,1.2968449197860976,68.1667162350342
2022-06-17,3677.5,3710.75,3663.760009765625,3663.760009765625,False,True,False,-0.0037362311990142283,4415.353250732422,True,buy_after_red,2022-06-17,-0.37362311990142283,0.02,-0.39362311990142285,67.77309311513278
2022-06-21,3684.0,3783.75,3661.5,3767.75,True,False,False,0.02273344191096638,4411.515750732422,True,buy_after_red,2022-06-21,2.273344191096638,0.02,2.253344191096638,70.02643730622943
2022-06-23,3761.25,3805.75,3735.0,3799.75,True,False,False,0.010235958790295818,4404.059500732422,True,buy_after_red,2022-06-23,1.0235958790295818,0.02,1.0035958790295818,71.030033185259
2022-06-28,3911.25,3950.0,3821.75,3825.5,False,True,False,-0.021923937360178947,4394.972000732422,True,buy_after_red,2022-06-28,-2.1923937360178947,0.02,-2.2123937360178947,68.8176394492411
2022-06-29,3828.25,3840.0,3801.25,3821.25,False,True,False,-0.0018285117220662173,4391.733250732422,True,buy_after_red,2022-06-29,-0.18285117220662173,0.02,-0.20285117220662172,68.61478827703448
2022-06-30,3822.75,3825.0,3741.25,3789.5,False,True,False,-0.008697926885095852,4388.458250732422,True,buy_after_red,2022-06-30,-0.8697926885095852,0.02,-0.8897926885095853,67.72499558852489
2022-07-01,3782.0,3833.5,3744.5,3827.25,True,False,False,0.011964569011105208,4385.185750732422,True,buy_after_red,2022-07-01,1.1964569011105208,0.02,1.1764569011105208,68.90145248963542
2022-07-12,3862.0,3876.5,3804.75,3823.75,False,True,False,-0.009904194717762826,4368.770350341797,True,buy_after_red,2022-07-12,-0.9904194717762826,0.02,-1.0104194717762827,67.89103301785913
2022-07-13,3825.0,3873.0,3752.0,3804.5,False,True,False,-0.005359477124183054,4365.564100341797,True,buy_after_red,2022-07-13,-0.5359477124183054,0.02,-0.5559477124183054,67.33508530544083
2022-07-14,3795.75,3806.25,3723.75,3793.25,False,True,False,-0.0006586313640255526,4362.365350341797,True,buy_after_red,2022-07-14,-0.06586313640255526,0.02,-0.08586313640255526,67.24922216903828
2022-07-15,3797.75,3868.25,3780.25,3865.0,True,False,False,0.017707853334210988,4359.972850341797,True,buy_after_red,2022-07-15,1.7707853334210988,0.02,1.7507853334210988,69.00000750245937
2022-07-19,3838.5,3948.0,3834.0,3937.5,True,False,False,0.02579132473622514,4355.591600341797,True,buy_after_red,2022-07-19,2.579132473622514,0.02,2.559132473622514,71.55913997608188
2022-07-25,3967.75,3988.75,3946.0,3970.0,True,False,False,0.0005670720181463196,4348.470350341797,True,buy_after_red,2022-07-25,0.05670720181463196,0.02,0.036707201814631954,71.59584717789652
2022-07-27,3939.25,4042.75,3938.75,4024.5,True,False,False,0.02164117535063781,4344.347850341797,True,buy_after_red,2022-07-27,2.164117535063781,0.02,2.144117535063781,73.7399647129603
2022-08-02,4119.75,4143.0,4080.5,4093.75,False,True,False,-0.006311062564476,4339.075350341797,True,buy_after_red,2022-08-02,-0.6311062564476,0.02,-0.6511062564476,73.0888584565127
2022-08-03,4097.0,4170.0,4084.5,4156.25,True,False,False,0.014461801318037537,4337.544100341797,True,buy_after_red,2022-08-03,1.4461801318037537,0.02,1.4261801318037537,74.51503858831644
2022-08-08,4149.75,4188.0,4129.25,4141.75,False,True,False,-0.0019278269775288015,4332.164100341797,True,buy_after_red,2022-08-08,-0.19278269775288015,0.02,-0.21278269775288014,74.30225589056356
2022-08-09,4148.5,4155.0,4113.0,4124.5,False,True,False,-0.005785223574786058,4330.077850341797,True,buy_after_red,2022-08-09,-0.5785223574786058,0.02,-0.5985223574786058,73.70373353308496
2022-08-10,4128.75,4213.5,4113.75,4210.0,True,False,False,0.019679079624583817,4328.445350341797,True,buy_after_red,2022-08-10,1.9679079624583817,0.02,1.9479079624583817,75.65164149554334
2022-08-12,4219.25,4282.75,4208.25,4281.0,True,False,False,0.014635302482668644,4325.282850341797,True,buy_after_red,2022-08-12,1.4635302482668644,0.02,1.4435302482668644,77.09517174381021
2022-08-18,4279.5,4295.5,4258.0,4286.5,True,False,False,0.00163570510573674,4319.4553503417965,True,buy_after_red,2022-08-18,0.163570510573674,0.02,0.143570510573674,77.23874225438388
2022-08-22,4221.0,4221.5,4131.5,4141.25,False,True,False,-0.018893627102582355,4314.940350341797,True,buy_after_red,2022-08-22,-1.8893627102582355,0.02,-1.9093627102582356,75.32937954412564
2022-08-23,4147.0,4161.75,4118.0,4130.5,False,True,False,-0.003978779840848823,4312.226600341797,True,buy_after_red,2022-08-23,-0.3978779840848823,0.02,-0.4178779840848823,74.91150156004076
2022-08-24,4128.25,4158.5,4110.75,4142.75,True,False,False,0.0035123841821596002,4309.489100341797,True,buy_after_red,2022-08-24,0.35123841821596,0.02,0.33123841821596,75.24273997825672
2022-08-29,4024.0,4064.0,4006.75,4031.25,True,False,False,0.001801689860835065,4300.876600341797,True,buy_after_red,2022-08-29,0.1801689860835065,0.02,0.16016898608350652,75.40290896434023
2022-08-31,3987.25,4018.25,3953.0,3956.5,False,True,False,-0.007712082262210762,4293.990350341797,True,buy_after_red,2022-08-31,-0.7712082262210762,0.02,-0.7912082262210762,74.61170073811915
2022-09-01,3958.0,3971.25,3903.5,3968.75,True,False,False,0.0027160181910055314,4290.439100341797,True,buy_after_red,2022-09-01,0.27160181910055314,0.02,0.2516018191005531,74.86330255721971
2022-09-06,3929.0,3963.25,3886.75,3910.5,False,True,False,-0.004708577246118617,4282.702850341797,True,buy_after_red,2022-09-06,-0.4708577246118617,0.02,-0.4908577246118617,74.37244483260785
2022-09-07,3907.5,3988.75,3883.5,3980.0,True,False,False,0.01855406269993609,4279.095350341797,True,buy_after_red,2022-09-07,1.8554062699936091,0.02,1.8354062699936091,76.20785110260147
2022-09-14,3936.75,3962.75,3911.25,3947.5,True,False,False,0.0027306788594652076,4262.619100341797,True,buy_after_red,2022-09-14,0.27306788594652076,0.02,0.25306788594652074,76.46091898854799
2022-09-16,3888.5,3888.5,3846.0,3871.239990234375,False,True,False,-0.004438732098656306,4255.399050292969,True,buy_after_red,2022-09-16,-0.4438732098656306,0.02,-0.46387320986563063,75.99704577868236
2022-09-19,3889.5,3927.0,3846.25,3917.25,True,False,False,0.007134593135364353,4252.442800292969,True,buy_after_red,2022-09-19,0.7134593135364353,0.02,0.6934593135364353,76.6905050922188
2022-09-21,3878.75,3925.25,3792.0,3806.25,False,True,False,-0.01869158878504673,4245.271550292969,True,buy_after_red,2022-09-21,-1.869158878504673,0.02,-1.8891588785046731,74.80134621371413
2022-09-22,3794.0,3833.0,3763.5,3772.0,False,True,False,-0.00579862941486553,4241.1815502929685,True,buy_after_red,2022-09-22,-0.579862941486553,0.02,-0.5998629414865531,74.20148327222758
2022-09-23,3777.25,3783.25,3660.25,3709.0,False,True,False,-0.018068700774372837,4236.301550292968,True,buy_after_red,2022-09-23,-1.8068700774372837,0.02,-1.8268700774372837,72.3746131947903
2022-09-26,3705.25,3730.5,3657.5,3670.0,False,True,False,-0.009513528102017443,4231.156550292969,True,buy_after_red,2022-09-26,-0.9513528102017443,0.02,-0.9713528102017444,71.40326038458855
2022-09-27,3668.0,3733.0,3635.25,3661.0,False,True,False,-0.001908396946564861,4226.126550292969,True,buy_after_red,2022-09-27,-0.1908396946564861,0.02,-0.21083969465648608,71.19242068993206
2022-09-28,3668.5,3751.25,3613.0,3732.0,True,False,False,0.017309527054654383,4221.231550292969,True,buy_after_red,2022-09-28,1.7309527054654383,0.02,1.7109527054654383,72.90337339539751
2022-09-30,3656.5,3693.75,3595.25,3601.5,False,True,False,-0.015041706549979494,4210.981550292969,True,buy_after_red,2022-09-30,-1.5041706549979494,0.02,-1.5241706549979495,71.37920274039956
2022-10-03,3593.25,3711.75,3571.75,3690.25,True,False,False,0.026995060182286146,4205.885300292969,True,buy_after_red,2022-10-03,2.6995060182286146,0.02,2.6795060182286146,74.05870875862817
2022-10-06,3795.75,3819.5,3750.0,3756.75,False,True,False,-0.01027464927879862,4193.336750488281,True,buy_after_red,2022-10-06,-1.027464927879862,0.02,-1.047464927879862,73.01124383074831
2022-10-07,3745.75,3770.5,3632.5,3653.25,False,True,False,-0.024694653941133238,4188.399250488281,True,buy_after_red,2022-10-07,-2.4694653941133238,0.02,-2.489465394113324,70.52177843663499
2022-10-10,3638.75,3667.5,3600.0,3625.25,False,True,False,-0.0037100652696667735,4183.095500488282,True,buy_after_red,2022-10-10,-0.37100652696667735,0.02,-0.39100652696667737,70.13077190966831
2022-10-11,3624.75,3653.25,3579.0,3599.25,False,True,False,-0.007034967928822633,4177.513000488281,True,buy_after_red,2022-10-11,-0.7034967928822633,0.02,-0.7234967928822633,69.40727511678605
2022-10-12,3607.0,3635.25,3585.5,3588.5,False,True,False,-0.005128915996673089,4171.544250488281,True,buy_after_red,2022-10-12,-0.5128915996673089,0.02,-0.5328915996673089,68.87438351711874
2022-10-13,3596.25,3697.75,3502.0,3681.75,True,False,False,0.023774765380604856,4166.060500488281,True,buy_after_red,2022-10-13,2.3774765380604856,0.02,2.3574765380604856,71.23186005517923
2022-10-17,3591.0,3702.5,3590.5,3689.25,True,False,False,0.02736006683375103,4154.7105004882815,True,buy_after_red,2022-10-17,2.736006683375103,0.02,2.716006683375103,73.94786673855432
2022-10-20,3708.0,3748.0,3666.25,3675.25,False,True,False,-0.008832254584681731,4138.643000488281,True,buy_after_red,2022-10-20,-0.8832254584681731,0.02,-0.9032254584681731,73.04464128008615
2022-10-21,3677.75,3773.25,3641.5,3764.0,True,False,False,0.023451838760111476,4134.000500488281,True,buy_after_red,2022-10-21,2.3451838760111476,0.02,2.3251838760111476,75.3698251560973
2022-10-28,3798.25,3924.25,3776.75,3911.25,True,False,False,0.02975054301322988,4113.063000488281,True,buy_after_red,2022-10-28,2.975054301322988,0.02,2.955054301322988,78.3248794574203
2022-11-01,3884.0,3928.0,3852.5,3866.0,False,True,False,-0.004634397528321288,4105.274250488281,True,buy_after_red,2022-11-01,-0.4634397528321288,0.02,-0.4834397528321288,77.84143970458817
2022-11-02,3863.0,3907.0,3760.25,3768.75,False,True,False,-0.024398136163603423,4101.261750488281,True,buy_after_red,2022-11-02,-2.4398136163603423,0.02,-2.4598136163603423,75.38162608822783
2022-11-03,3766.75,3782.5,3704.25,3727.75,False,True,False,-0.01035375323554788,4097.279250488281,True,buy_after_red,2022-11-03,-1.035375323554788,0.02,-1.055375323554788,74.32625076467305
2022-11-04,3724.0,3805.5,3711.0,3779.5,True,False,False,0.01490332975295372,4093.803000488281,True,buy_after_red,2022-11-04,1.490332975295372,0.02,1.470332975295372,75.79658373996843
2022-11-10,3757.0,3973.5,3751.5,3961.0,True,False,False,0.05429864253393668,4083.2167504882814,True,buy_after_red,2022-11-10,5.429864253393668,0.02,5.4098642533936685,81.20644799336209
2022-11-15,3974.75,4050.75,3960.0,3999.5,True,False,False,0.00622680671740361,4076.8192504882813,True,buy_after_red,2022-11-15,0.622680671740361,0.02,0.602680671740361,81.80912866510245
2022-11-17,3977.25,3990.25,3912.5,3955.25,False,True,False,-0.005531460179772463,4070.8767504882812,True,buy_after_red,2022-11-17,-0.5531460179772463,0.02,-0.5731460179772463,81.2359826471252
2022-11-18,3960.5,3994.0,3942.5,3974.0,True,False,False,0.003408660522661311,4068.4017504882813,True,buy_after_red,2022-11-18,0.3408660522661311,0.02,0.3208660522661311,81.55684869939132
2022-11-22,3957.75,4012.5,3945.25,4010.25,True,False,False,0.01326511275345843,4063.4017504882813,True,buy_after_red,2022-11-22,1.326511275345843,0.02,1.306511275345843,82.86335997473716
2022-11-28,4020.25,4024.0,3960.25,3970.25,False,True,False,-0.012437037497668002,4055.641750488281,True,buy_after_red,2022-11-28,-1.2437037497668002,0.02,-1.2637037497668002,81.59965622497036
2022-11-29,3972.0,3990.25,3941.25,3962.0,False,True,False,-0.0025176233635447742,4053.4042504882814,True,buy_after_red,2022-11-29,-0.2517623363544774,0.02,-0.27176233635447744,81.32789388861588
2022-11-30,3962.25,4093.5,3942.75,4081.25,True,False,False,0.030033440595621075,4051.840500488281,True,buy_after_red,2022-11-30,3.0033440595621075,0.02,2.9833440595621075,84.31123794817799
2022-12-02,4077.5,4085.5,4006.75,4075.5,False,True,False,-0.0004904966278357348,4047.954250488281,True,buy_after_red,2022-12-02,-0.04904966278357348,0.02,-0.06904966278357348,84.24218828539442
2022-12-05,4074.0,4075.75,3987.25,4003.25,False,True,False,-0.017366224840451694,4046.0980004882813,True,buy_after_red,2022-12-05,-1.7366224840451694,0.02,-1.7566224840451694,82.48556580134925
2022-12-06,4005.75,4014.75,3921.5,3945.0,False,True,False,-0.015165699307245872,4044.1055004882815,True,buy_after_red,2022-12-06,-1.5165699307245872,0.02,-1.5365699307245873,80.94899587062467
2022-12-07,3944.5,3961.5,3914.0,3936.75,False,True,False,-0.001964761059703335,4042.289250488281,True,buy_after_red,2022-12-07,-0.1964761059703335,0.02,-0.21647610597033348,80.73251976465434
2022-12-08,3935.75,3977.25,3916.0,3965.75,True,False,False,0.007622435368100033,4041.008000488281,True,buy_after_red,2022-12-08,0.7622435368100033,0.02,0.7422435368100033,81.47476330146435
2022-12-12,3933.0,3992.75,3924.5,3991.75,True,False,False,0.0149377065853038,4037.3280004882813,True,buy_after_red,2022-12-12,1.49377065853038,0.02,1.47377065853038,82.94853395999473
2022-12-15,4004.25,4010.25,3878.5,3897.0,False,True,False,-0.02678404195542239,4031.646750488281,True,buy_after_red,2022-12-15,-2.678404195542239,0.02,-2.698404195542239,80.2501297644525
2022-12-16,3890.5,3904.25,3842.0,3871.469970703125,False,True,False,-0.0048914096637643345,4029.207850341797,True,buy_after_red,2022-12-16,-0.48914096637643345,0.02,-0.5091409663764335,79.74098879807606
2022-12-19,3874.0,3899.0,3827.25,3845.5,False,True,False,-0.007356737222509069,4026.799100341797,True,buy_after_red,2022-12-19,-0.7356737222509069,0.02,-0.7556737222509069,78.98531507582516
2022-12-20,3842.75,3866.5,3803.5,3849.25,True,False,False,0.001691496974822737,4025.052850341797,True,buy_after_red,2022-12-20,0.1691496974822737,0.02,0.14914969748227372,79.13446477330743
2022-12-23,3850.0,3872.5,3821.25,3869.75,True,False,False,0.0051298701298700955,4019.670350341797,True,buy_after_red,2022-12-23,0.5129870129870095,0.02,0.49298701298700953,79.62745178629444
2022-12-28,3858.0,3875.0,3804.5,3807.5,False,True,False,-0.013089683773976124,4016.115350341797,True,buy_after_red,2022-12-28,-1.3089683773976124,0.02,-1.3289683773976124,78.29848340889683
2022-12-29,3811.0,3882.75,3806.25,3871.75,True,False,False,0.015940697979532903,4014.1641003417967,True,buy_after_red,2022-12-29,1.5940697979532903,0.02,1.5740697979532903,79.87255320685011
2023-01-03,3895.0,3906.75,3814.5,3846.0,False,True,False,-0.012580231065468572,4008.857850341797,True,buy_after_red,2023-01-03,-1.2580231065468572,0.02,-1.2780231065468572,78.59453010030326
2023-01-04,3842.75,3896.25,3836.5,3874.5,True,False,False,0.008262312146249506,4006.1835998535157,True,buy_after_red,2023-01-04,0.8262312146249506,0.02,0.8062312146249506,79.4007613149282
2023-01-06,3833.0,3928.75,3819.0,3915.5,True,False,False,0.021523610748760857,4000.1198498535155,True,buy_after_red,2023-01-06,2.1523610748760857,0.02,2.1323610748760857,81.53312238980429
2023-01-10,3914.5,3943.75,3891.5,3940.75,True,False,False,0.006705837271682169,3994.5923498535158,True,buy_after_red,2023-01-10,0.6705837271682169,0.02,0.6505837271682169,82.1837061169725
2023-01-18,4008.5,4033.5,3943.75,3945.75,False,True,False,-0.015654234751153795,3980.1435998535158,True,buy_after_red,2023-01-18,-1.5654234751153795,0.02,-1.5854234751153795,80.59828264185712
2023-01-19,3945.25,3948.75,3901.75,3915.5,False,True,False,-0.007540713516253739,3977.0248498535157,True,buy_after_red,2023-01-19,-0.7540713516253739,0.02,-0.7740713516253739,79.82421129023174
2023-01-20,3925.0,3990.5,3911.75,3988.5,True,False,False,0.016178343949044605,3974.0785998535157,True,buy_after_red,2023-01-20,1.6178343949044605,0.02,1.5978343949044604,81.42204568513621
2023-01-25,4039.0,4040.5,3963.25,4032.0,False,True,False,-0.0017331022530329143,3967.1235998535158,True,buy_after_red,2023-01-25,-0.17331022530329143,0.02,-0.19331022530329142,81.22873545983292
2023-01-26,4031.0,4077.0,4027.25,4075.5,True,False,False,0.011039444306623736,3965.083599853516,True,buy_after_red,2023-01-26,1.1039444306623736,0.02,1.0839444306623736,82.31267989049529
2023-01-31,4039.25,4091.25,4007.5,4090.0,True,False,False,0.012564213653524892,3959.896099853516,True,buy_after_red,2023-01-31,1.2564213653524892,0.02,1.2364213653524891,83.54910125584777
2023-02-06,4134.25,4143.0,4104.0,4123.5,False,True,False,-0.0026002297877486535,3954.4260998535156,True,buy_after_red,2023-02-06,-0.26002297877486535,0.02,-0.28002297877486537,83.26907827707291
2023-02-07,4123.5,4188.25,4098.25,4175.75,True,False,False,0.012671274402813237,3953.3523498535155,True,buy_after_red,2023-02-07,1.2671274402813237,0.02,1.2471274402813237,84.51620571735423
2023-02-09,4132.25,4170.25,4078.25,4091.75,False,True,False,-0.009800955895698515,3951.6635998535157,True,buy_after_red,2023-02-09,-0.9800955895698515,0.02,-1.0000955895698516,83.51611012778437
2023-02-10,4098.0,4104.25,4060.75,4099.75,True,False,False,0.00042703757930695474,3951.3098498535155,True,buy_after_red,2023-02-10,0.042703757930695474,0.02,0.022703757930695474,83.53881388571507
2023-02-15,4141.25,4161.75,4113.0,4158.25,True,False,False,0.004105040748566324,3950.6085998535154,True,buy_after_red,2023-02-15,0.41050407485663243,0.02,0.3905040748566324,83.92931796057171
2023-02-17,4095.5,4096.0,4055.75,4087.5,False,True,False,-0.0019533634476864847,3949.9435998535155,True,buy_after_red,2023-02-17,-0.19533634476864847,0.02,-0.21533634476864846,83.71398161580306
2023-02-21,4083.0,4089.25,4002.0,4005.75,False,True,False,-0.018919911829537117,3948.4960998535157,True,buy_after_red,2023-02-21,-1.8919911829537117,0.02,-1.9119911829537117,81.80199043284935
2023-02-22,4007.5,4025.0,3983.75,3999.0,False,True,False,-0.0021210230817217957,3947.7748498535157,True,buy_after_red,2023-02-22,-0.21210230817217957,0.02,-0.23210230817217956,81.56988812467718
2023-02-23,4010.0,4034.25,3974.25,4018.75,True,False,False,0.00218204488778051,3947.271099853516,True,buy_after_red,2023-02-23,0.218204488778051,0.02,0.198204488778051,81.76809261345522
2023-02-27,3976.5,4024.75,3973.0,3988.0,True,False,False,0.0028919904438575728,3947.168599853516,True,buy_after_red,2023-02-27,0.2891990443857573,0.02,0.26919904438575726,82.03729165784098
2023-03-01,3968.5,3991.0,3943.0,3956.5,False,True,False,-0.0030238125236234925,3947.541099853516,True,buy_after_red,2023-03-01,-0.30238125236234925,0.02,-0.32238125236234927,81.71491040547863
2023-03-02,3959.75,3995.25,3925.0,3984.75,True,False,False,0.006313529894564018,3947.3660998535156,True,buy_after_red,2023-03-02,0.6313529894564018,0.02,0.6113529894564018,82.32626339493504
2023-03-08,3990.0,4003.25,3971.5,3995.0,True,False,False,0.0012531328320801727,3948.251099853516,True,buy_after_red,2023-03-08,0.12531328320801727,0.02,0.10531328320801726,82.43157667814306
2023-03-10,3919.0,3941.75,3846.25,3862.75,False,True,False,-0.014353151314110746,3947.8085998535157,True,buy_after_red,2023-03-10,-1.4353151314110746,0.02,-1.4553151314110746,80.97626154673199
2023-03-13,3887.75,3938.75,3808.75,3856.75,False,True,False,-0.00797376374509673,3947.3898498535154,True,buy_after_red,2023-03-13,-0.7973763745096729,0.02,-0.8173763745096729,80.15888517222231
2023-03-14,3865.75,3938.0,3855.25,3920.5,True,False,False,0.014162840328526105,3947.1085998535154,True,buy_after_red,2023-03-14,1.4162840328526105,0.02,1.3962840328526105,81.55516920507492
2023-03-16,3892.75,3966.5,3863.25,3960.5,True,False,False,0.01740414873803875,3945.3173498535157,True,buy_after_red,2023-03-16,1.740414873803875,0.02,1.720414873803875,83.2755840788788
2023-03-20,3963.75,3989.5,3897.25,3983.0,True,False,False,0.004856512141280245,3943.8663500976563,True,buy_after_red,2023-03-20,0.4856512141280245,0.02,0.46565121412802446,83.74123529300682
2023-03-23,3972.75,4039.5,3948.5,3978.0,True,False,False,0.0013215027373985055,3941.773850097656,True,buy_after_red,2023-03-23,0.13215027373985055,0.02,0.11215027373985055,83.85338556674668
2023-03-28,4013.5,4023.75,3980.75,4001.5,False,True,False,-0.00298990905693286,3940.378850097656,True,buy_after_red,2023-03-28,-0.298990905693286,0.02,-0.31899090569328603,83.5343946610534
2023-03-29,4006.5,4061.25,4006.0,4057.5,True,False,False,0.012729314863347163,3941.171350097656,True,buy_after_red,2023-03-29,1.2729314863347163,0.02,1.2529314863347163,84.78732614738811
2023-04-05,4134.0,4135.5,4099.0,4117.25,False,True,False,-0.004051765844218624,3951.2175500488283,True,buy_after_red,2023-04-05,-0.40517658442186244,0.02,-0.42517658442186246,84.36214956296625
2023-04-06,4113.75,4135.25,4096.5,4132.0,True,False,False,0.004436341537526589,3953.0388000488283,True,buy_after_red,2023-04-06,0.4436341537526589,0.02,0.4236341537526589,84.78578371671891
2023-04-11,4138.5,4151.75,4128.75,4136.5,False,True,False,-0.0004832668841368015,3956.5900500488283,True,buy_after_red,2023-04-11,-0.04832668841368015,0.02,-0.06832668841368016,84.71745702830523
2023-04-12,4137.5,4177.75,4113.5,4119.0,False,True,False,-0.004471299093655623,3957.603800048828,True,buy_after_red,2023-04-12,-0.4471299093655623,0.02,-0.4671299093655623,84.25032711893967
2023-04-13,4117.5,4177.0,4110.25,4172.75,True,False,False,0.013418336369156014,3958.948800048828,True,buy_after_red,2023-04-13,1.3418336369156014,0.02,1.3218336369156014,85.57216075585526
2023-04-17,4174.25,4180.5,4148.0,4176.75,True,False,False,0.0005989099838294987,3962.417550048828,True,buy_after_red,2023-04-17,0.05989099838294987,0.02,0.03989099838294986,85.61205175423821
2023-04-21,4153.75,4161.0,4135.25,4156.75,True,False,False,0.0007222389407162133,3969.261300048828,True,buy_after_red,2023-04-21,0.07222389407162133,0.02,0.05222389407162133,85.66427564830983
2023-04-26,4110.25,4116.25,4068.75,4076.0,False,True,False,-0.008332826470409338,3972.5900500488283,True,buy_after_red,2023-04-26,-0.8332826470409338,0.02,-0.8532826470409338,84.8109930012689
2023-04-27,4085.5,4166.5,4080.75,4153.75,True,False,False,0.016705421613021576,3974.240050048828,True,buy_after_red,2023-04-27,1.6705421613021576,0.02,1.6505421613021576,86.46153516257105
2023-05-02,4179.5,4191.5,4105.5,4136.75,False,True,False,-0.010228496231606599,3979.481300048828,True,buy_after_red,2023-05-02,-1.0228496231606599,0.02,-1.0428496231606599,85.41868553941039
2023-05-03,4133.25,4167.0,4095.0,4107.5,False,True,False,-0.006229964313796632,3980.850050048828,True,buy_after_red,2023-05-03,-0.6229964313796632,0.02,-0.6429964313796632,84.77568910803073
2023-05-04,4087.0,4118.0,4062.25,4075.75,False,True,False,-0.002752630291167124,3981.541300048828,True,buy_after_red,2023-05-04,-0.2752630291167124,0.02,-0.2952630291167124,84.48042607891402
2023-05-05,4077.25,4163.25,4076.75,4150.25,True,False,False,0.017904224661229984,3982.480050048828,True,buy_after_red,2023-05-05,1.7904224661229984,0.02,1.7704224661229984,86.25084854503702
2023-05-10,4133.0,4173.25,4112.25,4152.0,True,False,False,0.004597144931042907,3984.992550048828,True,buy_after_red,2023-05-10,0.4597144931042907,0.02,0.43971449310429067,86.6905630381413
2023-05-12,4144.5,4164.5,4111.75,4138.0,False,True,False,-0.0015683435878875995,3986.662550048828,True,buy_after_red,2023-05-12,-0.15683435878875995,0.02,-0.17683435878875994,86.51372867935255
2023-05-15,4132.25,4156.25,4123.0,4150.0,True,False,False,0.004295480670337026,3987.045050048828,True,buy_after_red,2023-05-15,0.42954806703370263,0.02,0.4095480670337026,86.92327674638625
2023-05-17,4126.0,4179.0,4122.0,4171.5,True,False,False,0.01102762966553561,3987.247550048828,True,buy_after_red,2023-05-17,1.102762966553561,0.02,1.082762966553561,88.00603971293981
2023-05-22,4189.0,4221.75,4186.5,4205.0,True,False,False,0.003819527333492445,3988.345050048828,True,buy_after_red,2023-05-22,0.3819527333492445,0.02,0.3619527333492445,88.36799244628905
2023-05-24,4158.0,4166.25,4114.0,4126.0,False,True,False,-0.007696007696007645,3988.326300048828,True,buy_after_red,2023-05-24,-0.7696007696007645,0.02,-0.7896007696007645,87.57839167668828
2023-05-25,4157.0,4175.5,4131.5,4159.75,True,False,False,0.0006615347606446775,3988.502550048828,True,buy_after_red,2023-05-25,0.06615347606446775,0.02,0.04615347606446775,87.62454515275275
2023-05-31,4213.0,4217.75,4174.0,4190.5,False,True,False,-0.005340612390220767,3988.0925500488283,True,buy_after_red,2023-05-31,-0.5340612390220767,0.02,-0.5540612390220767,87.07048391373067
2023-06-01,4188.5,4239.75,4178.0,4228.0,True,False,False,0.009430583741196097,3987.741300048828,True,buy_after_red,2023-06-01,0.9430583741196097,0.02,0.9230583741196097,87.99354228785027
2023-06-06,4279.75,4294.75,4268.5,4289.75,True,False,False,0.0023365850809042854,3987.680050048828,True,buy_after_red,2023-06-06,0.23365850809042854,0.02,0.21365850809042855,88.20720079594071
2023-06-08,4273.25,4302.5,4262.75,4298.25,True,False,False,0.0058503480957117215,3988.678800048828,True,buy_after_red,2023-06-08,0.5850348095711722,0.02,0.5650348095711721,88.77223560551188
2023-06-21,4430.25,4438.5,4403.5,4409.25,False,True,False,-0.004740138818351114,4001.8768005371094,True,buy_after_red,2023-06-21,-0.4740138818351114,0.02,-0.4940138818351114,88.27822172367677
2023-06-22,4410.0,4427.0,4393.0,4423.75,True,False,False,0.0031179138321995037,4004.3730505371095,True,buy_after_red,2023-06-22,0.31179138321995037,0.02,0.29179138321995035,88.57001310689671
2023-06-26,4390.0,4403.0,4368.5,4370.25,False,True,False,-0.004498861047836034,4008.7168005371095,True,buy_after_red,2023-06-26,-0.44988610478360336,0.02,-0.4698861047836034,88.10012700211311
2023-06-27,4375.75,4424.75,4371.5,4418.75,True,False,False,0.00982688681940247,4010.7830505371094,True,buy_after_red,2023-06-27,0.9826886819402469,0.02,0.9626886819402469,89.06281568405336
2023-07-06,4481.75,4483.5,4419.5,4447.0,False,True,False,-0.007753667652144802,4025.4556005859376,True,buy_after_red,2023-07-06,-0.7753667652144802,0.02,-0.7953667652144802,88.26744891883888
2023-07-07,4441.25,4476.0,4431.5,4434.0,False,True,False,-0.0016324233042499525,4028.0393505859374,True,buy_after_red,2023-07-07,-0.16324233042499525,0.02,-0.18324233042499524,88.08420658841389
2023-07-10,4437.5,4448.25,4411.25,4444.25,True,False,False,0.0015211267605634848,4030.8968505859375,True,buy_after_red,2023-07-10,0.15211267605634848,0.02,0.1321126760563485,88.21631926447024
2023-07-17,4536.0,4565.75,4528.0,4553.75,True,False,False,0.00391313932980597,4050.8806005859374,True,buy_after_red,2023-07-17,0.391313932980597,0.02,0.371313932980597,88.58763319745084
2023-07-21,4566.25,4590.0,4561.75,4564.75,False,True,False,-0.0003284971256501956,4069.0656005859373,True,buy_after_red,2023-07-21,-0.03284971256501956,0.02,-0.052849712565019566,88.53478348488582
2023-07-24,4564.25,4592.5,4560.0,4583.5,True,False,False,0.004217560387796526,4072.9668505859377,True,buy_after_red,2023-07-24,0.4217560387796526,0.02,0.4017560387796526,88.93653952366547
2023-07-27,4594.75,4634.5,4553.75,4564.25,False,True,False,-0.0066380107731650595,4085.7243505859374,True,buy_after_red,2023-07-27,-0.663801077316506,0.02,-0.683801077316506,88.25273844634897
2023-07-28,4566.0,4616.5,4558.0,4606.5,True,False,False,0.008869908015768813,4090.6306005859374,True,buy_after_red,2023-07-28,0.8869908015768813,0.02,0.8669908015768812,89.11972924792585
2023-08-02,4580.0,4593.5,4527.75,4537.25,False,True,False,-0.009334061135371163,4105.048100585937,True,buy_after_red,2023-08-02,-0.9334061135371163,0.02,-0.9534061135371164,88.16632313438873
2023-08-03,4534.25,4547.5,4505.75,4521.75,False,True,False,-0.002756795500909792,4109.6693505859375,True,buy_after_red,2023-08-03,-0.2756795500909792,0.02,-0.29567955009097924,87.87064358429775
2023-08-04,4523.5,4560.75,4493.75,4498.0,False,True,False,-0.0056372278103238305,4113.713100585937,True,buy_after_red,2023-08-04,-0.563722781032383,0.02,-0.5837227810323831,87.28692080326537
2023-08-07,4500.5,4541.75,4500.5,4537.75,True,False,False,0.008276858126874842,4117.738100585938,True,buy_after_red,2023-08-07,0.8276858126874842,0.02,0.8076858126874842,88.09460661595286
2023-08-09,4516.5,4536.25,4478.25,4485.75,False,True,False,-0.006808369312520712,4125.846850585937,True,buy_after_red,2023-08-09,-0.6808369312520712,0.02,-0.7008369312520712,87.39376968470079
2023-08-10,4493.25,4544.75,4473.5,4485.75,False,True,False,-0.0016691704223000814,4129.455600585938,True,buy_after_red,2023-08-10,-0.16691704223000814,0.02,-0.18691704223000813,87.20685264247078
2023-08-11,4487.75,4496.25,4459.0,4480.75,False,True,False,-0.0015598016823574756,4132.813100585938,True,buy_after_red,2023-08-11,-0.15598016823574756,0.02,-0.17598016823574755,87.03087247423503
2023-08-14,4485.0,4507.75,4465.0,4506.0,True,False,False,0.00468227424749168,4135.991850585938,True,buy_after_red,2023-08-14,0.468227424749168,0.02,0.448227424749168,87.47909989898419
2023-08-16,4453.25,4467.25,4417.0,4420.0,False,True,False,-0.007466457081906519,4142.059350585938,True,buy_after_red,2023-08-16,-0.7466457081906519,0.02,-0.7666457081906519,86.71245419079354
2023-08-17,4420.5,4436.75,4377.75,4384.5,False,True,False,-0.008143875127248013,4144.425600585938,True,buy_after_red,2023-08-17,-0.8143875127248013,0.02,-0.8343875127248013,85.87806667806873
2023-08-18,4379.25,4396.0,4350.0,4382.75,True,False,False,0.000799223611348987,4146.924350585938,True,buy_after_red,2023-08-18,0.0799223611348987,0.02,0.0599223611348987,85.93798903920363
2023-08-23,4400.0,4476.25,4399.5,4447.0,True,False,False,0.010681818181818237,4156.4056005859375,True,buy_after_red,2023-08-23,1.0681818181818237,0.02,1.0481818181818237,86.98617085738545
2023-08-25,4384.5,4429.0,4365.25,4414.25,True,False,False,0.006785266278937163,4162.433100585938,True,buy_after_red,2023-08-25,0.6785266278937163,0.02,0.6585266278937163,87.64469748527917
2023-09-01,4516.75,4547.75,4507.25,4521.5,True,False,False,0.0010516411136325399,4177.3968505859375,True,buy_after_red,2023-09-01,0.10516411136325399,0.02,0.08516411136325398,87.72986159664242
2023-09-06,4500.0,4503.75,4447.0,4471.5,False,True,False,-0.006333333333333302,4182.426850585937,True,buy_after_red,2023-09-06,-0.6333333333333302,0.02,-0.6533333333333302,87.07652826330909
2023-09-07,4469.5,4471.75,4434.25,4456.25,False,True,False,-0.002964537420293123,4184.931850585937,True,buy_after_red,2023-09-07,-0.2964537420293123,0.02,-0.3164537420293123,86.76007452127978
2023-09-08,4458.25,4477.5,4443.0,4461.75,True,False,False,0.000785061403016929,4187.370600585938,True,buy_after_red,2023-09-08,0.0785061403016929,0.02,0.05850614030169289,86.81858066158146
2023-09-13,4464.5,4481.0,4446.75,4468.75,True,False,False,0.0009519543061933256,4194.484350585937,True,buy_after_red,2023-09-13,0.09519543061933256,0.02,0.07519543061933255,86.8937760922008
2023-09-18,4499.5,4514.5,4487.0,4501.5,True,False,False,0.00044449383264799636,4202.156701660157,True,buy_after_red,2023-09-18,0.044449383264799636,0.02,0.024449383264799635,86.91822547546559
2023-09-20,4491.25,4508.0,4443.25,4447.0,False,True,False,-0.00985249095463403,4206.0267016601565,True,buy_after_red,2023-09-20,-0.985249095463403,0.02,-1.005249095463403,85.91297638000219
2023-09-21,4445.0,4447.0,4366.5,4372.0,False,True,False,-0.016422947131608523,4207.509201660157,True,buy_after_red,2023-09-21,-1.6422947131608523,0.02,-1.6622947131608523,84.25068166684134
2023-09-22,4370.25,4399.0,4357.25,4361.0,False,True,False,-0.00211658371946688,4209.297951660156,True,buy_after_red,2023-09-22,-0.21165837194668802,0.02,-0.231658371946688,84.01902329489465
2023-09-25,4365.0,4383.5,4338.25,4378.75,True,False,False,0.003150057273768603,4211.466701660156,True,buy_after_red,2023-09-25,0.3150057273768603,0.02,0.29500572737686026,84.31402902227151
2023-09-27,4320.25,4336.5,4277.0,4313.5,False,True,False,-0.0015624095827787565,4215.095451660156,True,buy_after_red,2023-09-27,-0.15624095827787565,0.02,-0.17624095827787564,84.13778806399364
2023-09-28,4323.25,4355.75,4301.0,4337.5,True,False,False,0.0032961313826402883,4217.101701660156,True,buy_after_red,2023-09-28,0.3296131382640288,0.02,0.3096131382640288,84.44740120225767
2023-10-02,4349.0,4355.5,4295.5,4324.25,False,True,False,-0.005690963439871188,4220.280451660156,True,buy_after_red,2023-10-02,-0.5690963439871188,0.02,-0.5890963439871189,83.85830485827054
2023-10-03,4326.0,4335.75,4251.25,4264.75,False,True,False,-0.014158576051779947,4221.614201660156,True,buy_after_red,2023-10-03,-1.4158576051779947,0.02,-1.4358576051779948,82.42244725309254
2023-10-04,4262.75,4304.0,4235.5,4297.75,True,False,False,0.00821066213125321,4223.617951660156,True,buy_after_red,2023-10-04,0.821066213125321,0.02,0.801066213125321,83.22351346621787
2023-10-06,4287.5,4358.5,4242.25,4341.5,True,False,False,0.012594752186589009,4228.194351806641,True,buy_after_red,2023-10-06,1.2594752186589009,0.02,1.2394752186589009,84.46298868487676
2023-10-13,4380.75,4407.75,4340.75,4357.25,False,True,False,-0.005364378245734214,4241.08810180664,True,buy_after_red,2023-10-13,-0.5364378245734214,0.02,-0.5564378245734214,83.90655086030334
2023-10-16,4356.75,4414.25,4354.5,4401.0,True,False,False,0.010156653468755383,4244.055601806641,True,buy_after_red,2023-10-16,1.0156653468755383,0.02,0.9956653468755383,84.90221620717888
2023-10-18,4398.0,4399.25,4330.75,4342.25,False,True,False,-0.012676216462028211,4249.1118518066405,True,buy_after_red,2023-10-18,-1.2676216462028211,0.02,-1.2876216462028212,83.61459456097606
2023-10-19,4346.5,4366.5,4292.75,4303.0,False,True,False,-0.010008052455999117,4251.39685180664,True,buy_after_red,2023-10-19,-1.0008052455999117,0.02,-1.0208052455999117,82.59378931537614
2023-10-20,4295.0,4304.25,4243.5,4248.5,False,True,False,-0.010826542491268909,4253.26685180664,True,buy_after_red,2023-10-20,-1.082654249126891,0.02,-1.102654249126891,81.49113506624926
2023-10-23,4256.25,4280.75,4213.25,4241.75,False,True,False,-0.0034067547723934943,4255.3306018066405,True,buy_after_red,2023-10-23,-0.34067547723934943,0.02,-0.36067547723934945,81.1304595890099
2023-10-24,4250.25,4290.5,4242.0,4271.25,True,False,False,0.004940885830245323,4257.109351806641,True,buy_after_red,2023-10-24,0.4940885830245323,0.02,0.4740885830245323,81.60454817203444
2023-10-26,4202.0,4205.0,4146.25,4156.5,False,True,False,-0.010828177058543553,4259.668101806641,True,buy_after_red,2023-10-26,-1.0828177058543553,0.02,-1.1028177058543553,80.50173046618009
2023-10-27,4167.0,4185.0,4122.25,4137.75,False,True,False,-0.007019438444924364,4260.406851806641,True,buy_after_red,2023-10-27,-0.7019438444924364,0.02,-0.7219438444924364,79.77978662168766
2023-10-30,4148.0,4197.5,4143.5,4185.75,True,False,False,0.009100771456123535,4261.318101806641,True,buy_after_red,2023-10-30,0.9100771456123535,0.02,0.8900771456123535,80.66986376730001
2023-11-10,4364.5,4435.5,4354.25,4430.5,True,False,False,0.015122007102760904,4276.809351806641,True,buy_after_red,2023-11-10,1.5122007102760904,0.02,1.4922007102760904,82.16206447757611
2023-11-14,4427.25,4524.25,4420.25,4511.0,True,False,False,0.01891693489186297,4280.906851806641,True,buy_after_red,2023-11-14,1.8916934891862969,0.02,1.8716934891862969,84.03375796676241
2023-11-20,4526.75,4571.0,4520.0,4562.25,True,False,False,0.00784227094493839,4288.760601806641,True,buy_after_red,2023-11-20,0.784227094493839,0.02,0.764227094493839,84.79798506125624
2023-11-22,4547.75,4580.5,4543.0,4567.25,True,False,False,0.0042878346435051284,4292.85685180664,True,buy_after_red,2023-11-22,0.42878346435051284,0.02,0.4087834643505128,85.20676852560675
2023-11-28,4561.5,4577.25,4547.0,4563.0,True,False,False,0.0003288391976323801,4301.819351806641,True,buy_after_red,2023-11-28,0.03288391976323801,0.02,0.012883919763238012,85.21965244536999
2023-11-30,4562.25,4579.5,4544.75,4576.75,True,False,False,0.0031782563428133237,4305.980601806641,True,buy_after_red,2023-11-30,0.31782563428133237,0.02,0.29782563428133235,85.51747807965133
2023-12-05,4573.0,4585.5,4555.5,4575.0,True,False,False,0.0004373496610539096,4313.7768518066405,True,buy_after_red,2023-12-05,0.04373496610539096,0.02,0.02373496610539096,85.54121304575672
2023-12-07,4556.0,4596.0,4548.75,4589.5,True,False,False,0.007352941176470562,4319.415601806641,True,buy_after_red,2023-12-07,0.7352941176470562,0.02,0.7152941176470562,86.25650716340378
2023-12-18,4770.5,4802.25,4769.5,4793.0,True,False,False,0.004716486741431769,4343.484451904297,True,buy_after_red,2023-12-18,0.4716486741431769,0.02,0.4516486741431769,86.70815583754695
2023-12-21,4751.0,4798.25,4751.0,4796.75,True,False,False,0.009629551673332015,4355.794451904297,True,buy_after_red,2023-12-21,0.9629551673332015,0.02,0.9429551673332015,87.65111100488015
2023-12-29,4834.75,4841.0,4796.75,4820.0,False,True,False,-0.003050829929158727,4378.908201904297,True,buy_after_red,2023-12-29,-0.3050829929158727,0.02,-0.3250829929158727,87.32602801196428
2024-01-02,4818.0,4828.0,4765.5,4787.25,False,True,False,-0.006382316313823133,4383.059201660156,True,buy_after_red,2024-01-02,-0.6382316313823133,0.02,-0.6582316313823133,86.66779638058198
2024-01-03,4790.75,4790.75,4741.0,4746.5,False,True,False,-0.009236549600793231,4386.876701660156,True,buy_after_red,2024-01-03,-0.9236549600793231,0.02,-0.9436549600793231,85.72414142050265
2024-01-04,4750.0,4766.5,4727.0,4729.5,False,True,False,-0.004315789473684162,4390.345451660156,True,buy_after_red,2024-01-04,-0.4315789473684162,0.02,-0.4515789473684162,85.27256247313423
2024-01-05,4732.75,4760.25,4702.0,4734.75,True,False,False,0.00042258729068733736,4394.166701660156,True,buy_after_red,2024-01-05,0.042258729068733736,0.02,0.022258729068733735,85.29482120220297
2024-01-10,4790.75,4828.5,4786.0,4820.25,True,False,False,0.006157699733862154,4406.305451660156,True,buy_after_red,2024-01-10,0.6157699733862154,0.02,0.5957699733862154,85.89059117558918
2024-01-12,4811.25,4836.5,4791.5,4816.5,True,False,False,0.0010911925175369763,4414.170451660157,True,buy_after_red,2024-01-12,0.10911925175369763,0.02,0.08911925175369763,85.97971042734288
2024-01-17,4799.75,4800.75,4746.25,4771.25,False,True,False,-0.005937809260899041,4420.930451660156,True,buy_after_red,2024-01-17,-0.5937809260899041,0.02,-0.6137809260899041,85.36592950125298
2024-01-18,4768.0,4817.0,4763.5,4811.25,True,False,False,0.009070889261745041,4424.217951660156,True,buy_after_red,2024-01-18,0.9070889261745041,0.02,0.8870889261745041,86.25301842742748
2024-01-25,4899.5,4926.5,4893.25,4923.25,True,False,False,0.004847433411572677,4443.296701660156,True,buy_after_red,2024-01-25,0.4847433411572677,0.02,0.4647433411572677,86.71776176858475
2024-01-29,4908.75,4956.0,4901.75,4954.5,True,False,False,0.009320091673032938,4451.1917016601565,True,buy_after_red,2024-01-29,0.9320091673032938,0.02,0.9120091673032937,87.62977093588805
2024-02-01,4874.5,4963.75,4872.5,4928.5,True,False,False,0.011078059288132103,4462.3392016601565,True,buy_after_red,2024-02-01,1.1078059288132103,0.02,1.0878059288132103,88.71757686470126
2024-02-06,4959.5,4978.25,4954.5,4974.75,True,False,False,0.0030749067446316225,4474.485451660156,True,buy_after_red,2024-02-06,0.30749067446316225,0.02,0.28749067446316223,89.00506753916441
2024-02-13,5034.0,5040.0,4936.5,4971.25,False,True,False,-0.012465236392530832,4496.577951660156,True,buy_after_red,2024-02-13,-1.2465236392530832,0.02,-1.2665236392530832,87.73854389991133
2024-02-14,4974.25,5022.5,4968.75,5018.0,True,False,False,0.008795295773232237,4500.739201660156,True,buy_after_red,2024-02-14,0.8795295773232237,0.02,0.8595295773232237,88.59807347723456
2024-02-20,5016.5,5029.5,4968.25,4991.5,False,True,False,-0.004983554270906021,4514.427951660156,True,buy_after_red,2024-02-20,-0.4983554270906021,0.02,-0.5183554270906021,88.07971805014397
2024-02-21,4990.0,5020.5,4959.0,4996.25,True,False,False,0.0012525050100200552,4518.657951660156,True,buy_after_red,2024-02-21,0.12525050100200552,0.02,0.10525050100200552,88.18496855114597
2024-02-27,5077.5,5093.0,5067.0,5090.0,True,False,False,0.002461841457410241,4537.592951660156,True,buy_after_red,2024-02-27,0.2461841457410241,0.02,0.2261841457410241,88.411152696887
2024-02-29,5072.0,5114.5,5060.0,5103.75,True,False,False,0.006259858044163957,4547.076701660157,True,buy_after_red,2024-02-29,0.6259858044163957,0.02,0.6059858044163957,89.01713850130339
2024-03-05,5133.75,5135.5,5063.0,5085.75,False,True,False,-0.009349890430971564,4561.394201660156,True,buy_after_red,2024-03-05,-0.9349890430971564,0.02,-0.9549890430971564,88.06214945820624
2024-03-06,5091.0,5134.5,5083.75,5111.75,True,False,False,0.0040758200746415785,4565.929201660157,True,buy_after_red,2024-03-06,0.40758200746415785,0.02,0.38758200746415783,88.4497314656704
2024-03-11,5132.5,5133.25,5094.75,5123.0,False,True,False,-0.001850949829517834,4580.5492016601565,True,buy_after_red,2024-03-11,-0.1850949829517834,0.02,-0.20509498295178338,88.24463648271862
2024-03-12,5129.0,5183.0,5112.75,5177.25,True,False,False,0.009407291869760082,4585.636701660156,True,buy_after_red,2024-03-12,0.9407291869760082,0.02,0.9207291869760081,89.16536566969462
2024-03-14,5171.5,5189.5,5124.25,5153.75,False,True,False,-0.0034322730349027886,4595.104201660156,True,buy_after_red,2024-03-14,-0.34322730349027886,0.02,-0.3632273034902789,88.80213836620435
2024-03-15,5152.25,5167.0,5101.669921875,5101.669921875,False,True,False,-0.009817085375321444,4599.660051269531,True,buy_after_red,2024-03-15,-0.9817085375321444,0.02,-1.0017085375321444,87.80042982867221
2024-03-18,5185.75,5240.25,5181.75,5214.75,True,False,False,0.005592247987272758,4604.5938012695315,True,buy_after_red,2024-03-18,0.5592247987272758,0.02,0.5392247987272758,88.33965462739948
2024-03-25,5290.5,5295.0,5272.5,5278.25,False,True,False,-0.002315471127492641,4629.450051269531,True,buy_after_red,2024-03-25,-0.2315471127492641,0.02,-0.2515471127492641,88.08810751465022
2024-03-26,5280.75,5300.5,5263.0,5265.25,False,True,False,-0.002935189130331861,4634.252551269531,True,buy_after_red,2024-03-26,-0.2935189130331861,0.02,-0.31351891303318613,87.77458860161703
2024-03-27,5273.25,5313.75,5270.75,5308.25,True,False,False,0.0066372730289669946,4639.080051269531,True,buy_after_red,2024-03-27,0.6637273028966995,0.02,0.6437273028966994,88.41831590451372
2024-04-02,5294.5,5296.0,5235.0,5260.5,False,True,False,-0.0064217584285579665,4652.538801269531,True,buy_after_red,2024-04-02,-0.6421758428557967,0.02,-0.6621758428557967,87.75614006165792
2024-04-03,5262.5,5280.75,5244.5,5266.5,True,False,False,0.0007600950118764604,4656.60455078125,True,buy_after_red,2024-04-03,0.07600950118764604,0.02,0.05600950118764604,87.81214956284556
2024-04-05,5199.75,5272.5,5191.5,5253.0,True,False,False,0.010240876965238677,4664.63580078125,True,buy_after_red,2024-04-05,1.0240876965238677,0.02,1.0040876965238676,88.81623725936943
2024-04-09,5258.0,5274.25,5208.25,5260.25,True,False,False,0.0004279193609737497,4673.13955078125,True,buy_after_red,2024-04-09,0.04279193609737497,0.02,0.02279193609737497,88.83902919546681
2024-04-11,5202.0,5257.5,5173.5,5243.25,True,False,False,0.007929642445213325,4681.44955078125,True,buy_after_red,2024-04-11,0.7929642445213325,0.02,0.7729642445213325,89.61199343998814
2024-04-15,5166.5,5213.25,5094.0,5104.0,False,True,False,-0.012097164424658913,4688.54080078125,True,buy_after_red,2024-04-15,-1.2097164424658913,0.02,-1.2297164424658913,88.38227699752225
2024-04-16,5101.25,5123.25,5078.75,5092.5,False,True,False,-0.0017152658662092923,4691.56205078125,True,buy_after_red,2024-04-16,-0.17152658662092923,0.02,-0.19152658662092922,88.19075041090133
2024-04-17,5096.25,5120.5,5047.0,5062.25,False,True,False,-0.006671572234486112,4694.41205078125,True,buy_after_red,2024-04-17,-0.6671572234486112,0.02,-0.6871572234486112,87.50359318745272
2024-04-18,5063.0,5095.25,5038.5,5049.0,False,True,False,-0.002765158996642314,4697.23830078125,True,buy_after_red,2024-04-18,-0.2765158996642314,0.02,-0.2965158996642314,87.2070772877885
2024-04-19,5047.25,5058.0,4963.5,5003.75,False,True,False,-0.008618554658477384,4700.02205078125,True,buy_after_red,2024-04-19,-0.8618554658477384,0.02,-0.8818554658477384,86.32522182194076
2024-04-22,5014.25,5076.75,5006.0,5047.5,True,False,False,0.0066311013611208836,4703.08955078125,True,buy_after_red,2024-04-22,0.6631101361120884,0.02,0.6431101361120883,86.96833195805284
2024-04-25,5070.0,5132.75,5022.25,5082.25,True,False,False,0.002416173570019664,4712.44455078125,True,buy_after_red,2024-04-25,0.2416173570019664,0.02,0.22161735700196641,87.1899493150548
2024-04-29,5140.25,5154.25,5118.75,5147.0,True,False,False,0.0013131657020573062,4718.43580078125,True,buy_after_red,2024-04-29,0.13131657020573062,0.02,0.11131657020573062,87.30126588526053
2024-05-01,5050.0,5126.75,5037.75,5046.5,False,True,False,-0.0006930693069306937,4723.29580078125,True,buy_after_red,2024-05-01,-0.06930693069306937,0.02,-0.08930693069306937,87.21195895456746
2024-05-02,5057.0,5113.0,5036.25,5091.5,True,False,False,0.00682222661657117,4725.76830078125,True,buy_after_red,2024-05-02,0.682222661657117,0.02,0.662222661657117,87.87418161622458
2024-05-17,5318.25,5328.75,5305.75,5327.25,True,False,False,0.0016922859963333092,4762.85830078125,True,buy_after_red,2024-05-17,0.16922859963333092,0.02,0.14922859963333093,88.02341021585791
2024-05-23,5339.0,5368.25,5273.5,5285.25,False,True,False,-0.01006742835737029,4779.10955078125,True,buy_after_red,2024-05-23,-1.006742835737029,0.02,-1.026742835737029,86.99666738012088
2024-05-24,5285.75,5329.25,5285.75,5321.5,True,False,False,0.006763467814406621,4783.28830078125,True,buy_after_red,2024-05-24,0.6763467814406621,0.02,0.656346781440662,87.65301416156154
2024-05-30,5270.5,5277.0,5238.25,5253.0,False,True,False,-0.003320368086519254,4795.39330078125,True,buy_after_red,2024-05-30,-0.3320368086519254,0.02,-0.35203680865192544,87.30097735290961
2024-05-31,5250.5,5307.0,5205.5,5295.5,True,False,False,0.008570612322635895,4799.77080078125,True,buy_after_red,2024-05-31,0.8570612322635895,0.02,0.8370612322635895,88.1380385851732
2024-06-04,5300.25,5312.25,5262.0,5304.0,True,False,False,0.0007075137965191214,4808.94080078125,True,buy_after_red,2024-06-04,0.07075137965191214,0.02,0.050751379651912135,88.18878996482512
2024-06-07,5362.0,5385.5,5329.0,5355.75,False,True,False,-0.0011656098470720355,4823.07580078125,True,buy_after_red,2024-06-07,-0.11656098470720355,0.02,-0.13656098470720354,88.05222898011792
2024-06-10,5351.5,5375.75,5338.25,5371.25,True,False,False,0.0036905540502663037,4828.00205078125,True,buy_after_red,2024-06-10,0.36905540502663037,0.02,0.34905540502663035,88.40128438514455
2024-06-21,5477.0,5483.75,5460.5,5471.89013671875,False,True,False,-0.0009329675518076064,4866.535251464844,True,buy_after_red,2024-06-21,-0.09329675518076064,0.02,-0.11329675518076064,88.2879876299638
2024-06-24,5538.5,5558.5,5510.25,5517.0,False,True,False,-0.0038819174866840944,4871.839001464844,True,buy_after_red,2024-06-24,-0.38819174866840944,0.02,-0.40819174866840946,87.87979588129538
2024-06-25,5516.0,5539.75,5511.0,5537.0,True,False,False,0.0038071065989848663,4877.215251464844,True,buy_after_red,2024-06-25,0.3807106598984866,0.02,0.3607106598984866,88.24050654119387
2024-07-01,5534.25,5541.0,5504.5,5533.75,False,True,False,-9.03464787459507e-05,4898.289001464844,True,buy_after_red,2024-07-01,-0.00903464787459507,0.02,-0.02903464787459507,88.21147189331927
2024-07-02,5533.5,5569.75,5502.75,5568.75,True,False,False,0.006370290051504579,4903.674150390625,True,buy_after_red,2024-07-02,0.6370290051504579,0.02,0.6170290051504579,88.82850089846973
2024-07-12,5638.5,5708.25,5621.25,5664.75,True,False,False,0.004655493482309092,4946.652900390625,True,buy_after_red,2024-07-12,0.4655493482309092,0.02,0.4455493482309092,89.27405024670064
2024-07-18,5644.0,5664.0,5570.25,5594.5,False,True,False,-0.008770375620127613,4973.317900390625,True,buy_after_red,2024-07-18,-0.8770375620127613,0.02,-0.8970375620127613,88.37701268468788
2024-07-19,5602.5,5607.5,5542.0,5553.75,False,True,False,-0.00870147255689424,4979.762900390625,True,buy_after_red,2024-07-19,-0.8701472556894241,0.02,-0.8901472556894241,87.48686542899846
2024-07-22,5564.5,5616.0,5553.5,5610.75,True,False,False,0.008311618294545742,4986.327900390625,True,buy_after_red,2024-07-22,0.8311618294545742,0.02,0.8111618294545742,88.29802725845303
2024-07-24,5585.0,5585.0,5462.0,5472.0,False,True,False,-0.020232766338406427,4998.522900390625,True,buy_after_red,2024-07-24,-2.0232766338406427,0.02,-2.0432766338406427,86.25475062461238
2024-07-25,5482.5,5533.25,5432.5,5441.25,False,True,False,-0.007523939808481539,5003.885400390625,True,buy_after_red,2024-07-25,-0.7523939808481539,0.02,-0.7723939808481539,85.48235664376423
2024-07-26,5446.0,5528.25,5445.25,5499.0,True,False,False,0.009731913330885078,5009.422900390625,True,buy_after_red,2024-07-26,0.9731913330885078,0.02,0.9531913330885078,86.43554797685275
2024-07-31,5454.75,5588.5,5451.5,5558.0,True,False,False,0.018928456849534703,5026.352900390625,True,buy_after_red,2024-07-31,1.8928456849534703,0.02,1.8728456849534703,88.30839366180622
2024-08-02,5464.25,5473.25,5331.75,5376.0,False,True,False,-0.016150432355767075,5036.620400390625,True,buy_after_red,2024-08-02,-1.6150432355767075,0.02,-1.6350432355767075,86.67335042622952
2024-08-05,5330.0,5345.5,5120.0,5217.5,False,True,False,-0.02110694183864914,5040.996650390625,True,buy_after_red,2024-08-05,-2.110694183864914,0.02,-2.130694183864914,84.5426562423646
2024-08-06,5250.0,5342.0,5221.75,5266.25,True,False,False,0.00309523809523804,5045.812900390625,True,buy_after_red,2024-08-06,0.309523809523804,0.02,0.28952380952380397,84.8321800518884
2024-08-08,5208.25,5361.0,5182.0,5348.25,True,False,False,0.026880430086881457,5056.240400390625,True,buy_after_red,2024-08-08,2.6880430086881457,0.02,2.6680430086881457,87.50022306057654
2024-08-21,5619.5,5655.25,5613.5,5641.5,True,False,False,0.0039149390515169635,5114.100400390625,True,buy_after_red,2024-08-21,0.39149390515169635,0.02,0.37149390515169634,87.87171696572824
2024-08-23,5597.75,5662.25,5597.75,5652.5,True,False,False,0.009780715466035428,5126.431650390625,True,buy_after_red,2024-08-23,0.9780715466035428,0.02,0.9580715466035428,88.82978851233179
2024-08-27,5630.0,5649.5,5611.5,5644.75,True,False,False,0.002619893428063902,5139.031650390625,True,buy_after_red,2024-08-27,0.2619893428063902,0.02,0.2419893428063902,89.07177785513818
2024-08-29,5580.5,5663.75,5561.25,5610.0,True,False,False,0.005286264671624297,5150.854150390625,True,buy_after_red,2024-08-29,0.5286264671624297,0.02,0.5086264671624297,89.58040432230061
2024-09-04,5538.5,5565.0,5506.75,5530.0,False,True,False,-0.0015347115645030218,5166.750400390625,True,buy_after_red,2024-09-04,-0.15347115645030218,0.02,-0.17347115645030217,89.4069331658503
2024-09-05,5527.5,5557.25,5490.0,5512.25,False,True,False,-0.0027589326096788547,5171.674150390625,True,buy_after_red,2024-09-05,-0.27589326096788547,0.02,-0.2958932609678855,89.11103990488242
2024-09-06,5513.0,5532.5,5394.0,5419.5,False,True,False,-0.01695991293306731,5175.960400390625,True,buy_after_red,2024-09-06,-1.6959912933067312,0.02,-1.7159912933067312,87.39504861157569
2024-09-09,5410.0,5493.0,5405.25,5479.5,True,False,False,0.012846580406654429,5180.601650390625,True,buy_after_red,2024-09-09,1.2846580406654429,0.02,1.2646580406654429,88.65970665224113
2024-09-19,5631.5,5737.5,5631.5,5717.75,True,False,False,0.01531563526591495,5222.336650390625,True,buy_after_red,2024-09-19,1.531563526591495,0.02,1.511563526591495,90.17127017883263
2024-09-23,5762.0,5784.5,5745.25,5776.75,True,False,False,0.002559875043387727,5233.9628515625,True,buy_after_red,2024-09-23,0.2559875043387727,0.02,0.23598750433877272,90.4072576831714
2024-09-26,5783.5,5830.0,5778.25,5804.5,True,False,False,0.0036310192789832385,5252.0753515625,True,buy_after_red,2024-09-26,0.36310192789832385,0.02,0.34310192789832383,90.75035961106971
2024-09-30,5784.0,5820.25,5756.25,5814.25,True,False,False,0.005229944674965514,5263.7441015625,True,buy_after_red,2024-09-30,0.5229944674965514,0.02,0.5029944674965514,91.25335407856626
2024-10-02,5760.25,5773.25,5724.0,5760.25,False,False,True,0.0,5274.1941015625,True,buy_after_red,2024-10-02,0.0,0.02,-0.02,91.23335407856626
2024-10-04,5745.75,5804.75,5741.0,5800.0,True,False,False,0.00944176130183183,5284.505251464844,True,buy_after_red,2024-10-04,0.944176130183183,0.02,0.924176130183183,92.15753020874945
2024-10-08,5752.5,5806.75,5725.25,5800.5,True,False,False,0.008344198174706552,5294.3815014648435,True,buy_after_red,2024-10-08,0.8344198174706552,0.02,0.8144198174706552,92.9719500262201
2024-10-11,5831.0,5868.25,5816.0,5859.75,True,False,False,0.00493054364602985,5309.896501464844,True,buy_after_red,2024-10-11,0.493054364602985,0.02,0.473054364602985,93.44500439082309
2024-10-16,5861.0,5892.75,5853.25,5887.0,True,False,False,0.00443610305408626,5325.757751464844,True,buy_after_red,2024-10-16,0.443610305408626,0.02,0.423610305408626,93.86861469623172
2024-10-22,5900.75,5904.25,5861.25,5892.5,False,True,False,-0.0013981273566919805,5348.676501464844,True,buy_after_red,2024-10-22,-0.13981273566919805,0.02,-0.15981273566919804,93.70880196056252
2024-10-23,5887.25,5893.75,5801.0,5837.75,False,True,False,-0.008408000339717225,5353.8590014648435,True,buy_after_red,2024-10-23,-0.8408000339717225,0.02,-0.8608000339717226,92.8480019265908
2024-10-24,5844.0,5870.0,5822.5,5849.0,True,False,False,0.0008555783709787157,5359.1402514648435,True,buy_after_red,2024-10-24,0.08555783709787157,0.02,0.06555783709787157,92.91355976368867
2024-10-28,5857.0,5884.5,5857.0,5861.5,True,False,False,0.0007683114222298837,5369.499001464844,True,buy_after_red,2024-10-28,0.07683114222298837,0.02,0.056831142222988365,92.97039090591166
2024-10-31,5840.0,5844.0,5733.25,5738.5,False,True,False,-0.017380136986301364,5384.875251464844,True,buy_after_red,2024-10-31,-1.7380136986301364,0.02,-1.7580136986301365,91.21237720728152
2024-11-01,5742.0,5803.75,5732.5,5758.25,True,False,False,0.0028300243817485082,5389.610251464844,True,buy_after_red,2024-11-01,0.2830024381748508,0.02,0.2630024381748508,91.47537964545637
2024-11-13,6012.25,6035.25,5991.75,6016.0,True,False,False,0.0006237265582769158,5431.1852514648435,True,buy_after_red,2024-11-13,0.06237265582769158,0.02,0.04237265582769158,91.51775230128406
2024-11-15,5972.0,5974.25,5876.75,5896.5,False,True,False,-0.012642330877427943,5441.564001464843,True,buy_after_red,2024-11-15,-1.2642330877427943,0.02,-1.2842330877427943,90.23351921354127
2024-11-18,5899.75,5933.0,5886.5,5920.0,True,False,False,0.0034323488283400927,5446.262751464844,True,buy_after_red,2024-11-18,0.34323488283400927,0.02,0.32323488283400925,90.55675409637529
2024-11-29,6015.0,6060.0,6014.75,6051.5,True,False,False,0.006068162926018195,5485.767751464844,True,buy_after_red,2024-11-29,0.6068162926018195,0.02,0.5868162926018194,91.14357038897711
2024-12-04,6067.0,6102.25,6063.0,6098.5,True,False,False,0.005192022416350639,5501.596501464844,True,buy_after_red,2024-12-04,0.5192022416350639,0.02,0.4992022416350639,91.64277263061217
2024-12-06,6085.5,6111.0,6076.0,6099.0,True,False,False,0.0022183879714074983,5512.065251464844,True,buy_after_red,2024-12-06,0.22183879714074983,0.02,0.20183879714074984,91.84461142775292
2024-12-10,6065.25,6075.25,6039.75,6046.25,False,True,False,-0.0031325996455215943,5521.7165014648435,True,buy_after_red,2024-12-10,-0.31325996455215943,0.02,-0.33325996455215945,91.51135146320077
2024-12-11,6052.75,6102.5,6045.5,6092.75,True,False,False,0.006608566354136647,5526.730251464844,True,buy_after_red,2024-12-11,0.6608566354136647,0.02,0.6408566354136647,92.15220809861444
2024-12-13,6065.0,6085.25,6041.25,6055.5,False,True,False,-0.0015663643858202514,5536.387751464844,True,buy_after_red,2024-12-13,-0.15663643858202514,0.02,-0.17663643858202513,91.97557166003241
2024-12-16,6055.5,6090.5,6051.5,6080.5,True,False,False,0.00412847824291962,5541.0602514648435,True,buy_after_red,2024-12-16,0.412847824291962,0.02,0.39284782429196197,92.36841948432438
2024-12-18,6053.5,6074.5,5840.0,5872.25,False,True,False,-0.029941356240191674,5549.570251464844,True,buy_after_red,2024-12-18,-2.9941356240191674,0.02,-3.0141356240191675,89.35428386030522
2024-12-19,5881.75,5938.0,5865.5,5868.75,False,True,False,-0.002210226548221228,5553.355251464844,True,buy_after_red,2024-12-19,-0.2210226548221228,0.02,-0.2410226548221228,89.1132612054831
2024-12-20,5879.5,5879.5,5800.75,5840.259765625,False,True,False,-0.006674076770983972,5556.747800292968,True,buy_after_red,2024-12-20,-0.6674076770983972,0.02,-0.6874076770983972,88.4258535283847
2024-12-23,6001.75,6043.0,5965.0,6036.0,True,False,False,0.005706668888241007,5561.282800292969,True,buy_after_red,2024-12-23,0.5706668888241007,0.02,0.5506668888241006,88.9765204172088
2024-12-27,6092.0,6095.25,5982.75,6027.0,False,True,False,-0.010669730794484522,5575.042800292968,True,buy_after_red,2024-12-27,-1.0669730794484522,0.02,-1.0869730794484522,87.88954733776035
2024-12-30,6028.75,6036.25,5918.25,5958.75,False,True,False,-0.011611030478954953,5579.067800292969,True,buy_after_red,2024-12-30,-1.1611030478954953,0.02,-1.1811030478954954,86.70844428986486
2024-12-31,5955.0,5983.25,5917.25,5935.75,False,True,False,-0.0032325776658270744,5583.238200683594,True,buy_after_red,2024-12-31,-0.32325776658270744,0.02,-0.34325776658270746,86.36518652328215
2025-01-02,5949.25,5995.25,5874.75,5916.5,False,True,False,-0.005504895575072499,5586.746950683594,True,buy_after_red,2025-01-02,-0.5504895575072499,0.02,-0.57048955750725,85.7946969657749
2025-01-03,5921.0,5996.75,5911.25,5989.5,True,False,False,0.01156899172437087,5590.485700683594,True,buy_after_red,2025-01-03,1.156899172437087,0.02,1.136899172437087,86.93159613821199
2025-01-08,5955.5,5975.0,5917.0,5959.25,True,False,False,0.0006296700528922727,5600.743200683593,True,buy_after_red,2025-01-08,0.06296700528922727,0.02,0.04296700528922727,86.97456314350121
2025-01-10,5943.75,5959.25,5845.25,5866.25,False,True,False,-0.013038906414300722,5607.080700683594,True,buy_after_red,2025-01-10,-1.3038906414300722,0.02,-1.3238906414300722,85.65067250207115
2025-01-13,5864.5,5883.25,5809.0,5874.5,True,False,False,0.0017051752067525072,5609.911950683594,True,buy_after_red,2025-01-13,0.17051752067525072,0.02,0.15051752067525073,85.8011900227464
2025-01-15,5891.5,6001.25,5879.5,5989.0,True,False,False,0.01654926589153871,5616.249450683594,True,buy_after_red,2025-01-15,1.6549265891538711,0.02,1.6349265891538711,87.43611661190027
2025-01-17,5970.25,6051.5,5968.0,6033.5,True,False,False,0.010594196222938779,5623.659450683594,True,buy_after_red,2025-01-17,1.0594196222938779,0.02,1.0394196222938779,88.47553623419415
2025-01-27,6102.25,6105.25,5948.0,6046.75,False,True,False,-0.009095005940431777,5645.485700683594,True,buy_after_red,2025-01-27,-0.9095005940431777,0.02,-0.9295005940431778,87.54603564015098
2025-01-28,6059.5,6105.5,6023.5,6097.0,True,False,False,0.006188629424870085,5649.754450683594,True,buy_after_red,2025-01-28,0.6188629424870085,0.02,0.5988629424870084,88.14489858263798
2025-01-30,6068.5,6116.25,6056.5,6099.25,True,False,False,0.005067150037076695,5659.230700683594,True,buy_after_red,2025-01-30,0.5067150037076695,0.02,0.4867150037076695,88.63161358634565
2025-02-03,5982.25,6062.0,5935.5,6022.25,True,False,False,0.006686447406912155,5668.9044506835935,True,buy_after_red,2025-02-03,0.6686447406912155,0.02,0.6486447406912155,89.28025832703686
2025-02-05,6042.75,6092.0,6020.25,6086.5,True,False,False,0.007240081088908168,5679.388200683594,True,buy_after_red,2025-02-05,0.7240081088908168,0.02,0.7040081088908168,89.98426643592768
2025-02-10,6016.0,6096.0,6014.0,6088.75,True,False,False,0.012092752659574435,5694.3019506835935,True,buy_after_red,2025-02-10,1.2092752659574435,0.02,1.1892752659574435,91.17354170188513
2025-02-13,6079.75,6138.0,6053.5,6135.25,True,False,False,0.009128664829968436,5708.999450683594,True,buy_after_red,2025-02-13,0.9128664829968436,0.02,0.8928664829968436,92.06640818488196
2025-02-21,6132.5,6142.5,6024.5,6029.0,False,True,False,-0.01687729311047692,5734.204450683594,True,buy_after_red,2025-02-21,-1.687729311047692,0.02,-1.707729311047692,90.35867887383428
2025-02-24,6040.75,6067.5,5994.5,6000.75,False,True,False,-0.006621694326035654,5738.139450683594,True,buy_after_red,2025-02-24,-0.6621694326035654,0.02,-0.6821694326035654,89.6765094412307
2025-02-25,6006.5,6016.0,5924.0,5970.0,False,True,False,-0.006076750187297142,5741.925700683594,True,buy_after_red,2025-02-25,-0.6076750187297142,0.02,-0.6276750187297142,89.04883442250099
2025-02-26,5982.0,6023.75,5945.5,5970.75,False,True,False,-0.0018806419257773044,5745.584450683594,True,buy_after_red,2025-02-26,-0.18806419257773044,0.02,-0.20806419257773043,88.84077022992325
2025-02-27,5980.0,6014.5,5873.0,5876.25,False,True,False,-0.017349498327759227,5748.734450683593,True,buy_after_red,2025-02-27,-1.7349498327759227,0.02,-1.7549498327759228,87.08582039714733
2025-02-28,5883.0,5971.0,5848.0,5963.25,True,False,False,0.01364099949005615,5752.323200683593,True,buy_after_red,2025-02-28,1.364099949005615,0.02,1.344099949005615,88.42992034615294
2025-03-04,5874.0,5884.0,5744.0,5789.5,False,True,False,-0.014385427306775611,5757.561950683594,True,buy_after_red,2025-03-04,-1.438542730677561,0.02,-1.4585427306775611,86.97137761547538
2025-03-05,5832.0,5869.5,5750.75,5851.25,True,False,False,0.003300754458161803,5760.2169506835935,True,buy_after_red,2025-03-05,0.3300754458161803,0.02,0.3100754458161803,87.28145306129156
2025-03-07,5766.0,5791.0,5673.0,5776.0,True,False,False,0.001734304543877796,5764.533200683593,True,buy_after_red,2025-03-07,0.1734304543877796,0.02,0.1534304543877796,87.43488351567933
2025-03-11,5622.0,5651.75,5534.0,5577.0,False,True,False,-0.008004268943436532,5767.155700683594,True,buy_after_red,2025-03-11,-0.8004268943436532,0.02,-0.8204268943436532,86.61445662133568
2025-03-12,5580.0,5675.0,5550.25,5604.75,True,False,False,0.004435483870967705,5768.753200683594,True,buy_after_red,2025-03-12,0.44354838709677047,0.02,0.42354838709677045,87.03800500843245
2025-03-14,5540.0,5648.75,5538.75,5640.0,True,False,False,0.018050541516245522,5771.359450683593,True,buy_after_red,2025-03-14,1.8050541516245522,0.02,1.7850541516245522,88.823059160057
2025-03-19,5618.5,5718.5,5606.25,5678.5,True,False,False,0.010679006852362782,5777.080700683594,True,buy_after_red,2025-03-19,1.0679006852362782,0.02,1.0479006852362782,89.87095984529327
2025-03-21,5664.0,5674.25,5597.5,5617.7998046875,False,True,False,-0.008156814144156033,5780.475949707031,True,buy_after_red,2025-03-21,-0.8156814144156033,0.02,-0.8356814144156033,89.03527843087767
2025-03-24,5740.0,5825.5,5739.0,5815.5,True,False,False,0.01315331010452958,5782.723449707031,True,buy_after_red,2025-03-24,1.315331010452958,0.02,1.295331010452958,90.33060944133062
2025-03-27,5737.25,5779.75,5720.0,5739.25,True,False,False,0.00034859906749740155,5788.894699707032,True,buy_after_red,2025-03-27,0.034859906749740155,0.02,0.014859906749740154,90.34546934808036
2025-03-31,5590.0,5672.75,5533.75,5653.25,True,False,False,0.011314847942754946,5791.218449707031,True,buy_after_red,2025-03-31,1.1314847942754946,0.02,1.1114847942754946,91.45695414235585
2025-04-04,5423.0,5435.0,5074.0,5110.25,False,True,False,-0.0576710307947631,5791.6396997070315,True,buy_after_red,2025-04-04,-5.7671030794763105,0.02,-5.78710307947631,85.66985106287954
2025-04-07,5007.0,5286.5,4832.0,5097.25,True,False,False,0.018024765328540138,5789.742199707031,True,buy_after_red,2025-04-07,1.8024765328540138,0.02,1.7824765328540138,87.45232759573356
2025-04-09,5006.25,5520.0,4871.75,5491.0,True,False,False,0.09682896379525596,5787.353999023438,True,buy_after_red,2025-04-09,9.682896379525596,0.02,9.662896379525597,97.11522397525916
2025-04-11,5299.25,5418.25,5206.0,5391.25,True,False,False,0.01736094730386384,5785.417749023438,True,buy_after_red,2025-04-11,1.7360947303863838,0.02,1.7160947303863838,98.83131870564554
2025-04-15,5431.75,5485.0,5413.0,5428.25,False,True,False,-0.0006443595526303136,5784.425249023438,True,buy_after_red,2025-04-15,-0.06443595526303136,0.02,-0.08443595526303137,98.74688275038251
2025-04-16,5403.75,5425.0,5251.0,5305.75,False,True,False,-0.0181355540134166,5783.285249023437,True,buy_after_red,2025-04-16,-1.81355540134166,0.02,-1.83355540134166,96.91332734904086
2025-04-17,5308.0,5371.25,5285.5,5312.75,True,False,False,0.0008948756593820661,5782.0052490234375,True,buy_after_red,2025-04-17,0.08948756593820661,0.02,0.06948756593820661,96.98281491497906
2025-04-22,5182.5,5339.25,5171.75,5314.75,True,False,False,0.02551857211770381,5778.443999023438,True,buy_after_red,2025-04-22,2.551857211770381,0.02,2.531857211770381,99.51467212674945
2025-05-06,5666.25,5673.25,5605.0,5625.75,False,True,False,-0.0071475843812045525,5775.342749023437,True,buy_after_red,2025-05-06,-0.7147584381204553,0.02,-0.7347584381204553,98.779913688629
2025-05-07,5608.5,5689.75,5596.0,5652.0,True,False,False,0.0077560845145761,5775.548999023437,True,buy_after_red,2025-05-07,0.77560845145761,0.02,0.75560845145761,99.5355221400866
2025-05-12,5761.0,5876.25,5734.25,5865.0,True,False,False,0.018052421454608503,5779.123999023437,True,buy_after_red,2025-05-12,1.8052421454608503,0.02,1.7852421454608502,101.32076428554745
2025-05-21,5953.5,5958.25,5847.75,5861.25,False,True,False,-0.015495086923658308,5796.218999023437,True,buy_after_red,2025-05-21,-1.5495086923658308,0.02,-1.5695086923658308,99.75125559318163
2025-05-22,5858.0,5895.0,5828.75,5856.75,False,True,False,-0.0002133834073062557,5799.171499023438,True,buy_after_red,2025-05-22,-0.02133834073062557,0.02,-0.041338340730625575,99.709917252451
2025-05-23,5869.25,5872.0,5756.5,5817.0,False,True,False,-0.008902329939941223,5802.118999023438,True,buy_after_red,2025-05-23,-0.8902329939941223,0.02,-0.9102329939941223,98.79968425845688
2025-05-27,5820.0,5941.75,5813.0,5934.25,True,False,False,0.019630584192439793,5805.048999023437,True,buy_after_red,2025-05-27,1.9630584192439793,0.02,1.9430584192439793,100.74274267770086
2025-05-29,5923.5,6008.0,5884.0,5922.75,False,True,False,-0.00012661433274241407,5810.476499023437,True,buy_after_red,2025-05-29,-0.012661433274241407,0.02,-0.03266143327424141,100.71008124442662
2025-05-30,5912.25,5932.75,5853.25,5916.0,True,False,False,0.0006342762907523003,5812.761499023438,True,buy_after_red,2025-05-30,0.06342762907523003,0.02,0.043427629075230026,100.75350887350184
2025-06-06,5931.75,6025.0,5930.0,6006.75,True,False,False,0.012643823492224149,5822.711499023438,True,buy_after_red,2025-06-06,1.2643823492224149,0.02,1.2443823492224149,101.99789122272426
2025-06-12,6022.25,6051.25,5987.75,6049.5,True,False,False,0.004524886877828038,5830.7552490234375,True,buy_after_red,2025-06-12,0.4524886877828038,0.02,0.4324886877828038,102.43037991050707
2025-06-16,5949.0,6055.25,5944.0,6035.75,True,False,False,0.014582282736594454,5834.555249023438,True,buy_after_red,2025-06-16,1.4582282736594454,0.02,1.4382282736594454,103.86860818416652
2025-06-18,5977.25,6020.75,5964.75,5981.5,True,False,False,0.0007110293195031758,5838.032749023438,True,buy_after_red,2025-06-18,0.07110293195031758,0.02,0.05110293195031758,103.91971111611683
2025-07-07,6307.75,6315.0,6246.25,6276.0,False,True,False,-0.0050334905473425895,5876.945048828125,True,buy_after_red,2025-07-07,-0.503349054734259,0.02,-0.523349054734259,103.39636206138258
2025-07-08,6262.5,6289.0,6254.5,6272.0,True,False,False,0.0015169660678642227,5879.716298828125,True,buy_after_red,2025-07-08,0.15169660678642227,0.02,0.13169660678642228,103.528058668169
2025-07-14,6274.0,6315.0,6259.75,6311.0,True,False,False,0.00589735416002557,5890.69009765625,True,buy_after_red,2025-07-14,0.589735416002557,0.02,0.569735416002557,104.09779408417155
2025-07-16,6273.75,6308.75,6241.0,6303.25,True,False,False,0.004702131898784545,5895.64759765625,True,buy_after_red,2025-07-16,0.4702131898784545,0.02,0.4502131898784545,104.54800727405001
2025-07-21,6335.75,6374.0,6329.75,6344.75,True,False,False,0.0014205105946414331,5904.07634765625,True,buy_after_red,2025-07-21,0.14205105946414331,0.02,0.12205105946414331,104.67005833351415
2025-07-23,6346.5,6407.25,6342.75,6396.25,True,False,False,0.007838966359410726,5910.04384765625,True,buy_after_red,2025-07-23,0.7838966359410726,0.02,0.7638966359410726,105.43395496945521
2025-07-25,6406.75,6431.0,6401.0,6425.0,True,False,False,0.0028485581613142408,5916.45009765625,True,buy_after_red,2025-07-25,0.2848558161314241,0.02,0.26485581613142406,105.69881078558664
2025-07-29,6424.25,6442.5,6396.25,6406.0,False,True,False,-0.002840798536794198,5922.24259765625,True,buy_after_red,2025-07-29,-0.2840798536794198,0.02,-0.3040798536794198,105.39473093190722
2025-07-30,6404.0,6435.25,6366.75,6396.25,False,True,False,-0.001210181136789501,5924.92509765625,True,buy_after_red,2025-07-30,-0.1210181136789501,0.02,-0.1410181136789501,105.25371281822827
2025-07-31,6435.5,6468.5,6357.5,6374.25,False,True,False,-0.00951752000621553,5927.25509765625,True,buy_after_red,2025-07-31,-0.951752000621553,0.02,-0.971752000621553,104.28196081760672
2025-08-01,6359.5,6373.5,6239.5,6264.5,False,True,False,-0.014938281311423829,5929.26384765625,True,buy_after_red,2025-08-01,-1.4938281311423829,0.02,-1.513828131142383,102.76813268646433
2025-08-04,6257.0,6370.0,6251.25,6356.0,True,False,False,0.015822279047466914,5931.60884765625,True,buy_after_red,2025-08-04,1.5822279047466914,0.02,1.5622279047466914,104.33036059121102
2025-08-06,6323.0,6379.5,6313.25,6371.0,True,False,False,0.007591333227898067,5936.12509765625,True,buy_after_red,2025-08-06,0.7591333227898067,0.02,0.7391333227898067,105.06949391400083
2025-08-08,6372.5,6425.75,6369.25,6413.5,True,False,False,0.006433895645351129,5941.08134765625,True,buy_after_red,2025-08-08,0.6433895645351129,0.02,0.6233895645351129,105.69288347853595
2025-08-12,6396.0,6470.0,6391.25,6468.5,True,False,False,0.011335209505941135,5946.98884765625,True,buy_after_red,2025-08-12,1.1335209505941135,0.02,1.1135209505941135,106.80640442913005
2025-08-18,6467.0,6484.25,6456.0,6469.25,True,False,False,0.0003479202102985024,5959.43634765625,True,buy_after_red,2025-08-18,0.03479202102985024,0.02,0.01479202102985024,106.8211964501599
2025-08-20,6433.0,6438.0,6362.75,6413.25,False,True,False,-0.0030701072594434553,5966.18134765625,True,buy_after_red,2025-08-20,-0.30701072594434553,0.02,-0.32701072594434555,106.49418572421555
2025-08-21,6414.25,6419.0,6370.25,6388.25,False,True,False,-0.0040534746852710635,5969.40634765625,True,buy_after_red,2025-08-21,-0.40534746852710635,0.02,-0.42534746852710636,106.06883825568845
2025-08-22,6392.0,6496.25,6364.0,6483.25,True,False,False,0.014275657071339154,5972.76134765625,True,buy_after_red,2025-08-22,1.4275657071339154,0.02,1.4075657071339154,107.47640396282236
2025-08-26,6460.25,6487.5,6430.75,6482.5,True,False,False,0.0034441391587012316,5977.64134765625,True,buy_after_red,2025-08-26,0.34441391587012316,0.02,0.32441391587012314,107.80081787869248
2025-09-02,6478.75,6491.5,6371.75,6425.5,False,True,False,-0.008219178082191747,5986.77009765625,True,buy_after_red,2025-09-02,-0.8219178082191747,0.02,-0.8419178082191747,106.9589000704733
2025-09-03,6448.0,6464.25,6425.5,6457.25,True,False,False,0.0014345533498758556,5989.16509765625,True,buy_after_red,2025-09-03,0.14345533498758556,0.02,0.12345533498758555,107.08235540546089
2025-09-08,6483.75,6516.5,6480.25,6506.0,True,False,False,0.0034316560632350335,5997.92134765625,True,buy_after_red,2025-09-08,0.34316560632350335,0.02,0.32316560632350333,107.40552101178439
2025-09-15,6588.25,6623.5,6585.25,6621.5,True,False,False,0.005046863734679219,6012.54009765625,True,buy_after_red,2025-09-15,0.5046863734679219,0.02,0.48468637346792187,107.89020738525231
2025-09-17,6613.0,6629.0,6554.0,6601.25,False,True,False,-0.0017768032662937028,6018.26759765625,True,buy_after_red,2025-09-17,-0.17768032662937028,0.02,-0.19768032662937027,107.69252705862294
2025-09-18,6606.0,6662.0,6605.75,6635.0,True,False,False,0.004389948531637877,6021.13384765625,True,buy_after_red,2025-09-18,0.4389948531637877,0.02,0.4189948531637877,108.11152191178672
2025-09-24,6717.75,6728.75,6678.0,6692.25,False,True,False,-0.0037959138104276535,6033.478947753906,True,buy_after_red,2025-09-24,-0.37959138104276535,0.02,-0.39959138104276537,107.71193053074396
2025-09-25,6697.25,6705.25,6624.25,6659.75,False,True,False,-0.005599313150920104,6036.448947753906,True,buy_after_red,2025-09-25,-0.5599313150920104,0.02,-0.5799313150920105,107.13199921565194
2025-09-26,6662.75,6703.75,6653.25,6696.5,True,False,False,0.005065475967130695,6039.700197753907,True,buy_after_red,2025-09-26,0.5065475967130695,0.02,0.48654759671306946,107.61854681236501
2025-10-06,6768.0,6797.75,6766.5,6788.75,True,False,False,0.0030658983451536947,6061.2889477539065,True,buy_after_red,2025-10-06,0.3065898345153695,0.02,0.28658983451536946,107.90513664688038
2025-10-08,6766.0,6807.75,6758.25,6801.25,True,False,False,0.0052098728938811956,6070.557648925781,True,buy_after_red,2025-10-08,0.5209872893881196,0.02,0.5009872893881195,108.4061239362685
2025-10-10,6779.5,6806.5,6540.25,6595.25,False,True,False,-0.027177520466111105,6076.760148925781,True,buy_after_red,2025-10-10,-2.7177520466111105,0.02,-2.7377520466111105,105.6683718896574
2025-10-13,6632.0,6711.5,6632.0,6694.75,True,False,False,0.009461700844390908,6079.757648925781,True,buy_after_red,2025-10-13,0.9461700844390908,0.02,0.9261700844390908,106.59454197409649
2025-10-15,6684.25,6766.75,6651.5,6715.0,True,False,False,0.004600366533268563,6086.836398925781,True,buy_after_red,2025-10-15,0.4600366533268563,0.02,0.44003665332685626,107.03457862742334
2025-10-17,6659.25,6718.0,6571.25,6702.5,True,False,False,0.006494725381987365,6094.431398925782,True,buy_after_red,2025-10-17,0.6494725381987365,0.02,0.6294725381987365,107.66405116562208
2025-10-22,6776.0,6788.75,6690.75,6737.0,False,True,False,-0.005755608028335302,6106.030148925781,True,buy_after_red,2025-10-22,-0.5755608028335302,0.02,-0.5955608028335302,107.06849036278855
2025-10-23,6733.5,6785.75,6717.5,6775.0,True,False,False,0.00616321378183704,6110.108898925781,True,buy_after_red,2025-10-23,0.616321378183704,0.02,0.596321378183704,107.66481174097225
2025-10-30,6906.5,6953.75,6851.0,6855.5,False,True,False,-0.007384348077897673,6134.521398925781,True,buy_after_red,2025-10-30,-0.7384348077897673,0.02,-0.7584348077897674,106.90637693318249
2025-10-31,6897.0,6918.5,6843.5,6874.0,False,True,False,-0.0033347832390894228,6139.013898925781,True,buy_after_red,2025-10-31,-0.3334783239089423,0.02,-0.3534783239089423,106.55289860927354
2025-11-03,6878.0,6909.5,6849.5,6882.75,True,False,False,0.0006906077348065587,6143.260148925781,True,buy_after_red,2025-11-03,0.06906077348065587,0.02,0.049060773480655864,106.6019593827542
2025-11-05,6801.0,6857.75,6748.5,6825.25,True,False,False,0.00356565210998383,6150.371398925781,True,buy_after_red,2025-11-05,0.356565210998383,0.02,0.336565210998383,106.93852459375259
2025-11-07,6763.0,6772.0,6655.5,6753.75,False,True,False,-0.0013677362117403558,6156.451398925781,True,buy_after_red,2025-11-07,-0.13677362117403558,0.02,-0.15677362117403557,106.78175097257855
2025-11-10,6788.0,6865.75,6772.0,6856.75,True,False,False,0.01012816735415445,6160.501398925781,True,buy_after_red,2025-11-10,1.012816735415445,0.02,0.9928167354154449,107.774567707994
2025-11-14,6762.75,6795.5,6670.5,6755.25,False,True,False,-0.0011090163025396782,6175.158898925782,True,buy_after_red,2025-11-14,-0.11090163025396782,0.02,-0.1309016302539678,107.64366607774002
2025-11-17,6764.75,6801.5,6658.5,6692.0,False,True,False,-0.01075427768949333,6178.507648925781,True,buy_after_red,2025-11-17,-1.075427768949333,0.02,-1.095427768949333,106.54823830879069
2025-11-18,6696.5,6708.75,6594.0,6639.75,False,True,False,-0.008474576271186418,6181.391398925782,True,buy_after_red,2025-11-18,-0.8474576271186418,0.02,-0.8674576271186418,105.68078068167205
2025-11-19,6630.75,6709.0,6613.25,6661.5,True,False,False,0.004637484447460594,6184.266398925782,True,buy_after_red,2025-11-19,0.46374844474605936,0.02,0.44374844474605935,106.12452912641811
2025-11-21,6560.0,6677.5,6525.0,6620.25,True,False,False,0.00918445121951228,6189.377648925782,True,buy_after_red,2025-11-21,0.918445121951228,0.02,0.8984451219512279,107.02297424836934
2025-12-02,6829.0,6863.5,6812.25,6840.25,True,False,False,0.001647386147312968,6210.325148925781,True,buy_after_red,2025-12-02,0.1647386147312968,0.02,0.14473861473129682,107.16771286310063
2025-12-09,6865.0,6872.75,6844.0,6848.25,False,True,False,-0.002439912600145644,6230.383898925781,True,buy_after_red,2025-12-09,-0.2439912600145644,0.02,-0.2639912600145644,106.90372160308607
2025-12-10,6847.25,6908.0,6830.75,6891.75,True,False,False,0.006498959436270102,6234.9888989257815,True,buy_after_red,2025-12-10,0.6498959436270102,0.02,0.6298959436270102,107.53361754671307
2025-12-15,6831.0,6872.5,6806.25,6823.0,False,True,False,-0.0011711316059141996,6249.292648925782,True,buy_after_red,2025-12-15,-0.11711316059141996,0.02,-0.13711316059141995,107.39650438612165
2025-12-16,6825.25,6833.75,6762.0,6801.0,False,True,False,-0.0035529834072012267,6254.3501489257815,True,buy_after_red,2025-12-16,-0.3552983407201227,0.02,-0.3752983407201227,107.02120604540153
2025-12-17,6796.0,6826.75,6723.75,6726.5,False,True,False,-0.01022660388463803,6258.726398925781,True,buy_after_red,2025-12-17,-1.022660388463803,0.02,-1.042660388463803,105.97854565693773
2025-12-18,6739.25,6818.5,6720.25,6778.25,True,False,False,0.0057869941017174575,6263.886398925782,True,buy_after_red,2025-12-18,0.5786994101717458,0.02,0.5586994101717457,106.53724506710947
2025-12-29,6980.5,6984.75,6936.0,6955.0,False,True,False,-0.00365303345032586,6303.179099121094,True,buy_after_red,2025-12-29,-0.365303345032586,0.02,-0.385303345032586,106.15194172207688
2025-12-30,6956.5,6961.5,6940.75,6944.25,False,True,False,-0.0017609430029469353,6309.499099121093,True,buy_after_red,2025-12-30,-0.17609430029469353,0.02,-0.19609430029469352,105.9558474217822
2025-12-31,6945.5,6951.5,6890.25,6892.5,False,True,False,-0.007630840112302972,6315.871599121094,True,buy_after_red,2025-12-31,-0.7630840112302972,0.02,-0.7830840112302972,105.1727634105519
2026-01-02,6902.0,6939.75,6866.75,6900.5,False,True,False,-0.00021732831063459024,6321.9815991210935,True,buy_after_red,2026-01-02,-0.021732831063459024,0.02,-0.04173283106345903,105.13103057948844
2026-01-05,6911.5,6963.5,6899.5,6943.75,True,False,False,0.004666136149895195,6328.3878491210935,True,buy_after_red,2026-01-05,0.4666136149895195,0.02,0.44661361498951946,105.57764419447795
2026-01-08,6967.5,6977.75,6935.25,6962.0,False,True,False,-0.000789379260853984,6346.653850097657,True,buy_after_red,2026-01-08,-0.0789379260853984,0.02,-0.0989379260853984,105.47870626839256
2026-01-09,6973.25,7017.5,6954.25,7005.0,True,False,False,0.004553113684437005,6352.881350097657,True,buy_after_red,2026-01-09,0.45531136844370046,0.02,0.43531136844370044,105.91401763683626
2026-01-14,6998.5,7002.5,6923.25,6966.25,False,True,False,-0.004608130313638603,6372.726350097656,True,buy_after_red,2026-01-14,-0.4608130313638603,0.02,-0.48081303136386033,105.4332046054724
2026-01-15,6955.75,7017.25,6949.5,6981.75,True,False,False,0.0037379146749092484,6379.262600097656,True,buy_after_red,2026-01-15,0.37379146749092484,0.02,0.3537914674909248,105.78699607296332
2026-01-20,6918.25,6935.0,6822.25,6829.5,False,True,False,-0.012828388682108893,6392.568850097657,True,buy_after_red,2026-01-20,-1.2828388682108893,0.02,-1.3028388682108893,104.48415720475244
2026-01-21,6839.0,6945.25,6814.5,6910.0,True,False,False,0.010381634741921442,6401.567600097656,True,buy_after_red,2026-01-21,1.0381634741921442,0.02,1.0181634741921441,105.50232067894459
2026-01-29,7021.5,7029.5,6898.25,6992.75,False,True,False,-0.004094566688029655,6452.257600097656,True,buy_after_red,2026-01-29,-0.4094566688029655,0.02,-0.4294566688029655,105.07286401014161
2026-01-30,6992.75,6995.0,6917.5,6965.75,False,True,False,-0.003861141896964737,6459.945100097656,True,buy_after_red,2026-01-30,-0.3861141896964737,0.02,-0.4061141896964737,104.66674982044515
2026-02-02,6938.5,7017.25,6864.5,7002.5,True,False,False,0.009223895654680403,6468.428850097656,True,buy_after_red,2026-02-02,0.9223895654680403,0.02,0.9023895654680403,105.56913938591319
2026-02-04,6934.0,6965.75,6862.5,6906.25,False,True,False,-0.00400201903663111,6485.181350097656,True,buy_after_red,2026-02-04,-0.40020190366311104,0.02,-0.42020190366311105,105.14893748225008
2026-02-05,6915.5,6935.25,6785.0,6820.75,False,True,False,-0.013701106210686098,6492.711350097657,True,buy_after_red,2026-02-05,-1.3701106210686098,0.02,-1.3901106210686098,103.75882686118146
2026-02-06,6785.5,6965.5,6751.5,6952.75,True,False,False,0.024648146783582625,6500.466350097657,True,buy_after_red,2026-02-06,2.4648146783582625,0.02,2.4448146783582625,106.20364153953972
2026-02-11,6971.5,7011.5,6931.0,6960.5,False,True,False,-0.0015778526859355768,6521.922600097656,True,buy_after_red,2026-02-11,-0.15778526859355768,0.02,-0.17778526859355767,106.02585627094616
2026-02-12,6964.5,6992.75,6842.0,6851.0,False,True,False,-0.016296934453298828,6528.258850097656,True,buy_after_red,2026-02-12,-1.6296934453298828,0.02,-1.6496934453298828,104.37616282561628
2026-02-13,6865.5,6897.75,6808.75,6850.5,False,True,False,-0.0021848372296263685,6534.576350097656,True,buy_after_red,2026-02-13,-0.21848372296263685,0.02,-0.23848372296263684,104.13767910265364
2026-02-17,6852.5,6885.5,6791.0,6860.5,True,False,False,0.0011674571324333805,6540.762600097656,True,buy_after_red,2026-02-17,0.11674571324333805,0.02,0.09674571324333804,104.23442481589697
2026-02-20,6874.25,6931.5,6847.25,6923.25,True,False,False,0.007128050332763536,6559.202600097657,True,buy_after_red,2026-02-20,0.7128050332763536,0.02,0.6928050332763536,104.92722984917333
2026-02-24,6858.25,6912.75,6828.5,6903.75,True,False,False,0.0066343454963000426,6571.296350097657,True,buy_after_red,2026-02-24,0.6634345496300043,0.02,0.6434345496300042,105.57066439880333
2026-02-27,6899.0,6915.5,6841.5,6889.0,False,True,False,-0.0014494854326714268,6587.902600097656,True,buy_after_red,2026-02-27,-0.14494854326714268,0.02,-0.16494854326714267,105.40571585553619
2026-03-02,6820.0,6911.25,6768.5,6888.25,True,False,False,0.010007331378299122,6592.801350097656,True,buy_after_red,2026-03-02,1.0007331378299122,0.02,0.9807331378299122,106.3864489933661
2026-03-04,6813.25,6894.0,6773.5,6876.0,True,False,False,0.009209995229882972,6601.761350097656,True,buy_after_red,2026-03-04,0.9209995229882972,0.02,0.9009995229882972,107.2874485163544
2026-03-06,6826.0,6854.0,6715.75,6743.75,False,True,False,-0.012049516554351047,6609.945100097656,True,buy_after_red,2026-03-06,-1.2049516554351047,0.02,-1.2249516554351048,106.0624968609193
2026-03-09,6685.5,6818.5,6584.5,6801.0,True,False,False,0.017276194749831664,6614.6438500976565,True,buy_after_red,2026-03-09,1.7276194749831664,0.02,1.7076194749831664,107.77011633590246
2026-03-11,6796.75,6822.5,6749.75,6779.5,False,True,False,-0.0025379777099349132,6624.108850097657,True,buy_after_red,2026-03-11,-0.2537977709934913,0.02,-0.27379777099349134,107.49631856490896
2026-03-12,6766.0,6769.5,6671.75,6677.5,False,True,False,-0.01308010641442503,6627.825100097656,True,buy_after_red,2026-03-12,-1.308010641442503,0.02,-1.328010641442503,106.16830792346646
2026-03-13,6684.25,6737.5,6625.0,6636.0,False,True,False,-0.007218461308299395,6631.491350097656,True,buy_after_red,2026-03-13,-0.7218461308299395,0.02,-0.7418461308299396,105.42646179263652
2026-03-16,6608.5,6734.25,6608.5,6704.75,True,False,False,0.014564575924945089,6635.401350097656,True,buy_after_red,2026-03-16,1.456457592494509,0.02,1.4364575924945089,106.86291938513102
2026-03-19,6622.0,6644.5,6561.75,6609.25,False,True,False,-0.0019254001812141208,6645.962600097656,True,buy_after_red,2026-03-19,-0.19254001812141208,0.02,-0.21254001812141207,106.6503793670096
2026-03-20,6622.75,6635.0,6558.0,6594.6298828125,False,True,False,-0.004245988024234593,6649.030749511719,True,buy_after_red,2026-03-20,-0.42459880242345927,0.02,-0.4445988024234593,106.20578056458615
2026-03-23,6510.0,6748.0,6483.5,6634.75,True,False,False,0.019162826420890955,6652.474499511719,True,buy_after_red,2026-03-23,1.9162826420890955,0.02,1.8962826420890955,108.10206320667524
2026-03-25,6646.5,6684.75,6616.5,6640.75,False,True,False,-0.0008651169788610469,6658.623249511718,True,buy_after_red,2026-03-25,-0.08651169788610469,0.02,-0.10651169788610469,107.99555150878913
2026-03-26,6641.5,6647.0,6517.0,6525.0,False,True,False,-0.01754121809832121,6661.023249511719,True,buy_after_red,2026-03-26,-1.754121809832121,0.02,-1.774121809832121,106.22142969895701
2026-03-27,6536.0,6568.5,6389.0,6412.25,False,True,False,-0.018933598531211793,6662.939499511719,True,buy_after_red,2026-03-27,-1.8933598531211793,0.02,-1.9133598531211793,104.30806984583583
2026-03-30,6380.0,6481.75,6359.5,6388.25,True,False,False,0.001293103448275934,6664.6332495117185,True,buy_after_red,2026-03-30,0.1293103448275934,0.02,0.1093103448275934,104.41738019066342
2026-04-13,6780.0,6928.25,6767.0,6922.75,True,False,False,0.021054572271386407,6694.765949707031,True,buy_after_red,2026-04-13,2.1054572271386407,0.02,2.0854572271386407,106.50283741780207
2026-04-22,7125.0,7173.0,7121.25,7171.25,True,False,False,0.006491228070175437,6723.955949707031,True,buy_after_red,2026-04-22,0.6491228070175437,0.02,0.6291228070175436,107.13196022481961
2026-04-24,7143.0,7200.5,7135.5,7194.75,True,False,False,0.007244855102897851,6732.750949707031,True,buy_after_red,2026-04-24,0.7244855102897851,0.02,0.7044855102897851,107.8364457351094
