Date,Open,High,Low,Close,green,red,flat,intraday_return,sma_200,signal,strategy,trade_date,gross_profit,cost,net_profit,cumulative_net_profit
2014-04-29,1866.0,1875.25,1865.0,1871.75,True,False,False,0.003081457663451248,,True,buy_after_every_green,2014-04-29,0.3081457663451248,0.02,0.2881457663451248,0.2881457663451248
2014-04-30,1870.5,1880.25,1866.25,1878.0,True,False,False,0.00400962309542896,,True,buy_after_every_green,2014-04-30,0.400962309542896,0.02,0.380962309542896,0.6691080758880208
2014-05-01,1879.5,1882.75,1871.5,1877.75,False,True,False,-0.0009310986964617962,,True,buy_after_every_green,2014-05-01,-0.09310986964617962,0.02,-0.11310986964617963,0.5559982062418412
2014-05-06,1877.5,1881.5,1861.75,1864.25,False,True,False,-0.0070572569906790505,,True,buy_after_every_green,2014-05-06,-0.705725699067905,0.02,-0.7257256990679051,-0.16972749282606392
2014-05-08,1874.75,1884.75,1865.0,1872.25,False,True,False,-0.001333511134817944,,True,buy_after_every_green,2014-05-08,-0.1333511134817944,0.02,-0.1533511134817944,-0.32307860630785834
2014-05-12,1874.0,1894.0,1874.0,1892.75,True,False,False,0.010005336179295554,,True,buy_after_every_green,2014-05-12,1.0005336179295554,0.02,0.9805336179295554,0.6574550116216971
2014-05-13,1893.5,1898.5,1892.0,1894.25,True,False,False,0.0003960918933192392,,True,buy_after_every_green,2014-05-13,0.03960918933192392,0.02,0.01960918933192392,0.677064200953621
2014-05-14,1894.75,1897.25,1882.25,1885.25,False,True,False,-0.005013854070457846,,True,buy_after_every_green,2014-05-14,-0.5013854070457846,0.02,-0.5213854070457846,0.15567879390783634
2014-05-19,1876.25,1883.0,1865.75,1882.25,True,False,False,0.0031978680879414245,,True,buy_after_every_green,2014-05-19,0.31978680879414245,0.02,0.29978680879414243,0.4554656027019788
2014-05-20,1881.5,1884.5,1864.75,1868.0,False,True,False,-0.00717512622907257,,True,buy_after_every_green,2014-05-20,-0.717512622907257,0.02,-0.737512622907257,-0.2820470202052783
2014-05-22,1883.75,1894.0,1882.75,1890.25,True,False,False,0.003450564034505721,,True,buy_after_every_green,2014-05-22,0.3450564034505721,0.02,0.3250564034505721,0.0430093832452938
2014-05-23,1890.25,1899.25,1889.5,1897.0,True,False,False,0.003570956222721966,,True,buy_after_every_green,2014-05-23,0.3570956222721966,0.02,0.3370956222721966,0.3801050055174904
2014-05-27,1898.0,1910.0,1897.0,1909.25,True,False,False,0.005927291886195896,,True,buy_after_every_green,2014-05-27,0.5927291886195896,0.02,0.5727291886195895,0.9528341941370799
2014-05-28,1909.75,1914.0,1904.5,1909.0,False,True,False,-0.0003927215604137002,,True,buy_after_every_green,2014-05-28,-0.03927215604137002,0.02,-0.059272156041370025,0.8935620380957099
2014-05-30,1917.0,1922.25,1914.25,1921.5,True,False,False,0.0023474178403755097,,True,buy_after_every_green,2014-05-30,0.23474178403755097,0.02,0.21474178403755098,1.1083038221332608
2014-06-02,1921.25,1924.25,1913.75,1921.75,True,False,False,0.0002602472348731677,,True,buy_after_every_green,2014-06-02,0.02602472348731677,0.02,0.0060247234873167695,1.1143285456205776
2014-06-03,1921.5,1923.5,1916.0,1922.0,True,False,False,0.0002602133749673996,,True,buy_after_every_green,2014-06-03,0.02602133749673996,0.02,0.00602133749673996,1.1203498831173175
2014-06-04,1922.75,1927.0,1916.0,1925.75,True,False,False,0.0015602652450916743,,True,buy_after_every_green,2014-06-04,0.15602652450916743,0.02,0.13602652450916744,1.256376407626485
2014-06-05,1925.5,1940.75,1921.0,1938.5,True,False,False,0.006751493118670515,,True,buy_after_every_green,2014-06-05,0.6751493118670515,0.02,0.6551493118670515,1.9115257194935364
2014-06-06,1938.5,1949.75,1937.75,1949.25,True,False,False,0.005545524890379072,,True,buy_after_every_green,2014-06-06,0.5545524890379072,0.02,0.5345524890379072,2.4460782085314436
2014-06-09,1949.25,1954.75,1945.75,1950.25,True,False,False,0.0005130178273695662,,True,buy_after_every_green,2014-06-09,0.051301782736956625,0.02,0.03130178273695662,2.4773799912684002
2014-06-10,1949.25,1951.75,1943.0,1950.5,True,False,False,0.0006412722842119578,,True,buy_after_every_green,2014-06-10,0.06412722842119578,0.02,0.04412722842119578,2.521507219689596
2014-06-11,1950.75,1951.0,1938.5,1944.0,False,True,False,-0.0034602076124568004,,True,buy_after_every_green,2014-06-11,-0.34602076124568004,0.02,-0.36602076124568006,2.155486458443916
2014-06-16,1934.25,1940.75,1926.5,1936.5,True,False,False,0.0011632415664986073,,True,buy_after_every_green,2014-06-16,0.11632415664986073,0.02,0.09632415664986073,2.2518106150937767
2014-06-17,1936.5,1943.5,1931.25,1941.5,True,False,False,0.0025819777949909195,,True,buy_after_every_green,2014-06-17,0.25819777949909195,0.02,0.23819777949909196,2.4900083945928686
2014-06-18,1941.5,1958.0,1938.0,1957.0,True,False,False,0.007983517898532133,,True,buy_after_every_green,2014-06-18,0.7983517898532133,0.02,0.7783517898532133,3.268360184446082
2014-06-19,1956.0,1960.25,1952.25,1958.5,True,False,False,0.001278118609406853,,True,buy_after_every_green,2014-06-19,0.1278118609406853,0.02,0.1078118609406853,3.376172045386767
2014-06-20,1957.5,1970.0,1956.75,1968.0,True,False,False,0.005363984674329414,,True,buy_after_every_green,2014-06-20,0.5363984674329414,0.02,0.5163984674329414,3.8925705128197086
2014-06-23,1952.75,1959.75,1950.0,1953.0,True,False,False,0.0001280245807195879,,True,buy_after_every_green,2014-06-23,0.012802458071958789,0.02,-0.007197541928041212,3.8853729708916673
2014-06-24,1951.25,1960.0,1939.75,1943.25,False,True,False,-0.004099935938500998,,True,buy_after_every_green,2014-06-24,-0.4099935938500998,0.02,-0.42999359385009983,3.4553793770415675
2014-06-26,1948.75,1952.5,1936.25,1948.75,False,False,True,0.0,,True,buy_after_every_green,2014-06-26,0.0,0.02,-0.02,3.4353793770415675
2014-06-30,1951.75,1956.75,1948.0,1952.5,True,False,False,0.0003842705264505142,,True,buy_after_every_green,2014-06-30,0.03842705264505142,0.02,0.018427052645051418,3.453806429686619
2014-07-01,1954.5,1971.75,1953.5,1965.75,True,False,False,0.005755947812739803,,True,buy_after_every_green,2014-07-01,0.5755947812739803,0.02,0.5555947812739803,4.009401210960599
2014-07-02,1966.25,1970.0,1964.5,1967.75,True,False,False,0.0007628734901461431,,True,buy_after_every_green,2014-07-02,0.07628734901461431,0.02,0.05628734901461431,4.0656885599752135
2014-07-03,1968.0,1978.25,1966.0,1977.5,True,False,False,0.004827235772357774,,True,buy_after_every_green,2014-07-03,0.4827235772357774,0.02,0.4627235772357774,4.5284121372109905
2014-07-07,1975.75,1977.5,1967.25,1971.0,False,True,False,-0.0024041503226622796,,True,buy_after_every_green,2014-07-07,-0.24041503226622796,0.02,-0.260415032266228,4.2679971049447625
2014-07-10,1967.5,1968.25,1945.25,1957.75,False,True,False,-0.004955527318932673,,True,buy_after_every_green,2014-07-10,-0.4955527318932673,0.02,-0.5155527318932673,3.752444373051495
2014-07-14,1962.75,1974.0,1962.5,1971.0,True,False,False,0.004203286205578971,,True,buy_after_every_green,2014-07-14,0.4203286205578971,0.02,0.4003286205578971,4.152772993609393
2014-07-15,1971.25,1976.25,1958.75,1968.0,False,True,False,-0.0016487000634115567,,True,buy_after_every_green,2014-07-15,-0.16487000634115567,0.02,-0.18487000634115566,3.967902987268237
2014-07-17,1971.25,1976.0,1948.5,1953.5,False,True,False,-0.009004438807863058,,True,buy_after_every_green,2014-07-17,-0.9004438807863058,0.02,-0.9204438807863058,3.047459106481931
2014-07-21,1970.25,1971.5,1959.0,1966.25,False,True,False,-0.002030199213297834,,True,buy_after_every_green,2014-07-21,-0.20301992132978341,0.02,-0.2230199213297834,2.8244391851521478
2014-07-23,1973.0,1983.5,1972.75,1980.75,True,False,False,0.003928028383172855,,True,buy_after_every_green,2014-07-23,0.39280283831728546,0.02,0.37280283831728545,3.197242023469433
2014-07-24,1981.0,1985.75,1976.75,1980.75,False,True,False,-0.00012619888944975788,,True,buy_after_every_green,2014-07-24,-0.012619888944975788,0.02,-0.03261988894497579,3.1646221345244574
2014-07-29,1972.5,1979.5,1962.0,1963.0,False,True,False,-0.004816223067173664,,True,buy_after_every_green,2014-07-29,-0.4816223067173664,0.02,-0.5016223067173664,2.662999827807091
2014-07-31,1965.0,1965.5,1923.5,1924.75,False,True,False,-0.02048346055979644,,True,buy_after_every_green,2014-07-31,-2.048346055979644,0.02,-2.068346055979644,0.5946537718274469
2014-08-05,1931.0,1933.25,1907.5,1913.0,False,True,False,-0.009321595028482621,,True,buy_after_every_green,2014-08-05,-0.9321595028482621,0.02,-0.9521595028482621,-0.3575057310208152
2014-08-11,1923.5,1941.0,1923.25,1932.5,True,False,False,0.0046789706264622755,,True,buy_after_every_green,2014-08-11,0.46789706264622755,0.02,0.44789706264622753,0.09039133162541235
2014-08-12,1934.0,1938.75,1923.5,1930.5,False,True,False,-0.0018097207859358866,,True,buy_after_every_green,2014-08-12,-0.18097207859358866,0.02,-0.20097207859358865,-0.1105807469681763
2014-08-14,1946.0,1955.0,1942.0,1953.5,True,False,False,0.003854059609455396,,True,buy_after_every_green,2014-08-14,0.3854059609455396,0.02,0.36540596094553957,0.25482521397736324
2014-08-15,1954.25,1961.0,1937.25,1952.5,False,True,False,-0.000895484201100194,,True,buy_after_every_green,2014-08-15,-0.0895484201100194,0.02,-0.1095484201100194,0.14527679386734382
2014-08-19,1968.5,1979.75,1968.25,1977.25,True,False,False,0.004445008890017865,,True,buy_after_every_green,2014-08-19,0.4445008890017865,0.02,0.4245008890017865,0.5697776828691303
2014-08-20,1977.75,1986.0,1973.0,1983.25,True,False,False,0.00278093793452161,,True,buy_after_every_green,2014-08-20,0.278093793452161,0.02,0.258093793452161,0.8278714763212913
2014-08-21,1982.75,1992.0,1980.75,1989.5,True,False,False,0.0034043626276636374,,True,buy_after_every_green,2014-08-21,0.34043626276636374,0.02,0.3204362627663637,1.148307739087655
2014-08-22,1989.75,1991.5,1981.5,1987.75,False,True,False,-0.0010051514009297158,,True,buy_after_every_green,2014-08-22,-0.10051514009297158,0.02,-0.12051514009297158,1.0277925989946834
2014-08-26,1994.5,2002.75,1992.25,1998.5,True,False,False,0.002005515166708438,,True,buy_after_every_green,2014-08-26,0.2005515166708438,0.02,0.18055151667084382,1.2083441156655272
2014-08-27,1999.25,2000.5,1993.5,1997.0,False,True,False,-0.001125422033262491,,True,buy_after_every_green,2014-08-27,-0.11254220332624909,0.02,-0.13254220332624908,1.0758019123392781
2014-09-02,1999.0,2006.25,1992.75,1999.75,True,False,False,0.0003751875937969551,,True,buy_after_every_green,2014-09-02,0.03751875937969551,0.02,0.01751875937969551,1.0933206717189736
2014-09-03,2000.5,2011.0,1996.25,1998.75,False,True,False,-0.0008747813046737773,,True,buy_after_every_green,2014-09-03,-0.08747813046737773,0.02,-0.10747813046737774,0.9858425412515959
2014-09-08,2006.5,2006.75,1994.0,2000.5,False,True,False,-0.0029902815848492637,,True,buy_after_every_green,2014-09-08,-0.29902815848492637,0.02,-0.3190281584849264,0.6668143827666695
2014-09-11,1994.5,1999.5,1985.0,1997.0,True,False,False,0.0012534469791927183,,True,buy_after_every_green,2014-09-11,0.12534469791927183,0.02,0.10534469791927183,0.7721590806859413
2014-09-12,1999.25,1999.25,1979.5,1984.75,False,True,False,-0.007252719769913707,,True,buy_after_every_green,2014-09-12,-0.7252719769913707,0.02,-0.7452719769913707,0.02688710369457059
2014-09-16,1984.75,2002.5,1978.5,1999.5,True,False,False,0.007431666456732655,,True,buy_after_every_green,2014-09-16,0.7431666456732655,0.02,0.7231666456732655,0.7500537493678361
2014-09-17,1999.5,2010.75,1991.25,2001.5,True,False,False,0.0010002500625156951,,True,buy_after_every_green,2014-09-17,0.10002500625156951,0.02,0.08002500625156951,0.8300787556194056
2014-09-18,2003.5,2014.5,2001.0,2012.25,True,False,False,0.004367357125031113,,True,buy_after_every_green,2014-09-18,0.4367357125031113,0.02,0.41673571250311126,1.2468144681225168
2014-09-19,2013.5,2022.5,2013.25,2019.25,True,False,False,0.0028557238639186355,,True,buy_after_every_green,2014-09-19,0.28557238639186355,0.02,0.26557238639186354,1.5123868545143804
2014-09-22,2002.0,2003.0,1982.5,1986.25,False,True,False,-0.00786713286713292,,True,buy_after_every_green,2014-09-22,-0.786713286713292,0.02,-0.806713286713292,0.7056735678010884
2014-09-25,1990.75,1991.5,1957.75,1961.5,False,True,False,-0.01469295491648881,,True,buy_after_every_green,2014-09-25,-1.469295491648881,0.02,-1.489295491648881,-0.7836219238477926
2014-09-29,1974.75,1977.0,1955.5,1969.5,False,True,False,-0.002658564375237371,,True,buy_after_every_green,2014-09-29,-0.2658564375237371,0.02,-0.28585643752373713,-1.0694783613715297
2014-10-06,1961.0,1971.0,1950.5,1956.0,False,True,False,-0.0025497195308515908,,True,buy_after_every_green,2014-10-06,-0.2549719530851591,0.02,-0.2749719530851591,-1.3444503144566888
2014-10-09,1961.5,1968.5,1915.25,1925.0,False,True,False,-0.018608208004078475,,True,buy_after_every_green,2014-10-09,-1.8608208004078475,0.02,-1.8808208004078475,-3.2252711148645363
2014-10-15,1878.25,1883.25,1813.0,1846.75,False,True,False,-0.016770930387328575,,True,buy_after_every_green,2014-10-15,-1.6770930387328575,0.02,-1.6970930387328576,-4.922364153597394
2014-10-17,1853.0,1891.75,1851.0,1881.0,True,False,False,0.015110631408526753,,True,buy_after_every_green,2014-10-17,1.5110631408526753,0.02,1.4910631408526753,-3.431301012744719
2014-10-20,1884.0,1904.5,1872.25,1900.0,True,False,False,0.00849256900212314,,True,buy_after_every_green,2014-10-20,0.849256900212314,0.02,0.829256900212314,-2.602044112532405
2014-10-21,1903.5,1939.75,1885.75,1938.0,True,False,False,0.01812450748620953,,True,buy_after_every_green,2014-10-21,1.812450748620953,0.02,1.7924507486209529,-0.8095933639114521
2014-10-22,1938.25,1943.75,1920.25,1925.0,False,True,False,-0.0068360634593060965,,True,buy_after_every_green,2014-10-22,-0.6836063459306096,0.02,-0.7036063459306097,-1.5131997098420618
2014-10-24,1946.0,1961.25,1931.75,1959.75,True,False,False,0.007065775950668041,,True,buy_after_every_green,2014-10-24,0.7065775950668041,0.02,0.686577595066804,-0.8266221147752577
2014-10-27,1960.25,1965.75,1944.5,1957.0,False,True,False,-0.0016579517918632325,,True,buy_after_every_green,2014-10-27,-0.16579517918632325,0.02,-0.18579517918632324,-1.012417293961581
2014-10-29,1976.0,1985.75,1962.0,1972.25,False,True,False,-0.001897773279352255,,True,buy_after_every_green,2014-10-29,-0.1897773279352255,0.02,-0.2097773279352255,-1.2221946218968065
2014-10-31,1987.75,2016.75,1986.75,2011.5,True,False,False,0.011948182618538583,,True,buy_after_every_green,2014-10-31,1.1948182618538583,0.02,1.1748182618538583,-0.04737636004294821
2014-11-03,2011.25,2019.25,2007.0,2011.0,False,True,False,-0.00012430080795522436,,True,buy_after_every_green,2014-11-03,-0.012430080795522436,0.02,-0.03243008079552244,-0.07980644083847065
2014-11-06,2018.5,2029.25,2010.75,2028.0,True,False,False,0.004706465196928411,,True,buy_after_every_green,2014-11-06,0.4706465196928411,0.02,0.4506465196928411,0.3708400788543704
2014-11-07,2027.25,2033.5,2020.5,2026.0,False,True,False,-0.0006165988407941247,,True,buy_after_every_green,2014-11-07,-0.061659884079412475,0.02,-0.08165988407941248,0.28918019477495793
2014-11-11,2033.75,2039.0,2031.0,2036.5,True,False,False,0.0013521819299324722,,True,buy_after_every_green,2014-11-11,0.13521819299324722,0.02,0.11521819299324722,0.40439838776820514
2014-11-12,2036.5,2037.25,2026.75,2036.0,False,True,False,-0.00024551927326299516,,True,buy_after_every_green,2014-11-12,-0.024551927326299516,0.02,-0.04455192732629952,0.3598464604419056
2014-11-17,2038.5,2040.5,2025.25,2039.75,True,False,False,0.0006131959774344775,,True,buy_after_every_green,2014-11-17,0.06131959774344775,0.02,0.04131959774344775,0.40116605818535334
2014-11-18,2039.25,2054.0,2035.75,2048.5,True,False,False,0.004535981365698216,,True,buy_after_every_green,2014-11-18,0.4535981365698216,0.02,0.4335981365698216,0.8347641947551749
2014-11-19,2048.75,2050.5,2037.75,2047.25,False,True,False,-0.0007321537522879673,,True,buy_after_every_green,2014-11-19,-0.07321537522879673,0.02,-0.09321537522879673,0.7415488195263782
2014-11-21,2052.25,2072.25,2049.75,2061.75,True,False,False,0.00462906565964194,,True,buy_after_every_green,2014-11-21,0.462906565964194,0.02,0.442906565964194,1.1844553854905722
2014-11-24,2062.25,2069.0,2060.75,2067.5,True,False,False,0.0025457631228027466,,True,buy_after_every_green,2014-11-24,0.25457631228027466,0.02,0.23457631228027467,1.4190316977708468
2014-11-25,2067.25,2073.0,2062.75,2067.5,True,False,False,0.00012093360744946935,,True,buy_after_every_green,2014-11-25,0.012093360744946935,0.02,-0.007906639255053066,1.4111250585157937
2014-11-26,2068.25,2075.25,2065.25,2072.25,True,False,False,0.0019340021757523473,,True,buy_after_every_green,2014-11-26,0.19340021757523473,0.02,0.17340021757523474,1.5845252760910284
2014-11-28,2074.0,2074.75,2063.5,2066.25,False,True,False,-0.0037367405978785406,,True,buy_after_every_green,2014-11-28,-0.37367405978785406,0.02,-0.3936740597878541,1.1908512163031744
2014-12-03,2066.5,2076.0,2063.25,2072.5,True,False,False,0.00290345995644814,,True,buy_after_every_green,2014-12-03,0.290345995644814,0.02,0.270345995644814,1.4611972119479884
2014-12-04,2073.0,2077.25,2061.25,2072.0,False,True,False,-0.0004823926676315038,,True,buy_after_every_green,2014-12-04,-0.04823926676315038,0.02,-0.06823926676315038,1.392957945184838
2014-12-08,2075.75,2077.5,2053.75,2059.5,False,True,False,-0.007828495724437001,,True,buy_after_every_green,2014-12-08,-0.7828495724437001,0.02,-0.8028495724437001,0.5901083727411378
2014-12-12,2029.5,2032.25,1996.5,1997.25,False,True,False,-0.015890613451589042,,True,buy_after_every_green,2014-12-12,-1.5890613451589042,0.02,-1.6090613451589042,-1.0189529724177664
2014-12-18,2013.75,2068.0,2010.75,2065.0,True,False,False,0.025450031036623244,,True,buy_after_every_green,2014-12-18,2.5450031036623244,0.02,2.5250031036623244,1.506050131244558
2014-12-19,2066.0,2079.75,2061.25,2065.0,False,True,False,-0.0004840271055178702,,True,buy_after_every_green,2014-12-19,-0.04840271055178702,0.02,-0.06840271055178702,1.437647420692771
2014-12-23,2073.0,2084.5,2071.5,2079.0,True,False,False,0.0028943560057888007,,True,buy_after_every_green,2014-12-23,0.28943560057888007,0.02,0.26943560057888005,1.707083021271651
2014-12-24,2078.75,2083.5,2077.0,2078.75,False,False,True,0.0,,True,buy_after_every_green,2014-12-24,0.0,0.02,-0.02,1.687083021271651
2014-12-29,2086.0,2088.75,2076.0,2085.75,False,True,False,-0.00011984659635666528,,True,buy_after_every_green,2014-12-29,-0.011984659635666528,0.02,-0.03198465963566653,1.6550983616359844
2015-01-08,2020.5,2058.5,2020.25,2055.0,True,False,False,0.017074981440237558,,True,buy_after_every_green,2015-01-08,1.7074981440237558,0.02,1.6874981440237558,3.34259650565974
2015-01-09,2053.75,2062.0,2031.25,2035.25,False,True,False,-0.0090079123554474,,True,buy_after_every_green,2015-01-09,-0.90079123554474,0.02,-0.9207912355447401,2.421805270115
2015-01-20,2013.5,2026.5,1997.5,2016.75,True,False,False,0.0016141047926496732,,True,buy_after_every_green,2015-01-20,0.16141047926496732,0.02,0.14141047926496733,2.5632157493799674
2015-01-21,2015.75,2032.75,2005.25,2026.5,True,False,False,0.005333002604489545,,True,buy_after_every_green,2015-01-21,0.5333002604489545,0.02,0.5133002604489545,3.076516009828922
2015-01-22,2026.75,2059.25,2019.25,2056.5,True,False,False,0.01467867275194279,,True,buy_after_every_green,2015-01-22,1.467867275194279,0.02,1.447867275194279,4.524383285023201
2015-01-23,2056.5,2062.5,2042.25,2044.0,False,True,False,-0.006078288353999484,,True,buy_after_every_green,2015-01-23,-0.6078288353999484,0.02,-0.6278288353999484,3.8965544496232525
2015-01-27,2054.0,2054.75,2013.25,2030.0,False,True,False,-0.011684518013631906,,True,buy_after_every_green,2015-01-27,-1.1684518013631906,0.02,-1.1884518013631906,2.708102648260062
2015-01-30,2019.25,2020.5,1986.25,1988.5,False,True,False,-0.015228426395939132,,True,buy_after_every_green,2015-01-30,-1.5228426395939132,0.02,-1.5428426395939132,1.1652600086661487
2015-02-03,2015.0,2044.0,2007.0,2042.0,True,False,False,0.013399503722084427,,True,buy_after_every_green,2015-02-03,1.3399503722084427,0.02,1.3199503722084427,2.4852103808745913
2015-02-04,2040.5,2049.25,2022.75,2030.0,False,True,False,-0.005145797598627766,,True,buy_after_every_green,2015-02-04,-0.5145797598627766,0.02,-0.5345797598627766,1.9506306210118147
2015-02-06,2056.25,2068.0,2044.5,2053.0,False,True,False,-0.0015805471124620274,,True,buy_after_every_green,2015-02-06,-0.15805471124620274,0.02,-0.17805471124620273,1.772575909765612
2015-02-11,2062.75,2079.5,2053.25,2065.75,True,False,False,0.0014543691673736259,1977.6025,True,buy_after_every_green,2015-02-11,0.1454369167373626,0.02,0.1254369167373626,1.8980128265029745
2015-02-12,2071.5,2085.5,2058.5,2084.0,True,False,False,0.00603427468018336,1978.66375,True,buy_after_every_green,2015-02-12,0.603427468018336,0.02,0.583427468018336,2.4814402945213105
2015-02-13,2083.0,2095.0,2081.5,2093.5,True,False,False,0.005040806529044595,1979.74125,True,buy_after_every_green,2015-02-13,0.5040806529044595,0.02,0.48408065290445945,2.96552094742577
2015-02-17,2091.25,2098.75,2080.75,2096.0,True,False,False,0.0022713687985653763,1980.8325,True,buy_after_every_green,2015-02-17,0.22713687985653763,0.02,0.20713687985653764,3.1726578272823076
2015-02-18,2096.5,2098.5,2088.5,2095.5,False,True,False,-0.00047698545194374553,1981.9375,True,buy_after_every_green,2015-02-18,-0.04769854519437455,0.02,-0.06769854519437456,3.104959282087933
2015-02-23,2107.25,2108.25,2099.75,2106.75,False,True,False,-0.00023727607070822554,1985.41125,True,buy_after_every_green,2015-02-23,-0.023727607070822554,0.02,-0.04372760707082256,3.0612316750171105
2015-02-25,2113.75,2117.75,2107.25,2110.25,False,True,False,-0.0016558249556475335,1987.8025,True,buy_after_every_green,2015-02-25,-0.16558249556475335,0.02,-0.18558249556475334,2.875649179452357
2015-03-03,2114.0,2114.5,2095.5,2104.75,False,True,False,-0.004375591296121084,1992.2625,True,buy_after_every_green,2015-03-03,-0.4375591296121084,0.02,-0.45755912961210843,2.4180900498402487
2015-03-06,2099.5,2103.5,2065.5,2070.75,False,True,False,-0.013693736603953344,1995.4725,True,buy_after_every_green,2015-03-06,-1.3693736603953344,0.02,-1.3893736603953344,1.0287163894449143
2015-03-10,2077.5,2078.0,2041.25,2042.0,False,True,False,-0.01708784596871238,1997.195,True,buy_after_every_green,2015-03-10,-1.7087845968712378,0.02,-1.7287845968712379,-0.7000682074263236
2015-03-13,2064.25,2068.75,2040.0,2049.75,False,True,False,-0.007024342981712506,1999.385,True,buy_after_every_green,2015-03-13,-0.7024342981712506,0.02,-0.7224342981712506,-1.4225025055975742
2015-03-17,2074.5,2078.75,2064.25,2074.5,False,False,True,0.0,2000.9425,True,buy_after_every_green,2015-03-17,0.0,0.02,-0.02,-1.4425025055975742
2015-03-19,2101.0,2107.25,2085.0,2090.5,False,True,False,-0.004997620180866247,2002.67875,True,buy_after_every_green,2015-03-19,-0.4997620180866247,0.02,-0.5197620180866247,-1.962264523684199
2015-03-23,2097.75,2107.0,2093.25,2094.75,False,True,False,-0.0014301036825169477,2004.3375,True,buy_after_every_green,2015-03-23,-0.14301036825169477,0.02,-0.16301036825169476,-2.1252748919358937
2015-03-30,2052.75,2081.75,2047.25,2075.5,True,False,False,0.011082693947144007,2007.29125,True,buy_after_every_green,2015-03-30,1.1082693947144007,0.02,1.0882693947144007,-1.037005497221493
2015-03-31,2074.75,2076.75,2056.25,2060.75,False,True,False,-0.006747800939872262,2007.91625,True,buy_after_every_green,2015-03-31,-0.6747800939872262,0.02,-0.6947800939872262,-1.7317855912087192
2015-04-06,2039.5,2080.0,2038.75,2073.25,True,False,False,0.016548173571953928,2009.67,True,buy_after_every_green,2015-04-06,1.6548173571953928,0.02,1.6348173571953928,-0.09696823401332644
2015-04-07,2071.5,2082.75,2066.0,2067.75,False,True,False,-0.001810282404055008,2010.21625,True,buy_after_every_green,2015-04-07,-0.1810282404055008,0.02,-0.2010282404055008,-0.29799647441882726
2015-04-09,2077.75,2087.0,2066.75,2085.75,True,False,False,0.0038503188545302436,2011.42,True,buy_after_every_green,2015-04-09,0.38503188545302436,0.02,0.36503188545302434,0.06703541103419708
2015-04-10,2086.0,2096.25,2083.0,2095.5,True,False,False,0.004554170661553281,2012.18125,True,buy_after_every_green,2015-04-10,0.45541706615532807,0.02,0.43541706615532805,0.5024524771895251
2015-04-13,2095.25,2101.25,2085.25,2086.5,False,True,False,-0.0041761126357237055,2012.86625,True,buy_after_every_green,2015-04-13,-0.41761126357237055,0.02,-0.43761126357237057,0.06484121361715456
2015-04-15,2091.75,2105.5,2087.25,2099.75,True,False,False,0.0038245488227559576,2014.31625,True,buy_after_every_green,2015-04-15,0.38245488227559576,0.02,0.36245488227559575,0.4272960958927503
2015-04-16,2101.5,2104.75,2089.0,2100.75,False,True,False,-0.00035688793718768874,2015.0575,True,buy_after_every_green,2015-04-16,-0.035688793718768874,0.02,-0.05568879371876888,0.3716073021739814
2015-04-21,2089.5,2105.25,2087.25,2091.0,True,False,False,0.00071787508973431,2016.79,True,buy_after_every_green,2015-04-21,0.071787508973431,0.02,0.051787508973431,0.4233948111474124
2015-04-22,2092.0,2103.75,2080.25,2100.25,True,False,False,0.0039435946462715865,2017.43625,True,buy_after_every_green,2015-04-22,0.39435946462715865,0.02,0.37435946462715863,0.797754275774571
2015-04-23,2099.25,2114.5,2087.5,2107.0,True,False,False,0.003691794688579275,2018.16875,True,buy_after_every_green,2015-04-23,0.3691794688579275,0.02,0.3491794688579275,1.1469337446324985
2015-04-24,2107.5,2114.75,2103.0,2111.75,True,False,False,0.0020166073546856733,2018.89125,True,buy_after_every_green,2015-04-24,0.20166073546856733,0.02,0.18166073546856734,1.3285944801010658
2015-04-27,2113.25,2119.75,2100.25,2104.75,False,True,False,-0.004022240624630302,2019.62625,True,buy_after_every_green,2015-04-27,-0.4022240624630302,0.02,-0.42222406246303024,0.9063704176380356
2015-04-29,2110.75,2112.5,2090.5,2099.0,False,True,False,-0.0055667416794977775,2021.01375,True,buy_after_every_green,2015-04-29,-0.5566741679497778,0.02,-0.5766741679497778,0.32969624968825784
2015-05-04,2101.75,2115.0,2098.0,2109.25,True,False,False,0.0035684548590459997,2022.98125,True,buy_after_every_green,2015-05-04,0.35684548590459997,0.02,0.33684548590459995,0.6665417355928578
2015-05-05,2109.5,2111.75,2081.5,2084.0,False,True,False,-0.012088172552737642,2023.54375,True,buy_after_every_green,2015-05-05,-1.2088172552737642,0.02,-1.2288172552737642,-0.5622755196809064
2015-05-08,2085.25,2113.5,2084.0,2108.5,True,False,False,0.011149742237141824,2025.26875,True,buy_after_every_green,2015-05-08,1.1149742237141824,0.02,1.0949742237141824,0.532698704033276
2015-05-11,2110.0,2113.5,2095.75,2097.75,False,True,False,-0.0058056872037914875,2025.85375,True,buy_after_every_green,2015-05-11,-0.5805687203791488,0.02,-0.6005687203791488,-0.06787001634587275
2015-05-15,2117.25,2122.75,2113.25,2119.0,True,False,False,0.0008265438658636715,2028.62125,True,buy_after_every_green,2015-05-15,0.08265438658636715,0.02,0.06265438658636714,-0.005215629759505611
2015-05-18,2119.25,2128.75,2112.25,2126.0,True,False,False,0.0031850890645275243,2029.6275,True,buy_after_every_green,2015-05-18,0.3185089064527524,0.02,0.2985089064527524,0.2932932766932468
2015-05-19,2126.75,2134.0,2121.25,2124.5,False,True,False,-0.0010579522745973735,2030.6575,True,buy_after_every_green,2015-05-19,-0.10579522745973735,0.02,-0.12579522745973734,0.16749804923350944
2015-05-22,2129.25,2131.0,2122.75,2124.5,False,True,False,-0.0022308324527415824,2033.73375,True,buy_after_every_green,2015-05-22,-0.22308324527415824,0.02,-0.24308324527415823,-0.07558519604064878
2015-05-28,2120.0,2122.75,2110.5,2121.75,True,False,False,0.0008254716981133114,2036.665,True,buy_after_every_green,2015-05-28,0.08254716981133114,0.02,0.06254716981133114,-0.013038026229317642
2015-05-29,2121.75,2122.75,2102.25,2106.0,False,True,False,-0.007423117709437932,2037.5425,True,buy_after_every_green,2015-05-29,-0.7423117709437932,0.02,-0.7623117709437932,-0.7753497971731108
2015-06-02,2111.0,2116.0,2094.0,2106.75,False,True,False,-0.002013263855992431,2039.13125,True,buy_after_every_green,2015-06-02,-0.2013263855992431,0.02,-0.2213263855992431,-0.9966761827723539
2015-06-04,2116.25,2116.5,2091.25,2099.0,False,True,False,-0.008151210868281189,2040.60625,True,buy_after_every_green,2015-06-04,-0.8151210868281189,0.02,-0.8351210868281189,-1.831797269600473
2015-06-11,2106.0,2114.75,2103.25,2109.25,True,False,False,0.0015432098765431057,2043.27625,True,buy_after_every_green,2015-06-11,0.15432098765431057,0.02,0.13432098765431058,-1.6974762819461624
2015-06-12,2109.0,2109.25,2090.25,2093.0,False,True,False,-0.007586533902323334,2043.74875,True,buy_after_every_green,2015-06-12,-0.7586533902323334,0.02,-0.7786533902323334,-2.4761296721784958
2015-06-17,2097.75,2107.0,2087.0,2097.5,False,True,False,-0.00011917530687644007,2045.1675,True,buy_after_every_green,2015-06-17,-0.011917530687644007,0.02,-0.03191753068764401,-2.50804720286614
2015-06-19,2123.25,2126.5,2118.25,2118.5,False,True,False,-0.0022371364653244186,2046.3825,True,buy_after_every_green,2015-06-19,-0.22371364653244186,0.02,-0.24371364653244185,-2.7517608493985817
2015-06-23,2114.75,2120.5,2111.25,2116.5,True,False,False,0.0008275209835677533,2047.51,True,buy_after_every_green,2015-06-23,0.08275209835677533,0.02,0.06275209835677532,-2.6890087510418064
2015-06-24,2117.5,2118.5,2099.0,2099.5,False,True,False,-0.00850059031877215,2048.005,True,buy_after_every_green,2015-06-24,-0.850059031877215,0.02,-0.870059031877215,-3.5590677829190214
2015-06-29,2064.0,2083.25,2047.25,2050.5,False,True,False,-0.006540697674418561,2049.2975,True,buy_after_every_green,2015-06-29,-0.6540697674418561,0.02,-0.6740697674418561,-4.233137550360878
2015-07-02,2071.5,2079.0,2062.25,2068.75,False,True,False,-0.0013275404296403392,2050.42625,True,buy_after_every_green,2015-07-02,-0.13275404296403392,0.02,-0.15275404296403391,-4.385891593324912
2015-07-08,2073.0,2073.25,2036.25,2039.25,False,True,False,-0.01628075253256156,2051.14875,True,buy_after_every_green,2015-07-08,-1.628075253256156,0.02,-1.648075253256156,-6.033966846581068
2015-07-10,2044.75,2074.75,2044.75,2069.0,True,False,False,0.011859640542853711,2051.9075,True,buy_after_every_green,2015-07-10,1.185964054285371,0.02,1.165964054285371,-4.868002792295696
2015-07-13,2054.75,2094.75,2052.0,2094.5,True,False,False,0.019345419150748278,2052.425,True,buy_after_every_green,2015-07-13,1.9345419150748278,0.02,1.9145419150748277,-2.9534608772208686
2015-07-14,2094.0,2105.5,2090.5,2102.0,True,False,False,0.0038204393505252288,2053.1275,True,buy_after_every_green,2015-07-14,0.3820439350525229,0.02,0.36204393505252286,-2.5914169421683457
2015-07-15,2102.5,2107.75,2095.0,2104.25,True,False,False,0.0008323424494649512,2053.76875,True,buy_after_every_green,2015-07-15,0.08323424494649512,0.02,0.06323424494649511,-2.5281826972218506
2015-07-16,2104.0,2118.5,2102.75,2117.0,True,False,False,0.0061787072243346675,2054.50625,True,buy_after_every_green,2015-07-16,0.6178707224334667,0.02,0.5978707224334667,-1.930311974788384
2015-07-17,2117.0,2120.0,2112.75,2118.75,True,False,False,0.0008266414737836403,2055.2725,True,buy_after_every_green,2015-07-17,0.08266414737836403,0.02,0.06266414737836402,-1.86764782741002
2015-07-20,2118.0,2126.25,2116.5,2122.0,True,False,False,0.0018885741265344258,2056.17875,True,buy_after_every_green,2015-07-20,0.18885741265344258,0.02,0.1688574126534426,-1.6987904147565773
2015-07-21,2121.25,2125.0,2106.75,2114.5,False,True,False,-0.003182086034177911,2057.05875,True,buy_after_every_green,2015-07-21,-0.3182086034177911,0.02,-0.33820860341779113,-2.0369990181743685
2015-07-23,2109.25,2113.75,2091.5,2098.5,False,True,False,-0.0050965983169373175,2058.51,True,buy_after_every_green,2015-07-23,-0.5096598316937317,0.02,-0.5296598316937318,-2.5666588498681002
2015-07-29,2088.0,2104.25,2084.5,2101.5,True,False,False,0.006465517241379226,2061.61875,True,buy_after_every_green,2015-07-29,0.6465517241379226,0.02,0.6265517241379226,-1.9401071257301776
2015-07-30,2099.5,2104.25,2087.75,2103.75,True,False,False,0.002024291497975783,2062.81,True,buy_after_every_green,2015-07-30,0.2024291497975783,0.02,0.18242914979757832,-1.7576779759325993
2015-07-31,2101.75,2109.25,2095.25,2098.5,False,True,False,-0.0015463304389199406,2063.92875,True,buy_after_every_green,2015-07-31,-0.15463304389199406,0.02,-0.17463304389199405,-1.9323110198245934
2015-08-06,2094.0,2099.25,2070.0,2079.5,False,True,False,-0.00692454632282713,2068.27375,True,buy_after_every_green,2015-08-06,-0.692454632282713,0.02,-0.712454632282713,-2.6447656521073064
2015-08-11,2100.75,2101.75,2070.75,2079.75,False,True,False,-0.009996429846483412,2070.49375,True,buy_after_every_green,2015-08-11,-0.9996429846483412,0.02,-1.0196429846483412,-3.6644086367556477
2015-08-13,2082.75,2093.0,2073.25,2080.5,False,True,False,-0.0010803024846957054,2071.73375,True,buy_after_every_green,2015-08-13,-0.10803024846957054,0.02,-0.12803024846957053,-3.792438885225218
2015-08-17,2089.5,2100.5,2074.75,2099.25,True,False,False,0.004666188083273459,2072.91625,True,buy_after_every_green,2015-08-17,0.4666188083273459,0.02,0.4466188083273459,-3.3458200768978723
2015-08-18,2098.25,2103.75,2090.25,2094.0,False,True,False,-0.0020254974383414615,2073.44375,True,buy_after_every_green,2015-08-18,-0.20254974383414615,0.02,-0.22254974383414614,-3.5683698207320185
2015-08-27,1941.25,1990.25,1934.5,1989.25,True,False,False,0.02472633612363162,2071.475,True,buy_after_every_green,2015-08-27,2.472633612363162,0.02,2.452633612363162,-1.1157362083688565
2015-08-28,1988.25,1992.75,1967.25,1989.75,True,False,False,0.0007544322897019562,2071.24125,True,buy_after_every_green,2015-08-28,0.07544322897019562,0.02,0.055443228970195615,-1.0602929793986609
2015-08-31,1986.25,1987.75,1959.25,1969.25,False,True,False,-0.008558842039018244,2070.9075,True,buy_after_every_green,2015-08-31,-0.8558842039018244,0.02,-0.8758842039018244,-1.9361771833004853
2015-09-03,1947.5,1973.5,1942.0,1946.0,False,True,False,-0.0007702182284980985,2069.39375,True,buy_after_every_green,2015-09-03,-0.07702182284980985,0.02,-0.09702182284980986,-2.033199006150295
2015-09-09,1966.5,1992.0,1935.5,1942.75,False,True,False,-0.012077294685990392,2067.80625,True,buy_after_every_green,2015-09-09,-1.2077294685990392,0.02,-1.2277294685990392,-3.2609284747493343
2015-09-11,1949.5,1962.5,1937.25,1960.25,True,False,False,0.0055142344190817205,2066.70875,True,buy_after_every_green,2015-09-11,0.551423441908172,0.02,0.531423441908172,-2.7295050328411623
2015-09-14,1963.75,1974.25,1946.5,1954.0,False,True,False,-0.004964990451941431,2066.14125,True,buy_after_every_green,2015-09-14,-0.4964990451941431,0.02,-0.5164990451941431,-3.2460040780353054
2015-09-16,1979.75,1999.0,1972.75,1998.25,True,False,False,0.00934461421896704,2065.33875,True,buy_after_every_green,2015-09-16,0.934461421896704,0.02,0.914461421896704,-2.3315426561386015
2015-09-17,1997.0,2021.5,1982.5,1987.75,False,True,False,-0.0046319479218828175,2065.02375,True,buy_after_every_green,2015-09-17,-0.46319479218828175,0.02,-0.48319479218828176,-2.814737448326883
2015-09-22,1964.25,1965.0,1917.75,1932.0,False,True,False,-0.016418480336006125,2063.24625,True,buy_after_every_green,2015-09-22,-1.6418480336006125,0.02,-1.6618480336006125,-4.476585481927495
2015-09-28,1915.5,1929.75,1868.75,1872.0,False,True,False,-0.022709475332811313,2060.34125,True,buy_after_every_green,2015-09-28,-2.2709475332811313,0.02,-2.2909475332811313,-6.767533015208627
2015-10-01,1902.5,1929.5,1890.25,1916.75,True,False,False,0.007490144546649091,2058.75,True,buy_after_every_green,2015-10-01,0.7490144546649091,0.02,0.7290144546649091,-6.038518560543718
2015-10-02,1917.0,1943.75,1883.0,1943.0,True,False,False,0.013562858633281216,2058.6075,True,buy_after_every_green,2015-10-02,1.3562858633281216,0.02,1.3362858633281216,-4.702232697215596
2015-10-05,1941.0,1980.0,1937.25,1974.75,True,False,False,0.017387944358578045,2058.41,True,buy_after_every_green,2015-10-05,1.7387944358578045,0.02,1.7187944358578044,-2.9834382613577914
2015-10-06,1973.0,1982.25,1962.5,1968.5,False,True,False,-0.0022807906741003636,2057.9275,True,buy_after_every_green,2015-10-06,-0.22807906741003636,0.02,-0.24807906741003635,-3.231517328767828
2015-10-08,1987.75,2008.75,1971.0,2006.5,True,False,False,0.009432775751477829,2057.20875,True,buy_after_every_green,2015-10-08,0.9432775751477829,0.02,0.9232775751477829,-2.308239753620045
2015-10-09,2004.0,2014.0,1998.75,2007.5,True,False,False,0.0017465069860278515,2056.85125,True,buy_after_every_green,2015-10-09,0.17465069860278515,0.02,0.15465069860278516,-2.15358905501726
2015-10-12,2005.25,2014.0,2001.75,2011.0,True,False,False,0.0028674728836803887,2056.5125,True,buy_after_every_green,2015-10-12,0.28674728836803887,0.02,0.26674728836803885,-1.886841766649221
2015-10-13,2012.0,2014.75,1991.25,1994.0,False,True,False,-0.008946322067594381,2056.06125,True,buy_after_every_green,2015-10-13,-0.8946322067594381,0.02,-0.9146322067594381,-2.801473973408659
2015-10-16,2018.25,2026.5,2012.25,2025.5,True,False,False,0.003592220983525296,2055.12875,True,buy_after_every_green,2015-10-16,0.3592220983525296,0.02,0.3392220983525296,-2.4622518750561295
2015-10-19,2024.5,2028.0,2014.25,2027.5,True,False,False,0.0014818473697209011,2055.035,True,buy_after_every_green,2015-10-19,0.14818473697209011,0.02,0.12818473697209012,-2.3340671380840394
2015-10-20,2026.5,2031.5,2018.5,2020.5,False,True,False,-0.002960769800148033,2055.0575,True,buy_after_every_green,2015-10-20,-0.2960769800148033,0.02,-0.31607698001480333,-2.6501441180988428
2015-10-23,2054.25,2074.5,2053.25,2066.0,True,False,False,0.005719849093342999,2055.35,True,buy_after_every_green,2015-10-23,0.5719849093342999,0.02,0.5519849093342999,-2.098159208764543
2015-10-26,2066.0,2068.0,2057.5,2062.25,False,True,False,-0.0018151016456922076,2055.485,True,buy_after_every_green,2015-10-26,-0.18151016456922076,0.02,-0.20151016456922075,-2.2996693733337636
2015-10-29,2081.0,2086.5,2073.25,2083.0,True,False,False,0.0009610764055743015,2056.395,True,buy_after_every_green,2015-10-29,0.09610764055743015,0.02,0.07610764055743015,-2.2235617327763335
2015-10-30,2084.75,2094.75,2069.75,2073.75,False,True,False,-0.005276412039812883,2056.81875,True,buy_after_every_green,2015-10-30,-0.5276412039812883,0.02,-0.5476412039812883,-2.771202936757622
2015-11-03,2093.25,2110.25,2089.0,2103.0,True,False,False,0.0046578287352203596,2057.6625,True,buy_after_every_green,2015-11-03,0.46578287352203596,0.02,0.44578287352203594,-2.325420063235586
2015-11-04,2102.5,2109.75,2090.5,2094.75,False,True,False,-0.00368608799048753,2058.00375,True,buy_after_every_green,2015-11-04,-0.368608799048753,0.02,-0.388608799048753,-2.714028862284339
2015-11-11,2076.5,2087.25,2067.75,2069.0,False,True,False,-0.003611846857693224,2059.165,True,buy_after_every_green,2015-11-11,-0.3611846857693224,0.02,-0.3811846857693224,-3.0952135480536613
2015-11-17,2047.75,2063.5,2041.5,2049.0,True,False,False,0.0006104260774020265,2059.615,True,buy_after_every_green,2015-11-17,0.06104260774020265,0.02,0.041042607740202644,-3.0541709403134587
2015-11-18,2049.75,2082.5,2043.0,2079.75,True,False,False,0.014635931211123276,2059.86375,True,buy_after_every_green,2015-11-18,1.4635931211123276,0.02,1.4435931211123276,-1.610577819201131
2015-11-19,2078.25,2089.25,2075.25,2079.25,True,False,False,0.00048117406471792634,2059.985,True,buy_after_every_green,2015-11-19,0.048117406471792634,0.02,0.028117406471792634,-1.5824604127293385
2015-11-20,2078.25,2094.5,2076.0,2088.75,True,False,False,0.0050523276795380045,2060.16375,True,buy_after_every_green,2015-11-20,0.5052327679538005,0.02,0.48523276795380044,-1.097227644775538
2015-11-23,2089.75,2093.0,2078.25,2084.25,False,True,False,-0.00263189376719708,2060.3725,True,buy_after_every_green,2015-11-23,-0.263189376719708,0.02,-0.283189376719708,-1.380417021495246
2015-11-25,2084.0,2092.5,2082.25,2088.0,True,False,False,0.0019193857965451588,2060.59625,True,buy_after_every_green,2015-11-25,0.19193857965451588,0.02,0.1719385796545159,-1.2084784418407302
2015-11-27,2089.5,2098.25,2081.5,2090.0,True,False,False,0.00023929169657810334,2060.62625,True,buy_after_every_green,2015-11-27,0.023929169657810334,0.02,0.003929169657810334,-1.2045492721829199
2015-11-30,2089.5,2095.0,2078.5,2079.75,False,True,False,-0.004666188083273459,2060.5575,True,buy_after_every_green,2015-11-30,-0.4666188083273459,0.02,-0.48661880832734594,-1.6911680805102658
2015-12-02,2099.5,2105.0,2075.0,2081.5,False,True,False,-0.008573469873779493,2060.5075,True,buy_after_every_green,2015-12-02,-0.8573469873779493,0.02,-0.8773469873779494,-2.568515067888215
2015-12-07,2092.25,2095.5,2064.5,2081.0,False,True,False,-0.005376986497789504,2060.06625,True,buy_after_every_green,2015-12-07,-0.5376986497789504,0.02,-0.5576986497789505,-3.1262137176671656
2015-12-11,2050.75,2056.25,2005.0,2009.75,False,True,False,-0.019992685602828186,2058.68125,True,buy_after_every_green,2015-12-11,-1.9992685602828186,0.02,-2.0192685602828186,-5.145482277949984
2015-12-15,2021.75,2054.0,2019.0,2045.5,True,False,False,0.011747248670705979,2057.9075,True,buy_after_every_green,2015-12-15,1.1747248670705979,0.02,1.1547248670705978,-3.9907574108793864
2015-12-16,2046.0,2077.0,2040.0,2072.0,True,False,False,0.012707722385141729,2057.785,True,buy_after_every_green,2015-12-16,1.2707722385141729,0.02,1.2507722385141729,-2.7399851723652136
2015-12-17,2069.75,2082.25,2032.5,2034.25,False,True,False,-0.017151829931151052,2057.4575,True,buy_after_every_green,2015-12-17,-1.7151829931151052,0.02,-1.7351829931151053,-4.475168165480319
2015-12-22,2017.0,2036.5,2007.25,2036.0,True,False,False,0.009419930589985137,2056.9225,True,buy_after_every_green,2015-12-22,0.9419930589985137,0.02,0.9219930589985137,-3.5531751064818056
2015-12-23,2034.0,2057.75,2030.75,2053.0,True,False,False,0.009341199606686335,2056.99,True,buy_after_every_green,2015-12-23,0.9341199606686335,0.02,0.9141199606686334,-2.639055145813172
2015-12-24,2052.75,2059.75,2049.0,2051.25,False,True,False,-0.00073072707343802,2056.92625,True,buy_after_every_green,2015-12-24,-0.073072707343802,0.02,-0.093072707343802,-2.732127853156974
2015-12-30,2072.0,2075.0,2053.5,2054.5,False,True,False,-0.008445945945945943,2056.8025,True,buy_after_every_green,2015-12-30,-0.8445945945945943,0.02,-0.8645945945945943,-3.5967224477515685
2016-01-06,2010.75,2013.25,1970.5,1986.0,False,True,False,-0.012308839985080144,2055.07875,True,buy_after_every_green,2016-01-06,-1.2308839985080144,0.02,-1.2508839985080145,-4.847606446259583
2016-01-12,1913.5,1940.25,1899.0,1925.0,True,False,False,0.006009929448654194,2052.29875,True,buy_after_every_green,2016-01-12,0.6009929448654194,0.02,0.5809929448654194,-4.266613501394163
2016-01-13,1922.5,1946.5,1878.0,1881.5,False,True,False,-0.02132639791937585,2051.32875,True,buy_after_every_green,2016-01-13,-2.132639791937585,0.02,-2.152639791937585,-6.419253293331748
2016-01-15,1913.5,1921.0,1849.25,1875.0,False,True,False,-0.02012019858897307,2049.7075,True,buy_after_every_green,2016-01-15,-2.012019858897307,0.02,-2.032019858897307,-8.451273152229055
2016-01-20,1871.75,1878.5,1804.25,1855.0,False,True,False,-0.00894884466408441,2047.68375,True,buy_after_every_green,2016-01-20,-0.894884466408441,0.02,-0.914884466408441,-9.366157618637496
2016-01-22,1858.5,1902.25,1855.75,1899.25,True,False,False,0.02192628463814894,2045.76625,True,buy_after_every_green,2016-01-22,2.192628463814894,0.02,2.172628463814894,-7.193529154822603
2016-01-25,1899.5,1904.25,1867.5,1870.25,False,True,False,-0.015398789155040782,2044.68875,True,buy_after_every_green,2016-01-25,-1.5398789155040782,0.02,-1.5598789155040782,-8.753408070326682
2016-01-27,1885.25,1910.0,1864.5,1875.0,False,True,False,-0.005436944702294166,2042.63375,True,buy_after_every_green,2016-01-27,-0.5436944702294166,0.02,-0.5636944702294167,-9.317102540556098
2016-01-29,1878.75,1933.0,1876.5,1930.0,True,False,False,0.02727877578176985,2040.73375,True,buy_after_every_green,2016-01-29,2.727877578176985,0.02,2.707877578176985,-6.609224962379113
2016-02-01,1929.75,1940.0,1912.5,1931.25,True,False,False,0.0007773027594248916,2039.88625,True,buy_after_every_green,2016-02-01,0.07773027594248916,0.02,0.057730275942489154,-6.551494686436623
2016-02-02,1928.5,1929.25,1889.0,1897.5,False,True,False,-0.01607466943220115,2038.99625,True,buy_after_every_green,2016-02-02,-1.607466943220115,0.02,-1.627466943220115,-8.178961629656738
2016-02-04,1907.75,1922.25,1890.25,1907.75,False,False,True,0.0,2037.1675,True,buy_after_every_green,2016-02-04,0.0,0.02,-0.02,-8.198961629656738
2016-02-16,1865.25,1892.75,1865.0,1888.75,True,False,False,0.012598847339498676,2028.5675,True,buy_after_every_green,2016-02-16,1.2598847339498676,0.02,1.2398847339498675,-6.95907689570687
2016-02-17,1888.25,1928.0,1881.5,1922.75,True,False,False,0.018270885740765186,2027.67375,True,buy_after_every_green,2016-02-17,1.8270885740765186,0.02,1.8070885740765186,-5.151988321630352
2016-02-18,1926.75,1933.5,1911.25,1916.5,False,True,False,-0.005319839107305047,2026.71,True,buy_after_every_green,2016-02-18,-0.5319839107305047,0.02,-0.5519839107305047,-5.703972232360856
2016-02-23,1934.0,1938.0,1913.75,1916.0,False,True,False,-0.009307135470527417,2024.33125,True,buy_after_every_green,2016-02-23,-0.9307135470527417,0.02,-0.9507135470527417,-6.654685779413597
2016-02-25,1933.0,1951.5,1920.25,1950.5,True,False,False,0.009053285049146487,2022.70375,True,buy_after_every_green,2016-02-25,0.9053285049146487,0.02,0.8853285049146487,-5.769357274498949
2016-02-26,1949.0,1968.75,1941.25,1942.75,False,True,False,-0.0032067727039507554,2021.9425,True,buy_after_every_green,2016-02-26,-0.32067727039507554,0.02,-0.34067727039507556,-6.110034544894025
2016-03-02,1976.25,1984.75,1966.25,1983.5,True,False,False,0.003668564199873492,2019.7425,True,buy_after_every_green,2016-03-02,0.3668564199873492,0.02,0.3468564199873492,-5.763178124906675
2016-03-03,1981.75,1992.5,1974.75,1990.5,True,False,False,0.004415289516841225,2019.065,True,buy_after_every_green,2016-03-03,0.44152895168412254,0.02,0.4215289516841225,-5.341649173222553
2016-03-04,1991.0,2007.5,1984.0,1995.0,True,False,False,0.002009040683073726,2018.4175,True,buy_after_every_green,2016-03-04,0.20090406830737262,0.02,0.18090406830737263,-5.16074510491518
2016-03-07,1994.5,2004.5,1984.5,1999.0,True,False,False,0.0022562045625469374,2017.8,True,buy_after_every_green,2016-03-07,0.22562045625469374,0.02,0.20562045625469375,-4.955124648660486
2016-03-08,1999.0,2000.25,1976.0,1981.0,False,True,False,-0.00900450225112559,2017.065,True,buy_after_every_green,2016-03-08,-0.900450225112559,0.02,-0.920450225112559,-5.875574873773045
2016-03-10,1990.0,2010.25,1967.25,1988.75,False,True,False,-0.0006281407035175768,2015.80625,True,buy_after_every_green,2016-03-10,-0.06281407035175768,0.02,-0.08281407035175768,-5.958388944124803
2016-03-14,2019.25,2024.5,2012.0,2018.75,False,True,False,-0.00024761668936490455,2014.78625,True,buy_after_every_green,2016-03-14,-0.024761668936490455,0.02,-0.04476166893649046,-6.003150613061293
2016-03-17,2026.75,2046.75,2015.75,2039.75,True,False,False,0.006414209942025462,2013.58875,True,buy_after_every_green,2016-03-17,0.6414209942025462,0.02,0.6214209942025462,-5.381729618858747
2016-03-18,2041.5,2048.75,2037.0,2048.0,True,False,False,0.003183933382316928,2013.24875,True,buy_after_every_green,2016-03-18,0.3183933382316928,0.02,0.2983933382316928,-5.083336280627055
2016-03-21,2036.5,2044.5,2031.0,2042.75,True,False,False,0.003068990915786829,2012.9675,True,buy_after_every_green,2016-03-21,0.3068990915786829,0.02,0.2868990915786829,-4.796437189048373
2016-03-22,2043.25,2047.5,2028.75,2042.5,False,True,False,-0.00036706227823324333,2012.71875,True,buy_after_every_green,2016-03-22,-0.03670622782332433,0.02,-0.05670622782332434,-4.8531434168716965
2016-03-28,2030.25,2039.75,2022.0,2028.0,False,True,False,-0.0011082379017361976,2011.81875,True,buy_after_every_green,2016-03-28,-0.11082379017361976,0.02,-0.13082379017361975,-4.983967207045316
2016-03-30,2048.5,2064.5,2046.75,2055.25,True,False,False,0.003295093971198426,2011.32125,True,buy_after_every_green,2016-03-30,0.3295093971198426,0.02,0.3095093971198426,-4.674457809925473
2016-03-31,2055.5,2059.75,2047.25,2051.5,False,True,False,-0.0019459985405011482,2011.15875,True,buy_after_every_green,2016-03-31,-0.19459985405011482,0.02,-0.2145998540501148,-4.889057663975588
2016-04-04,2064.0,2071.5,2054.25,2057.5,False,True,False,-0.0031492248062015005,2010.79625,True,buy_after_every_green,2016-04-04,-0.31492248062015005,0.02,-0.33492248062015006,-5.223980144595737
2016-04-07,2059.75,2062.0,2026.0,2035.0,False,True,False,-0.012016021361815787,2009.695,True,buy_after_every_green,2016-04-07,-1.2016021361815787,0.02,-1.2216021361815788,-6.445582280777316
2016-04-11,2041.0,2056.5,2032.5,2034.5,False,True,False,-0.0031847133757961776,2008.99125,True,buy_after_every_green,2016-04-11,-0.31847133757961776,0.02,-0.3384713375796178,-6.784053618356934
2016-04-13,2055.25,2077.0,2054.0,2076.0,True,False,False,0.010096095365527358,2008.70125,True,buy_after_every_green,2016-04-13,1.0096095365527358,0.02,0.9896095365527358,-5.794444081804198
2016-04-14,2076.25,2081.75,2068.5,2076.5,True,False,False,0.00012040939193247446,2008.83125,True,buy_after_every_green,2016-04-14,0.012040939193247446,0.02,-0.007959060806752554,-5.80240314261095
2016-04-15,2077.75,2080.0,2069.5,2075.0,False,True,False,-0.0013235471062447157,2008.93375,True,buy_after_every_green,2016-04-15,-0.13235471062447157,0.02,-0.15235471062447156,-5.954757853235421
2016-04-19,2085.25,2098.5,2084.75,2093.75,True,False,False,0.004076249850137881,2009.1375,True,buy_after_every_green,2016-04-19,0.4076249850137881,0.02,0.38762498501378806,-5.567132868221632
2016-04-20,2094.25,2105.25,2085.75,2098.0,True,False,False,0.0017906171660500014,2009.305,True,buy_after_every_green,2016-04-20,0.17906171660500014,0.02,0.15906171660500015,-5.408071151616632
2016-04-21,2097.75,2104.0,2078.75,2082.75,False,True,False,-0.007150518412584961,2009.35,True,buy_after_every_green,2016-04-21,-0.7150518412584961,0.02,-0.7350518412584961,-6.143122992875128
2016-04-25,2091.5,2091.5,2071.0,2083.25,False,True,False,-0.003944537413339666,2009.79375,True,buy_after_every_green,2016-04-25,-0.3944537413339666,0.02,-0.4144537413339666,-6.5575767342090945
2016-04-27,2082.25,2094.0,2076.25,2090.75,True,False,False,0.004082122703805924,2009.8725,True,buy_after_every_green,2016-04-27,0.4082122703805924,0.02,0.38821227038059236,-6.169364463828503
2016-04-28,2092.5,2094.25,2065.25,2072.5,False,True,False,-0.009557945041816063,2009.725,True,buy_after_every_green,2016-04-28,-0.9557945041816063,0.02,-0.9757945041816063,-7.145158968010109
2016-05-03,2075.5,2076.25,2048.0,2057.0,False,True,False,-0.008913514815707013,2008.97625,True,buy_after_every_green,2016-05-03,-0.8913514815707013,0.02,-0.9113514815707013,-8.05651044958081
2016-05-09,2053.0,2059.75,2048.25,2054.25,True,False,False,0.0006088650754991765,2007.75125,True,buy_after_every_green,2016-05-09,0.060886507549917646,0.02,0.04088650754991764,-8.015623942030892
2016-05-10,2054.0,2079.75,2048.0,2077.5,True,False,False,0.011441090555014632,2007.75125,True,buy_after_every_green,2016-05-10,1.1441090555014632,0.02,1.1241090555014632,-6.8915148865294285
2016-05-11,2077.25,2078.75,2057.5,2058.0,False,True,False,-0.009267059814658807,2007.71875,True,buy_after_every_green,2016-05-11,-0.9267059814658807,0.02,-0.9467059814658807,-7.838220867995309
2016-05-17,2062.0,2069.5,2036.75,2043.5,False,True,False,-0.008971871968962208,2006.80625,True,buy_after_every_green,2016-05-17,-0.8971871968962208,0.02,-0.9171871968962209,-8.75540806489153
2016-05-23,2053.25,2056.0,2043.5,2045.25,False,True,False,-0.0038962620236210332,2005.9475,True,buy_after_every_green,2016-05-23,-0.3896262023621033,0.02,-0.40962620236210334,-9.165034267253633
2016-05-25,2075.0,2092.5,2073.5,2087.25,True,False,False,0.005903614457831274,2005.8925,True,buy_after_every_green,2016-05-25,0.5903614457831274,0.02,0.5703614457831274,-8.594672821470505
2016-05-26,2088.75,2091.75,2082.5,2089.75,True,False,False,0.0004787552363854086,2005.9425,True,buy_after_every_green,2016-05-26,0.04787552363854086,0.02,0.027875523638540862,-8.566797297831965
2016-05-27,2090.5,2098.75,2088.0,2097.25,True,False,False,0.003228892609423495,2006.0075,True,buy_after_every_green,2016-05-27,0.3228892609423495,0.02,0.30288926094234947,-8.263908036889616
2016-05-31,2100.0,2103.75,2086.0,2095.0,False,True,False,-0.0023809523809523725,2006.08,True,buy_after_every_green,2016-05-31,-0.23809523809523725,0.02,-0.25809523809523727,-8.522003274984852
2016-06-02,2096.75,2104.75,2086.75,2103.75,True,False,False,0.003338500059616001,2006.145,True,buy_after_every_green,2016-06-02,0.3338500059616001,0.02,0.31385000596160006,-8.208153269023253
2016-06-03,2103.5,2106.0,2082.75,2097.75,False,True,False,-0.0027335393391966223,2006.16375,True,buy_after_every_green,2016-06-03,-0.27335393391966223,0.02,-0.29335393391966225,-8.501507202942914
2016-06-07,2108.25,2118.0,2106.5,2110.25,True,False,False,0.0009486540969998458,2006.765,True,buy_after_every_green,2016-06-07,0.09486540969998458,0.02,0.07486540969998458,-8.42664179324293
2016-06-08,2110.25,2119.75,2106.5,2118.0,True,False,False,0.003672550645658079,2007.4975,True,buy_after_every_green,2016-06-08,0.3672550645658079,0.02,0.3472550645658079,-8.079386728677122
2016-06-09,2117.75,2118.5,2106.25,2114.25,False,True,False,-0.001652697438318973,2008.7125,True,buy_after_every_green,2016-06-09,-0.1652697438318973,0.02,-0.1852697438318973,-8.264656472509019
2016-06-17,2077.75,2083.0,2073.75,2078.5,True,False,False,0.0003609673926121548,2012.7325,True,buy_after_every_green,2016-06-17,0.03609673926121548,0.02,0.016096739261215482,-8.248559733247804
2016-06-20,2071.0,2092.5,2070.25,2074.25,True,False,False,0.0015692901979720286,2013.36875,True,buy_after_every_green,2016-06-20,0.15692901979720286,0.02,0.13692901979720287,-8.111630713450602
2016-06-21,2079.0,2086.0,2074.0,2080.5,True,False,False,0.0007215007215006786,2014.04125,True,buy_after_every_green,2016-06-21,0.07215007215006786,0.02,0.05215007215006785,-8.059480641300533
2016-06-22,2079.25,2091.25,2075.25,2076.75,False,True,False,-0.001202356618973166,2014.81625,True,buy_after_every_green,2016-06-22,-0.1202356618973166,0.02,-0.1402356618973166,-8.19971630319785
2016-06-24,2115.75,2119.5,1999.0,2018.5,False,True,False,-0.04596478790027181,2015.895,True,buy_after_every_green,2016-06-24,-4.596478790027181,0.02,-4.61647879002718,-12.81619509322503
2016-06-29,2028.25,2074.75,2022.75,2066.75,True,False,False,0.018981880931837836,2016.9775,True,buy_after_every_green,2016-06-29,1.8981880931837836,0.02,1.8781880931837835,-10.938007000041246
2016-06-30,2072.25,2091.25,2056.5,2090.25,True,False,False,0.008686210640608039,2017.53,True,buy_after_every_green,2016-06-30,0.8686210640608039,0.02,0.8486210640608038,-10.089385935980442
2016-07-01,2086.5,2100.75,2081.5,2096.25,True,False,False,0.004672897196261738,2018.02,True,buy_after_every_green,2016-07-01,0.4672897196261738,0.02,0.4472897196261738,-9.642096216354268
2016-07-05,2099.75,2104.75,2072.5,2082.75,False,True,False,-0.008096201928801006,2018.495,True,buy_after_every_green,2016-07-05,-0.8096201928801006,0.02,-0.8296201928801006,-10.471716409234368
2016-07-07,2092.0,2102.0,2081.75,2092.0,False,False,True,0.0,2019.81,True,buy_after_every_green,2016-07-07,0.0,0.02,-0.02,-10.491716409234368
2016-07-11,2120.25,2136.75,2120.0,2130.25,True,False,False,0.004716424949887887,2021.76125,True,buy_after_every_green,2016-07-11,0.47164249498878874,0.02,0.4516424949887887,-10.040073914245578
2016-07-12,2130.75,2149.25,2128.5,2145.75,True,False,False,0.007039774727208625,2022.89625,True,buy_after_every_green,2016-07-12,0.7039774727208625,0.02,0.6839774727208625,-9.356096441524716
2016-07-13,2145.75,2152.25,2139.5,2146.0,True,False,False,0.00011650937900498093,2024.03,True,buy_after_every_green,2016-07-13,0.011650937900498093,0.02,-0.008349062099501908,-9.364445503624218
2016-07-14,2145.25,2168.0,2142.75,2157.25,True,False,False,0.00559375364176673,2025.45625,True,buy_after_every_green,2016-07-14,0.559375364176673,0.02,0.539375364176673,-8.825070139447545
2016-07-15,2156.5,2164.75,2143.25,2152.75,False,True,False,-0.001738928819846941,2026.8475,True,buy_after_every_green,2016-07-15,-0.1738928819846941,0.02,-0.1938928819846941,-9.018963021432238
2016-07-19,2160.0,2160.75,2151.25,2158.75,False,True,False,-0.0005787037037037202,2029.31375,True,buy_after_every_green,2016-07-19,-0.057870370370372015,0.02,-0.07787037037037202,-9.09683339180261
2016-07-21,2168.25,2170.25,2153.5,2158.0,False,True,False,-0.004727314654675463,2031.3525,True,buy_after_every_green,2016-07-21,-0.4727314654675463,0.02,-0.4927314654675463,-9.589564857270156
2016-07-25,2167.75,2172.5,2155.75,2162.25,False,True,False,-0.002537192941990507,2033.2225,True,buy_after_every_green,2016-07-25,-0.2537192941990507,0.02,-0.2737192941990507,-9.863284151469207
2016-07-27,2166.0,2169.25,2152.0,2160.5,False,True,False,-0.0025392428439520165,2034.77125,True,buy_after_every_green,2016-07-27,-0.25392428439520165,0.02,-0.27392428439520167,-10.137208435864409
2016-07-29,2165.5,2171.75,2157.5,2168.25,True,False,False,0.0012699145693835234,2036.41125,True,buy_after_every_green,2016-07-29,0.12699145693835234,0.02,0.10699145693835234,-10.030216978926056
2016-08-01,2174.0,2177.75,2159.75,2164.5,False,True,False,-0.004369825206991695,2037.31375,True,buy_after_every_green,2016-08-01,-0.43698252069916954,0.02,-0.45698252069916956,-10.487199499625225
2016-08-04,2156.75,2164.25,2154.0,2159.25,True,False,False,0.00115915150110113,2039.29875,True,buy_after_every_green,2016-08-04,0.115915150110113,0.02,0.09591515011011299,-10.391284349515113
2016-08-05,2159.5,2178.5,2159.25,2176.75,True,False,False,0.007987960175966702,2040.08,True,buy_after_every_green,2016-08-05,0.7987960175966702,0.02,0.7787960175966702,-9.612488331918442
2016-08-08,2176.0,2183.0,2173.25,2175.5,False,True,False,-0.00022977941176471894,2040.915,True,buy_after_every_green,2016-08-08,-0.022977941176471894,0.02,-0.0429779411764719,-9.655466273094914
2016-08-10,2178.0,2181.5,2167.75,2172.75,False,True,False,-0.002410468319559267,2042.07125,True,buy_after_every_green,2016-08-10,-0.2410468319559267,0.02,-0.2610468319559267,-9.916513105050841
2016-08-12,2181.75,2184.0,2175.5,2180.25,False,True,False,-0.0006875214850463607,2043.2675,True,buy_after_every_green,2016-08-12,-0.06875214850463607,0.02,-0.08875214850463607,-10.005265253555477
2016-08-16,2186.0,2186.25,2175.25,2176.75,False,True,False,-0.004231473010063991,2044.24375,True,buy_after_every_green,2016-08-16,-0.4231473010063991,0.02,-0.4431473010063991,-10.448412554561877
2016-08-18,2180.75,2184.5,2176.25,2183.5,True,False,False,0.0012610340479193294,2045.21375,True,buy_after_every_green,2016-08-18,0.12610340479193294,0.02,0.10610340479193293,-10.342309149769944
2016-08-19,2183.5,2184.25,2172.5,2181.75,False,True,False,-0.0008014655369819046,2045.6075,True,buy_after_every_green,2016-08-19,-0.08014655369819046,0.02,-0.10014655369819046,-10.442455703468134
2016-08-24,2185.75,2187.75,2168.75,2175.0,False,True,False,-0.004918220290518138,2046.90375,True,buy_after_every_green,2016-08-24,-0.4918220290518138,0.02,-0.5118220290518138,-10.954277732519948
2016-08-30,2180.0,2181.5,2168.5,2175.25,False,True,False,-0.0021788990825688526,2049.08375,True,buy_after_every_green,2016-08-30,-0.21788990825688526,0.02,-0.23788990825688525,-11.192167640776834
2016-09-06,2179.25,2186.25,2173.0,2184.5,True,False,False,0.002409085694619728,2051.60375,True,buy_after_every_green,2016-09-06,0.2409085694619728,0.02,0.22090856946197282,-10.971259071314861
2016-09-07,2185.25,2186.75,2177.5,2184.5,False,True,False,-0.0003432101590207237,2052.13,True,buy_after_every_green,2016-09-07,-0.03432101590207237,0.02,-0.054321015902072375,-11.025580087216934
2016-09-13,2156.25,2157.5,2119.0,2128.75,False,True,False,-0.012753623188405783,2053.33875,True,buy_after_every_green,2016-09-13,-1.2753623188405783,0.02,-1.2953623188405783,-12.320942406057512
2016-09-16,2143.75,2144.25,2135.5,2141.75,False,True,False,-0.0009329446064140212,2054.025,True,buy_after_every_green,2016-09-16,-0.09329446064140212,0.02,-0.11329446064140213,-12.434236866698914
2016-09-20,2133.75,2143.5,2129.0,2131.0,False,True,False,-0.0012888107791446668,2054.68125,True,buy_after_every_green,2016-09-20,-0.12888107791446668,0.02,-0.14888107791446667,-12.583117944613381
2016-09-22,2156.25,2172.75,2152.75,2168.25,True,False,False,0.0055652173913043335,2055.45625,True,buy_after_every_green,2016-09-22,0.5565217391304333,0.02,0.5365217391304333,-12.046596205482947
2016-09-23,2168.25,2169.5,2156.0,2158.0,False,True,False,-0.004727314654675463,2055.9525,True,buy_after_every_green,2016-09-23,-0.4727314654675463,0.02,-0.4927314654675463,-12.539327670950493
2016-09-28,2152.0,2165.25,2144.0,2163.25,True,False,False,0.005227695167286273,2057.72625,True,buy_after_every_green,2016-09-28,0.5227695167286273,0.02,0.5027695167286272,-12.036558154221867
2016-09-29,2162.25,2167.0,2137.25,2148.5,False,True,False,-0.006359116660885622,2058.37625,True,buy_after_every_green,2016-09-29,-0.6359116660885622,0.02,-0.6559116660885622,-12.692469820310428
2016-10-03,2158.75,2164.0,2146.75,2153.25,False,True,False,-0.002547770700636942,2059.3575,True,buy_after_every_green,2016-10-03,-0.2547770700636942,0.02,-0.27477707006369423,-12.967246890374122
2016-10-06,2153.25,2157.25,2143.25,2156.5,True,False,False,0.001509346336932449,2061.22125,True,buy_after_every_green,2016-10-06,0.1509346336932449,0.02,0.1309346336932449,-12.836312256680877
2016-10-07,2155.25,2161.5,2138.0,2146.5,False,True,False,-0.00405985384526153,2061.77375,True,buy_after_every_green,2016-10-07,-0.40598538452615296,0.02,-0.425985384526153,-13.26229764120703
2016-10-17,2126.25,2130.0,2116.75,2123.0,False,True,False,-0.0015285126396237247,2063.58375,True,buy_after_every_green,2016-10-17,-0.15285126396237247,0.02,-0.17285126396237246,-13.435148905169402
2016-10-19,2131.5,2142.5,2126.5,2138.0,True,False,False,0.003049495660333079,2064.71125,True,buy_after_every_green,2016-10-19,0.3049495660333079,0.02,0.2849495660333079,-13.150199339136094
2016-10-20,2137.5,2144.5,2126.75,2137.0,False,True,False,-0.00023391812865491968,2065.3375,True,buy_after_every_green,2016-10-20,-0.023391812865491968,0.02,-0.04339181286549197,-13.193591152001586
2016-10-25,2144.75,2149.75,2135.25,2138.0,False,True,False,-0.003147219955705771,2068.27,True,buy_after_every_green,2016-10-25,-0.3147219955705771,0.02,-0.33472199557057714,-13.528313147572163
2016-11-08,2129.0,2143.25,2119.0,2135.5,True,False,False,0.0030530765617660105,2079.5525,True,buy_after_every_green,2016-11-08,0.30530765617660105,0.02,0.28530765617660103,-13.243005491395563
2016-11-09,2138.0,2166.75,2028.5,2160.25,True,False,False,0.010406922357343307,2080.87375,True,buy_after_every_green,2016-11-09,1.0406922357343307,0.02,1.0206922357343307,-12.222313255661232
2016-11-10,2159.5,2180.5,2147.75,2167.25,True,False,False,0.0035887937022458516,2082.335,True,buy_after_every_green,2016-11-10,0.35887937022458516,0.02,0.33887937022458514,-11.883433885436647
2016-11-14,2164.5,2174.5,2152.25,2160.5,False,True,False,-0.0018480018480018234,2083.73375,True,buy_after_every_green,2016-11-14,-0.18480018480018234,0.02,-0.20480018480018233,-12.08823407023683
2016-11-16,2179.0,2185.0,2168.75,2172.75,False,True,False,-0.0028682882055989234,2086.1875,True,buy_after_every_green,2016-11-16,-0.28682882055989234,0.02,-0.30682882055989236,-12.395062890796723
2016-11-18,2184.0,2187.5,2176.5,2180.75,False,True,False,-0.0014880952380952328,2088.9825,True,buy_after_every_green,2016-11-18,-0.14880952380952328,0.02,-0.16880952380952327,-12.563872414606246
2016-11-22,2193.25,2203.0,2191.75,2200.25,True,False,False,0.0031916106235039265,2092.03375,True,buy_after_every_green,2016-11-22,0.31916106235039265,0.02,0.29916106235039264,-12.264711352255853
2016-11-23,2201.25,2203.5,2192.0,2200.75,False,True,False,-0.00022714366837028876,2093.7775,True,buy_after_every_green,2016-11-23,-0.022714366837028876,0.02,-0.04271436683702888,-12.307425719092882
2016-11-28,2208.0,2209.5,2198.25,2200.75,False,True,False,-0.0032835144927536586,2097.3625,True,buy_after_every_green,2016-11-28,-0.32835144927536586,0.02,-0.3483514492753659,-12.655777168368248
2016-11-30,2203.25,2213.75,2197.25,2198.75,False,True,False,-0.002042437308521494,2100.96125,True,buy_after_every_green,2016-11-30,-0.20424373085214942,0.02,-0.2242437308521494,-12.880020899220398
2016-12-05,2184.0,2208.75,2179.0,2204.25,True,False,False,0.0092719780219781,2105.2625,True,buy_after_every_green,2016-12-05,0.92719780219781,0.02,0.90719780219781,-11.972823097022587
2016-12-06,2205.0,2212.0,2200.25,2210.0,True,False,False,0.0022675736961450532,2106.74,True,buy_after_every_green,2016-12-06,0.22675736961450532,0.02,0.20675736961450533,-11.766065727408082
2016-12-07,2211.25,2241.25,2206.75,2236.75,True,False,False,0.011531938948558418,2108.2425,True,buy_after_every_green,2016-12-07,1.1531938948558418,0.02,1.1331938948558418,-10.63287183255224
2016-12-08,2236.5,2251.5,2232.5,2247.75,True,False,False,0.005030181086519203,2109.90125,True,buy_after_every_green,2016-12-08,0.5030181086519203,0.02,0.4830181086519203,-10.14985372390032
2016-12-09,2246.75,2261.25,2245.0,2260.0,True,False,False,0.005897407366195706,2111.55,True,buy_after_every_green,2016-12-09,0.5897407366195706,0.02,0.5697407366195706,-9.58011298728075
2016-12-12,2260.75,2270.25,2252.25,2256.0,False,True,False,-0.002101072652880731,2113.0775,True,buy_after_every_green,2016-12-12,-0.2101072652880731,0.02,-0.2301072652880731,-9.810220252568822
2016-12-14,2273.25,2277.0,2248.0,2257.0,False,True,False,-0.007148355878147994,2116.3675,True,buy_after_every_green,2016-12-14,-0.7148355878147994,0.02,-0.7348355878147994,-10.545055840383622
2016-12-16,2264.25,2269.5,2261.75,2267.5,True,False,False,0.0014353538699347634,2119.215,True,buy_after_every_green,2016-12-16,0.14353538699347634,0.02,0.12353538699347634,-10.421520453390146
2016-12-19,2256.0,2263.75,2254.0,2260.0,True,False,False,0.0017730496453900457,2120.5625,True,buy_after_every_green,2016-12-19,0.17730496453900457,0.02,0.15730496453900458,-10.264215488851141
2016-12-20,2260.25,2269.5,2260.0,2266.5,True,False,False,0.002765180842827064,2121.92,True,buy_after_every_green,2016-12-20,0.2765180842827064,0.02,0.2565180842827064,-10.007697404568434
2016-12-21,2267.25,2268.0,2258.0,2260.5,False,True,False,-0.002977174991730114,2123.2275,True,buy_after_every_green,2016-12-21,-0.2977174991730114,0.02,-0.3177174991730114,-10.325414903741446
2016-12-23,2257.5,2261.0,2254.25,2260.0,True,False,False,0.001107419712070845,2125.97125,True,buy_after_every_green,2016-12-23,0.11074197120708451,0.02,0.0907419712070845,-10.234672932534362
2016-12-27,2258.75,2269.5,2257.75,2261.0,True,False,False,0.0009961261759823259,2127.3325,True,buy_after_every_green,2016-12-27,0.09961261759823259,0.02,0.07961261759823259,-10.15506031493613
2016-12-28,2261.25,2267.5,2243.5,2245.25,False,True,False,-0.007075732448866723,2128.45875,True,buy_after_every_green,2016-12-28,-0.7075732448866723,0.02,-0.7275732448866723,-10.882633559822802
2017-01-04,2252.75,2267.25,2251.0,2264.25,True,False,False,0.005104871823327084,2132.9425,True,buy_after_every_green,2017-01-04,0.5104871823327084,0.02,0.4904871823327084,-10.392146377490093
2017-01-05,2264.5,2266.0,2254.0,2264.25,False,True,False,-0.00011039964672110436,2134.02375,True,buy_after_every_green,2017-01-05,-0.011039964672110436,0.02,-0.031039964672110436,-10.423186342162204
2017-01-09,2271.25,2275.25,2263.5,2265.0,False,True,False,-0.0027517886626307053,2136.28,True,buy_after_every_green,2017-01-09,-0.27517886626307053,0.02,-0.29517886626307055,-10.718365208425274
2017-01-12,2270.5,2270.5,2248.5,2263.5,False,True,False,-0.0030830213609337465,2139.8425,True,buy_after_every_green,2017-01-12,-0.30830213609337465,0.02,-0.32830213609337466,-11.04666734451865
2017-01-17,2270.25,2270.5,2257.25,2262.75,False,True,False,-0.0033036009250082543,2142.005,True,buy_after_every_green,2017-01-17,-0.33036009250082543,0.02,-0.35036009250082545,-11.397027437019474
2017-01-19,2265.5,2269.5,2253.0,2261.5,False,True,False,-0.001765614654601677,2144.0625,True,buy_after_every_green,2017-01-19,-0.1765614654601677,0.02,-0.1965614654601677,-11.593588902479642
2017-01-23,2266.0,2267.5,2251.75,2262.0,False,True,False,-0.001765225066195919,2146.22125,True,buy_after_every_green,2017-01-23,-0.1765225066195919,0.02,-0.1965225066195919,-11.790111409099234
2017-01-25,2275.75,2295.25,2274.75,2294.0,True,False,False,0.00801933428540047,2148.5875,True,buy_after_every_green,2017-01-25,0.801933428540047,0.02,0.781933428540047,-11.008177980559188
2017-01-26,2293.75,2299.5,2289.5,2294.0,True,False,False,0.0001089918256129696,2149.85375,True,buy_after_every_green,2017-01-26,0.01089918256129696,0.02,-0.00910081743870304,-11.017278797997891
2017-01-27,2294.0,2296.75,2287.0,2289.0,False,True,False,-0.0021795989537924942,2151.12625,True,buy_after_every_green,2017-01-27,-0.21795989537924942,0.02,-0.23795989537924941,-11.255238693377141
2017-02-03,2274.0,2294.0,2270.5,2291.0,True,False,False,0.007475813544415066,2156.23375,True,buy_after_every_green,2017-02-03,0.7475813544415066,0.02,0.7275813544415066,-10.527657338935635
2017-02-06,2293.0,2294.25,2283.5,2286.5,False,True,False,-0.0028347143480157433,2157.1975,True,buy_after_every_green,2017-02-06,-0.28347143480157433,0.02,-0.30347143480157435,-10.831128773737209
2017-02-08,2285.75,2292.0,2281.0,2290.25,True,False,False,0.0019687192387618513,2159.1875,True,buy_after_every_green,2017-02-08,0.19687192387618513,0.02,0.17687192387618514,-10.654256849861024
2017-02-09,2290.5,2307.75,2287.75,2304.25,True,False,False,0.006003056101287818,2160.27875,True,buy_after_every_green,2017-02-09,0.6003056101287818,0.02,0.5803056101287818,-10.073951239732242
2017-02-10,2304.25,2315.75,2303.0,2312.75,True,False,False,0.0036888358468047944,2161.42625,True,buy_after_every_green,2017-02-10,0.36888358468047944,0.02,0.3488835846804794,-9.725067655051763
2017-02-13,2314.25,2329.0,2313.25,2326.25,True,False,False,0.005185265204709966,2162.615,True,buy_after_every_green,2017-02-13,0.5185265204709966,0.02,0.49852652047099655,-9.226541134580767
2017-02-14,2326.5,2337.75,2319.75,2337.0,True,False,False,0.004513217279174642,2163.84625,True,buy_after_every_green,2017-02-14,0.45132172791746417,0.02,0.43132172791746415,-8.795219406663303
2017-02-15,2335.5,2351.5,2331.25,2350.5,True,False,False,0.006422607578676853,2165.23625,True,buy_after_every_green,2017-02-15,0.6422607578676853,0.02,0.6222607578676853,-8.172958648795618
2017-02-16,2350.25,2350.75,2336.75,2345.5,False,True,False,-0.0020210615891926853,2166.66875,True,buy_after_every_green,2017-02-16,-0.20210615891926853,0.02,-0.22210615891926852,-8.395064807714887
2017-02-21,2346.5,2365.0,2346.0,2360.0,True,False,False,0.005753249520562553,2169.5525,True,buy_after_every_green,2017-02-21,0.5753249520562553,0.02,0.5553249520562553,-7.839739855658632
2017-02-22,2360.0,2363.75,2355.25,2361.0,True,False,False,0.0004237288135593431,2171.1225,True,buy_after_every_green,2017-02-22,0.04237288135593431,0.02,0.02237288135593431,-7.817366974302697
2017-02-23,2362.0,2367.5,2353.0,2362.75,True,False,False,0.00031752751905167464,2172.71625,True,buy_after_every_green,2017-02-23,0.031752751905167464,0.02,0.011752751905167464,-7.805614222397529
2017-02-24,2361.5,2365.75,2349.5,2365.0,True,False,False,0.0014821088291341322,2174.2775,True,buy_after_every_green,2017-02-24,0.14821088291341322,0.02,0.12821088291341323,-7.6774033394841155
2017-02-27,2362.75,2370.75,2361.0,2368.25,True,False,False,0.002327796000423321,2175.8475,True,buy_after_every_green,2017-02-27,0.2327796000423321,0.02,0.21277960004233212,-7.464623739441783
2017-02-28,2365.75,2368.75,2357.5,2362.75,False,True,False,-0.001268096798055618,2177.27375,True,buy_after_every_green,2017-02-28,-0.1268096798055618,0.02,-0.14680967980556178,-7.611433419247344
2017-03-02,2392.25,2394.25,2378.0,2382.0,False,True,False,-0.0042846692444351575,2180.5675,True,buy_after_every_green,2017-03-02,-0.42846692444351575,0.02,-0.44846692444351577,-8.05990034369086
2017-03-06,2380.25,2380.75,2367.0,2375.5,False,True,False,-0.0019955886986661175,2183.82,True,buy_after_every_green,2017-03-06,-0.19955886986661175,0.02,-0.21955886986661174,-8.279459213557471
2017-03-10,2367.5,2379.75,2362.25,2371.75,True,False,False,0.0017951425554383338,2190.29375,True,buy_after_every_green,2017-03-10,0.17951425554383338,0.02,0.1595142555438334,-8.119944958013638
2017-03-13,2370.75,2375.25,2368.0,2375.0,True,False,False,0.0017926816408309065,2191.9425,True,buy_after_every_green,2017-03-13,0.17926816408309065,0.02,0.15926816408309066,-7.960676793930547
2017-03-14,2374.0,2374.75,2358.0,2366.5,False,True,False,-0.00315922493681553,2193.4,True,buy_after_every_green,2017-03-14,-0.315922493681553,0.02,-0.335922493681553,-8.2965992876121
2017-03-16,2382.5,2392.0,2376.75,2382.75,True,False,False,0.00010493179433357369,2196.3475,True,buy_after_every_green,2017-03-16,0.01049317943335737,0.02,-0.009506820566642631,-8.306106108178742
2017-03-17,2382.25,2385.75,2379.0,2384.5,True,False,False,0.0009444852555358096,2197.78375,True,buy_after_every_green,2017-03-17,0.09444852555358096,0.02,0.07444852555358096,-8.23165758262516
2017-03-20,2373.75,2376.0,2365.5,2370.25,False,True,False,-0.0014744602422327446,2199.16,True,buy_after_every_green,2017-03-20,-0.14744602422327446,0.02,-0.16744602422327445,-8.399103606848435
2017-03-23,2342.25,2356.0,2338.25,2340.0,False,True,False,-0.0009606147934678733,2202.78625,True,buy_after_every_green,2017-03-23,-0.09606147934678733,0.02,-0.11606147934678733,-8.515165086195221
2017-03-27,2337.0,2341.5,2317.75,2338.5,True,False,False,0.0006418485237484894,2205.11,True,buy_after_every_green,2017-03-27,0.06418485237484894,0.02,0.04418485237484894,-8.470980233820372
2017-03-28,2340.5,2360.5,2333.5,2351.5,True,False,False,0.004699850459303656,2206.2775,True,buy_after_every_green,2017-03-28,0.4699850459303656,0.02,0.4499850459303656,-8.020995187890007
2017-03-29,2353.0,2359.75,2348.75,2357.0,True,False,False,0.0016999575010625545,2207.49125,True,buy_after_every_green,2017-03-29,0.16999575010625545,0.02,0.14999575010625546,-7.870999437783751
2017-03-30,2357.0,2366.75,2353.25,2364.5,True,False,False,0.0031820110309714877,2208.8325,True,buy_after_every_green,2017-03-30,0.3182011030971488,0.02,0.29820110309714876,-7.572798334686603
2017-03-31,2365.5,2366.75,2356.75,2359.25,False,True,False,-0.0026421475375184578,2210.235,True,buy_after_every_green,2017-03-31,-0.2642147537518458,0.02,-0.2842147537518458,-7.857013088438448
2017-04-05,2358.75,2375.0,2343.75,2346.5,False,True,False,-0.005193428722840454,2214.4025,True,buy_after_every_green,2017-04-05,-0.5193428722840454,0.02,-0.5393428722840454,-8.396355960722493
2017-04-07,2355.25,2360.75,2336.75,2352.25,False,True,False,-0.001273750132682272,2217.16875,True,buy_after_every_green,2017-04-07,-0.1273750132682272,0.02,-0.1473750132682272,-8.543730973990721
2017-04-11,2354.25,2355.75,2333.25,2351.0,False,True,False,-0.0013804821068280626,2219.9,True,buy_after_every_green,2017-04-11,-0.13804821068280626,0.02,-0.15804821068280625,-8.701779184673526
2017-04-18,2345.0,2347.0,2330.25,2337.25,False,True,False,-0.0033049040511726746,2225.96375,True,buy_after_every_green,2017-04-18,-0.33049040511726746,0.02,-0.3504904051172675,-9.052269589790793
2017-04-21,2352.75,2356.0,2340.5,2347.5,False,True,False,-0.002231431303793441,2229.86375,True,buy_after_every_green,2017-04-21,-0.22314313037934408,0.02,-0.24314313037934407,-9.295412720170138
2017-04-25,2370.0,2389.25,2368.25,2385.0,True,False,False,0.006329113924050667,2232.755,True,buy_after_every_green,2017-04-25,0.6329113924050667,0.02,0.6129113924050666,-8.68250132776507
2017-04-26,2383.0,2394.75,2381.5,2382.25,False,True,False,-0.0003147293327737666,2234.20625,True,buy_after_every_green,2017-04-26,-0.03147293327737666,0.02,-0.05147293327737666,-8.733974261042446
2017-04-28,2386.25,2388.75,2378.25,2380.5,False,True,False,-0.002409638554216831,2236.785,True,buy_after_every_green,2017-04-28,-0.24096385542168308,0.02,-0.2609638554216831,-8.99493811646413
2017-05-02,2386.25,2388.75,2381.75,2385.75,False,True,False,-0.00020953378732324612,2239.19,True,buy_after_every_green,2017-05-02,-0.020953378732324612,0.02,-0.040953378732324616,-9.035891495196454
2017-05-05,2386.0,2399.25,2379.0,2397.75,True,False,False,0.004924559932942163,2242.6725,True,buy_after_every_green,2017-05-05,0.4924559932942163,0.02,0.4724559932942163,-8.563435501902237
2017-05-08,2402.5,2403.75,2389.75,2395.0,False,True,False,-0.003121748178980255,2243.85375,True,buy_after_every_green,2017-05-08,-0.3121748178980255,0.02,-0.3321748178980255,-8.895610319800262
2017-05-11,2395.0,2395.25,2379.0,2391.0,False,True,False,-0.001670146137787043,2247.28625,True,buy_after_every_green,2017-05-11,-0.1670146137787043,0.02,-0.1870146137787043,-9.082624933578966
2017-05-16,2399.75,2404.5,2393.75,2397.0,False,True,False,-0.0011459527034065609,2250.7775,True,buy_after_every_green,2017-05-16,-0.11459527034065609,0.02,-0.13459527034065608,-9.217220203919622
2017-05-19,2364.0,2388.0,2361.0,2381.5,True,False,False,0.007402707275803833,2253.8025,True,buy_after_every_green,2017-05-19,0.7402707275803833,0.02,0.7202707275803832,-8.496949476339239
2017-05-22,2381.75,2394.25,2378.25,2392.75,True,False,False,0.004618452818305974,2255.0025,True,buy_after_every_green,2017-05-22,0.46184528183059737,0.02,0.44184528183059735,-8.055104194508642
2017-05-23,2393.5,2399.5,2386.75,2398.0,True,False,False,0.0018800919156047868,2256.2075,True,buy_after_every_green,2017-05-23,0.18800919156047868,0.02,0.1680091915604787,-7.887095002948163
2017-05-24,2397.0,2404.0,2394.75,2402.0,True,False,False,0.0020859407592823676,2257.42125,True,buy_after_every_green,2017-05-24,0.20859407592823676,0.02,0.18859407592823677,-7.698500927019926
2017-05-25,2403.0,2417.75,2402.5,2413.5,True,False,False,0.004369538077403146,2258.605,True,buy_after_every_green,2017-05-25,0.43695380774031456,0.02,0.41695380774031454,-7.281547119279612
2017-05-26,2413.0,2415.75,2408.0,2413.75,True,False,False,0.00031081641110652924,2259.79625,True,buy_after_every_green,2017-05-26,0.031081641110652924,0.02,0.011081641110652924,-7.270465478168958
2017-05-30,2414.0,2417.0,2407.75,2410.75,False,True,False,-0.001346313173156588,2260.9625,True,buy_after_every_green,2017-05-30,-0.1346313173156588,0.02,-0.1546313173156588,-7.425096795484617
2017-06-01,2413.75,2430.5,2410.5,2429.5,True,False,False,0.0065251165199378125,2263.3925,True,buy_after_every_green,2017-06-01,0.6525116519937812,0.02,0.6325116519937812,-6.792585143490836
2017-06-02,2429.25,2439.75,2427.0,2437.75,True,False,False,0.003499022331995505,2264.68,True,buy_after_every_green,2017-06-02,0.3499022331995505,0.02,0.3299022331995505,-6.462682910291285
2017-06-05,2435.25,2439.0,2433.0,2434.5,False,True,False,-0.0003079765937789025,2265.9225,True,buy_after_every_green,2017-06-05,-0.030797659377890252,0.02,-0.050797659377890256,-6.513480569669175
2017-06-08,2431.5,2439.0,2427.25,2432.5,True,False,False,0.00041126876413732916,2269.69875,True,buy_after_every_green,2017-06-08,0.041126876413732916,0.02,0.021126876413732915,-6.492353693255442
2017-06-09,2427.25,2445.75,2414.75,2430.5,True,False,False,0.00133896384797616,2270.9425,True,buy_after_every_green,2017-06-09,0.133896384797616,0.02,0.113896384797616,-6.3784573084578255
2017-06-12,2430.0,2431.0,2419.0,2428.5,False,True,False,-0.0006172839506173311,2272.1775,True,buy_after_every_green,2017-06-12,-0.06172839506173311,0.02,-0.08172839506173311,-6.460185703519558
2017-06-14,2440.25,2445.5,2427.75,2437.25,False,True,False,-0.0012293822354266792,2274.7625,True,buy_after_every_green,2017-06-14,-0.12293822354266792,0.02,-0.1429382235426679,-6.603123927062226
2017-06-20,2447.75,2451.0,2434.0,2437.5,False,True,False,-0.004187519150240071,2280.045,True,buy_after_every_green,2017-06-20,-0.4187519150240071,0.02,-0.4387519150240071,-7.041875842086233
2017-06-26,2432.0,2447.5,2430.0,2436.0,True,False,False,0.00164473684210531,2285.23,True,buy_after_every_green,2017-06-26,0.164473684210531,0.02,0.144473684210531,-6.897402157875701
2017-06-27,2435.75,2437.25,2416.5,2420.5,False,True,False,-0.006260905265318639,2286.41,True,buy_after_every_green,2017-06-27,-0.6260905265318639,0.02,-0.6460905265318639,-7.543492684407566
2017-06-29,2442.0,2445.0,2402.25,2420.0,False,True,False,-0.009009009009009028,2289.20125,True,buy_after_every_green,2017-06-29,-0.9009009009009028,0.02,-0.9209009009009028,-8.464393585308468
2017-07-03,2422.0,2436.5,2421.5,2425.0,True,False,False,0.0012386457473163581,2291.995,True,buy_after_every_green,2017-07-03,0.12386457473163581,0.02,0.10386457473163581,-8.360529010576832
2017-07-05,2423.75,2432.25,2419.25,2428.0,True,False,False,0.0017534811758639357,2293.53375,True,buy_after_every_green,2017-07-05,0.17534811758639357,0.02,0.15534811758639358,-8.205180892990438
2017-07-06,2428.0,2430.5,2405.25,2408.5,False,True,False,-0.008031301482701814,2294.85125,True,buy_after_every_green,2017-07-06,-0.8031301482701814,0.02,-0.8231301482701814,-9.028311041260618
2017-07-10,2423.0,2430.0,2419.25,2424.5,True,False,False,0.0006190672719768031,2297.7125,True,buy_after_every_green,2017-07-10,0.06190672719768031,0.02,0.04190672719768031,-8.986404314062938
2017-07-11,2423.75,2427.75,2410.25,2424.5,True,False,False,0.0003094378545642762,2299.18,True,buy_after_every_green,2017-07-11,0.03094378545642762,0.02,0.010943785456427619,-8.97546052860651
2017-07-12,2425.0,2443.75,2422.5,2440.0,True,False,False,0.006185567010309256,2300.59875,True,buy_after_every_green,2017-07-12,0.6185567010309256,0.02,0.5985567010309256,-8.376903827575584
2017-07-13,2441.25,2447.0,2439.0,2445.5,True,False,False,0.0017409114183308816,2301.985,True,buy_after_every_green,2017-07-13,0.17409114183308816,0.02,0.15409114183308817,-8.222812685742495
2017-07-14,2446.5,2461.25,2442.0,2456.0,True,False,False,0.0038830983036992617,2303.475,True,buy_after_every_green,2017-07-14,0.38830983036992617,0.02,0.36830983036992615,-7.854502855372569
2017-07-17,2457.0,2460.5,2454.0,2458.5,True,False,False,0.0006105006105006083,2305.06875,True,buy_after_every_green,2017-07-17,0.06105006105006083,0.02,0.04105006105006083,-7.813452794322508
2017-07-18,2459.25,2461.0,2448.0,2457.75,False,True,False,-0.0006099420555046864,2306.59375,True,buy_after_every_green,2017-07-18,-0.06099420555046864,0.02,-0.08099420555046864,-7.894446999872977
2017-07-20,2471.0,2476.25,2465.5,2471.25,True,False,False,0.00010117361392159019,2309.74875,True,buy_after_every_green,2017-07-20,0.010117361392159019,0.02,-0.009882638607840982,-7.904329638480817
2017-07-21,2472.5,2475.25,2462.75,2469.5,False,True,False,-0.0012133468149646554,2311.29375,True,buy_after_every_green,2017-07-21,-0.12133468149646554,0.02,-0.14133468149646553,-8.045664319977282
2017-07-26,2475.25,2479.75,2471.5,2473.25,False,True,False,-0.0008079991920008078,2316.11625,True,buy_after_every_green,2017-07-26,-0.08079991920008078,0.02,-0.10079991920008079,-8.146464239177362
2017-08-02,2474.0,2476.0,2463.25,2473.5,False,True,False,-0.00020210185933711156,2324.42,True,buy_after_every_green,2017-08-02,-0.020210185933711156,0.02,-0.04021018593371116,-8.186674425111073
2017-08-07,2472.25,2478.25,2472.0,2477.5,True,False,False,0.0021235716452623343,2329.61625,True,buy_after_every_green,2017-08-07,0.21235716452623343,0.02,0.19235716452623344,-7.99431726058484
2017-08-08,2477.5,2488.5,2467.5,2472.75,False,True,False,-0.0019172552976791657,2331.29,True,buy_after_every_green,2017-08-08,-0.19172552976791657,0.02,-0.21172552976791656,-8.206042790352756
2017-08-10,2474.0,2474.25,2432.75,2437.5,False,True,False,-0.0147534357316087,2334.48375,True,buy_after_every_green,2017-08-10,-1.47534357316087,0.02,-1.49534357316087,-9.701386363513626
2017-08-14,2441.5,2466.5,2441.5,2463.5,True,False,False,0.009010853983207001,2337.59,True,buy_after_every_green,2017-08-14,0.9010853983207001,0.02,0.8810853983207001,-8.820300965192926
2017-08-15,2464.5,2473.25,2460.0,2463.75,False,True,False,-0.00030432136335967197,2339.23875,True,buy_after_every_green,2017-08-15,-0.030432136335967197,0.02,-0.0504321363359672,-8.870733101528893
2017-08-17,2466.75,2468.5,2423.75,2429.5,False,True,False,-0.015100841187797753,2342.4875,True,buy_after_every_green,2017-08-17,-1.5100841187797753,0.02,-1.5300841187797753,-10.400817220308669
2017-08-23,2453.0,2454.75,2438.75,2441.5,False,True,False,-0.004688136975132484,2349.235,True,buy_after_every_green,2017-08-23,-0.4688136975132484,0.02,-0.48881369751324844,-10.889630917821918
2017-08-25,2442.5,2453.5,2437.5,2442.5,False,False,True,0.0,2352.60625,True,buy_after_every_green,2017-08-25,0.0,0.02,-0.02,-10.909630917821918
2017-08-29,2434.0,2448.5,2421.0,2447.0,True,False,False,0.00534100246507796,2355.58125,True,buy_after_every_green,2017-08-29,0.534100246507796,0.02,0.514100246507796,-10.395530671314122
2017-08-30,2446.5,2459.75,2442.75,2455.75,True,False,False,0.0037809115062334975,2357.02375,True,buy_after_every_green,2017-08-30,0.37809115062334975,0.02,0.35809115062334973,-10.037439520690771
2017-08-31,2455.25,2474.25,2454.75,2470.0,True,False,False,0.006007534874248988,2358.57125,True,buy_after_every_green,2017-08-31,0.6007534874248988,0.02,0.5807534874248987,-9.456686033265873
2017-09-01,2470.25,2479.75,2470.0,2474.25,True,False,False,0.001619269304726334,2360.04625,True,buy_after_every_green,2017-09-01,0.1619269304726334,0.02,0.1419269304726334,-9.31475910279324
2017-09-05,2461.25,2471.25,2445.5,2459.75,False,True,False,-0.0006094464195023352,2361.48125,True,buy_after_every_green,2017-09-05,-0.060944641950233525,0.02,-0.08094464195023353,-9.395703744743473
2017-09-07,2464.0,2468.75,2457.5,2466.5,True,False,False,0.0010146103896104819,2364.31625,True,buy_after_every_green,2017-09-07,0.10146103896104819,0.02,0.08146103896104818,-9.314242705782425
2017-09-08,2466.5,2467.5,2456.75,2462.5,False,True,False,-0.0016217311980539773,2365.66375,True,buy_after_every_green,2017-09-08,-0.16217311980539773,0.02,-0.18217311980539772,-9.496415825587823
2017-09-12,2488.25,2497.0,2486.75,2496.0,True,False,False,0.0031146388023710614,2368.57625,True,buy_after_every_green,2017-09-12,0.31146388023710614,0.02,0.2914638802371061,-9.204951945350716
2017-09-13,2497.0,2497.5,2490.75,2496.5,False,True,False,-0.0002002402883459764,2370.0025,True,buy_after_every_green,2017-09-13,-0.02002402883459764,0.02,-0.040024028834597644,-9.244975974185314
2017-09-15,2496.0,2496.5,2489.5,2496.0,False,False,True,0.0,2372.9425,True,buy_after_every_green,2017-09-15,0.0,0.02,-0.02,-9.264975974185313
2017-09-19,2502.75,2506.0,2501.0,2504.75,True,False,False,0.0007991209669364618,2376.02625,True,buy_after_every_green,2017-09-19,0.07991209669364618,0.02,0.05991209669364618,-9.205063877491668
2017-09-20,2503.75,2507.25,2494.0,2505.25,True,False,False,0.0005991013479780261,2377.5925,True,buy_after_every_green,2017-09-20,0.059910134797802606,0.02,0.0399101347978026,-9.165153742693866
2017-09-21,2504.5,2506.25,2496.5,2501.0,False,True,False,-0.0013974845278498238,2379.07625,True,buy_after_every_green,2017-09-21,-0.13974845278498238,0.02,-0.15974845278498237,-9.324902195478847
2017-09-28,2503.25,2508.25,2499.0,2507.75,True,False,False,0.001797663038050512,2385.545,True,buy_after_every_green,2017-09-28,0.1797663038050512,0.02,0.15976630380505122,-9.165135891673795
2017-09-29,2507.75,2517.75,2504.75,2516.0,True,False,False,0.0032898016149935927,2386.75875,True,buy_after_every_green,2017-09-29,0.32898016149935927,0.02,0.30898016149935925,-8.856155730174436
2017-10-02,2518.0,2528.0,2517.0,2526.25,True,False,False,0.0032764098490865035,2388.105,True,buy_after_every_green,2017-10-02,0.32764098490865035,0.02,0.30764098490865033,-8.548514745265786
2017-10-03,2527.25,2533.5,2525.5,2532.75,True,False,False,0.0021762785636560977,2389.45125,True,buy_after_every_green,2017-10-03,0.21762785636560977,0.02,0.19762785636560978,-8.350886888900176
2017-10-04,2533.0,2538.0,2529.0,2536.25,True,False,False,0.0012830635609948349,2390.795,True,buy_after_every_green,2017-10-04,0.1283063560994835,0.02,0.10830635609948348,-8.242580532800693
2017-10-05,2535.25,2550.75,2534.5,2550.0,True,False,False,0.0058179666699536,2392.245,True,buy_after_every_green,2017-10-05,0.58179666699536,0.02,0.56179666699536,-7.680783865805333
2017-10-06,2548.75,2549.75,2541.5,2545.0,False,True,False,-0.0014713094654241754,2393.6375,True,buy_after_every_green,2017-10-06,-0.14713094654241754,0.02,-0.16713094654241753,-7.84791481234775
2017-10-10,2543.25,2553.25,2542.75,2548.5,True,False,False,0.0020642878207017823,2396.5025,True,buy_after_every_green,2017-10-10,0.20642878207017823,0.02,0.18642878207017824,-7.661486030277572
2017-10-11,2548.75,2553.5,2544.25,2553.0,True,False,False,0.0016674840608141839,2397.9675,True,buy_after_every_green,2017-10-11,0.1667484060814184,0.02,0.1467484060814184,-7.514737624196153
2017-10-12,2552.25,2553.25,2546.25,2549.5,False,True,False,-0.0010774806543246696,2399.41,True,buy_after_every_green,2017-10-12,-0.10774806543246696,0.02,-0.12774806543246695,-7.64248568962862
2017-10-16,2552.25,2557.75,2550.75,2556.25,True,False,False,0.0015672445881085295,2402.50375,True,buy_after_every_green,2017-10-16,0.15672445881085295,0.02,0.13672445881085296,-7.505761230817766
2017-10-17,2555.5,2557.75,2552.25,2557.0,True,False,False,0.0005869692819409078,2404.1075,True,buy_after_every_green,2017-10-17,0.05869692819409078,0.02,0.03869692819409078,-7.467064302623675
2017-10-18,2556.5,2562.25,2556.25,2560.0,True,False,False,0.001369059260708072,2405.645,True,buy_after_every_green,2017-10-18,0.1369059260708072,0.02,0.1169059260708072,-7.3501583765528675
2017-10-19,2560.0,2561.5,2542.5,2560.5,True,False,False,0.0001953125000000444,2407.12625,True,buy_after_every_green,2017-10-19,0.01953125000000444,0.02,-0.0004687499999955595,-7.350627126552863
2017-10-20,2561.0,2574.5,2559.5,2574.0,True,False,False,0.0050761421319796,2408.675,True,buy_after_every_green,2017-10-20,0.50761421319796,0.02,0.48761421319795994,-6.863012913354902
2017-10-23,2572.75,2577.25,2561.5,2563.5,False,True,False,-0.0035953745991643693,2410.135,True,buy_after_every_green,2017-10-23,-0.35953745991643693,0.02,-0.37953745991643695,-7.242550373271339
2017-10-25,2564.75,2566.25,2541.5,2558.5,False,True,False,-0.002436884686616625,2413.12,True,buy_after_every_green,2017-10-25,-0.2436884686616625,0.02,-0.2636884686616625,-7.506238841933001
2017-10-27,2561.5,2580.75,2557.5,2578.5,True,False,False,0.006636736287331635,2416.15,True,buy_after_every_green,2017-10-27,0.6636736287331635,0.02,0.6436736287331635,-6.862565213199838
2017-10-30,2575.5,2578.25,2565.5,2568.25,False,True,False,-0.002814987381091094,2417.62875,True,buy_after_every_green,2017-10-30,-0.2814987381091094,0.02,-0.30149873810910943,-7.164063951308948
2017-11-01,2572.75,2585.5,2571.0,2574.75,True,False,False,0.000777378291711095,2420.72,True,buy_after_every_green,2017-11-01,0.0777378291711095,0.02,0.05773782917110949,-7.106326122137838
2017-11-02,2571.5,2578.5,2562.25,2576.75,True,False,False,0.0020416099552789113,2422.29625,True,buy_after_every_green,2017-11-02,0.20416099552789113,0.02,0.18416099552789114,-6.922165126609946
2017-11-03,2577.5,2585.5,2573.5,2582.75,True,False,False,0.002036857419980498,2423.88,True,buy_after_every_green,2017-11-03,0.20368574199804979,0.02,0.1836857419980498,-6.738479384611896
2017-11-06,2580.0,2590.0,2575.5,2588.75,True,False,False,0.0033914728682169493,2425.51375,True,buy_after_every_green,2017-11-06,0.3391472868216949,0.02,0.3191472868216949,-6.4193320977902015
2017-11-07,2587.75,2593.5,2580.75,2586.75,False,True,False,-0.00038643609313104843,2427.075,True,buy_after_every_green,2017-11-07,-0.03864360931310484,0.02,-0.05864360931310485,-6.477975707103306
2017-11-09,2591.25,2594.5,2563.25,2584.0,False,True,False,-0.0027978774722624555,2430.01,True,buy_after_every_green,2017-11-09,-0.27978774722624555,0.02,-0.29978774722624557,-6.777763454329552
2017-11-14,2580.25,2582.25,2564.25,2578.0,False,True,False,-0.0008720085263056454,2434.51,True,buy_after_every_green,2017-11-14,-0.08720085263056454,0.02,-0.10720085263056454,-6.884964306960116
2017-11-17,2584.25,2586.0,2574.75,2576.25,False,True,False,-0.0030956757279675395,2438.93625,True,buy_after_every_green,2017-11-17,-0.30956757279675395,0.02,-0.32956757279675397,-7.21453187975687
2017-11-21,2582.0,2600.5,2579.25,2596.25,True,False,False,0.0055189775367932015,2441.9525,True,buy_after_every_green,2017-11-21,0.5518977536793201,0.02,0.5318977536793201,-6.68263412607755
2017-11-22,2595.75,2600.0,2592.75,2594.5,False,True,False,-0.00048155639025326824,2443.47375,True,buy_after_every_green,2017-11-22,-0.048155639025326824,0.02,-0.06815563902532683,-6.750789765102877
2017-11-27,2601.0,2605.5,2596.5,2601.75,True,False,False,0.00028835063437138153,2446.4025,True,buy_after_every_green,2017-11-27,0.028835063437138153,0.02,0.008835063437138153,-6.741954701665739
2017-11-28,2602.25,2627.0,2597.5,2626.0,True,False,False,0.009126717263906237,2447.90125,True,buy_after_every_green,2017-11-28,0.9126717263906237,0.02,0.8926717263906236,-5.8492829752751145
2017-11-29,2625.5,2634.25,2619.75,2625.0,False,True,False,-0.00019043991620648626,2449.34125,True,buy_after_every_green,2017-11-29,-0.019043991620648626,0.02,-0.03904399162064863,-5.888326966895763
2017-12-01,2640.75,2650.75,2605.0,2644.0,True,False,False,0.0012307109722615728,2452.32125,True,buy_after_every_green,2017-12-01,0.12307109722615728,0.02,0.10307109722615727,-5.785255869669605
2017-12-04,2654.5,2665.25,2633.75,2638.25,False,True,False,-0.006121680165756316,2453.7725,True,buy_after_every_green,2017-12-04,-0.6121680165756316,0.02,-0.6321680165756316,-6.417423886245237
2017-12-07,2630.5,2641.25,2626.25,2639.5,True,False,False,0.003421402775137805,2457.83875,True,buy_after_every_green,2017-12-07,0.3421402775137805,0.02,0.3221402775137805,-6.095283608731457
2017-12-08,2639.5,2652.5,2637.75,2651.0,True,False,False,0.004356885773820762,2459.26875,True,buy_after_every_green,2017-12-08,0.4356885773820762,0.02,0.4156885773820762,-5.679595031349381
2017-12-11,2652.0,2664.75,2649.25,2661.5,True,False,False,0.0035822021116138636,2460.735,True,buy_after_every_green,2017-12-11,0.35822021116138636,0.02,0.33822021116138634,-5.341374820187994
2017-12-12,2662.75,2670.25,2660.5,2665.0,True,False,False,0.0008449910806496153,2462.24625,True,buy_after_every_green,2017-12-12,0.08449910806496153,0.02,0.06449910806496152,-5.276875712123032
2017-12-13,2665.5,2672.5,2656.75,2666.5,True,False,False,0.0003751641343088252,2463.61125,True,buy_after_every_green,2017-12-13,0.03751641343088252,0.02,0.017516413430882522,-5.259359298692149
2017-12-14,2665.5,2670.75,2649.25,2653.25,False,True,False,-0.004595760645282332,2464.9675,True,buy_after_every_green,2017-12-14,-0.4595760645282332,0.02,-0.4795760645282332,-5.738935363220382
2017-12-18,2683.0,2698.0,2682.5,2694.5,True,False,False,0.004286246738725241,2467.99,True,buy_after_every_green,2017-12-18,0.4286246738725241,0.02,0.4086246738725241,-5.330310689347858
2017-12-19,2695.0,2698.0,2682.5,2684.0,False,True,False,-0.004081632653061273,2469.5775,True,buy_after_every_green,2017-12-19,-0.40816326530612734,0.02,-0.42816326530612736,-5.758473954653985
2017-12-22,2686.75,2691.5,2682.25,2686.0,False,True,False,-0.00027914766911696365,2474.34375,True,buy_after_every_green,2017-12-22,-0.027914766911696365,0.02,-0.04791476691169637,-5.806388721565681
2017-12-27,2687.5,2691.0,2681.5,2685.5,False,True,False,-0.0007441860465116079,2477.49875,True,buy_after_every_green,2017-12-27,-0.07441860465116079,0.02,-0.0944186046511608,-5.9008073262168415
2017-12-29,2684.75,2698.25,2667.75,2676.0,False,True,False,-0.0032591488965453275,2480.475,True,buy_after_every_green,2017-12-29,-0.32591488965453275,0.02,-0.34591488965453276,-6.246722215871374
2018-01-03,2693.75,2714.25,2692.25,2711.0,True,False,False,0.006403712296983777,2483.72125,True,buy_after_every_green,2018-01-03,0.6403712296983777,0.02,0.6203712296983777,-5.626350986172996
2018-01-04,2710.25,2729.0,2708.5,2723.75,True,False,False,0.004981090305322455,2485.62875,True,buy_after_every_green,2018-01-04,0.49810903053224553,0.02,0.4781090305322455,-5.148241955640751
2018-01-05,2725.0,2743.25,2723.75,2742.5,True,False,False,0.006422018348623881,2487.62875,True,buy_after_every_green,2018-01-05,0.6422018348623881,0.02,0.6222018348623881,-4.526040120778363
2018-01-08,2741.75,2748.5,2736.5,2746.75,True,False,False,0.0018236527765114197,2489.6625,True,buy_after_every_green,2018-01-08,0.18236527765114197,0.02,0.16236527765114198,-4.363674843127221
2018-01-09,2746.5,2760.0,2742.75,2752.25,True,False,False,0.002093573639177171,2491.7,True,buy_after_every_green,2018-01-09,0.2093573639177171,0.02,0.1893573639177171,-4.1743174792095035
2018-01-10,2749.75,2752.0,2736.5,2750.5,True,False,False,0.00027275206836985255,2493.76,True,buy_after_every_green,2018-01-10,0.027275206836985255,0.02,0.007275206836985255,-4.167042272372518
2018-01-11,2750.0,2770.5,2747.75,2769.5,True,False,False,0.007090909090909037,2495.85,True,buy_after_every_green,2018-01-11,0.7090909090909037,0.02,0.6890909090909036,-3.477951363281614
2018-01-12,2768.75,2790.0,2766.75,2788.75,True,False,False,0.007223476297968379,2498.00875,True,buy_after_every_green,2018-01-12,0.7223476297968379,0.02,0.7023476297968378,-2.7756037334847763
2018-01-16,2789.75,2808.5,2769.25,2782.5,False,True,False,-0.00259879917555339,2500.09875,True,buy_after_every_green,2018-01-16,-0.259879917555339,0.02,-0.27987991755533903,-3.0554836510401153
2018-01-18,2803.25,2808.0,2793.75,2796.25,False,True,False,-0.0024971015785248962,2504.5225,True,buy_after_every_green,2018-01-18,-0.24971015785248962,0.02,-0.26971015785248964,-3.325193808892605
2018-01-22,2804.0,2838.25,2802.0,2835.25,True,False,False,0.011144793152639165,2509.23875,True,buy_after_every_green,2018-01-22,1.1144793152639165,0.02,1.0944793152639165,-2.2307144936286885
2018-01-23,2835.25,2844.75,2828.75,2839.5,True,False,False,0.0014989859800722538,2511.6675,True,buy_after_every_green,2018-01-23,0.14989859800722538,0.02,0.1298985980072254,-2.100815895621463
2018-01-24,2837.0,2855.25,2825.5,2841.0,True,False,False,0.0014099400775466897,2514.11125,True,buy_after_every_green,2018-01-24,0.14099400775466897,0.02,0.12099400775466897,-1.9798218878667941
2018-01-25,2840.0,2853.75,2830.75,2841.25,True,False,False,0.00044014084507049134,2516.555,True,buy_after_every_green,2018-01-25,0.044014084507049134,0.02,0.024014084507049133,-1.955807803359745
2018-01-26,2842.25,2876.0,2841.25,2874.5,True,False,False,0.011346644383850801,2519.1725,True,buy_after_every_green,2018-01-26,1.1346644383850801,0.02,1.1146644383850801,-0.8411433649746649
2018-01-29,2874.25,2878.5,2851.5,2853.5,False,True,False,-0.007219274593372238,2521.73625,True,buy_after_every_green,2018-01-29,-0.7219274593372238,0.02,-0.7419274593372238,-1.5830708243118887
2018-02-01,2828.75,2837.25,2809.5,2822.5,False,True,False,-0.002209456473707516,2529.05125,True,buy_after_every_green,2018-02-01,-0.22094564737075162,0.02,-0.2409456473707516,-1.8240164716826404
2018-02-07,2685.5,2726.75,2660.5,2668.25,False,True,False,-0.006423384844535418,2535.67,True,buy_after_every_green,2018-02-07,-0.6423384844535418,0.02,-0.6623384844535418,-2.486354956136182
2018-02-12,2628.25,2671.5,2620.0,2655.25,True,False,False,0.010272995339103863,2539.2425,True,buy_after_every_green,2018-02-12,1.0272995339103863,0.02,1.0072995339103863,-1.479055422225796
2018-02-13,2653.25,2667.5,2634.25,2661.75,True,False,False,0.00320361820408932,2540.64875,True,buy_after_every_green,2018-02-13,0.320361820408932,0.02,0.300361820408932,-1.178693601816864
2018-02-14,2662.5,2701.75,2627.0,2697.0,True,False,False,0.012957746478873267,2542.19875,True,buy_after_every_green,2018-02-14,1.2957746478873267,0.02,1.2757746478873266,0.09708104607046275
2018-02-15,2695.5,2736.75,2688.5,2734.0,True,False,False,0.014283064366536813,2543.94,True,buy_after_every_green,2018-02-15,1.4283064366536813,0.02,1.4083064366536813,1.505387482724144
2018-02-16,2734.0,2754.75,2722.25,2735.0,True,False,False,0.00036576444769576,2545.69875,True,buy_after_every_green,2018-02-16,0.036576444769576,0.02,0.016576444769576,1.52196392749372
2018-02-20,2734.5,2747.75,2705.75,2714.0,False,True,False,-0.00749680014627907,2547.34125,True,buy_after_every_green,2018-02-20,-0.749680014627907,0.02,-0.769680014627907,0.752283912865813
2018-02-23,2712.75,2750.25,2710.0,2748.75,True,False,False,0.013270666298037082,2552.20625,True,buy_after_every_green,2018-02-23,1.3270666298037082,0.02,1.3070666298037081,2.059350542669521
2018-02-26,2751.5,2786.0,2742.5,2784.5,True,False,False,0.011993458113756184,2554.1525,True,buy_after_every_green,2018-02-26,1.1993458113756184,0.02,1.1793458113756183,3.2386963540451394
2018-02-27,2783.5,2789.75,2742.0,2747.5,False,True,False,-0.012933357283994917,2555.935,True,buy_after_every_green,2018-02-27,-1.2933357283994917,0.02,-1.3133357283994918,1.9253606256456477
2018-03-05,2683.25,2727.75,2663.75,2718.5,True,False,False,0.01313705394577469,2562.23375,True,buy_after_every_green,2018-03-05,1.313705394577469,0.02,1.293705394577469,3.2190660202231167
2018-03-06,2719.0,2734.5,2710.25,2724.0,True,False,False,0.0018389113644723398,2564.03625,True,buy_after_every_green,2018-03-06,0.18389113644723398,0.02,0.163891136447234,3.3829571566703507
2018-03-07,2700.0,2730.25,2681.25,2723.25,True,False,False,0.008611111111111125,2565.745,True,buy_after_every_green,2018-03-07,0.8611111111111125,0.02,0.8411111111111125,4.224068267781464
2018-03-08,2722.5,2740.5,2720.0,2739.25,True,False,False,0.006152433425160808,2567.4775,True,buy_after_every_green,2018-03-08,0.6152433425160808,0.02,0.5952433425160808,4.819311610297545
2018-03-09,2736.5,2787.0,2730.0,2784.0,True,False,False,0.017357938973140863,2569.4075,True,buy_after_every_green,2018-03-09,1.7357938973140863,0.02,1.7157938973140863,6.535105507611631
2018-03-12,2784.0,2800.5,2779.0,2784.0,False,False,True,0.0,2571.3175,True,buy_after_every_green,2018-03-12,0.0,0.02,-0.02,6.515105507611631
2018-03-16,2753.75,2757.0,2747.0,2752.75,False,True,False,-0.00036314117113023237,2578.185,True,buy_after_every_green,2018-03-16,-0.036314117113023237,0.02,-0.05631411711302324,6.458791390498608
2018-03-21,2723.25,2744.0,2712.5,2718.25,False,True,False,-0.0018360414945377546,2582.49875,True,buy_after_every_green,2018-03-21,-0.18360414945377546,0.02,-0.20360414945377545,6.255187241044833
2018-03-27,2659.5,2679.75,2596.0,2615.75,False,True,False,-0.016450460612897122,2586.45125,True,buy_after_every_green,2018-03-27,-1.6450460612897122,0.02,-1.6650460612897122,4.590141179755121
2018-04-02,2635.0,2641.5,2552.0,2575.0,False,True,False,-0.022770398481973486,2589.05,True,buy_after_every_green,2018-04-02,-2.2770398481973486,0.02,-2.2970398481973486,2.2931013315577724
2018-04-04,2612.0,2649.75,2559.5,2647.0,True,False,False,0.013399693721286354,2591.01125,True,buy_after_every_green,2018-04-04,1.3399693721286354,0.02,1.3199693721286354,3.613070703686408
2018-04-05,2645.75,2672.25,2644.0,2661.75,True,False,False,0.006047434564868226,2592.0825,True,buy_after_every_green,2018-04-05,0.6047434564868226,0.02,0.5847434564868226,4.19781416017323
2018-04-06,2663.0,2664.0,2584.5,2605.75,False,True,False,-0.02149831017649273,2592.92375,True,buy_after_every_green,2018-04-06,-2.149831017649273,0.02,-2.169831017649273,2.0279831425239574
2018-04-10,2617.75,2666.25,2612.25,2655.0,True,False,False,0.014229777480660788,2594.9675,True,buy_after_every_green,2018-04-10,1.4229777480660788,0.02,1.4029777480660788,3.430960890590036
2018-04-11,2654.5,2661.25,2626.0,2641.0,False,True,False,-0.005085703522320628,2595.9975,True,buy_after_every_green,2018-04-11,-0.5085703522320628,0.02,-0.5285703522320628,2.9023905383579733
2018-04-13,2661.75,2680.5,2644.75,2657.25,False,True,False,-0.0016906170752324368,2598.32125,True,buy_after_every_green,2018-04-13,-0.16906170752324368,0.02,-0.18906170752324367,2.7133288308347296
2018-04-17,2679.25,2713.75,2678.75,2706.5,True,False,False,0.010170756741625375,2600.97,True,buy_after_every_green,2018-04-17,1.0170756741625375,0.02,0.9970756741625375,3.710404504997267
2018-04-18,2704.5,2718.5,2703.75,2709.75,True,False,False,0.0019412090959511907,2602.41375,True,buy_after_every_green,2018-04-18,0.19412090959511907,0.02,0.17412090959511908,3.884525414592386
2018-04-19,2711.75,2713.25,2681.5,2693.0,False,True,False,-0.00691435419931774,2603.75375,True,buy_after_every_green,2018-04-19,-0.691435419931774,0.02,-0.7114354199317741,3.173089994660612
2018-04-26,2648.25,2677.5,2639.5,2674.5,True,False,False,0.009912206173888327,2609.69875,True,buy_after_every_green,2018-04-26,0.9912206173888327,0.02,0.9712206173888327,4.144310612049445
2018-04-27,2675.5,2676.25,2657.75,2671.5,False,True,False,-0.0014950476546440328,2610.85625,True,buy_after_every_green,2018-04-27,-0.14950476546440328,0.02,-0.16950476546440327,3.9748058465850415
2018-05-02,2655.5,2658.5,2624.25,2627.5,False,True,False,-0.010544153643381682,2613.69,True,buy_after_every_green,2018-05-02,-1.0544153643381682,0.02,-1.0744153643381682,2.9003904822468733
2018-05-04,2631.75,2669.5,2612.25,2663.0,True,False,False,0.0118742281751687,2615.5175,True,buy_after_every_green,2018-05-04,1.18742281751687,0.02,1.16742281751687,4.067813299763744
2018-05-07,2662.75,2681.5,2661.25,2670.0,True,False,False,0.0027227490376491303,2616.51125,True,buy_after_every_green,2018-05-07,0.27227490376491303,0.02,0.252274903764913,4.320088203528657
2018-05-08,2668.0,2674.25,2652.25,2670.25,True,False,False,0.0008433283358320054,2617.515,True,buy_after_every_green,2018-05-08,0.08433283358320054,0.02,0.06433283358320054,4.384421037111858
2018-05-09,2669.75,2700.0,2666.5,2696.0,True,False,False,0.009832381309111238,2618.6525,True,buy_after_every_green,2018-05-09,0.9832381309111238,0.02,0.9632381309111238,5.347659168022982
2018-05-10,2696.0,2725.0,2692.75,2718.75,True,False,False,0.008438427299703344,2619.87625,True,buy_after_every_green,2018-05-10,0.8438427299703344,0.02,0.8238427299703344,6.171501897993316
2018-05-11,2716.25,2732.5,2716.25,2729.5,True,False,False,0.004878048780487809,2621.1575,True,buy_after_every_green,2018-05-11,0.4878048780487809,0.02,0.4678048780487809,6.639306776042098
2018-05-14,2727.25,2741.25,2724.25,2731.0,True,False,False,0.0013750114584287765,2622.4525,True,buy_after_every_green,2018-05-14,0.13750114584287765,0.02,0.11750114584287764,6.756807921884976
2018-05-15,2728.5,2731.25,2700.5,2709.0,False,True,False,-0.007146783947223789,2623.64625,True,buy_after_every_green,2018-05-15,-0.7146783947223789,0.02,-0.734678394722379,6.022129527162597
2018-05-17,2721.75,2732.0,2711.0,2718.75,False,True,False,-0.0011022320198401658,2626.15375,True,buy_after_every_green,2018-05-17,-0.11022320198401658,0.02,-0.13022320198401657,5.891906325178581
2018-05-22,2731.25,2741.75,2721.5,2726.0,False,True,False,-0.0019221967963386488,2629.9275,True,buy_after_every_green,2018-05-22,-0.19221967963386488,0.02,-0.21221967963386487,5.679686645544716
2018-05-24,2729.75,2733.25,2705.75,2727.5,False,True,False,-0.0008242513050645828,2632.4675,True,buy_after_every_green,2018-05-24,-0.08242513050645828,0.02,-0.10242513050645828,5.577261515038257
2018-05-31,2720.25,2728.25,2699.75,2705.5,False,True,False,-0.005422295744876404,2637.6,True,buy_after_every_green,2018-05-31,-0.5422295744876404,0.02,-0.5622295744876404,5.015031940550617
2018-06-04,2731.0,2749.25,2729.0,2745.5,True,False,False,0.005309410472354559,2640.34,True,buy_after_every_green,2018-06-04,0.5309410472354559,0.02,0.5109410472354559,5.525972987786073
2018-06-05,2746.0,2753.25,2739.0,2751.5,True,False,False,0.0020029133284777956,2641.95,True,buy_after_every_green,2018-06-05,0.20029133284777956,0.02,0.18029133284777957,5.706264320633853
2018-06-06,2751.0,2774.75,2748.0,2772.25,True,False,False,0.007724463831334072,2643.6775,True,buy_after_every_green,2018-06-06,0.7724463831334072,0.02,0.7524463831334072,6.4587107037672595
2018-06-07,2773.25,2779.75,2760.0,2772.25,False,True,False,-0.00036058775804559406,2645.39875,True,buy_after_every_green,2018-06-07,-0.036058775804559406,0.02,-0.05605877580455941,6.4026519279627
2018-06-11,2771.0,2790.5,2770.5,2783.0,True,False,False,0.004330566582461115,2648.73625,True,buy_after_every_green,2018-06-11,0.4330566582461115,0.02,0.4130566582461115,6.815708586208812
2018-06-12,2781.25,2789.75,2778.5,2784.0,True,False,False,0.0009887640449437463,2650.4525,True,buy_after_every_green,2018-06-12,0.09887640449437463,0.02,0.07887640449437462,6.894584990703187
2018-06-13,2788.0,2791.75,2773.75,2774.25,False,True,False,-0.004931850789096082,2652.11125,True,buy_after_every_green,2018-06-13,-0.49318507890960817,0.02,-0.5131850789096082,6.381399911793579
2018-06-15,2782.5,2784.0,2766.25,2776.5,False,True,False,-0.0021563342318059453,2655.45625,True,buy_after_every_green,2018-06-15,-0.21563342318059453,0.02,-0.23563342318059452,6.145766488612985
2018-06-21,2771.75,2785.25,2747.0,2752.5,False,True,False,-0.006945070803643927,2661.51,True,buy_after_every_green,2018-06-21,-0.6945070803643927,0.02,-0.7145070803643927,5.431259408248592
2018-06-25,2757.0,2758.0,2700.5,2722.25,False,True,False,-0.012604280014508529,2664.25875,True,buy_after_every_green,2018-06-25,-1.2604280014508529,0.02,-1.280428001450853,4.150831406797739
2018-06-27,2726.5,2748.0,2701.0,2705.0,False,True,False,-0.007885567577480268,2666.67625,True,buy_after_every_green,2018-06-27,-0.7885567577480268,0.02,-0.8085567577480268,3.342274649049712
2018-06-29,2720.0,2745.5,2716.75,2721.5,True,False,False,0.0005514705882352366,2668.91875,True,buy_after_every_green,2018-06-29,0.055147058823523665,0.02,0.03514705882352366,3.3774217078732356
2018-07-02,2721.0,2728.5,2698.5,2727.25,True,False,False,0.002296949650863578,2670.0725,True,buy_after_every_green,2018-07-02,0.22969496508635778,0.02,0.2096949650863578,3.5871166729595934
2018-07-03,2727.25,2741.5,2712.0,2713.25,False,True,False,-0.00513337611146758,2671.15875,True,buy_after_every_green,2018-07-03,-0.513337611146758,0.02,-0.533337611146758,3.0537790618128353
2018-07-06,2737.0,2766.25,2731.25,2763.0,True,False,False,0.009499451954694926,2673.62875,True,buy_after_every_green,2018-07-06,0.9499451954694926,0.02,0.9299451954694926,3.983724257282328
2018-07-09,2762.0,2788.0,2761.75,2787.5,True,False,False,0.009232440260680708,2675.04,True,buy_after_every_green,2018-07-09,0.9232440260680708,0.02,0.9032440260680707,4.886968283350399
2018-07-10,2787.5,2797.75,2780.5,2796.75,True,False,False,0.0033183856502241316,2676.51875,True,buy_after_every_green,2018-07-10,0.33183856502241316,0.02,0.31183856502241314,5.198806848372811
2018-07-11,2780.75,2787.75,2765.75,2774.0,False,True,False,-0.002427402679133328,2677.89125,True,buy_after_every_green,2018-07-11,-0.2427402679133328,0.02,-0.2627402679133328,4.936066580459478
2018-07-13,2798.5,2807.25,2793.25,2803.25,True,False,False,0.0016973378595677158,2680.9375,True,buy_after_every_green,2018-07-13,0.16973378595677158,0.02,0.1497337859567716,5.08580036641625
2018-07-16,2804.75,2809.0,2795.0,2796.5,False,True,False,-0.002941438630894022,2682.3975,True,buy_after_every_green,2018-07-16,-0.2941438630894022,0.02,-0.31414386308940223,4.771656503326848
2018-07-18,2813.0,2818.25,2806.75,2816.0,True,False,False,0.0010664770707429216,2685.415,True,buy_after_every_green,2018-07-18,0.10664770707429216,0.02,0.08664770707429216,4.8583042104011405
2018-07-19,2814.5,2818.0,2800.25,2805.25,False,True,False,-0.0032865517853970516,2686.81,True,buy_after_every_green,2018-07-19,-0.32865517853970516,0.02,-0.3486551785397052,4.509649031861436
2018-07-24,2810.5,2831.25,2810.25,2821.0,True,False,False,0.0037359900373599153,2690.88375,True,buy_after_every_green,2018-07-24,0.37359900373599153,0.02,0.3535990037359915,4.863248035597428
2018-07-25,2819.25,2849.5,2814.0,2841.25,True,False,False,0.007803493837013287,2692.365,True,buy_after_every_green,2018-07-25,0.7803493837013287,0.02,0.7603493837013287,5.623597419298756
2018-07-26,2835.25,2846.5,2833.25,2842.5,True,False,False,0.002557093730711557,2693.85875,True,buy_after_every_green,2018-07-26,0.2557093730711557,0.02,0.23570937307115572,5.859306792369912
2018-07-27,2840.25,2847.0,2808.75,2817.5,False,True,False,-0.00800985828712264,2695.20375,True,buy_after_every_green,2018-07-27,-0.800985828712264,0.02,-0.820985828712264,5.0383209636576485
2018-08-01,2824.25,2825.75,2805.5,2810.75,False,True,False,-0.0047800300964857545,2699.0825,True,buy_after_every_green,2018-08-01,-0.47800300964857545,0.02,-0.49800300964857547,4.540317954009073
2018-08-03,2830.75,2841.5,2824.75,2839.5,True,False,False,0.003091053607701122,2701.85625,True,buy_after_every_green,2018-08-03,0.3091053607701122,0.02,0.2891053607701122,4.829423314779184
2018-08-06,2841.5,2853.5,2835.0,2850.0,True,False,False,0.002991377793418959,2703.30625,True,buy_after_every_green,2018-08-06,0.2991377793418959,0.02,0.2791377793418959,5.108561094121081
2018-08-07,2849.25,2863.75,2848.25,2859.75,True,False,False,0.0036851803106081604,2704.8025,True,buy_after_every_green,2018-08-07,0.36851803106081604,0.02,0.348518031060816,5.457079125181897
2018-08-08,2860.5,2862.5,2852.5,2855.25,False,True,False,-0.0018353434714211136,2706.20875,True,buy_after_every_green,2018-08-08,-0.18353434714211136,0.02,-0.20353434714211135,5.253544778039786
2018-08-10,2852.5,2852.75,2826.0,2836.75,False,True,False,-0.005521472392638005,2709.0075,True,buy_after_every_green,2018-08-10,-0.5521472392638005,0.02,-0.5721472392638005,4.681397538775986
2018-08-15,2841.75,2843.0,2803.0,2821.25,False,True,False,-0.00721386469605001,2712.95375,True,buy_after_every_green,2018-08-15,-0.721386469605001,0.02,-0.741386469605001,3.940011069170985
2018-08-17,2843.5,2857.0,2835.0,2852.25,True,False,False,0.0030771935994373667,2715.73375,True,buy_after_every_green,2018-08-17,0.30771935994373667,0.02,0.28771935994373665,4.227730429114722
2018-08-20,2851.75,2860.75,2850.25,2858.5,True,False,False,0.0023669676514421756,2717.1525,True,buy_after_every_green,2018-08-20,0.23669676514421756,0.02,0.21669676514421757,4.44442719425894
2018-08-21,2856.75,2874.0,2852.0,2861.75,True,False,False,0.001750240658090485,2718.5775,True,buy_after_every_green,2018-08-21,0.1750240658090485,0.02,0.1550240658090485,4.599451260067989
2018-08-22,2853.0,2868.25,2846.25,2861.25,True,False,False,0.0028916929547844195,2719.97,True,buy_after_every_green,2018-08-22,0.28916929547844195,0.02,0.26916929547844193,4.86862055554643
2018-08-23,2861.75,2869.75,2854.75,2858.0,False,True,False,-0.0013103870009609775,2721.31625,True,buy_after_every_green,2018-08-23,-0.13103870009609775,0.02,-0.15103870009609774,4.717581855450333
2018-08-27,2877.75,2899.5,2876.75,2898.5,True,False,False,0.007210494309790594,2724.30375,True,buy_after_every_green,2018-08-27,0.7210494309790594,0.02,0.7010494309790594,5.418631286429392
2018-08-28,2899.0,2906.25,2894.25,2899.25,True,False,False,8.623663332185671e-05,2725.88,True,buy_after_every_green,2018-08-28,0.008623663332185671,0.02,-0.011376336667814329,5.407254949761578
2018-08-29,2900.5,2917.5,2897.5,2914.75,True,False,False,0.00491294604378556,2727.55625,True,buy_after_every_green,2018-08-29,0.491294604378556,0.02,0.47129460437855597,5.878549554140134
2018-08-30,2915.75,2916.25,2895.5,2902.0,False,True,False,-0.0047157678127411895,2729.15625,True,buy_after_every_green,2018-08-30,-0.47157678127411895,0.02,-0.49157678127411897,5.386972772866015
2018-09-04,2906.5,2912.5,2885.5,2898.25,False,True,False,-0.002838465508343324,2732.4425,True,buy_after_every_green,2018-09-04,-0.2838465508343324,0.02,-0.30384655083433243,5.083126222031682
2018-09-11,2879.75,2893.0,2867.25,2889.75,True,False,False,0.003472523656567361,2739.8325,True,buy_after_every_green,2018-09-11,0.3472523656567361,0.02,0.3272523656567361,5.4103785876884185
2018-09-12,2890.0,2895.25,2879.5,2888.5,False,True,False,-0.0005190311418684646,2741.27,True,buy_after_every_green,2018-09-12,-0.051903114186846455,0.02,-0.07190311418684646,5.338475473501572
2018-09-14,2904.75,2912.25,2896.75,2906.25,True,False,False,0.0005163955589981839,2744.18875,True,buy_after_every_green,2018-09-14,0.05163955589981839,0.02,0.031639555899818386,5.370115029401391
2018-09-17,2903.5,2906.25,2887.25,2891.0,False,True,False,-0.004305148958153926,2745.51875,True,buy_after_every_green,2018-09-17,-0.4305148958153926,0.02,-0.4505148958153926,4.919600133585998
2018-09-19,2907.75,2913.75,2900.75,2910.0,True,False,False,0.0007737941707506302,2748.14125,True,buy_after_every_green,2018-09-19,0.07737941707506302,0.02,0.05737941707506301,4.976979550661062
2018-09-20,2911.25,2935.75,2908.25,2934.0,True,False,False,0.007814512666380447,2749.62,True,buy_after_every_green,2018-09-20,0.7814512666380447,0.02,0.7614512666380446,5.738430817299106
2018-09-21,2934.75,2944.0,2932.25,2943.0,True,False,False,0.0028111423460259743,2751.19375,True,buy_after_every_green,2018-09-21,0.28111423460259743,0.02,0.2611142346025974,5.999545051901704
2018-09-24,2929.5,2930.25,2917.75,2925.5,False,True,False,-0.0013654207202594693,2752.675,True,buy_after_every_green,2018-09-24,-0.13654207202594693,0.02,-0.15654207202594692,5.843002979875757
2018-09-28,2922.25,2925.5,2908.0,2919.0,False,True,False,-0.0011121567285482525,2757.94875,True,buy_after_every_green,2018-09-28,-0.11121567285482525,0.02,-0.13121567285482524,5.7117873070209315
2018-10-02,2929.25,2936.0,2917.5,2928.5,False,True,False,-0.00025603823504305456,2760.6425,True,buy_after_every_green,2018-10-02,-0.025603823504305456,0.02,-0.04560382350430546,5.666183483516626
2018-10-04,2926.0,2926.25,2887.75,2907.75,False,True,False,-0.006237183868762819,2763.0325,True,buy_after_every_green,2018-10-04,-0.6237183868762819,0.02,-0.6437183868762819,5.022465096640344
2018-10-15,2770.0,2778.75,2745.25,2749.0,False,True,False,-0.007581227436823101,2767.645,True,buy_after_every_green,2018-10-15,-0.7581227436823101,0.02,-0.7781227436823102,4.244342352958034
2018-10-17,2816.25,2824.25,2783.25,2816.25,False,False,True,0.0,2768.97,True,buy_after_every_green,2018-10-17,0.0,0.02,-0.02,4.224342352958034
2018-10-26,2678.0,2692.75,2627.25,2669.5,False,True,False,-0.0031740104555638693,2768.31125,True,buy_after_every_green,2018-10-26,-0.31740104555638693,0.02,-0.33740104555638695,3.8869413074016474
2018-10-31,2690.75,2737.25,2682.0,2711.0,True,False,False,0.007525782774319367,2766.635,True,buy_after_every_green,2018-10-31,0.7525782774319367,0.02,0.7325782774319367,4.619519584833585
2018-11-01,2706.0,2741.25,2705.5,2738.0,True,False,False,0.01182557280118246,2766.34375,True,buy_after_every_green,2018-11-01,1.182557280118246,0.02,1.162557280118246,5.782076864951831
2018-11-02,2724.0,2766.25,2699.5,2724.25,True,False,False,9.177679882532708e-05,2765.91,True,buy_after_every_green,2018-11-02,0.009177679882532708,0.02,-0.010822320117467293,5.771254544834364
2018-11-05,2722.5,2743.75,2712.75,2739.5,True,False,False,0.006244260789715295,2765.43125,True,buy_after_every_green,2018-11-05,0.6244260789715295,0.02,0.6044260789715294,6.375680623805893
2018-11-06,2739.0,2761.0,2729.75,2759.0,True,False,False,0.007301935012778316,2765.02875,True,buy_after_every_green,2018-11-06,0.7301935012778316,0.02,0.7101935012778315,7.085874125083725
2018-11-07,2756.75,2817.75,2744.75,2816.5,True,False,False,0.021674072730570426,2764.90625,True,buy_after_every_green,2018-11-07,2.1674072730570426,0.02,2.1474072730570426,9.233281398140768
2018-11-08,2815.75,2818.0,2795.0,2808.75,False,True,False,-0.0024860161591050423,2764.74375,True,buy_after_every_green,2018-11-08,-0.24860161591050423,0.02,-0.26860161591050424,8.964679782230263
2018-11-16,2731.75,2748.75,2708.75,2743.0,True,False,False,0.004118239223940723,2762.0075,True,buy_after_every_green,2018-11-16,0.4118239223940723,0.02,0.39182392239407227,9.356503704624336
2018-11-19,2733.0,2748.0,2681.5,2696.25,False,True,False,-0.013446761800219531,2762.45,True,buy_after_every_green,2018-11-19,-1.344676180021953,0.02,-1.3646761800219531,7.991827524602383
2018-11-23,2635.5,2647.5,2626.0,2629.5,False,True,False,-0.0022766078542970636,2762.2625,True,buy_after_every_green,2018-11-23,-0.22766078542970636,0.02,-0.24766078542970635,7.744166739172677
2018-11-27,2661.0,2686.75,2655.25,2683.5,True,False,False,0.008455467869222133,2762.65875,True,buy_after_every_green,2018-11-27,0.8455467869222133,0.02,0.8255467869222133,8.56971352609489
2018-11-28,2686.25,2745.0,2681.0,2741.5,True,False,False,0.020567705909725564,2763.0575,True,buy_after_every_green,2018-11-28,2.0567705909725564,0.02,2.0367705909725564,10.606484117067447
2018-11-29,2738.0,2754.5,2723.25,2744.25,True,False,False,0.0022826880934989635,2763.29375,True,buy_after_every_green,2018-11-29,0.22826880934989635,0.02,0.20826880934989636,10.814752926417343
2018-11-30,2742.0,2764.75,2729.0,2758.25,True,False,False,0.0059263311451496214,2763.415,True,buy_after_every_green,2018-11-30,0.5926331145149621,0.02,0.5726331145149621,11.387386040932306
2018-12-03,2793.5,2814.0,2773.5,2790.75,False,True,False,-0.0009844281367460406,2763.69375,True,buy_after_every_green,2018-12-03,-0.09844281367460406,0.02,-0.11844281367460406,11.268943227257703
2018-12-11,2644.0,2678.0,2621.25,2641.25,False,True,False,-0.0010400907715581997,2761.97125,True,buy_after_every_green,2018-12-11,-0.10400907715581997,0.02,-0.12400907715581998,11.144934150101882
2018-12-13,2653.0,2671.0,2637.25,2645.5,False,True,False,-0.0028269883151149644,2761.15125,True,buy_after_every_green,2018-12-13,-0.28269883151149644,0.02,-0.30269883151149646,10.842235318590387
2018-12-27,2470.25,2498.75,2397.0,2495.0,True,False,False,0.010019228822993664,2750.375,True,buy_after_every_green,2018-12-27,1.0019228822993664,0.02,0.9819228822993664,11.824158200889753
2018-12-28,2491.5,2523.0,2472.75,2486.0,False,True,False,-0.002207505518763808,2749.05625,True,buy_after_every_green,2018-12-28,-0.22075055187638082,0.02,-0.2407505518763808,11.583407649013372
2019-01-02,2508.0,2521.25,2452.25,2511.0,True,False,False,0.0011961722488038617,2746.61625,True,buy_after_every_green,2019-01-02,0.11961722488038617,0.02,0.09961722488038617,11.683024873893759
2019-01-03,2482.25,2493.5,2443.25,2447.75,False,True,False,-0.013898680632490668,2745.24125,True,buy_after_every_green,2019-01-03,-1.3898680632490668,0.02,-1.4098680632490668,10.273156810644693
2019-01-07,2537.25,2567.5,2523.25,2550.5,True,False,False,0.005222189378263797,2743.44125,True,buy_after_every_green,2019-01-07,0.5222189378263797,0.02,0.5022189378263797,10.775375748471072
2019-01-08,2553.25,2581.25,2547.5,2572.5,True,False,False,0.007539410555174708,2743.0875,True,buy_after_every_green,2019-01-08,0.7539410555174708,0.02,0.7339410555174708,11.509316803988543
2019-01-09,2569.5,2596.75,2568.5,2582.5,True,False,False,0.0050593500681066494,2743.01125,True,buy_after_every_green,2019-01-09,0.505935006810665,0.02,0.4859350068106649,11.995251810799209
2019-01-10,2580.0,2599.5,2560.5,2594.0,True,False,False,0.005426356589147252,2742.68375,True,buy_after_every_green,2019-01-10,0.5426356589147252,0.02,0.5226356589147252,12.517887469713934
2019-01-11,2594.0,2597.75,2577.0,2595.0,True,False,False,0.00038550501156509043,2742.58,True,buy_after_every_green,2019-01-11,0.03855050115650904,0.02,0.018550501156509042,12.536437970870443
2019-01-14,2588.5,2592.0,2567.25,2580.5,False,True,False,-0.0030905930075333377,2742.445,True,buy_after_every_green,2019-01-14,-0.30905930075333377,0.02,-0.3290593007533338,12.207378670117109
2019-01-16,2605.75,2626.25,2602.5,2613.25,True,False,False,0.0028782500239854514,2742.44875,True,buy_after_every_green,2019-01-16,0.28782500239854514,0.02,0.2678250023985451,12.475203672515654
2019-01-17,2614.5,2645.5,2596.5,2635.25,True,False,False,0.007936507936507908,2742.55875,True,buy_after_every_green,2019-01-17,0.7936507936507908,0.02,0.7736507936507908,13.248854466166446
2019-01-18,2636.75,2677.75,2632.75,2671.5,True,False,False,0.013179103062482156,2742.68125,True,buy_after_every_green,2019-01-18,1.3179103062482156,0.02,1.2979103062482156,14.546764772414662
2019-01-22,2669.25,2673.5,2616.5,2632.0,False,True,False,-0.013955230870094648,2742.5325,True,buy_after_every_green,2019-01-22,-1.3955230870094648,0.02,-1.4155230870094648,13.131241685405197
2019-01-24,2635.0,2647.5,2626.0,2634.0,False,True,False,-0.0003795066413662118,2742.77,True,buy_after_every_green,2019-01-24,-0.03795066413662118,0.02,-0.057950664136621186,13.073291021268576
2019-01-28,2660.0,2663.5,2622.25,2642.0,False,True,False,-0.006766917293233088,2742.8175,True,buy_after_every_green,2019-01-28,-0.6766917293233088,0.02,-0.6966917293233088,12.376599291945267
2019-01-31,2683.5,2713.0,2675.75,2704.5,True,False,False,0.007825600894354467,2742.93875,True,buy_after_every_green,2019-01-31,0.7825600894354467,0.02,0.7625600894354467,13.139159381380713
2019-02-01,2707.75,2716.0,2695.5,2704.25,False,True,False,-0.0012925860954666746,2742.9275,True,buy_after_every_green,2019-02-01,-0.12925860954666746,0.02,-0.14925860954666745,12.989900771834046
2019-02-05,2719.5,2737.75,2716.25,2731.0,True,False,False,0.004228718514432739,2743.175,True,buy_after_every_green,2019-02-05,0.4228718514432739,0.02,0.40287185144327387,13.39277262327732
2019-02-06,2730.75,2736.5,2722.25,2729.5,False,True,False,-0.0004577497024627064,2743.465,True,buy_after_every_green,2019-02-06,-0.04577497024627064,0.02,-0.06577497024627064,13.32699765303105
2019-02-11,2710.75,2721.5,2700.5,2708.25,False,True,False,-0.000922253988748456,2744.3025,True,buy_after_every_green,2019-02-11,-0.0922253988748456,0.02,-0.1122253988748456,13.214772254156205
2019-02-13,2743.5,2762.0,2742.75,2749.5,True,False,False,0.002186987424822373,2745.04375,True,buy_after_every_green,2019-02-13,0.2186987424822373,0.02,0.19869874248223732,13.413470996638443
2019-02-14,2749.25,2763.0,2730.25,2743.5,False,True,False,-0.0020914794944075776,2745.52625,True,buy_after_every_green,2019-02-14,-0.20914794944075776,0.02,-0.22914794944075775,13.184323047197685
2019-02-19,2777.0,2787.5,2766.0,2778.75,True,False,False,0.0006301764494058837,2746.90625,True,buy_after_every_green,2019-02-19,0.06301764494058837,0.02,0.043017644940588365,13.227340692138274
2019-02-20,2777.75,2790.75,2773.25,2787.0,True,False,False,0.0033300333003329907,2747.6825,True,buy_after_every_green,2019-02-20,0.33300333003329907,0.02,0.31300333003329905,13.540344022171572
2019-02-21,2787.0,2798.0,2764.25,2774.25,False,True,False,-0.00457481162540363,2748.23875,True,buy_after_every_green,2019-02-21,-0.457481162540363,0.02,-0.477481162540363,13.06286285963121
2019-02-25,2799.5,2814.0,2794.5,2797.0,False,True,False,-0.0008930166101089876,2749.47875,True,buy_after_every_green,2019-02-25,-0.08930166101089876,0.02,-0.10930166101089876,12.953561198620312
2019-02-28,2795.25,2795.75,2781.75,2784.75,False,True,False,-0.003756372417493936,2750.61375,True,buy_after_every_green,2019-02-28,-0.3756372417493936,0.02,-0.39563724174939363,12.55792395687092
2019-03-04,2814.0,2819.75,2767.5,2791.5,False,True,False,-0.007995735607675858,2751.39625,True,buy_after_every_green,2019-03-04,-0.7995735607675858,0.02,-0.8195735607675858,11.738350396103334
2019-03-06,2786.5,2792.75,2768.5,2771.5,False,True,False,-0.005383097075183918,2752.0025,True,buy_after_every_green,2019-03-06,-0.5383097075183918,0.02,-0.5583097075183918,11.180040688584942
2019-03-12,2784.75,2798.25,2780.5,2792.0,True,False,False,0.0026034653020916565,2752.85375,True,buy_after_every_green,2019-03-12,0.26034653020916565,0.02,0.24034653020916566,11.420387218794108
2019-03-13,2792.25,2821.25,2783.0,2814.5,True,False,False,0.007968484197331982,2753.28875,True,buy_after_every_green,2019-03-13,0.7968484197331982,0.02,0.7768484197331982,12.197235638527307
2019-03-14,2816.0,2820.0,2803.75,2807.25,False,True,False,-0.0031072443181817677,2753.73375,True,buy_after_every_green,2019-03-14,-0.31072443181817677,0.02,-0.3307244318181768,11.86651120670913
2019-03-18,2827.0,2842.0,2824.0,2840.5,True,False,False,0.004775380261761608,2754.911949462891,True,buy_after_every_green,2019-03-18,0.4775380261761608,0.02,0.4575380261761608,12.324049232885292
2019-03-19,2841.5,2858.75,2829.0,2836.5,False,True,False,-0.0017596339961287732,2755.5669494628905,True,buy_after_every_green,2019-03-19,-0.17596339961287732,0.02,-0.19596339961287731,12.128085833272415
2019-03-22,2859.5,2864.75,2805.25,2810.75,False,True,False,-0.017048435041091103,2756.914449462891,True,buy_after_every_green,2019-03-22,-1.7048435041091103,0.02,-1.7248435041091104,10.403242329163305
2019-03-27,2823.5,2831.75,2791.75,2810.5,False,True,False,-0.004604214627235703,2757.5006994628907,True,buy_after_every_green,2019-03-27,-0.4604214627235703,0.02,-0.48042146272357034,9.922820866439736
2019-03-29,2820.5,2840.75,2820.25,2837.75,True,False,False,0.006115936890622287,2757.9594494628905,True,buy_after_every_green,2019-03-29,0.6115936890622287,0.02,0.5915936890622286,10.514414555501965
2019-04-01,2844.5,2873.5,2844.5,2870.5,True,False,False,0.009140446475654818,2758.4406994628907,True,buy_after_every_green,2019-04-01,0.9140446475654818,0.02,0.8940446475654817,11.408459203067446
2019-04-02,2868.5,2873.75,2862.25,2867.0,False,True,False,-0.000522921387484776,2758.8594494628906,True,buy_after_every_green,2019-04-02,-0.0522921387484776,0.02,-0.0722921387484776,11.33616706431897
2019-04-04,2880.75,2885.75,2871.0,2882.75,True,False,False,0.0006942636466198415,2759.8906994628906,True,buy_after_every_green,2019-04-04,0.06942636466198415,0.02,0.04942636466198415,11.385593428980954
2019-04-05,2882.5,2898.0,2880.5,2896.0,True,False,False,0.004683434518647056,2760.539449462891,True,buy_after_every_green,2019-04-05,0.4683434518647056,0.02,0.4483434518647056,11.833936880845659
2019-04-08,2896.25,2899.75,2884.25,2898.25,True,False,False,0.0006905481225722987,2761.1706994628908,True,buy_after_every_green,2019-04-08,0.06905481225722987,0.02,0.049054812257229866,11.88299169310289
2019-04-09,2898.5,2900.0,2877.25,2882.5,False,True,False,-0.005520096601690505,2761.820699462891,True,buy_after_every_green,2019-04-09,-0.5520096601690505,0.02,-0.5720096601690505,11.31098203293384
2019-04-11,2894.75,2900.0,2885.25,2891.75,False,True,False,-0.0010363589256412453,2763.3431994628904,True,buy_after_every_green,2019-04-11,-0.10363589256412453,0.02,-0.12363589256412454,11.187346140369716
2019-04-15,2912.0,2914.5,2900.5,2909.5,False,True,False,-0.000858516483516536,2765.2856994628905,True,buy_after_every_green,2019-04-15,-0.0858516483516536,0.02,-0.1058516483516536,11.081494492018063
2019-04-17,2910.25,2923.5,2898.5,2900.5,False,True,False,-0.0033502276436732092,2767.1406994628906,True,buy_after_every_green,2019-04-17,-0.3350227643673209,0.02,-0.35502276436732094,10.726471727650742
2019-04-22,2908.75,2915.75,2899.0,2912.5,True,False,False,0.0012892135797164528,2769.0506994628904,True,buy_after_every_green,2019-04-22,0.12892135797164528,0.02,0.10892135797164527,10.835393085622387
2019-04-23,2911.75,2939.75,2908.0,2938.0,True,False,False,0.009015197046449819,2770.048199462891,True,buy_after_every_green,2019-04-23,0.9015197046449819,0.02,0.8815197046449819,11.716912790267369
2019-04-24,2937.25,2939.75,2927.75,2930.75,False,True,False,-0.002212954293982494,2770.8869494628907,True,buy_after_every_green,2019-04-24,-0.22129542939824942,0.02,-0.2412954293982494,11.47561736086912
2019-04-29,2939.25,2951.5,2937.75,2943.0,True,False,False,0.001275835672365444,2773.1494494628905,True,buy_after_every_green,2019-04-29,0.1275835672365444,0.02,0.1075835672365444,11.583200928105663
2019-04-30,2942.5,2956.5,2926.0,2948.5,True,False,False,0.0020390824129141727,2773.8994494628905,True,buy_after_every_green,2019-04-30,0.20390824129141727,0.02,0.18390824129141728,11.76710916939708
2019-05-01,2955.0,2961.25,2916.0,2923.0,False,True,False,-0.010829103214890057,2774.4981994628906,True,buy_after_every_green,2019-05-01,-1.0829103214890057,0.02,-1.1029103214890057,10.664198847908075
2019-05-03,2918.5,2949.5,2916.5,2947.5,True,False,False,0.00993661127291423,2775.7844494628907,True,buy_after_every_green,2019-05-03,0.9936611272914231,0.02,0.9736611272914231,11.637859975199499
2019-05-06,2917.75,2938.25,2883.5,2932.5,True,False,False,0.005055265187216218,2776.3669494628907,True,buy_after_every_green,2019-05-06,0.5055265187216218,0.02,0.4855265187216218,12.12338649392112
2019-05-07,2911.75,2930.5,2862.5,2890.75,False,True,False,-0.007212157637159766,2776.7944494628905,True,buy_after_every_green,2019-05-07,-0.7212157637159766,0.02,-0.7412157637159766,11.382170730205145
2019-05-13,2858.5,2869.25,2802.0,2807.0,False,True,False,-0.01801644218995979,2777.6894494628905,True,buy_after_every_green,2019-05-13,-1.8016442189959792,0.02,-1.8216442189959792,9.560526511209165
2019-05-15,2840.75,2860.0,2815.0,2855.0,True,False,False,0.005016280911731119,2777.860699462891,True,buy_after_every_green,2019-05-15,0.5016280911731119,0.02,0.4816280911731119,10.042154602382277
2019-05-16,2853.5,2894.0,2840.5,2878.5,True,False,False,0.00876117049237779,2778.2369494628906,True,buy_after_every_green,2019-05-16,0.876117049237779,0.02,0.856117049237779,10.898271651620057
2019-05-17,2879.75,2887.5,2852.5,2862.0,False,True,False,-0.0061637294904071105,2778.4619494628905,True,buy_after_every_green,2019-05-17,-0.616372949040711,0.02,-0.6363729490407111,10.261898702579346
2019-05-22,2864.75,2869.5,2848.25,2857.5,False,True,False,-0.002530761846583518,2778.9056994628904,True,buy_after_every_green,2019-05-22,-0.2530761846583518,0.02,-0.2730761846583518,9.988822517920994
2019-05-28,2831.0,2841.25,2800.5,2805.0,False,True,False,-0.009184033910279,2778.3619494628906,True,buy_after_every_green,2019-05-28,-0.9184033910278999,0.02,-0.9384033910278999,9.050419126893093
2019-05-31,2788.75,2791.0,2750.0,2752.5,False,True,False,-0.012998655311519447,2777.3969494628905,True,buy_after_every_green,2019-05-31,-1.2998655311519447,0.02,-1.3198655311519447,7.730553595741148
2019-06-04,2754.0,2806.25,2744.0,2805.0,True,False,False,0.0185185185185186,2776.8581994628908,True,buy_after_every_green,2019-06-04,1.85185185185186,0.02,1.83185185185186,9.562405447593008
2019-06-05,2806.5,2829.5,2801.0,2827.75,True,False,False,0.00757170853376099,2776.7731994628907,True,buy_after_every_green,2019-06-05,0.757170853376099,0.02,0.737170853376099,10.299576300969107
2019-06-06,2820.5,2853.0,2812.75,2845.75,True,False,False,0.008952313419606561,2776.7406994628905,True,buy_after_every_green,2019-06-06,0.8952313419606561,0.02,0.8752313419606561,11.174807642929764
2019-06-07,2840.0,2886.25,2838.0,2875.0,True,False,False,0.012323943661971759,2776.8231994628904,True,buy_after_every_green,2019-06-07,1.232394366197176,0.02,1.2123943661971759,12.38720200912694
2019-06-10,2893.25,2905.75,2880.5,2889.25,False,True,False,-0.0013825282986260623,2776.9606994628907,True,buy_after_every_green,2019-06-10,-0.13825282986260623,0.02,-0.15825282986260622,12.228949179264333
2019-06-14,2893.75,2898.75,2880.5,2890.5,False,True,False,-0.0011231101511879338,2777.2531994628907,True,buy_after_every_green,2019-06-14,-0.11231101511879338,0.02,-0.13231101511879337,12.09663816414554
2019-06-18,2893.5,2931.75,2884.5,2921.75,True,False,False,0.009763262484879798,2777.2519494628905,True,buy_after_every_green,2019-06-18,0.9763262484879798,0.02,0.9563262484879798,13.05296441263352
2019-06-19,2920.5,2932.5,2909.0,2929.0,True,False,False,0.0029104605375791515,2777.3869494628907,True,buy_after_every_green,2019-06-19,0.29104605375791515,0.02,0.27104605375791513,13.324010466391435
2019-06-20,2926.75,2960.0,2926.0,2955.75,True,False,False,0.009908601691295704,2777.6556994628904,True,buy_after_every_green,2019-06-20,0.9908601691295704,0.02,0.9708601691295704,14.294870635521006
2019-06-21,2953.75,2956.0,2944.0,2953.89990234375,True,False,False,5.07498413033769e-05,2777.9339489746094,True,buy_after_every_green,2019-06-21,0.00507498413033769,0.02,-0.01492501586966231,14.279945619651343
2019-06-24,2948.0,2961.75,2947.25,2952.0,True,False,False,0.0013568521031208647,2778.2526989746093,True,buy_after_every_green,2019-06-24,0.13568521031208647,0.02,0.11568521031208646,14.39563082996343
2019-06-25,2951.0,2958.25,2920.0,2922.0,False,True,False,-0.00982717722805826,2778.4676989746094,True,buy_after_every_green,2019-06-25,-0.9827177228058259,0.02,-1.002717722805826,13.392913107157604
2019-06-28,2932.75,2955.25,2930.0,2944.25,True,False,False,0.003921234336373702,2779.2101989746093,True,buy_after_every_green,2019-06-28,0.39212343363737023,0.02,0.3721234336373702,13.765036540794974
2019-07-01,2970.0,2981.75,2955.5,2967.75,False,True,False,-0.0007575757575757347,2779.6064489746095,True,buy_after_every_green,2019-07-01,-0.07575757575757347,0.02,-0.09575757575757347,13.6692789650374
2019-07-03,2979.0,3001.5,2973.75,3000.25,True,False,False,0.007133266196710286,2780.4476989746095,True,buy_after_every_green,2019-07-03,0.7133266196710286,0.02,0.6933266196710286,14.362605584708428
2019-07-05,3000.75,3006.0,2971.25,2990.5,False,True,False,-0.003415812713488342,2780.9451989746094,True,buy_after_every_green,2019-07-05,-0.3415812713488342,0.02,-0.3615812713488342,14.001024313359594
2019-07-10,2982.25,3007.5,2971.25,2997.5,True,False,False,0.005113588733338892,2781.9826989746093,True,buy_after_every_green,2019-07-10,0.5113588733338892,0.02,0.49135887333388917,14.492383186693482
2019-07-11,2996.0,3006.75,2992.5,3004.0,True,False,False,0.002670226969292422,2782.287698974609,True,buy_after_every_green,2019-07-11,0.2670226969292422,0.02,0.2470226969292422,14.739405883622725
2019-07-12,3003.0,3018.0,3002.25,3015.5,True,False,False,0.004162504162504188,2782.7376989746094,True,buy_after_every_green,2019-07-12,0.4162504162504188,0.02,0.3962504162504188,15.135656299873144
2019-07-15,3015.25,3023.5,3010.75,3017.25,True,False,False,0.0006632949175027214,2783.2176989746094,True,buy_after_every_green,2019-07-15,0.06632949175027214,0.02,0.046329491750272137,15.181985791623417
2019-07-16,3017.25,3021.75,3004.5,3007.0,False,True,False,-0.0033971331510481706,2783.6951989746094,True,buy_after_every_green,2019-07-16,-0.33971331510481706,0.02,-0.3597133151048171,14.822272476518599
2019-07-19,3003.75,3009.75,2969.5,2977.0,False,True,False,-0.008905534748231414,2784.6476989746093,True,buy_after_every_green,2019-07-19,-0.8905534748231414,0.02,-0.9105534748231414,13.911719001695458
2019-07-23,2988.75,3008.5,2987.5,3008.0,True,False,False,0.006440819740694215,2785.3326989746092,True,buy_after_every_green,2019-07-23,0.6440819740694215,0.02,0.6240819740694215,14.535800975764879
2019-07-24,3003.0,3022.0,2996.0,3021.5,True,False,False,0.0061605061605061184,2785.9014489746096,True,buy_after_every_green,2019-07-24,0.6160506160506118,0.02,0.5960506160506118,15.13185159181549
2019-07-25,3018.0,3027.75,2998.0,3006.5,False,True,False,-0.003810470510271724,2786.4639489746096,True,buy_after_every_green,2019-07-25,-0.3810470510271724,0.02,-0.4010470510271724,14.730804540788318
2019-07-29,3022.0,3027.25,3015.5,3021.75,False,True,False,-8.272667107878107e-05,2787.7851989746096,True,buy_after_every_green,2019-07-29,-0.008272667107878107,0.02,-0.028272667107878107,14.70253187368044
2019-08-07,2873.75,2891.5,2823.25,2880.5,True,False,False,0.0023488473249237973,2792.861448974609,True,buy_after_every_green,2019-08-07,0.23488473249237973,0.02,0.21488473249237974,14.91741660617282
2019-08-08,2879.0,2940.75,2870.5,2940.0,True,False,False,0.021187912469607495,2793.7239489746094,True,buy_after_every_green,2019-08-08,2.1187912469607495,0.02,2.0987912469607495,17.01620785313357
2019-08-09,2928.0,2935.75,2899.0,2919.75,False,True,False,-0.002817622950819665,2794.540198974609,True,buy_after_every_green,2019-08-09,-0.2817622950819665,0.02,-0.3017622950819665,16.7144455580516
2019-08-14,2931.0,2936.5,2835.75,2840.75,False,True,False,-0.03079153872398499,2797.3114489746094,True,buy_after_every_green,2019-08-14,-3.079153872398499,0.02,-3.099153872398499,13.615291685653101
2019-08-16,2851.0,2894.75,2849.5,2891.5,True,False,False,0.01420554191511747,2799.446448974609,True,buy_after_every_green,2019-08-16,1.420554191511747,0.02,1.400554191511747,15.015845877164848
2019-08-19,2893.0,2932.25,2892.5,2923.75,True,False,False,0.010629104735568662,2800.6389489746093,True,buy_after_every_green,2019-08-19,1.0629104735568662,0.02,1.0429104735568662,16.058756350721715
2019-08-20,2921.25,2932.25,2894.25,2898.25,False,True,False,-0.007873341891313612,2801.5751989746095,True,buy_after_every_green,2019-08-20,-0.7873341891313612,0.02,-0.8073341891313612,15.251422161590355
2019-08-22,2931.25,2939.75,2904.25,2922.25,False,True,False,-0.0030703624733475765,2803.5214489746095,True,buy_after_every_green,2019-08-22,-0.30703624733475765,0.02,-0.32703624733475767,14.924385914255598
2019-08-27,2882.75,2899.5,2860.0,2865.5,False,True,False,-0.005983869568987998,2804.9676989746094,True,buy_after_every_green,2019-08-27,-0.5983869568987998,0.02,-0.6183869568987999,14.305998957356799
2019-08-29,2883.25,2930.75,2875.25,2926.75,True,False,False,0.01508714124685695,2806.111448974609,True,buy_after_every_green,2019-08-29,1.508714124685695,0.02,1.488714124685695,15.794713082042493
2019-08-30,2923.25,2946.5,2913.25,2924.75,True,False,False,0.0005131275121867951,2807.0964489746093,True,buy_after_every_green,2019-08-30,0.05131275121867951,0.02,0.031312751218679505,15.826025833261173
2019-09-03,2901.0,2926.5,2889.0,2906.0,True,False,False,0.0017235436056532993,2807.9889489746092,True,buy_after_every_green,2019-09-03,0.17235436056532993,0.02,0.15235436056532994,15.978380193826503
2019-09-04,2903.0,2939.5,2902.0,2938.5,True,False,False,0.012228728901136687,2809.1889489746095,True,buy_after_every_green,2019-09-04,1.2228728901136687,0.02,1.2028728901136687,17.18125308394017
2019-09-05,2938.0,2986.5,2936.5,2972.0,True,False,False,0.011572498298161982,2810.3764489746095,True,buy_after_every_green,2019-09-05,1.1572498298161982,0.02,1.1372498298161982,18.31850291375637
2019-09-06,2970.75,2988.25,2970.25,2980.75,True,False,False,0.0033661533282840495,2811.5651989746093,True,buy_after_every_green,2019-09-06,0.33661533282840495,0.02,0.3166153328284049,18.635118246584774
2019-09-09,2980.25,2991.5,2969.5,2978.25,False,True,False,-0.0006710846405503235,2812.975198974609,True,buy_after_every_green,2019-09-09,-0.06710846405503235,0.02,-0.08710846405503235,18.548009782529743
2019-09-12,3003.0,3021.75,3001.0,3011.75,True,False,False,0.002913752913752843,2818.3439489746092,True,buy_after_every_green,2019-09-12,0.2913752913752843,0.02,0.27137529137528427,18.81938507390503
2019-09-13,3010.0,3023.75,3003.5,3006.5,False,True,False,-0.0011627906976744429,2820.0264489746096,True,buy_after_every_green,2019-09-13,-0.11627906976744429,0.02,-0.13627906976744428,18.683106004137585
2019-09-17,3001.75,3006.5,2991.5,3005.5,True,False,False,0.0012492712584326604,2822.923948974609,True,buy_after_every_green,2019-09-17,0.12492712584326604,0.02,0.10492712584326604,18.78803312998085
2019-09-18,3006.0,3011.0,2978.5,3006.25,True,False,False,8.316699933463845e-05,2824.2339489746096,True,buy_after_every_green,2019-09-18,0.008316699933463845,0.02,-0.011683300066536156,18.776349829914313
2019-09-19,3008.0,3022.25,2988.75,3006.0,False,True,False,-0.0006648936170212671,2825.4726989746096,True,buy_after_every_green,2019-09-19,-0.06648936170212671,0.02,-0.08648936170212672,18.689860468212185
2019-09-23,2995.75,3008.25,2982.0,2997.0,True,False,False,0.0004172577818575274,2828.063249511719,True,buy_after_every_green,2019-09-23,0.04172577818575274,0.02,0.021725778185752737,18.71158624639794
2019-09-24,3001.0,3012.25,2958.5,2970.25,False,True,False,-0.010246584471842679,2829.4594995117186,True,buy_after_every_green,2019-09-24,-1.024658447184268,0.02,-1.044658447184268,17.66692779921367
2019-09-26,2985.75,2995.0,2964.25,2980.5,False,True,False,-0.0017583521728209428,2832.898249511719,True,buy_after_every_green,2019-09-26,-0.17583521728209428,0.02,-0.19583521728209427,17.471092581931575
2019-10-01,2984.0,2994.5,2937.0,2937.75,False,True,False,-0.015499329758713154,2837.6019995117185,True,buy_after_every_green,2019-10-01,-1.5499329758713154,0.02,-1.5699329758713154,15.90115960606026
2019-10-04,2911.5,2953.25,2896.75,2951.0,True,False,False,0.013566889919285563,2842.866999511719,True,buy_after_every_green,2019-10-04,1.3566889919285563,0.02,1.3366889919285563,17.237848597988815
2019-10-07,2929.75,2959.5,2928.0,2937.5,True,False,False,0.0026452769007594412,2845.0382495117187,True,buy_after_every_green,2019-10-07,0.2645276900759441,0.02,0.24452769007594413,17.48237628806476
2019-10-08,2934.5,2950.0,2890.5,2892.5,False,True,False,-0.014312489350826407,2847.071999511719,True,buy_after_every_green,2019-10-08,-1.4312489350826407,0.02,-1.4512489350826407,16.031127352982118
2019-10-10,2920.5,2954.0,2881.75,2941.0,True,False,False,0.007019346002396842,2852.324499511719,True,buy_after_every_green,2019-10-10,0.7019346002396842,0.02,0.6819346002396842,16.713061953221803
2019-10-11,2949.0,2994.0,2941.75,2970.75,True,False,False,0.007375381485249299,2854.8232495117186,True,buy_after_every_green,2019-10-11,0.7375381485249299,0.02,0.7175381485249299,17.430600101746734
2019-10-14,2968.0,2982.5,2953.75,2965.5,False,True,False,-0.0008423180592992408,2857.1757495117185,True,buy_after_every_green,2019-10-14,-0.08423180592992408,0.02,-0.10423180592992408,17.32636829581681
2019-10-16,2996.5,2997.75,2984.75,2991.5,False,True,False,-0.0016686133822793048,2862.165749511719,True,buy_after_every_green,2019-10-16,-0.16686133822793048,0.02,-0.18686133822793047,17.13950695758888
2019-10-18,2997.75,3001.25,2975.0,2988.25,False,True,False,-0.003169043449253617,2867.3032495117186,True,buy_after_every_green,2019-10-18,-0.3169043449253617,0.02,-0.3369043449253617,16.802602612663517
2019-10-22,3006.5,3014.25,2988.25,2994.5,False,True,False,-0.003991352070513932,2871.8994995117187,True,buy_after_every_green,2019-10-22,-0.39913520705139316,0.02,-0.4191352070513932,16.383467405612123
2019-10-24,3006.0,3015.25,2998.75,3004.25,False,True,False,-0.0005821689953426912,2876.1744995117188,True,buy_after_every_green,2019-10-24,-0.05821689953426912,0.02,-0.07821689953426912,16.305250506077854
2019-10-28,3023.0,3042.75,3022.75,3036.25,True,False,False,0.00438306318226922,2880.511999511719,True,buy_after_every_green,2019-10-28,0.438306318226922,0.02,0.418306318226922,16.723556824304776
2019-10-29,3038.25,3046.25,3029.5,3035.75,False,True,False,-0.0008228420966016614,2882.7882495117187,True,buy_after_every_green,2019-10-29,-0.08228420966016614,0.02,-0.10228420966016614,16.62127261464461
2019-10-31,3051.75,3052.0,3020.25,3035.75,False,True,False,-0.005242893421807171,2887.1119995117188,True,buy_after_every_green,2019-10-31,-0.5242893421807171,0.02,-0.5442893421807171,16.07698327246389
2019-11-04,3064.75,3083.75,3064.75,3075.75,True,False,False,0.0035891997715964408,2891.273249511719,True,buy_after_every_green,2019-11-04,0.3589199771596441,0.02,0.33891997715964406,16.415903249623536
2019-11-05,3076.75,3085.75,3069.75,3072.0,False,True,False,-0.0015438368408222658,2893.4732495117187,True,buy_after_every_green,2019-11-05,-0.15438368408222658,0.02,-0.17438368408222657,16.24151956554131
2019-11-07,3077.25,3097.0,3070.25,3086.0,True,False,False,0.002843447883662309,2897.9194995117186,True,buy_after_every_green,2019-11-07,0.2843447883662309,0.02,0.2643447883662309,16.50586435390754
2019-11-08,3086.25,3092.5,3072.5,3090.5,True,False,False,0.0013770757391655675,2900.054499511719,True,buy_after_every_green,2019-11-08,0.13770757391655675,0.02,0.11770757391655674,16.6235719278241
2019-11-11,3090.5,3092.25,3074.5,3087.5,False,True,False,-0.0009707167125060367,2902.281999511719,True,buy_after_every_green,2019-11-11,-0.09707167125060367,0.02,-0.11707167125060368,16.506500256573496
2019-11-13,3091.25,3097.0,3075.75,3095.5,True,False,False,0.0013748483623130525,2906.605749511719,True,buy_after_every_green,2019-11-13,0.13748483623130525,0.02,0.11748483623130525,16.6239850928048
2019-11-14,3096.25,3099.75,3081.75,3097.0,True,False,False,0.00024222850222033188,2908.568249511719,True,buy_after_every_green,2019-11-14,0.024222850222033188,0.02,0.004222850222033187,16.628207943026833
2019-11-15,3097.0,3119.5,3095.75,3118.25,True,False,False,0.006861478850500591,2910.6382495117186,True,buy_after_every_green,2019-11-15,0.6861478850500591,0.02,0.6661478850500591,17.294355828076892
2019-11-18,3119.0,3127.75,3111.0,3121.75,True,False,False,0.0008816928502726196,2912.6407495117187,True,buy_after_every_green,2019-11-18,0.08816928502726196,0.02,0.06816928502726195,17.362525113104155
2019-11-19,3121.5,3132.5,3112.75,3118.5,False,True,False,-0.0009610764055741905,2914.5782495117187,True,buy_after_every_green,2019-11-19,-0.09610764055741905,0.02,-0.11610764055741905,17.246417472546735
2019-11-22,3104.0,3114.5,3097.75,3111.5,True,False,False,0.0024162371134019978,2920.5019995117186,True,buy_after_every_green,2019-11-22,0.24162371134019978,0.02,0.22162371134019979,17.468041183886935
2019-11-25,3119.0,3133.5,3116.5,3132.75,True,False,False,0.004408464251362654,2922.6244995117186,True,buy_after_every_green,2019-11-25,0.4408464251362654,0.02,0.42084642513626536,17.8888876090232
2019-11-26,3131.25,3145.0,3128.0,3143.75,True,False,False,0.003992015968063978,2924.619499511719,True,buy_after_every_green,2019-11-26,0.3992015968063978,0.02,0.37920159680639776,18.268089205829597
2019-11-27,3143.75,3155.0,3141.75,3153.75,True,False,False,0.0031809145129224614,2926.6407495117187,True,buy_after_every_green,2019-11-27,0.31809145129224614,0.02,0.2980914512922461,18.566180657121844
2019-11-29,3154.75,3155.0,3139.5,3143.75,False,True,False,-0.003486805610587229,2928.641999511719,True,buy_after_every_green,2019-11-29,-0.3486805610587229,0.02,-0.36868056105872293,18.19750009606312
2019-12-05,3111.0,3124.75,3103.25,3117.75,True,False,False,0.002169720347155346,2935.2269995117185,True,buy_after_every_green,2019-12-05,0.2169720347155346,0.02,0.19697203471553462,18.394472130778656
2019-12-06,3117.75,3151.0,3117.0,3146.0,True,False,False,0.009061021570042405,2937.000749511719,True,buy_after_every_green,2019-12-06,0.9061021570042405,0.02,0.8861021570042404,19.280574287782898
2019-12-09,3146.5,3149.5,3131.25,3134.5,False,True,False,-0.00381376132210387,2938.688249511719,True,buy_after_every_green,2019-12-09,-0.381376132210387,0.02,-0.40137613221038704,18.87919815557251
2019-12-11,3135.5,3144.5,3129.5,3143.0,True,False,False,0.002391963004305442,2942.150749511719,True,buy_after_every_green,2019-12-11,0.23919630043054418,0.02,0.2191963004305442,19.098394456003053
2019-12-12,3144.0,3177.5,3137.25,3168.0,True,False,False,0.007633587786259444,2944.0669995117187,True,buy_after_every_green,2019-12-12,0.7633587786259444,0.02,0.7433587786259443,19.841753234628996
2019-12-13,3175.75,3185.0,3156.75,3172.0,False,True,False,-0.0011808234275367813,2945.9019995117187,True,buy_after_every_green,2019-12-13,-0.11808234275367813,0.02,-0.13808234275367812,19.70367089187532
2019-12-17,3192.5,3199.25,3187.75,3192.0,False,True,False,-0.0001566170712608006,2949.918249511719,True,buy_after_every_green,2019-12-17,-0.01566170712608006,0.02,-0.035661707126080064,19.668009184749238
2019-12-19,3195.0,3209.0,3190.25,3207.0,True,False,False,0.00375586854460086,2954.3194995117187,True,buy_after_every_green,2019-12-19,0.375586854460086,0.02,0.355586854460086,20.023596039209323
2019-12-20,3208.5,3231.02001953125,3204.25,3231.02001953125,True,False,False,0.007018862250662394,2956.739599609375,True,buy_after_every_green,2019-12-20,0.7018862250662394,0.02,0.6818862250662394,20.705482264275563
2019-12-23,3227.0,3234.25,3224.25,3227.25,True,False,False,7.747133560576103e-05,2958.955849609375,True,buy_after_every_green,2019-12-23,0.007747133560576103,0.02,-0.012252866439423898,20.693229397836138
2019-12-24,3228.25,3231.25,3222.5,3225.75,False,True,False,-0.000774413381863237,2961.124599609375,True,buy_after_every_green,2019-12-24,-0.0774413381863237,0.02,-0.09744133818632371,20.595788059649813
2019-12-27,3242.0,3254.0,3235.5,3237.5,False,True,False,-0.0013880320789636524,2965.425849609375,True,buy_after_every_green,2019-12-27,-0.13880320789636524,0.02,-0.15880320789636523,20.436984851753447
2020-01-02,3237.0,3261.75,3234.25,3259.0,True,False,False,0.006796416434970753,2971.5489001464844,True,buy_after_every_green,2020-01-02,0.6796416434970753,0.02,0.6596416434970753,21.096626495250522
2020-01-03,3261.0,3263.5,3206.75,3235.5,False,True,False,-0.007819687212511472,2973.5914001464844,True,buy_after_every_green,2020-01-03,-0.7819687212511472,0.02,-0.8019687212511473,20.294657773999376
2020-01-07,3243.5,3254.5,3226.0,3235.25,False,True,False,-0.0025435486357330284,2977.6189001464845,True,buy_after_every_green,2020-01-07,-0.25435486357330284,0.02,-0.27435486357330285,20.02030291042607
2020-01-09,3261.25,3276.75,3257.75,3276.0,True,False,False,0.004522805672671604,2982.1501501464845,True,buy_after_every_green,2020-01-09,0.45228056726716037,0.02,0.43228056726716035,20.45258347769323
2020-01-10,3275.5,3287.0,3260.75,3264.75,False,True,False,-0.0032819416882918784,2984.4214001464843,True,buy_after_every_green,2020-01-10,-0.32819416882918784,0.02,-0.34819416882918786,20.104389308864043
2020-01-14,3289.25,3296.75,3275.25,3288.0,False,True,False,-0.00038002584175722554,2989.0164001464846,True,buy_after_every_green,2020-01-14,-0.038002584175722554,0.02,-0.05800258417572256,20.046386724688322
2020-01-16,3294.25,3318.0,3294.0,3316.5,True,False,False,0.006754192911891943,2993.3801501464845,True,buy_after_every_green,2020-01-16,0.6754192911891943,0.02,0.6554192911891943,20.701806015877516
2020-01-17,3316.75,3330.25,3316.0,3325.0,True,False,False,0.0024873746890781145,2995.6064001464842,True,buy_after_every_green,2020-01-17,0.24873746890781145,0.02,0.22873746890781146,20.93054348478533
2020-01-21,3325.0,3329.75,3307.25,3319.5,False,True,False,-0.0016541353383459079,2997.7901501464844,True,buy_after_every_green,2020-01-21,-0.1654135338345908,0.02,-0.18541353383459078,20.745129950950737
2020-01-24,3326.5,3337.0,3280.5,3293.5,False,True,False,-0.00992033669021497,3004.1026501464844,True,buy_after_every_green,2020-01-24,-0.992033669021497,0.02,-1.012033669021497,19.73309628192924
2020-01-29,3281.75,3292.75,3265.25,3272.5,False,True,False,-0.0028186181153347922,3009.5601501464844,True,buy_after_every_green,2020-01-29,-0.2818618115334792,0.02,-0.30186181153347924,19.431234470395758
2020-01-31,3292.0,3297.5,3212.75,3224.0,False,True,False,-0.020656136087484844,3013.0239001464843,True,buy_after_every_green,2020-01-31,-2.0656136087484844,0.02,-2.0856136087484844,17.345620861647273
2020-02-04,3244.25,3305.25,3236.0,3299.5,True,False,False,0.01703013023040767,3016.6964001464844,True,buy_after_every_green,2020-02-04,1.703013023040767,0.02,1.683013023040767,19.02863388468804
2020-02-05,3300.25,3338.0,3288.25,3335.0,True,False,False,0.010529505340504564,3018.8089001464846,True,buy_after_every_green,2020-02-05,1.0529505340504564,0.02,1.0329505340504563,20.061584418738498
2020-02-06,3337.0,3357.75,3332.5,3345.25,True,False,False,0.002472280491459422,3020.8451501464842,True,buy_after_every_green,2020-02-06,0.2472280491459422,0.02,0.22722804914594222,20.28881246788444
2020-02-07,3349.0,3350.0,3320.75,3325.5,False,True,False,-0.00701702000597193,3022.8189001464843,True,buy_after_every_green,2020-02-07,-0.701702000597193,0.02,-0.721702000597193,19.567110467287247
2020-02-11,3351.0,3374.5,3349.25,3357.5,True,False,False,0.0019397194867203371,3027.0326501464842,True,buy_after_every_green,2020-02-11,0.1939719486720337,0.02,0.17397194867203372,19.74108241595928
2020-02-12,3360.5,3381.5,3355.5,3380.5,True,False,False,0.005951495313197386,3029.2201501464842,True,buy_after_every_green,2020-02-12,0.5951495313197386,0.02,0.5751495313197386,20.316231947279018
2020-02-13,3381.25,3384.75,3348.5,3377.5,False,True,False,-0.0011090573012938476,3031.365150146484,True,buy_after_every_green,2020-02-13,-0.11090573012938476,0.02,-0.13090573012938475,20.185326217149633
2020-02-18,3382.25,3392.5,3355.25,3369.25,False,True,False,-0.003843595239855113,3035.9139001464846,True,buy_after_every_green,2020-02-18,-0.3843595239855113,0.02,-0.40435952398551134,19.78096669316412
2020-02-20,3391.75,3397.5,3339.25,3369.25,False,True,False,-0.0066337436426623375,3040.2964001464843,True,buy_after_every_green,2020-02-20,-0.6633743642662338,0.02,-0.6833743642662338,19.09759232889789
2020-03-02,2900.0,3093.25,2889.25,3065.0,True,False,False,0.05689655172413799,3049.0076501464846,True,buy_after_every_green,2020-03-02,5.689655172413799,0.02,5.669655172413799,24.767247501311687
2020-03-03,3077.0,3137.0,2973.0,2997.0,False,True,False,-0.025999350016249645,3049.6001501464843,True,buy_after_every_green,2020-03-03,-2.5999350016249645,0.02,-2.6199350016249645,22.147312499686723
2020-03-05,3109.25,3113.75,2996.5,3015.5,False,True,False,-0.03015196590817726,3051.7214001464845,True,buy_after_every_green,2020-03-05,-3.015196590817726,0.02,-3.035196590817726,19.112115908868997
2020-03-11,2859.5,2869.5,2702.75,2740.25,False,True,False,-0.04170309494666902,3051.436400146484,True,buy_after_every_green,2020-03-11,-4.170309494666902,0.02,-4.190309494666901,14.921806414202095
2020-03-16,2673.75,2675.0,2360.25,2416.25,False,True,False,-0.09630668536699394,3047.4651501464846,True,buy_after_every_green,2020-03-16,-9.630668536699394,0.02,-9.650668536699394,5.271137877502701
2020-03-18,2478.5,2498.0,2274.75,2414.0,False,True,False,-0.026023804720597177,3044.5026501464845,True,buy_after_every_green,2020-03-18,-2.6023804720597177,0.02,-2.6223804720597177,2.6487574054429834
2020-03-23,2220.25,2386.0,2174.0,2220.5,True,False,False,0.00011259993244006061,3037.418800048828,True,buy_after_every_green,2020-03-23,0.011259993244006061,0.02,-0.00874000675599394,2.6400173986869895
2020-03-24,2233.25,2447.75,2230.5,2438.0,True,False,False,0.0916825254673681,3035.233800048828,True,buy_after_every_green,2020-03-24,9.16825254673681,0.02,9.14825254673681,11.7882699454238
2020-03-25,2442.75,2560.75,2386.0,2467.0,True,False,False,0.009927335994268649,3033.122550048828,True,buy_after_every_green,2020-03-25,0.9927335994268649,0.02,0.9727335994268649,12.761003544850665
2020-03-26,2471.0,2625.75,2402.25,2608.0,True,False,False,0.055443140428976134,3031.727550048828,True,buy_after_every_green,2020-03-26,5.544314042897613,0.02,5.524314042897614,18.285317587748278
2020-03-27,2627.75,2634.5,2505.25,2524.0,False,True,False,-0.03948244696032732,3029.9425500488283,True,buy_after_every_green,2020-03-27,-3.948244696032732,0.02,-3.968244696032732,14.317072891715545
2020-03-31,2613.25,2635.75,2555.75,2569.75,False,True,False,-0.016645938964890417,3026.9225500488283,True,buy_after_every_green,2020-03-31,-1.6645938964890417,0.02,-1.6845938964890417,12.632478995226503
2020-04-03,2513.75,2529.5,2449.0,2482.75,False,True,False,-0.012332173048234751,3020.4450500488283,True,buy_after_every_green,2020-04-03,-1.2332173048234751,0.02,-1.2532173048234752,11.379261690403027
2020-04-07,2645.5,2750.0,2623.5,2642.0,False,True,False,-0.0013230013230013382,3017.3293005371092,True,buy_after_every_green,2020-04-07,-0.13230013230013382,0.02,-0.1523001323001338,11.226961558102893
2020-04-09,2737.75,2809.5,2701.0,2779.75,True,False,False,0.015341064742945942,3015.5330505371094,True,buy_after_every_green,2020-04-09,1.5341064742945942,0.02,1.5141064742945942,12.741068032397488
2020-04-13,2811.0,2819.5,2711.0,2759.25,False,True,False,-0.01840981856990398,3014.7393005371096,True,buy_after_every_green,2020-04-13,-1.840981856990398,0.02,-1.860981856990398,10.88008617540709
2020-04-15,2843.75,2845.5,2751.25,2775.0,False,True,False,-0.0241758241758242,3013.4530505371094,True,buy_after_every_green,2020-04-15,-2.41758241758242,0.02,-2.43758241758242,8.44250375782467
2020-04-17,2863.0,2885.0,2821.0,2870.0,True,False,False,0.0024449877750611915,3012.0043005371094,True,buy_after_every_green,2020-04-17,0.24449877750611915,0.02,0.22449877750611916,8.66700253533079
2020-04-20,2861.5,2875.5,2804.25,2806.5,False,True,False,-0.0192206884501136,3011.0355505371094,True,buy_after_every_green,2020-04-20,-1.9220688450113599,0.02,-1.94206884501136,6.72493369031943
2020-04-23,2790.5,2836.75,2772.75,2780.75,False,True,False,-0.0034939974914889316,3007.7868005371092,True,buy_after_every_green,2020-04-23,-0.34939974914889316,0.02,-0.3693997491488932,6.3555339411705365
2020-04-27,2829.0,2881.25,2812.75,2869.0,True,False,False,0.014139271827500854,3006.2718005371094,True,buy_after_every_green,2020-04-27,1.4139271827500854,0.02,1.3939271827500854,7.7494611239206215
2020-04-28,2867.75,2913.5,2851.0,2867.25,False,True,False,-0.00017435271554355758,3005.5305505371093,True,buy_after_every_green,2020-04-28,-0.017435271554355758,0.02,-0.03743527155435576,7.712025852366266
2020-04-30,2956.5,2965.0,2878.0,2902.5,False,True,False,-0.0182648401826484,3004.6268005371094,True,buy_after_every_green,2020-04-30,-1.82648401826484,0.02,-1.84648401826484,5.8655418341014265
2020-05-05,2827.0,2889.75,2824.5,2858.25,True,False,False,0.011054120976299986,3002.3555505371096,True,buy_after_every_green,2020-05-05,1.1054120976299986,0.02,1.0854120976299986,6.950953931731425
2020-05-06,2857.75,2886.25,2832.0,2833.5,False,True,False,-0.008485696789432229,3001.5780505371094,True,buy_after_every_green,2020-05-06,-0.8485696789432229,0.02,-0.8685696789432229,6.082384252788202
2020-05-08,2882.0,2933.0,2879.75,2928.5,True,False,False,0.01613462873004856,3000.4730505371094,True,buy_after_every_green,2020-05-08,1.6134628730048561,0.02,1.5934628730048561,7.675847125793059
2020-05-11,2920.75,2947.0,2889.75,2922.75,True,False,False,0.0006847556278353206,3000.054300537109,True,buy_after_every_green,2020-05-11,0.06847556278353206,0.02,0.04847556278353206,7.724322688576591
2020-05-12,2919.25,2939.25,2838.0,2852.5,False,True,False,-0.022865462019354243,2999.1943005371095,True,buy_after_every_green,2020-05-12,-2.2865462019354243,0.02,-2.3065462019354244,5.417776486641166
2020-05-15,2846.25,2863.5,2809.5,2846.5,True,False,False,8.783487044361493e-05,2996.6455505371096,True,buy_after_every_green,2020-05-15,0.008783487044361493,0.02,-0.011216512955638507,5.406559973685528
2020-05-18,2859.75,2964.75,2850.0,2948.0,True,False,False,0.030859340851473016,2996.6255505371096,True,buy_after_every_green,2020-05-18,3.0859340851473016,0.02,3.0659340851473016,8.47249405883283
2020-05-19,2945.0,2976.25,2914.25,2918.75,False,True,False,-0.008913412563667178,2996.556800537109,True,buy_after_every_green,2020-05-19,-0.8913412563667178,0.02,-0.9113412563667178,7.561152802466111
2020-05-21,2972.25,2973.5,2933.0,2937.0,False,True,False,-0.011859702245773374,2997.554300537109,True,buy_after_every_green,2020-05-21,-1.1859702245773374,0.02,-1.2059702245773374,6.355182577888774
2020-05-26,2948.5,3019.75,2947.5,2994.5,True,False,False,0.015601153128709466,2998.1893005371094,True,buy_after_every_green,2020-05-26,1.5601153128709466,0.02,1.5401153128709466,7.895297890759721
2020-05-27,2994.0,3039.5,2965.5,3035.5,True,False,False,0.013861055444221781,2998.7680505371095,True,buy_after_every_green,2020-05-27,1.3861055444221781,0.02,1.3661055444221781,9.261403435181899
2020-05-28,3035.0,3065.5,3019.5,3038.0,True,False,False,0.0009884678747940079,2999.556800537109,True,buy_after_every_green,2020-05-28,0.09884678747940079,0.02,0.07884678747940078,9.3402502226613
2020-05-29,3036.0,3058.25,2992.0,3042.0,True,False,False,0.0019762845849802257,3000.1068005371094,True,buy_after_every_green,2020-05-29,0.19762845849802257,0.02,0.17762845849802258,9.517878681159322
2020-06-01,3029.75,3059.0,3008.0,3054.0,True,False,False,0.008003960722831938,3001.1730505371092,True,buy_after_every_green,2020-06-01,0.8003960722831938,0.02,0.7803960722831937,10.298274753442517
2020-06-02,3052.75,3079.0,3035.0,3077.0,True,False,False,0.007943657358119749,3002.315550537109,True,buy_after_every_green,2020-06-02,0.7943657358119749,0.02,0.7743657358119749,11.072640489254491
2020-06-03,3078.0,3129.5,3074.25,3117.75,True,False,False,0.0129142300194931,3003.4468005371095,True,buy_after_every_green,2020-06-03,1.29142300194931,0.02,1.27142300194931,12.344063491203801
2020-06-04,3117.75,3126.75,3087.5,3110.5,False,True,False,-0.0023253949162056475,3004.3805505371092,True,buy_after_every_green,2020-06-04,-0.23253949162056475,0.02,-0.25253949162056477,12.091523999583236
2020-06-08,3192.5,3231.25,3183.25,3227.5,True,False,False,0.010963194988253822,3007.3143005371094,True,buy_after_every_green,2020-06-08,1.0963194988253822,0.02,1.0763194988253821,13.167843498408619
2020-06-09,3227.75,3231.0,3190.0,3205.5,False,True,False,-0.006893346758578001,3008.7305505371096,True,buy_after_every_green,2020-06-09,-0.6893346758578001,0.02,-0.7093346758578001,12.458508822550819
2020-06-15,2992.75,3079.25,2935.0,3073.0,True,False,False,0.02681480243922807,3012.7805505371093,True,buy_after_every_green,2020-06-15,2.681480243922807,0.02,2.661480243922807,15.119989066473625
2020-06-16,3076.25,3167.75,3071.25,3128.75,True,False,False,0.017066233238520967,3013.7905505371095,True,buy_after_every_green,2020-06-16,1.7066233238520967,0.02,1.6866233238520967,16.80661239032572
2020-06-17,3122.0,3157.75,3105.0,3118.0,False,True,False,-0.0012812299807815064,3014.7568005371095,True,buy_after_every_green,2020-06-17,-0.12812299807815064,0.02,-0.14812299807815063,16.65848939224757
2020-06-22,3040.25,3114.25,3027.25,3110.75,True,False,False,0.023188882493216045,3017.5793505859374,True,buy_after_every_green,2020-06-22,2.3188882493216045,0.02,2.2988882493216045,18.957377641569174
2020-06-23,3111.75,3145.75,3060.0,3118.5,True,False,False,0.002169197396963085,3018.2681005859376,True,buy_after_every_green,2020-06-23,0.2169197396963085,0.02,0.19691973969630852,19.154297381265483
2020-06-24,3113.25,3128.5,3019.75,3049.0,False,True,False,-0.020637597366096494,3018.6218505859374,True,buy_after_every_green,2020-06-24,-2.0637597366096494,0.02,-2.0837597366096494,17.070537644655833
2020-06-26,3071.25,3082.0,2992.5,3007.0,False,True,False,-0.02091982091982092,3019.1081005859373,True,buy_after_every_green,2020-06-26,-2.091982091982092,0.02,-2.111982091982092,14.95855555267374
2020-06-30,3046.0,3101.25,3030.25,3090.25,True,False,False,0.014527248850952024,3019.7068505859374,True,buy_after_every_green,2020-06-30,1.4527248850952024,0.02,1.4327248850952023,16.39128043776894
2020-07-01,3085.25,3117.75,3062.75,3103.0,True,False,False,0.005753180455392526,3020.2268505859374,True,buy_after_every_green,2020-07-01,0.5753180455392526,0.02,0.5553180455392526,16.946598483308193
2020-07-02,3101.75,3156.5,3095.5,3129.0,True,False,False,0.00878536310147493,3020.8443505859377,True,buy_after_every_green,2020-07-02,0.878536310147493,0.02,0.858536310147493,17.805134793455686
2020-07-06,3125.25,3174.5,3105.75,3172.0,True,False,False,0.0149588032957364,3021.6731005859374,True,buy_after_every_green,2020-07-06,1.49588032957364,0.02,1.47588032957364,19.281015123029327
2020-07-07,3170.0,3184.0,3132.5,3136.5,False,True,False,-0.010567823343848537,3022.3256005859375,True,buy_after_every_green,2020-07-07,-1.0567823343848537,0.02,-1.0767823343848537,18.204232788644475
2020-07-09,3166.25,3170.75,3105.25,3141.0,False,True,False,-0.007974733517568056,3023.795050048828,True,buy_after_every_green,2020-07-09,-0.7974733517568056,0.02,-0.8174733517568056,17.38675943688767
2020-07-13,3183.5,3226.25,3140.5,3148.25,False,True,False,-0.011072718705826934,3025.646300048828,True,buy_after_every_green,2020-07-13,-1.1072718705826934,0.02,-1.1272718705826934,16.259487566304976
2020-07-15,3204.0,3233.25,3192.0,3219.5,True,False,False,0.004837702871410832,3027.940050048828,True,buy_after_every_green,2020-07-15,0.48377028714108317,0.02,0.46377028714108315,16.72325785344606
2020-07-16,3223.25,3228.5,3188.5,3194.5,False,True,False,-0.008919568758240959,3029.020050048828,True,buy_after_every_green,2020-07-16,-0.8919568758240959,0.02,-0.9119568758240959,15.811300977621965
2020-07-20,3214.5,3250.5,3190.25,3245.25,True,False,False,0.009566028931404569,3032.225050048828,True,buy_after_every_green,2020-07-20,0.9566028931404569,0.02,0.9366028931404569,16.74790387076242
2020-07-21,3243.75,3273.25,3239.25,3251.25,True,False,False,0.0023121387283238093,3033.9225500488283,True,buy_after_every_green,2020-07-21,0.23121387283238093,0.02,0.21121387283238094,16.959117743594803
2020-07-22,3249.25,3271.75,3227.25,3265.5,True,False,False,0.0050011541124874714,3035.495050048828,True,buy_after_every_green,2020-07-22,0.5001154112487471,0.02,0.4801154112487471,17.43923315484355
2020-07-23,3267.75,3284.5,3214.25,3227.5,False,True,False,-0.01231734373804605,3036.9450500488283,True,buy_after_every_green,2020-07-23,-1.231734373804605,0.02,-1.251734373804605,16.187498781038943
2020-07-28,3235.0,3246.75,3208.0,3213.0,False,True,False,-0.006800618238021583,3041.428800048828,True,buy_after_every_green,2020-07-28,-0.6800618238021583,0.02,-0.7000618238021583,15.487436957236785
2020-07-30,3256.75,3269.0,3195.0,3248.75,False,True,False,-0.002456436631611214,3044.253800048828,True,buy_after_every_green,2020-07-30,-0.2456436631611214,0.02,-0.2656436631611214,15.221793294075663
2020-08-04,3290.75,3300.5,3271.0,3300.0,True,False,False,0.0028109093671655483,3048.577550048828,True,buy_after_every_green,2020-08-04,0.28109093671655483,0.02,0.2610909367165548,15.482884230792218
2020-08-05,3300.75,3323.25,3292.0,3316.0,True,False,False,0.004620162084374657,3050.216300048828,True,buy_after_every_green,2020-08-05,0.4620162084374657,0.02,0.4420162084374657,15.924900439229683
2020-08-06,3317.0,3345.5,3300.5,3344.25,True,False,False,0.008215254748266565,3051.9050500488283,True,buy_after_every_green,2020-08-06,0.8215254748266565,0.02,0.8015254748266565,16.72642591405634
2020-08-07,3343.75,3347.75,3322.25,3344.75,True,False,False,0.00029906542056079566,3053.656300048828,True,buy_after_every_green,2020-08-07,0.029906542056079566,0.02,0.009906542056079565,16.736332456112418
2020-08-10,3347.0,3357.25,3329.0,3352.75,True,False,False,0.0017179563788467522,3055.3913000488283,True,buy_after_every_green,2020-08-10,0.17179563788467522,0.02,0.15179563788467523,16.888128093997093
2020-08-11,3350.25,3379.0,3319.5,3330.0,False,True,False,-0.006044325050369337,3057.020050048828,True,buy_after_every_green,2020-08-11,-0.6044325050369337,0.02,-0.6244325050369337,16.26369558896016
2020-08-13,3367.75,3382.0,3357.5,3367.75,False,False,True,0.0,3060.426300048828,True,buy_after_every_green,2020-08-13,0.0,0.02,-0.02,16.24369558896016
2020-08-18,3379.25,3390.75,3365.25,3387.0,True,False,False,0.002293408300658495,3065.471300048828,True,buy_after_every_green,2020-08-18,0.2293408300658495,0.02,0.2093408300658495,16.45303641902601
2020-08-19,3388.75,3395.75,3365.5,3372.75,False,True,False,-0.004721504979712243,3067.0188000488283,True,buy_after_every_green,2020-08-19,-0.4721504979712243,0.02,-0.49215049797122434,15.960885921054786
2020-08-21,3383.5,3396.25,3356.75,3392.5,True,False,False,0.002659967489286208,3070.146300048828,True,buy_after_every_green,2020-08-21,0.2659967489286208,0.02,0.2459967489286208,16.206882669983408
2020-08-24,3398.75,3429.5,3393.5,3427.5,True,False,False,0.008458992276572319,3071.906300048828,True,buy_after_every_green,2020-08-24,0.8458992276572319,0.02,0.8258992276572319,17.03278189764064
2020-08-25,3427.0,3448.75,3421.75,3443.0,True,False,False,0.004668806536329173,3073.691300048828,True,buy_after_every_green,2020-08-25,0.4668806536329173,0.02,0.4468806536329173,17.479662551273556
2020-08-26,3444.75,3483.5,3436.75,3480.25,True,False,False,0.010305537412003796,3075.640050048828,True,buy_after_every_green,2020-08-26,1.0305537412003796,0.02,1.0105537412003796,18.490216292473935
2020-08-27,3479.5,3498.25,3464.75,3485.25,True,False,False,0.0016525362839487912,3077.628800048828,True,buy_after_every_green,2020-08-27,0.16525362839487912,0.02,0.14525362839487913,18.635469920868815
2020-08-28,3488.0,3509.5,3480.75,3504.5,True,False,False,0.004730504587155959,3079.691300048828,True,buy_after_every_green,2020-08-28,0.4730504587155959,0.02,0.4530504587155959,19.08852037958441
2020-08-31,3508.5,3524.5,3490.0,3499.0,False,True,False,-0.002707709847513229,3081.708800048828,True,buy_after_every_green,2020-08-31,-0.2707709847513229,0.02,-0.2907709847513229,18.797749394833087
2020-09-02,3529.0,3587.0,3526.25,3579.25,True,False,False,0.014239161235477527,3086.1638000488283,True,buy_after_every_green,2020-09-02,1.4239161235477527,0.02,1.4039161235477526,20.20166551838084
2020-09-03,3578.75,3586.5,3424.5,3461.5,False,True,False,-0.0327628361858191,3087.8625500488283,True,buy_after_every_green,2020-09-03,-3.27628361858191,0.02,-3.29628361858191,16.90538189979893
2020-09-10,3396.0,3424.25,3327.25,3340.5,False,True,False,-0.016342756183745588,3093.116300048828,True,buy_after_every_green,2020-09-10,-1.6342756183745588,0.02,-1.6542756183745588,15.25110628142437
2020-09-15,3379.5,3419.0,3376.0,3405.25,True,False,False,0.007619470335848533,3096.572550048828,True,buy_after_every_green,2020-09-15,0.7619470335848533,0.02,0.7419470335848533,15.993053315009224
2020-09-16,3405.0,3429.75,3384.0,3389.5,False,True,False,-0.004552129221732759,3097.801300048828,True,buy_after_every_green,2020-09-16,-0.4552129221732759,0.02,-0.47521292217327593,15.517840392835948
2020-09-23,3303.75,3319.75,3221.0,3231.25,False,True,False,-0.02194475974271659,3102.5043005371094,True,buy_after_every_green,2020-09-23,-2.194475974271659,0.02,-2.214475974271659,13.30336441856429
2020-09-25,3243.5,3296.25,3206.5,3287.25,True,False,False,0.0134885154925235,3103.7780505371093,True,buy_after_every_green,2020-09-25,1.34885154925235,0.02,1.32885154925235,14.63221596781664
2020-09-28,3291.0,3351.25,3287.5,3346.0,True,False,False,0.016712245518079705,3104.7930505371096,True,buy_after_every_green,2020-09-28,1.6712245518079705,0.02,1.6512245518079705,16.28344051962461
2020-09-29,3348.75,3363.0,3316.5,3333.75,False,True,False,-0.004479283314669624,3105.6218005371093,True,buy_after_every_green,2020-09-29,-0.4479283314669624,0.02,-0.46792833146696244,15.815512188157646
2020-10-01,3344.75,3388.0,3343.25,3367.75,True,False,False,0.006876448165034743,3107.389300537109,True,buy_after_every_green,2020-10-01,0.6876448165034743,0.02,0.6676448165034743,16.48315700466112
2020-10-02,3367.0,3375.5,3300.25,3339.25,False,True,False,-0.008241758241758212,3108.1255505371096,True,buy_after_every_green,2020-10-02,-0.8241758241758212,0.02,-0.8441758241758213,15.638981180485299
2020-10-06,3392.0,3421.75,3330.5,3353.25,False,True,False,-0.011423938679245293,3109.8480505371094,True,buy_after_every_green,2020-10-06,-1.1423938679245293,0.02,-1.1623938679245294,14.47658731256077
2020-10-08,3406.25,3447.25,3405.5,3437.5,True,False,False,0.00917431192660545,3111.777950439453,True,buy_after_every_green,2020-10-08,0.917431192660545,0.02,0.8974311926605449,15.374018505221315
2020-10-09,3447.25,3480.0,3445.25,3473.25,True,False,False,0.007542243817535654,3113.015450439453,True,buy_after_every_green,2020-10-09,0.7542243817535654,0.02,0.7342243817535654,16.10824288697488
2020-10-12,3467.5,3541.0,3464.25,3532.75,True,False,False,0.018817591925017974,3114.456700439453,True,buy_after_every_green,2020-10-12,1.8817591925017974,0.02,1.8617591925017973,17.97000207947668
2020-10-13,3534.0,3535.75,3491.5,3504.75,False,True,False,-0.008276740237690983,3115.7929504394533,True,buy_after_every_green,2020-10-13,-0.8276740237690983,0.02,-0.8476740237690983,17.12232805570758
2020-10-23,3455.75,3462.5,3431.5,3451.75,False,True,False,-0.0011574911379584885,3124.0092004394533,True,buy_after_every_green,2020-10-23,-0.11574911379584885,0.02,-0.13574911379584884,16.98657894191173
2020-10-30,3268.0,3296.25,3225.0,3264.75,False,True,False,-0.000994492044063655,3124.780450439453,True,buy_after_every_green,2020-10-30,-0.09944920440636551,0.02,-0.11944920440636551,16.867129737505365
2020-11-03,3304.0,3382.75,3301.25,3361.5,True,False,False,0.017403147699757815,3124.867950439453,True,buy_after_every_green,2020-11-03,1.7403147699757815,0.02,1.7203147699757815,18.58744450748115
2020-11-04,3362.75,3480.0,3319.0,3435.0,True,False,False,0.021485391420712263,3125.444200439453,True,buy_after_every_green,2020-11-04,2.1485391420712263,0.02,2.1285391420712263,20.715983649552374
2020-11-05,3448.0,3522.5,3428.25,3504.75,True,False,False,0.016458816705336332,3126.337950439453,True,buy_after_every_green,2020-11-05,1.6458816705336332,0.02,1.6258816705336332,22.341865320086008
2020-11-06,3508.75,3519.0,3456.75,3500.75,False,True,False,-0.0022800142500890574,3127.374200439453,True,buy_after_every_green,2020-11-06,-0.22800142500890574,0.02,-0.24800142500890573,22.093863895077103
2020-11-10,3549.5,3562.75,3506.5,3541.0,False,True,False,-0.002394703479363325,3130.2104504394533,True,buy_after_every_green,2020-11-10,-0.23947034793633248,0.02,-0.2594703479363325,21.83439354714077
2020-11-12,3574.5,3574.5,3513.0,3532.5,False,True,False,-0.011749895090222395,3132.901700439453,True,buy_after_every_green,2020-11-12,-1.1749895090222395,0.02,-1.1949895090222395,20.63940403811853
2020-11-16,3587.0,3637.0,3586.5,3623.0,True,False,False,0.01003624198494557,3136.579200439453,True,buy_after_every_green,2020-11-16,1.003624198494557,0.02,0.9836241984945571,21.623028236613088
2020-11-17,3625.5,3630.0,3584.25,3606.75,False,True,False,-0.005171700455109618,3138.115450439453,True,buy_after_every_green,2020-11-17,-0.5171700455109618,0.02,-0.5371700455109618,21.085858191102126
2020-11-20,3560.0,3582.5,3542.75,3554.25,False,True,False,-0.001615168539325862,3141.5829504394533,True,buy_after_every_green,2020-11-20,-0.1615168539325862,0.02,-0.18151685393258618,20.90434133716954
2020-11-24,3576.0,3640.0,3575.25,3632.75,True,False,False,0.015869686800894955,3144.0742004394533,True,buy_after_every_green,2020-11-24,1.5869686800894955,0.02,1.5669686800894955,22.471310017259036
2020-11-25,3635.5,3655.0,3615.25,3627.25,False,True,False,-0.0022692889561271024,3145.307950439453,True,buy_after_every_green,2020-11-25,-0.22692889561271024,0.02,-0.24692889561271023,22.224381121646324
2020-11-30,3643.75,3652.0,3592.25,3623.25,False,True,False,-0.005626072041166386,3147.814200439453,True,buy_after_every_green,2020-11-30,-0.5626072041166386,0.02,-0.5826072041166386,21.641773917529687
2020-12-02,3661.25,3672.75,3642.25,3667.25,True,False,False,0.0016387845681120616,3150.670450439453,True,buy_after_every_green,2020-12-02,0.16387845681120616,0.02,0.14387845681120617,21.78565237434089
2020-12-03,3671.0,3682.0,3655.25,3664.5,False,True,False,-0.001770634704440166,3152.146700439453,True,buy_after_every_green,2020-12-03,-0.1770634704440166,0.02,-0.1970634704440166,21.588588903896873
2020-12-07,3694.75,3705.0,3672.25,3690.75,False,True,False,-0.0010826172271466428,3156.262950439453,True,buy_after_every_green,2020-12-07,-0.10826172271466428,0.02,-0.12826172271466427,21.46032718118221
2020-12-09,3707.75,3714.75,3659.5,3672.5,False,True,False,-0.009507113478524731,3161.921700439453,True,buy_after_every_green,2020-12-09,-0.9507113478524731,0.02,-0.9707113478524731,20.489615833329736
2020-12-16,3697.75,3711.5,3687.0,3700.75,True,False,False,0.0008113041714556957,3178.3554504394533,True,buy_after_every_green,2020-12-16,0.08113041714556957,0.02,0.06113041714556956,20.550746250475306
2020-12-17,3704.5,3724.75,3699.5,3721.25,True,False,False,0.0045215278715076135,3181.8842004394533,True,buy_after_every_green,2020-12-17,0.45215278715076135,0.02,0.43215278715076133,20.98289903762607
2020-12-18,3721.5,3733.25,3707.75,3726.25,True,False,False,0.001276367056294525,3185.695450439453,True,buy_after_every_green,2020-12-18,0.1276367056294525,0.02,0.1076367056294525,21.090535743255522
2020-12-21,3718.25,3724.0,3596.0,3685.75,False,True,False,-0.008740671014590196,3190.385450439453,True,buy_after_every_green,2020-12-21,-0.8740671014590196,0.02,-0.8940671014590196,20.196468641796503
2020-12-24,3685.25,3696.0,3678.5,3695.0,True,False,False,0.002645682111118708,3205.2792004394532,True,buy_after_every_green,2020-12-24,0.2645682111118708,0.02,0.2445682111118708,20.441036852908375
2020-12-28,3682.0,3732.25,3676.0,3727.5,True,False,False,0.012357414448669113,3210.436700439453,True,buy_after_every_green,2020-12-28,1.2357414448669113,0.02,1.2157414448669113,21.656778297775286
2020-12-29,3731.0,3747.75,3714.5,3720.0,False,True,False,-0.0029482712409542033,3216.955450439453,True,buy_after_every_green,2020-12-29,-0.29482712409542033,0.02,-0.31482712409542035,21.341951173679867
2021-01-04,3748.75,3773.25,3652.5,3692.25,False,True,False,-0.0150716905635212,3236.217950439453,True,buy_after_every_green,2021-01-04,-1.50716905635212,0.02,-1.52716905635212,19.814782117327745
2021-01-06,3717.5,3774.75,3685.5,3740.5,True,False,False,0.006186953597848044,3250.2193005371096,True,buy_after_every_green,2021-01-06,0.6186953597848044,0.02,0.5986953597848044,20.41347747711255
2021-01-07,3752.5,3804.0,3742.0,3795.5,True,False,False,0.01145902731512316,3257.0068005371095,True,buy_after_every_green,2021-01-07,1.145902731512316,0.02,1.125902731512316,21.539380208624866
2021-01-08,3797.75,3824.5,3775.0,3817.5,True,False,False,0.0052004476334672756,3263.7593005371095,True,buy_after_every_green,2021-01-08,0.5200447633467276,0.02,0.5000447633467275,22.039424971971595
2021-01-11,3815.5,3820.75,3776.5,3792.0,False,True,False,-0.006159087930808549,3269.679300537109,True,buy_after_every_green,2021-01-11,-0.6159087930808549,0.02,-0.6359087930808549,21.40351617889074
2021-01-13,3792.0,3813.5,3776.5,3803.75,True,False,False,0.003098628691983185,3281.994300537109,True,buy_after_every_green,2021-01-13,0.3098628691983185,0.02,0.2898628691983185,21.69337904808906
2021-01-14,3808.5,3817.75,3786.25,3791.25,False,True,False,-0.004529342260732538,3288.1018005371093,True,buy_after_every_green,2021-01-14,-0.45293422607325384,0.02,-0.47293422607325386,21.220444822015807
2021-01-20,3796.75,3852.5,3788.5,3845.0,True,False,False,0.012708237308224124,3307.8543005371093,True,buy_after_every_green,2021-01-20,1.2708237308224124,0.02,1.2508237308224124,22.471268552838218
2021-01-21,3841.5,3859.75,3836.5,3846.0,True,False,False,0.0011714174150723178,3313.8618005371095,True,buy_after_every_green,2021-01-21,0.11714174150723178,0.02,0.09714174150723177,22.56841029434545
2021-01-22,3846.75,3849.0,3813.25,3834.25,False,True,False,-0.003249496328069146,3319.8230505371093,True,buy_after_every_green,2021-01-22,-0.3249496328069146,0.02,-0.3449496328069146,22.223460661538535
2021-01-26,3845.0,3862.25,3821.5,3842.5,False,True,False,-0.0006501950585175997,3330.7043005371092,True,buy_after_every_green,2021-01-26,-0.06501950585175997,0.02,-0.08501950585175998,22.138441155686774
2021-01-29,3770.25,3777.25,3685.5,3705.25,False,True,False,-0.017240236058616798,3344.9618005371094,True,buy_after_every_green,2021-01-29,-1.7240236058616798,0.02,-1.7440236058616798,20.394417549825093
2021-02-02,3764.75,3835.75,3760.0,3818.25,True,False,False,0.014210770967527653,3354.5943005371096,True,buy_after_every_green,2021-02-02,1.4210770967527653,0.02,1.4010770967527653,21.795494646577858
2021-02-03,3829.5,3843.5,3807.75,3823.5,False,True,False,-0.0015667841754798406,3359.679300537109,True,buy_after_every_green,2021-02-03,-0.15667841754798406,0.02,-0.17667841754798405,21.618816229029875
2021-02-05,3864.25,3888.25,3860.0,3880.25,True,False,False,0.004140518858769537,3370.8005505371093,True,buy_after_every_green,2021-02-05,0.41405188587695374,0.02,0.3940518858769537,22.01286811490683
2021-02-08,3889.0,3911.25,3885.5,3908.0,True,False,False,0.004885574697865769,3376.4368005371093,True,buy_after_every_green,2021-02-08,0.4885574697865769,0.02,0.46855746978657686,22.481425584693408
2021-02-09,3910.5,3913.25,3895.0,3905.5,False,True,False,-0.0012786088735455836,3381.8168005371094,True,buy_after_every_green,2021-02-09,-0.12786088735455836,0.02,-0.14786088735455835,22.33356469733885
2021-02-12,3905.25,3936.25,3890.25,3931.0,True,False,False,0.006593687984123964,3397.1605505371094,True,buy_after_every_green,2021-02-12,0.6593687984123964,0.02,0.6393687984123964,22.972933495751246
2021-02-16,3936.5,3959.25,3918.75,3927.75,False,True,False,-0.0022227867394893908,3402.2868005371092,True,buy_after_every_green,2021-02-16,-0.22227867394893908,0.02,-0.24227867394893907,22.730654821802307
2021-02-25,3923.5,3934.5,3810.25,3828.0,False,True,False,-0.024340512297693406,3438.1493005371094,True,buy_after_every_green,2021-02-25,-2.4340512297693406,0.02,-2.4540512297693406,20.276603592032966
2021-03-02,3903.25,3906.5,3865.5,3867.5,False,True,False,-0.00915903413821817,3453.4643005371095,True,buy_after_every_green,2021-03-02,-0.915903413821817,0.02,-0.935903413821817,19.34070017821115
2021-03-08,3854.75,3878.75,3796.25,3819.25,False,True,False,-0.009209416953109839,3471.2580505371093,True,buy_after_every_green,2021-03-08,-0.9209416953109839,0.02,-0.9409416953109839,18.399758482900168
2021-03-10,3878.5,3916.25,3856.25,3896.5,True,False,False,0.0046409694469511376,3480.6568005371096,True,buy_after_every_green,2021-03-10,0.46409694469511376,0.02,0.44409694469511374,18.843855427595283
2021-03-11,3907.75,3958.5,3893.0,3936.75,True,False,False,0.007421150278293043,3485.3680505371094,True,buy_after_every_green,2021-03-11,0.7421150278293043,0.02,0.7221150278293043,19.565970455424587
2021-03-12,3937.5,3947.5,3910.25,3942.25,True,False,False,0.001206349206349211,3489.9018005371095,True,buy_after_every_green,2021-03-12,0.1206349206349211,0.02,0.10063492063492109,19.666605376059508
2021-03-15,3945.75,3969.75,3922.25,3967.5,True,False,False,0.005512260026610871,3494.5493005371095,True,buy_after_every_green,2021-03-15,0.5512260026610871,0.02,0.5312260026610871,20.197831378720593
2021-03-16,3967.0,3980.5,3952.75,3962.5,False,True,False,-0.0011343584572724996,3499.1518005371095,True,buy_after_every_green,2021-03-16,-0.11343584572724996,0.02,-0.13343584572724995,20.064395532993345
2021-03-18,3972.0,3988.75,3911.0,3916.5,False,True,False,-0.013972809667673669,3507.9493005371096,True,buy_after_every_green,2021-03-18,-1.397280966767367,0.02,-1.417280966767367,18.647114566225977
2021-03-23,3933.25,3938.75,3890.5,3899.75,False,True,False,-0.008517129600203344,3519.586151123047,True,buy_after_every_green,2021-03-23,-0.8517129600203344,0.02,-0.8717129600203344,17.77540160620564
2021-03-26,3907.5,3968.0,3900.75,3964.75,True,False,False,0.014651311580294202,3530.221151123047,True,buy_after_every_green,2021-03-26,1.4651311580294202,0.02,1.4451311580294202,19.22053276423506
2021-03-29,3962.25,3971.25,3928.75,3959.0,False,True,False,-0.0008202410246703762,3534.9649011230467,True,buy_after_every_green,2021-03-29,-0.08202410246703762,0.02,-0.10202410246703762,19.118508661768022
2021-04-01,3967.5,4015.25,3964.5,4010.0,True,False,False,0.010712035286704502,3548.408651123047,True,buy_after_every_green,2021-04-01,1.0712035286704502,0.02,1.0512035286704502,20.16971219043847
2021-04-05,4030.0,4073.75,4021.0,4067.75,True,False,False,0.00936724565756819,3553.157401123047,True,buy_after_every_green,2021-04-05,0.9367245657568191,0.02,0.916724565756819,21.08643675619529
2021-04-06,4069.75,4076.0,4052.25,4064.0,False,True,False,-0.0014128631979851702,3557.932401123047,True,buy_after_every_green,2021-04-06,-0.14128631979851702,0.02,-0.161286319798517,20.925150436396773
2021-04-08,4074.25,4098.5,4072.5,4089.0,True,False,False,0.0036202982143953566,3567.3673510742187,True,buy_after_every_green,2021-04-08,0.36202982143953566,0.02,0.34202982143953564,21.26718025783631
2021-04-09,4098.0,4121.5,4081.0,4119.5,True,False,False,0.005246461688628523,3572.372351074219,True,buy_after_every_green,2021-04-09,0.5246461688628523,0.02,0.5046461688628523,21.77182642669916
2021-04-12,4114.25,4124.5,4104.5,4120.25,True,False,False,0.0014583459925867626,3577.7286010742187,True,buy_after_every_green,2021-04-12,0.14583459925867626,0.02,0.12583459925867627,21.897661025957838
2021-04-13,4122.75,4139.75,4101.25,4132.75,True,False,False,0.002425565459947876,3583.0386010742186,True,buy_after_every_green,2021-04-13,0.2425565459947876,0.02,0.2225565459947876,22.120217571952626
2021-04-14,4134.75,4144.0,4113.0,4118.0,False,True,False,-0.004051030896668473,3588.593601074219,True,buy_after_every_green,2021-04-14,-0.40510308966684727,0.02,-0.4251030896668473,21.695114482285778
2021-04-16,4162.75,4183.5,4154.25,4176.25,True,False,False,0.003243048465557674,3599.5973510742188,True,buy_after_every_green,2021-04-16,0.3243048465557674,0.02,0.3043048465557674,21.999419328841544
2021-04-19,4165.0,4174.75,4141.75,4155.5,False,True,False,-0.002280912364945986,3604.8598510742186,True,buy_after_every_green,2021-04-19,-0.22809123649459861,0.02,-0.2480912364945986,21.751328092346945
2021-04-22,4157.5,4171.75,4115.25,4127.75,False,True,False,-0.007155742633794371,3619.767351074219,True,buy_after_every_green,2021-04-22,-0.7155742633794371,0.02,-0.7355742633794371,21.015753828967508
2021-04-26,4170.75,4186.0,4163.75,4179.5,True,False,False,0.002097944014865405,3629.999851074219,True,buy_after_every_green,2021-04-26,0.2097944014865405,0.02,0.1897944014865405,21.20554823045405
2021-04-27,4181.5,4192.5,4166.75,4179.0,False,True,False,-0.0005978715771852716,3635.002351074219,True,buy_after_every_green,2021-04-27,-0.05978715771852716,0.02,-0.07978715771852717,21.12576107273552
2021-04-30,4200.75,4201.5,4167.25,4174.5,False,True,False,-0.006248884127834309,3650.017351074219,True,buy_after_every_green,2021-04-30,-0.6248884127834309,0.02,-0.6448884127834309,20.48087265995209
2021-05-04,4184.25,4185.5,4120.5,4158.25,False,True,False,-0.006213777857441594,3659.6948510742186,True,buy_after_every_green,2021-05-04,-0.6213777857441594,0.02,-0.6413777857441594,19.839494874207933
2021-05-06,4158.75,4197.25,4140.5,4194.25,True,False,False,0.008536218815749841,3668.9836010742188,True,buy_after_every_green,2021-05-06,0.8536218815749841,0.02,0.8336218815749841,20.673116755782917
2021-05-07,4197.5,4232.25,4191.75,4225.25,True,False,False,0.0066110780226324994,3673.7823510742187,True,buy_after_every_green,2021-05-07,0.6611078022632499,0.02,0.6411078022632499,21.314224558046167
2021-05-10,4226.75,4238.25,4172.0,4183.5,False,True,False,-0.010232448098420721,3678.562351074219,True,buy_after_every_green,2021-05-10,-1.0232448098420721,0.02,-1.0432448098420721,20.270979748204095
2021-05-14,4112.5,4178.25,4105.25,4169.0,True,False,False,0.01373860182370823,3696.4586010742187,True,buy_after_every_green,2021-05-14,1.373860182370823,0.02,1.353860182370823,21.624839930574918
2021-05-17,4169.0,4178.75,4136.5,4157.75,False,True,False,-0.0026984888462461276,3701.0036010742188,True,buy_after_every_green,2021-05-17,-0.26984888462461276,0.02,-0.2898488846246128,21.334991045950304
2021-05-21,4152.5,4185.0,4147.0,4151.75,False,True,False,-0.00018061408789882272,3717.866101074219,True,buy_after_every_green,2021-05-21,-0.01806140878988227,0.02,-0.038061408789882276,21.29692963716042
2021-05-25,4199.25,4212.75,4179.25,4185.5,False,True,False,-0.0032743942370661028,3726.3173510742185,True,buy_after_every_green,2021-05-25,-0.3274394237066103,0.02,-0.3474394237066103,20.94949021345381
2021-05-27,4193.0,4211.5,4177.75,4199.0,True,False,False,0.0014309563558312366,3734.863601074219,True,buy_after_every_green,2021-05-27,0.14309563558312366,0.02,0.12309563558312366,21.072585849036933
2021-05-28,4211.25,4217.5,4201.0,4202.5,False,True,False,-0.0020777678836449986,3739.026101074219,True,buy_after_every_green,2021-05-28,-0.20777678836449986,0.02,-0.22777678836449985,20.844809060672432
2021-06-03,4208.0,4213.25,4165.25,4191.25,False,True,False,-0.003980513307984768,3751.4611010742187,True,buy_after_every_green,2021-06-03,-0.39805133079847677,0.02,-0.4180513307984768,20.426757729873955
2021-06-07,4232.25,4232.5,4214.0,4225.5,False,True,False,-0.0015948963317384823,3759.9311010742185,True,buy_after_every_green,2021-06-07,-0.15948963317384823,0.02,-0.17948963317384822,20.247268096700108
2021-06-11,4239.5,4247.75,4230.75,4245.75,True,False,False,0.0014742304517041394,3776.352351074219,True,buy_after_every_green,2021-06-11,0.14742304517041394,0.02,0.12742304517041395,20.37469114187052
2021-06-14,4248.0,4257.5,4233.5,4254.75,True,False,False,0.0015889830508475367,3780.224851074219,True,buy_after_every_green,2021-06-14,0.15889830508475367,0.02,0.13889830508475368,20.513589446955276
2021-06-15,4255.25,4267.5,4238.0,4246.5,False,True,False,-0.0020562834146055087,3784.031101074219,True,buy_after_every_green,2021-06-15,-0.20562834146055087,0.02,-0.22562834146055086,20.287961105494727
2021-06-18,4225.75,4231.0,4183.75,4187.25,False,True,False,-0.009110808732177733,3794.5411010742187,True,buy_after_every_green,2021-06-18,-0.9110808732177733,0.02,-0.9310808732177733,19.356880232276954
2021-06-22,4219.25,4245.5,4205.75,4236.25,True,False,False,0.004029152100491817,3801.5873510742185,True,buy_after_every_green,2021-06-22,0.40291521004918174,0.02,0.3829152100491817,19.739795442326134
2021-06-23,4237.5,4248.25,4230.5,4231.5,False,True,False,-0.001415929203539834,3805.6573510742187,True,buy_after_every_green,2021-06-23,-0.1415929203539834,0.02,-0.1615929203539834,19.578202521972152
2021-06-25,4262.0,4276.75,4253.5,4271.25,True,False,False,0.0021703425621772965,3814.6148510742187,True,buy_after_every_green,2021-06-25,0.21703425621772965,0.02,0.19703425621772966,19.775236778189882
2021-06-28,4275.0,4282.0,4264.25,4280.5,True,False,False,0.0012865497076024468,3819.314851074219,True,buy_after_every_green,2021-06-28,0.12865497076024468,0.02,0.10865497076024468,19.883891748950127
2021-06-29,4280.5,4291.0,4271.75,4282.0,True,False,False,0.0003504263520617279,3824.0561010742185,True,buy_after_every_green,2021-06-29,0.03504263520617279,0.02,0.01504263520617279,19.8989343841563
2021-06-30,4284.75,4294.25,4269.25,4288.5,True,False,False,0.0008751969193068199,3828.5861010742187,True,buy_after_every_green,2021-06-30,0.08751969193068199,0.02,0.06751969193068198,19.96645407608698
2021-07-01,4294.25,4312.0,4286.0,4310.75,True,False,False,0.0038423473249111773,3833.113601074219,True,buy_after_every_green,2021-07-01,0.3842347324911177,0.02,0.3642347324911177,20.330688808578095
2021-07-02,4309.75,4347.0,4308.0,4342.75,True,False,False,0.007657056673820994,3837.8798510742185,True,buy_after_every_green,2021-07-02,0.7657056673820994,0.02,0.7457056673820994,21.076394475960196
2021-07-06,4341.0,4348.0,4305.25,4334.0,False,True,False,-0.0016125316747293006,3842.7423510742187,True,buy_after_every_green,2021-07-06,-0.16125316747293006,0.02,-0.18125316747293005,20.895141308487265
2021-07-08,4352.25,4352.25,4279.25,4313.0,False,True,False,-0.009018323855477073,3852.9131005859376,True,buy_after_every_green,2021-07-08,-0.9018323855477073,0.02,-0.9218323855477073,19.97330892293956
2021-07-12,4362.0,4379.25,4341.75,4376.5,True,False,False,0.003324163227877097,3863.9431005859374,True,buy_after_every_green,2021-07-12,0.3324163227877097,0.02,0.3124163227877097,20.285725245727267
2021-07-13,4377.0,4383.75,4356.5,4361.25,False,True,False,-0.0035983550376970097,3869.5593505859374,True,buy_after_every_green,2021-07-13,-0.35983550376970097,0.02,-0.379835503769701,19.905889741957566
2021-07-15,4366.5,4370.25,4332.5,4352.0,False,True,False,-0.0033207374327264283,3879.9918505859373,True,buy_after_every_green,2021-07-15,-0.33207374327264283,0.02,-0.35207374327264285,19.55381599868492
2021-07-21,4318.75,4355.25,4310.0,4350.5,True,False,False,0.0073516642547033495,3899.2068505859374,True,buy_after_every_green,2021-07-21,0.735166425470335,0.02,0.7151664254703349,20.268982424155258
2021-07-22,4355.0,4371.5,4341.5,4359.5,True,False,False,0.001033295063145756,3904.0393505859374,True,buy_after_every_green,2021-07-22,0.1033295063145756,0.02,0.0833295063145756,20.352311930469835
2021-07-23,4371.5,4408.25,4367.25,4403.0,True,False,False,0.007205764611689425,3909.2881005859376,True,buy_after_every_green,2021-07-23,0.7205764611689425,0.02,0.7005764611689425,21.052888391638778
2021-07-26,4400.5,4416.75,4375.5,4414.25,True,False,False,0.0031246449267128273,3914.3256005859375,True,buy_after_every_green,2021-07-26,0.31246449267128273,0.02,0.2924644926712827,21.34535288431006
2021-07-27,4415.75,4416.0,4364.75,4394.5,False,True,False,-0.004812319538017307,3919.1106005859374,True,buy_after_every_green,2021-07-27,-0.48123195380173067,0.02,-0.5012319538017307,20.84412093050833
2021-07-29,4393.75,4422.5,4380.5,4411.75,True,False,False,0.004096728307254605,3928.1081005859373,True,buy_after_every_green,2021-07-29,0.40967283072546046,0.02,0.38967283072546044,21.233793761233787
2021-07-30,4394.25,4405.0,4370.75,4389.5,False,True,False,-0.0010809580702053623,3932.5318505859377,True,buy_after_every_green,2021-07-30,-0.10809580702053623,0.02,-0.12809580702053622,21.10569795421325
2021-08-04,4409.75,4415.0,4391.25,4394.75,False,True,False,-0.003401553376041755,3946.3856005859375,True,buy_after_every_green,2021-08-04,-0.3401553376041755,0.02,-0.3601553376041755,20.745542616609075
2021-08-06,4420.25,4433.25,4416.0,4429.5,True,False,False,0.002092641818901564,3956.3656005859375,True,buy_after_every_green,2021-08-06,0.2092641818901564,0.02,0.1892641818901564,20.93480679849923
2021-08-09,4428.0,4432.0,4412.25,4425.75,False,True,False,-0.000508130081300795,3961.3318505859374,True,buy_after_every_green,2021-08-09,-0.050813008130079496,0.02,-0.0708130081300795,20.86399379036915
2021-08-11,4429.25,4443.25,4420.75,4440.5,True,False,False,0.0025399333973019633,3971.1793505859373,True,buy_after_every_green,2021-08-11,0.25399333973019633,0.02,0.23399333973019634,21.097987130099348
2021-08-12,4440.0,4456.25,4430.25,4454.5,True,False,False,0.00326576576576576,3976.4843505859376,True,buy_after_every_green,2021-08-12,0.326576576576576,0.02,0.306576576576576,21.404563706675923
2021-08-13,4455.75,4463.25,4451.0,4462.5,True,False,False,0.001514896482073702,3981.8818505859376,True,buy_after_every_green,2021-08-13,0.1514896482073702,0.02,0.13148964820737022,21.536053354883293
2021-08-16,4456.25,4476.5,4432.5,4474.0,True,False,False,0.003983169705469747,3987.9343505859374,True,buy_after_every_green,2021-08-16,0.3983169705469747,0.02,0.37831697054697466,21.91437032543027
2021-08-17,4472.0,4472.25,4411.75,4443.5,False,True,False,-0.006372987477638592,3993.6406005859376,True,buy_after_every_green,2021-08-17,-0.6372987477638592,0.02,-0.6572987477638592,21.25707157766641
2021-08-20,4403.75,4440.5,4371.75,4437.0,True,False,False,0.007550383196139654,4010.1718505859376,True,buy_after_every_green,2021-08-20,0.7550383196139654,0.02,0.7350383196139654,21.992109897280375
2021-08-23,4435.0,4485.75,4433.5,4475.5,True,False,False,0.009131905298759957,4015.3743505859375,True,buy_after_every_green,2021-08-23,0.9131905298759957,0.02,0.8931905298759957,22.88530042715637
2021-08-24,4481.0,4492.0,4476.75,4482.5,True,False,False,0.00033474670832411846,4020.2631005859375,True,buy_after_every_green,2021-08-24,0.033474670832411846,0.02,0.013474670832411845,22.898775097988782
2021-08-25,4483.5,4498.0,4476.25,4493.0,True,False,False,0.0021188803390208566,4025.2243505859374,True,buy_after_every_green,2021-08-25,0.21188803390208566,0.02,0.19188803390208567,23.090663131890867
2021-08-26,4493.75,4494.25,4465.0,4466.5,False,True,False,-0.006063977746870619,4029.8368505859376,True,buy_after_every_green,2021-08-26,-0.6063977746870619,0.02,-0.6263977746870619,22.464265357203807
2021-08-30,4508.75,4534.5,4500.75,4525.25,True,False,False,0.003659550873301942,4039.4456005859374,True,buy_after_every_green,2021-08-30,0.3659550873301942,0.02,0.3459550873301942,22.810220444534
2021-08-31,4529.5,4542.25,4512.5,4520.5,False,True,False,-0.0019869742797218315,4044.3856005859375,True,buy_after_every_green,2021-08-31,-0.19869742797218315,0.02,-0.21869742797218314,22.591523016561815
2021-09-03,4536.75,4549.5,4519.25,4534.5,False,True,False,-0.0004959497437593274,4058.2818505859377,True,buy_after_every_green,2021-09-03,-0.04959497437593274,0.02,-0.06959497437593275,22.521928042185884
2021-09-14,4475.5,4489.5,4435.0,4444.5,False,True,False,-0.0069266003798458264,4085.0843505859375,True,buy_after_every_green,2021-09-14,-0.6926600379845826,0.02,-0.7126600379845827,21.8092680042013
2021-09-16,4486.0,4487.5,4443.0,4474.25,False,True,False,-0.0026192599197503164,4093.5656005859373,True,buy_after_every_green,2021-09-16,-0.26192599197503164,0.02,-0.28192599197503165,21.527342012226267
2021-09-22,4336.5,4406.5,4321.25,4384.0,True,False,False,0.01095353395595522,4107.813500976563,True,buy_after_every_green,2021-09-22,1.095353395595522,0.02,1.075353395595522,22.602695407821788
2021-09-23,4386.0,4455.0,4385.75,4438.0,True,False,False,0.011855905152758694,4111.549750976563,True,buy_after_every_green,2021-09-23,1.1855905152758694,0.02,1.1655905152758694,23.768285923097658
2021-09-24,4439.0,4453.0,4410.75,4445.75,True,False,False,0.0015206127506195433,4115.268500976563,True,buy_after_every_green,2021-09-24,0.15206127506195433,0.02,0.13206127506195434,23.90034719815961
2021-09-27,4446.0,4472.0,4425.0,4433.0,False,True,False,-0.0029239766081871066,4119.071000976563,True,buy_after_every_green,2021-09-27,-0.29239766081871066,0.02,-0.3123976608187107,23.5879495373409
2021-09-30,4360.0,4389.0,4294.25,4297.75,False,True,False,-0.014277522935779774,4129.144750976562,True,buy_after_every_green,2021-09-30,-1.4277522935779774,0.02,-1.4477522935779774,22.140197243762923
2021-10-04,4349.0,4362.0,4267.5,4291.25,False,True,False,-0.013278914693032884,4135.343500976563,True,buy_after_every_green,2021-10-04,-1.3278914693032884,0.02,-1.3478914693032884,20.792305774459635
2021-10-06,4334.0,4357.5,4273.75,4354.0,True,False,False,0.00461467466543608,4141.546000976563,True,buy_after_every_green,2021-10-06,0.46146746654360804,0.02,0.441467466543608,21.23377324100324
2021-10-07,4355.25,4421.5,4355.0,4390.0,True,False,False,0.007978876069111962,4145.067250976563,True,buy_after_every_green,2021-10-07,0.7978876069111962,0.02,0.7778876069111962,22.011660847914438
2021-10-08,4390.5,4407.75,4376.25,4382.25,False,True,False,-0.0018790570550051289,4148.592250976562,True,buy_after_every_green,2021-10-08,-0.1879057055005129,0.02,-0.20790570550051288,21.803755142413927
2021-10-14,4354.75,4437.25,4354.0,4429.0,True,False,False,0.017050347321889925,4161.851000976562,True,buy_after_every_green,2021-10-14,1.7050347321889925,0.02,1.6850347321889925,23.48878987460292
2021-10-15,4433.0,4467.5,4426.25,4462.5,True,False,False,0.006654635686893728,4165.542250976562,True,buy_after_every_green,2021-10-15,0.6654635686893728,0.02,0.6454635686893728,24.13425344329229
2021-10-18,4465.5,4479.75,4436.25,4477.5,True,False,False,0.002687269062815023,4169.186000976562,True,buy_after_every_green,2021-10-18,0.2687269062815023,0.02,0.24872690628150232,24.382980349573792
2021-10-19,4475.75,4517.5,4471.75,4511.25,True,False,False,0.007931631570127884,4173.281000976563,True,buy_after_every_green,2021-10-19,0.7931631570127884,0.02,0.7731631570127884,25.15614350658658
2021-10-20,4516.0,4532.25,4504.0,4528.0,True,False,False,0.0026572187776794376,4177.3297509765625,True,buy_after_every_green,2021-10-20,0.26572187776794376,0.02,0.24572187776794377,25.401865384354526
2021-10-21,4525.0,4543.25,4510.25,4541.75,True,False,False,0.0037016574585635453,4181.336000976563,True,buy_after_every_green,2021-10-21,0.37016574585635453,0.02,0.3501657458563545,25.75203113021088
2021-10-22,4530.0,4551.5,4515.25,4536.5,True,False,False,0.0014348785871964864,4185.041000976563,True,buy_after_every_green,2021-10-22,0.14348785871964864,0.02,0.12348785871964864,25.87551898893053
2021-10-25,4528.75,4566.25,4522.5,4558.0,True,False,False,0.006458735854264486,4188.743500976562,True,buy_after_every_green,2021-10-25,0.6458735854264486,0.02,0.6258735854264486,26.501392574356977
2021-10-26,4564.75,4590.0,4560.75,4565.25,True,False,False,0.00010953502382382574,4192.609750976562,True,buy_after_every_green,2021-10-26,0.010953502382382574,0.02,-0.009046497617617427,26.49234607673936
2021-10-27,4563.75,4576.75,4543.75,4544.5,False,True,False,-0.004218022459600124,4196.359750976562,True,buy_after_every_green,2021-10-27,-0.42180224596001237,0.02,-0.4418022459600124,26.050543830779347
2021-10-29,4577.0,4603.5,4559.25,4597.0,True,False,False,0.004369674459252737,4204.3072509765625,True,buy_after_every_green,2021-10-29,0.4369674459252737,0.02,0.4169674459252737,26.46751127670462
2021-11-01,4608.0,4619.5,4586.5,4605.75,False,True,False,-0.00048828125,4208.524750976562,True,buy_after_every_green,2021-11-01,-0.048828125,0.02,-0.068828125,26.39868315170462
2021-11-03,4621.25,4657.0,4613.0,4652.25,True,False,False,0.006708141736543105,4216.726000976562,True,buy_after_every_green,2021-11-03,0.6708141736543105,0.02,0.6508141736543105,27.04949732535893
2021-11-04,4651.5,4676.25,4650.75,4673.25,True,False,False,0.0046759109964527035,4220.862250976563,True,buy_after_every_green,2021-11-04,0.46759109964527035,0.02,0.44759109964527033,27.4970884250042
2021-11-05,4671.75,4711.75,4667.5,4690.25,True,False,False,0.003959972173168458,4225.1422509765625,True,buy_after_every_green,2021-11-05,0.3959972173168458,0.02,0.37599721731684577,27.873085642321048
2021-11-08,4678.5,4707.0,4676.25,4694.0,True,False,False,0.0033130276798118974,4229.3697509765625,True,buy_after_every_green,2021-11-08,0.33130276798118974,0.02,0.3113027679811897,28.184388410302237
2021-11-09,4690.75,4700.5,4663.25,4678.25,False,True,False,-0.0026648190587859055,4233.5485009765625,True,buy_after_every_green,2021-11-09,-0.26648190587859055,0.02,-0.28648190587859057,27.897906504423645
2021-11-15,4684.75,4697.5,4667.0,4679.0,False,True,False,-0.001227386733550384,4251.787250976562,True,buy_after_every_green,2021-11-15,-0.12273867335503841,0.02,-0.1427386733550384,27.755167831068608
2021-11-17,4696.5,4701.0,4679.25,4686.25,False,True,False,-0.0021824763121472968,4260.489750976562,True,buy_after_every_green,2021-11-17,-0.21824763121472968,0.02,-0.23824763121472967,27.516920199853878
2021-11-19,4705.25,4723.5,4684.25,4694.5,False,True,False,-0.002284682004144334,4268.746000976563,True,buy_after_every_green,2021-11-19,-0.2284682004144334,0.02,-0.24846820041443338,27.268451999439446
2021-11-24,4686.25,4702.25,4656.25,4699.0,True,False,False,0.002720725526807133,4280.499750976563,True,buy_after_every_green,2021-11-24,0.2720725526807133,0.02,0.25207255268071327,27.520524552120158
2021-11-26,4700.5,4717.0,4577.25,4595.75,False,True,False,-0.022284863312413528,4283.918500976562,True,buy_after_every_green,2021-11-26,-2.2284863312413528,0.02,-2.2484863312413528,25.272038220878805
2021-11-30,4657.25,4667.5,4557.0,4566.25,False,True,False,-0.01953942777390094,4290.711000976563,True,buy_after_every_green,2021-11-30,-1.9539427773900941,0.02,-1.9739427773900942,23.298095443488712
2021-12-03,4587.25,4606.5,4492.0,4537.5,False,True,False,-0.010845277671807763,4300.117250976563,True,buy_after_every_green,2021-12-03,-1.0845277671807763,0.02,-1.1045277671807763,22.193567676307936
2021-12-07,4594.25,4697.25,4587.25,4685.0,True,False,False,0.019752952059639783,4307.734750976562,True,buy_after_every_green,2021-12-07,1.9752952059639783,0.02,1.9552952059639783,24.148862882271914
2021-12-08,4695.25,4712.0,4671.75,4699.0,True,False,False,0.0007986795165326743,4311.617250976563,True,buy_after_every_green,2021-12-08,0.07986795165326743,0.02,0.05986795165326743,24.20873083392518
2021-12-09,4697.25,4706.0,4662.25,4667.0,False,True,False,-0.006439938261748934,4315.812250976563,True,buy_after_every_green,2021-12-09,-0.6439938261748934,0.02,-0.6639938261748934,23.544737007750285
2021-12-13,4711.25,4731.0,4664.75,4668.75,False,True,False,-0.00902096046696732,4324.171000976563,True,buy_after_every_green,2021-12-13,-0.902096046696732,0.02,-0.9220960466967321,22.622640961053552
2021-12-16,4711.5,4752.5,4651.25,4668.75,False,True,False,-0.009073543457497557,4336.998500976562,True,buy_after_every_green,2021-12-16,-0.9073543457497557,0.02,-0.9273543457497557,21.695286615303797
2021-12-22,4641.75,4690.5,4622.25,4686.0,True,False,False,0.009533042494748845,4352.46705078125,True,buy_after_every_green,2021-12-22,0.9533042494748845,0.02,0.9333042494748844,22.62859086477868
2021-12-23,4689.0,4731.25,4684.25,4715.75,True,False,False,0.00570484111750913,4356.36205078125,True,buy_after_every_green,2021-12-23,0.570484111750913,0.02,0.5504841117509129,23.17907497652959
2021-12-27,4717.0,4784.25,4713.25,4782.25,True,False,False,0.01383294466822127,4360.56205078125,True,buy_after_every_green,2021-12-27,1.383294466822127,0.02,1.363294466822127,24.542369443351717
2021-12-28,4780.5,4798.0,4770.5,4778.5,False,True,False,-0.0004183662796778398,4364.61705078125,True,buy_after_every_green,2021-12-28,-0.04183662796778398,0.02,-0.06183662796778398,24.480532815383935
2021-12-30,4784.75,4799.75,4767.25,4772.25,False,True,False,-0.002612466691049642,4372.71830078125,True,buy_after_every_green,2021-12-30,-0.2612466691049642,0.02,-0.2812466691049642,24.199286146278972
2022-01-04,4785.25,4808.25,4764.5,4784.25,False,True,False,-0.00020897549762288747,4385.566450195312,True,buy_after_every_green,2022-01-04,-0.020897549762288747,0.02,-0.04089754976228875,24.158388596516684
2022-01-12,4704.0,4739.5,4695.0,4716.25,True,False,False,0.0026041666666667407,4408.460200195313,True,buy_after_every_green,2022-01-12,0.26041666666667407,0.02,0.24041666666667408,24.39880526318336
2022-01-13,4719.25,4736.25,4642.5,4652.0,False,True,False,-0.014250145679927995,4411.882700195312,True,buy_after_every_green,2022-01-13,-1.4250145679927995,0.02,-1.4450145679927995,22.95379069519056
2022-01-25,4402.75,4406.75,4276.5,4349.0,False,True,False,-0.012208278916586268,4426.018950195313,True,buy_after_every_green,2022-01-25,-1.2208278916586268,0.02,-1.2408278916586268,21.712962803531934
2022-01-27,4345.25,4422.0,4263.25,4317.75,False,True,False,-0.006328749784247134,4428.061450195312,True,buy_after_every_green,2022-01-27,-0.6328749784247134,0.02,-0.6528749784247134,21.06008782510722
2022-01-31,4423.5,4507.75,4395.5,4504.25,True,False,False,0.018254775630157205,4431.005200195313,True,buy_after_every_green,2022-01-31,1.8254775630157205,0.02,1.8054775630157205,22.865565388122942
2022-02-01,4493.25,4554.75,4474.0,4535.0,True,False,False,0.009291715350804086,4432.902700195313,True,buy_after_every_green,2022-02-01,0.9291715350804086,0.02,0.9091715350804086,23.77473692320335
2022-02-02,4552.0,4586.0,4535.25,4577.25,True,False,False,0.005547012302284715,4435.156450195313,True,buy_after_every_green,2022-02-02,0.5547012302284715,0.02,0.5347012302284715,24.30943815343182
2022-02-03,4545.75,4548.25,4462.0,4469.0,False,True,False,-0.01688390254633454,4436.677700195312,True,buy_after_every_green,2022-02-03,-1.688390254633454,0.02,-1.708390254633454,22.601047898798367
2022-02-09,4519.0,4585.0,4517.25,4577.75,True,False,False,0.01300066386368659,4443.681450195312,True,buy_after_every_green,2022-02-09,1.300066386368659,0.02,1.280066386368659,23.881114285167026
2022-02-10,4582.25,4583.75,4476.0,4497.5,False,True,False,-0.01849528070271156,4445.287700195313,True,buy_after_every_green,2022-02-10,-1.8495280702711558,0.02,-1.8695280702711559,22.01158621489587
2022-02-16,4458.75,4484.5,4422.75,4470.0,True,False,False,0.002523128679562614,4450.367700195313,True,buy_after_every_green,2022-02-16,0.2523128679562614,0.02,0.2323128679562614,22.24389908285213
2022-02-17,4464.25,4474.75,4367.25,4374.5,False,True,False,-0.0201041608332867,4451.440200195312,True,buy_after_every_green,2022-02-17,-2.01041608332867,0.02,-2.03041608332867,20.21348299952346
2022-02-25,4266.75,4384.25,4227.5,4380.0,True,False,False,0.0265424503427667,4455.047700195312,True,buy_after_every_green,2022-02-25,2.65424503427667,0.02,2.63424503427667,22.84772803380013
2022-02-28,4299.5,4385.5,4251.5,4368.0,True,False,False,0.015932085126177498,4456.3527001953125,True,buy_after_every_green,2022-02-28,1.5932085126177498,0.02,1.5732085126177497,24.42093654641788
2022-03-01,4367.5,4399.0,4275.0,4303.75,False,True,False,-0.014596451058958237,4457.0264501953125,True,buy_after_every_green,2022-03-01,-1.4596451058958237,0.02,-1.4796451058958238,22.941291440522058
2022-03-03,4373.75,4418.75,4341.0,4359.25,False,True,False,-0.0033152329236925127,4459.327700195313,True,buy_after_every_green,2022-03-03,-0.33152329236925127,0.02,-0.3515232923692513,22.589768148152807
2022-03-10,4279.0,4282.25,4207.0,4257.25,False,True,False,-0.005082963309184341,4461.478950195313,True,buy_after_every_green,2022-03-10,-0.5082963309184341,0.02,-0.5282963309184341,22.061471817234374
2022-03-16,4257.5,4376.0,4246.25,4358.0,True,False,False,0.02360540223135632,4462.481450195312,True,buy_after_every_green,2022-03-16,2.360540223135632,0.02,2.340540223135632,24.402012040370007
2022-03-17,4370.5,4415.25,4329.0,4410.25,True,False,False,0.00909506921404879,4463.501450195313,True,buy_after_every_green,2022-03-17,0.909506921404879,0.02,0.889506921404879,25.291518961774887
2022-03-18,4393.0,4409.35009765625,4373.75,4409.35009765625,True,False,False,0.0037218524143523,4464.5919506835935,True,buy_after_every_green,2022-03-18,0.37218524143523,0.02,0.35218524143523,25.643704203210117
2022-03-21,4460.0,4473.0,4415.0,4452.25,False,True,False,-0.0017376681614349465,4465.711950683593,True,buy_after_every_green,2022-03-21,-0.17376681614349465,0.02,-0.19376681614349464,25.449937387066623
2022-03-23,4504.0,4514.0,4444.75,4447.5,False,True,False,-0.01254440497335707,4468.218200683594,True,buy_after_every_green,2022-03-23,-1.254440497335707,0.02,-1.274440497335707,24.175496889730915
2022-03-25,4516.25,4539.0,4493.25,4536.5,True,False,False,0.004483808469416095,4471.180700683593,True,buy_after_every_green,2022-03-25,0.4483808469416095,0.02,0.4283808469416095,24.603877736672526
2022-03-28,4535.25,4572.25,4509.75,4568.0,True,False,False,0.0072212116200871534,4472.791950683593,True,buy_after_every_green,2022-03-28,0.7221211620087153,0.02,0.7021211620087153,25.305998898681242
2022-03-29,4570.25,4631.0,4565.25,4625.5,True,False,False,0.012089054209288408,4474.6457006835935,True,buy_after_every_green,2022-03-29,1.2089054209288408,0.02,1.1889054209288408,26.494904319610082
2022-03-30,4621.25,4627.5,4574.75,4596.0,False,True,False,-0.005463889640248798,4476.393200683594,True,buy_after_every_green,2022-03-30,-0.5463889640248798,0.02,-0.5663889640248798,25.9285153555852
2022-04-05,4576.25,4588.75,4507.75,4520.25,False,True,False,-0.012237093690248613,4483.001950683593,True,buy_after_every_green,2022-04-05,-1.2237093690248613,0.02,-1.2437093690248613,24.68480598656034
2022-04-08,4494.75,4519.75,4468.75,4483.5,False,True,False,-0.0025029200734190127,4486.660700683594,True,buy_after_every_green,2022-04-08,-0.25029200734190127,0.02,-0.2702920073419013,24.41451397921844
2022-04-14,4438.5,4455.75,4385.0,4387.5,False,True,False,-0.011490368367691794,4489.2082006835935,True,buy_after_every_green,2022-04-14,-1.1490368367691794,0.02,-1.1690368367691795,23.24547714244926
2022-04-20,4441.0,4484.25,4432.75,4455.5,True,False,False,0.0032650303985588547,4490.778200683594,True,buy_after_every_green,2022-04-20,0.32650303985588547,0.02,0.30650303985588545,23.551980182305147
2022-04-21,4468.0,4509.0,4380.0,4390.5,False,True,False,-0.017345568487018848,4490.981950683594,True,buy_after_every_green,2022-04-21,-1.7345568487018848,0.02,-1.7545568487018848,21.797423333603263
2022-04-26,4294.0,4303.5,4136.75,4170.5,False,True,False,-0.028761061946902644,4489.386950683594,True,buy_after_every_green,2022-04-26,-2.8761061946902644,0.02,-2.8961061946902644,18.901317138912997
2022-04-28,4213.0,4303.5,4182.5,4283.5,True,False,False,0.016733918822691596,4488.0607006835935,True,buy_after_every_green,2022-04-28,1.6733918822691596,0.02,1.6533918822691596,20.554709021182155
2022-04-29,4244.0,4279.75,4118.75,4127.5,False,True,False,-0.02745051837888779,4486.938200683594,True,buy_after_every_green,2022-04-29,-2.745051837888779,0.02,-2.765051837888779,17.789657183293375
2022-05-03,4145.5,4195.75,4129.0,4169.25,True,False,False,0.005729103847545547,4485.690700683594,True,buy_after_every_green,2022-05-03,0.5729103847545547,0.02,0.5529103847545547,18.34256756804793
2022-05-04,4171.25,4303.0,4142.75,4295.25,True,False,False,0.029727299970032872,4485.589450683594,True,buy_after_every_green,2022-05-04,2.972729997003287,0.02,2.952729997003287,21.295297565051218
2022-05-05,4289.75,4300.75,4099.25,4143.25,False,True,False,-0.034151174310857235,4484.553200683594,True,buy_after_every_green,2022-05-05,-3.4151174310857235,0.02,-3.4351174310857235,17.860180133965493
2022-05-11,3990.5,4050.5,3923.75,3930.25,False,True,False,-0.015098358601678963,4476.866950683594,True,buy_after_every_green,2022-05-11,-1.5098358601678963,0.02,-1.5298358601678963,16.330344273797596
2022-05-16,4025.0,4043.5,3979.5,4004.75,False,True,False,-0.00503105590062114,4470.650700683594,True,buy_after_every_green,2022-05-16,-0.503105590062114,0.02,-0.523105590062114,15.807238683735482
2022-05-18,4091.25,4095.0,3905.5,3922.75,False,True,False,-0.041185456767491635,4466.714450683594,True,buy_after_every_green,2022-05-18,-4.1185456767491635,0.02,-4.138545676749163,11.66869300698632
2022-05-24,3951.75,3954.5,3872.0,3940.5,False,True,False,-0.002846840007591611,4456.9044506835935,True,buy_after_every_green,2022-05-24,-0.2846840007591611,0.02,-0.30468400075916113,11.364009006227159
2022-05-26,3972.25,4073.5,3960.5,4055.75,True,False,False,0.021020832022153657,4452.714450683594,True,buy_after_every_green,2022-05-26,2.1020832022153657,0.02,2.0820832022153657,13.446092208442524
2022-05-27,4047.5,4168.25,4041.25,4155.75,True,False,False,0.026744904261890134,4451.220700683593,True,buy_after_every_green,2022-05-27,2.6744904261890134,0.02,2.6544904261890134,16.100582634631536
2022-05-31,4164.5,4202.25,4102.75,4131.25,False,True,False,-0.007984151758914648,4449.564450683593,True,buy_after_every_green,2022-05-31,-0.7984151758914648,0.02,-0.8184151758914648,15.282167458740071
2022-06-03,4177.75,4189.0,4096.75,4107.0,False,True,False,-0.016934953024953625,4444.910700683594,True,buy_after_every_green,2022-06-03,-1.6934953024953625,0.02,-1.7134953024953625,13.568672156244709
2022-06-07,4122.0,4164.0,4076.0,4158.75,True,False,False,0.00891557496360984,4442.1144506835935,True,buy_after_every_green,2022-06-07,0.891557496360984,0.02,0.871557496360984,14.440229652605693
2022-06-08,4150.75,4160.0,4105.25,4114.0,False,True,False,-0.00885382159850634,4440.306950683594,True,buy_after_every_green,2022-06-08,-0.885382159850634,0.02,-0.905382159850634,13.534847492755059
2022-06-16,3794.25,3828.75,3639.0,3668.25,False,True,False,-0.03320814390195692,4419.640700683593,True,buy_after_every_green,2022-06-16,-3.320814390195692,0.02,-3.340814390195692,10.194033102559366
2022-06-22,3766.25,3805.5,3693.25,3762.75,False,True,False,-0.0009293063391968559,4407.657000732422,True,buy_after_every_green,2022-06-22,-0.09293063391968559,0.02,-0.1129306339196856,10.081102468639681
2022-06-24,3785.25,3919.75,3781.25,3916.25,True,False,False,0.03460801796446744,4401.078250732422,True,buy_after_every_green,2022-06-24,3.460801796446744,0.02,3.440801796446744,13.521904265086425
2022-06-27,3915.0,3948.0,3892.5,3903.75,False,True,False,-0.002873563218390829,4398.135750732422,True,buy_after_every_green,2022-06-27,-0.2873563218390829,0.02,-0.3073563218390829,13.214547943247343
2022-07-05,3828.5,3857.75,3744.0,3834.0,True,False,False,0.001436593966305244,4381.984500732422,True,buy_after_every_green,2022-07-05,0.1436593966305244,0.02,0.1236593966305244,13.338207339877867
2022-07-06,3838.0,3875.0,3808.75,3848.25,True,False,False,0.002670661803022334,4378.904100341797,True,buy_after_every_green,2022-07-06,0.2670661803022334,0.02,0.2470661803022334,13.5852735201801
2022-07-07,3853.75,3914.25,3832.5,3905.0,True,False,False,0.013298734998378192,4376.687850341797,True,buy_after_every_green,2022-07-07,1.3298734998378192,0.02,1.3098734998378192,14.89514702001792
2022-07-08,3897.0,3922.0,3868.0,3901.25,True,False,False,0.001090582499358561,4374.4778503417965,True,buy_after_every_green,2022-07-08,0.10905824993585611,0.02,0.0890582499358561,14.984205269953776
2022-07-11,3900.0,3900.75,3850.0,3856.75,False,True,False,-0.011089743589743573,4371.841600341797,True,buy_after_every_green,2022-07-11,-1.1089743589743573,0.02,-1.1289743589743573,13.855230910979419
2022-07-18,3878.5,3909.5,3820.25,3833.75,False,True,False,-0.011537965708392384,4357.3928503417965,True,buy_after_every_green,2022-07-18,-1.1537965708392384,0.02,-1.1737965708392384,12.68143434014018
2022-07-20,3947.0,3977.25,3922.25,3962.5,True,False,False,0.003927033189764284,4353.685350341797,True,buy_after_every_green,2022-07-20,0.3927033189764284,0.02,0.3727033189764284,13.05413765911661
2022-07-21,3954.0,4004.75,3930.25,4001.25,True,False,False,0.011949924127465872,4352.235350341797,True,buy_after_every_green,2022-07-21,1.1949924127465872,0.02,1.1749924127465872,14.229130071863196
2022-07-22,3988.0,4016.25,3941.5,3965.0,False,True,False,-0.00576730190571717,4350.390350341797,True,buy_after_every_green,2022-07-22,-0.576730190571717,0.02,-0.5967301905717171,13.632399881291478
2022-07-26,3959.0,3964.5,3913.25,3923.25,False,True,False,-0.009030058095478632,4346.136600341797,True,buy_after_every_green,2022-07-26,-0.9030058095478632,0.02,-0.9230058095478633,12.709394071743615
2022-07-28,4022.0,4111.0,3994.5,4073.5,True,False,False,0.012804574838388927,4342.960350341797,True,buy_after_every_green,2022-07-28,1.2804574838388927,0.02,1.2604574838388927,13.969851555582508
2022-07-29,4105.0,4144.0,4081.0,4133.5,True,False,False,0.006942752740560332,4341.9241003417965,True,buy_after_every_green,2022-07-29,0.6942752740560332,0.02,0.6742752740560332,14.644126829638541
2022-08-01,4137.5,4147.25,4097.0,4120.5,False,True,False,-0.004108761329305155,4340.751600341797,True,buy_after_every_green,2022-08-01,-0.4108761329305155,0.02,-0.4308761329305155,14.213250696708025
2022-08-04,4150.25,4173.25,4136.0,4152.25,True,False,False,0.00048189868080239506,4335.917850341797,True,buy_after_every_green,2022-08-04,0.048189868080239506,0.02,0.028189868080239506,14.241440564788265
2022-08-05,4152.0,4166.25,4103.75,4146.75,False,True,False,-0.0012644508670520693,4334.095350341797,True,buy_after_every_green,2022-08-05,-0.12644508670520693,0.02,-0.14644508670520692,14.094995478083058
2022-08-11,4210.75,4260.5,4202.75,4209.75,False,True,False,-0.00023748738348272624,4326.704100341797,True,buy_after_every_green,2022-08-11,-0.023748738348272624,0.02,-0.04374873834827263,14.051246739734786
2022-08-15,4277.0,4304.75,4249.0,4298.25,True,False,False,0.004968435819499684,4324.051600341797,True,buy_after_every_green,2022-08-15,0.49684358194996836,0.02,0.47684358194996834,14.528090321684754
2022-08-16,4294.5,4327.5,4278.75,4307.75,True,False,False,0.003085341716148493,4322.652850341797,True,buy_after_every_green,2022-08-16,0.3085341716148493,0.02,0.2885341716148493,14.816624493299603
2022-08-17,4309.25,4315.0,4255.0,4276.75,False,True,False,-0.007541915646574249,4321.051600341797,True,buy_after_every_green,2022-08-17,-0.7541915646574249,0.02,-0.7741915646574249,14.042432928642178
2022-08-19,4287.0,4288.0,4220.75,4231.5,False,True,False,-0.012946116165150401,4317.495350341796,True,buy_after_every_green,2022-08-19,-1.29461161651504,0.02,-1.31461161651504,12.727821312127137
2022-08-25,4148.75,4202.75,4143.0,4201.0,True,False,False,0.012594154865923413,4307.024100341797,True,buy_after_every_green,2022-08-25,1.2594154865923413,0.02,1.2394154865923412,13.967236798719478
2022-08-26,4198.25,4217.25,4042.75,4059.5,False,True,False,-0.0330494849044245,4303.930350341797,True,buy_after_every_green,2022-08-26,-3.3049484904424498,0.02,-3.3249484904424498,10.642288308277028
2022-08-30,4035.75,4072.75,3964.5,3987.5,False,True,False,-0.011955646410208742,4297.599100341797,True,buy_after_every_green,2022-08-30,-1.1955646410208742,0.02,-1.2155646410208742,9.426723667256153
2022-09-02,3967.5,4019.25,3906.0,3924.5,False,True,False,-0.010838059231253916,4286.581600341797,True,buy_after_every_green,2022-09-02,-1.0838059231253916,0.02,-1.1038059231253916,8.322917744130763
2022-09-08,3980.0,4011.5,3942.75,4005.5,True,False,False,0.006407035175879372,4275.650350341797,True,buy_after_every_green,2022-09-08,0.6407035175879372,0.02,0.6207035175879372,8.9436212617187
2022-09-09,4010.25,4077.25,4005.75,4067.25,True,False,False,0.014213577707125502,4272.587850341797,True,buy_after_every_green,2022-09-09,1.4213577707125502,0.02,1.4013577707125502,10.344979032431251
2022-09-12,4077.25,4119.75,4062.25,4110.75,True,False,False,0.008216322276043853,4269.699100341797,True,buy_after_every_green,2022-09-12,0.8216322276043853,0.02,0.8016322276043852,11.146611260035636
2022-09-13,4118.25,4158.0,3919.75,3931.25,False,True,False,-0.04540763673890613,4265.860350341797,True,buy_after_every_green,2022-09-13,-4.540763673890613,0.02,-4.560763673890612,6.585847586145023
2022-09-15,3955.0,3959.5,3888.0,3902.0,False,True,False,-0.013400758533501866,4258.874100341797,True,buy_after_every_green,2022-09-15,-1.3400758533501866,0.02,-1.3600758533501867,5.225771732794836
2022-09-20,3923.0,3936.25,3843.25,3872.75,False,True,False,-0.012809074687738953,4248.927800292969,True,buy_after_every_green,2022-09-20,-1.2809074687738953,0.02,-1.3009074687738953,3.924864264020941
2022-09-29,3730.25,3736.0,3622.0,3654.25,False,True,False,-0.020373969573084905,4216.1590502929685,True,buy_after_every_green,2022-09-29,-2.0373969573084905,0.02,-2.0573969573084905,1.8674673067124505
2022-10-04,3696.5,3808.75,3686.25,3803.25,True,False,False,0.02887866901122682,4201.557800292969,True,buy_after_every_green,2022-10-04,2.887866901122682,0.02,2.867866901122682,4.735334207835132
2022-10-05,3801.0,3820.0,3734.0,3794.0,False,True,False,-0.0018416206261510082,4197.345500488282,True,buy_after_every_green,2022-10-05,-0.18416206261510082,0.02,-0.2041620626151008,4.531172145220031
2022-10-14,3680.25,3733.75,3591.25,3597.5,False,True,False,-0.022484885537667254,4160.125500488281,True,buy_after_every_green,2022-10-14,-2.2484885537667254,0.02,-2.2684885537667254,2.262683591453306
2022-10-18,3706.25,3777.25,3697.25,3732.75,True,False,False,0.007150084317032013,4149.581750488282,True,buy_after_every_green,2022-10-18,0.7150084317032013,0.02,0.6950084317032013,2.957692023156507
2022-10-19,3759.75,3774.25,3676.75,3707.25,False,True,False,-0.013963694394574122,4144.188000488281,True,buy_after_every_green,2022-10-19,-1.3963694394574122,0.02,-1.4163694394574122,1.541322583699095
2022-10-24,3771.0,3822.0,3736.5,3809.25,True,False,False,0.010143198090692085,4129.609250488281,True,buy_after_every_green,2022-10-24,1.0143198090692085,0.02,0.9943198090692085,2.5356423927683034
2022-10-25,3803.25,3874.25,3790.0,3870.25,True,False,False,0.017616512193518785,4125.621750488282,True,buy_after_every_green,2022-10-25,1.7616512193518785,0.02,1.7416512193518785,4.277293612120182
2022-10-26,3841.0,3897.5,3824.25,3841.0,False,False,True,0.0,4121.515500488281,True,buy_after_every_green,2022-10-26,0.0,0.02,-0.02,4.257293612120183
2022-10-31,3911.5,3914.75,3872.25,3883.0,False,True,False,-0.007286207337338646,4109.218000488281,True,buy_after_every_green,2022-10-31,-0.7286207337338646,0.02,-0.7486207337338646,3.508672878386318
2022-11-07,3750.0,3821.75,3738.25,3815.25,True,False,False,0.017400000000000082,4090.9292504882815,True,buy_after_every_green,2022-11-07,1.7400000000000082,0.02,1.7200000000000082,5.228672878386327
2022-11-08,3812.75,3867.0,3792.75,3835.25,True,False,False,0.005901252376893318,4088.0867504882813,True,buy_after_every_green,2022-11-08,0.5901252376893318,0.02,0.5701252376893318,5.798798116075659
2022-11-09,3832.5,3848.75,3750.0,3755.5,False,True,False,-0.020091324200913196,4085.119250488281,True,buy_after_every_green,2022-11-09,-2.0091324200913196,0.02,-2.0291324200913197,3.7696656959843393
2022-11-11,3973.0,4009.75,3951.0,4000.25,True,False,False,0.006858796878932871,4081.6292504882813,True,buy_after_every_green,2022-11-11,0.6858796878932871,0.02,0.6658796878932871,4.435545383877626
2022-11-14,3984.0,4017.5,3964.0,3966.0,False,True,False,-0.004518072289156572,4079.343000488281,True,buy_after_every_green,2022-11-14,-0.45180722891565717,0.02,-0.4718072289156572,3.963738154961969
2022-11-16,3992.0,4015.75,3962.0,3968.5,False,True,False,-0.005886773547094215,4073.9867504882814,True,buy_after_every_green,2022-11-16,-0.5886773547094215,0.02,-0.6086773547094215,3.3550608002525473
2022-11-21,3972.5,3982.0,3937.5,3958.0,False,True,False,-0.003650094398993109,4065.729250488281,True,buy_after_every_green,2022-11-21,-0.3650094398993109,0.02,-0.3850094398993109,2.9700513603532364
2022-11-23,4010.0,4039.5,4002.0,4033.0,True,False,False,0.005735660847880242,4061.0042504882813,True,buy_after_every_green,2022-11-23,0.5735660847880242,0.02,0.5535660847880242,3.5236174451412605
2022-11-25,4038.75,4049.25,4024.75,4032.5,False,True,False,-0.0015475085112968134,4058.278000488281,True,buy_after_every_green,2022-11-25,-0.15475085112968134,0.02,-0.17475085112968133,3.348866594011579
2022-12-01,4094.5,4110.0,4054.5,4081.75,False,True,False,-0.003113933325192386,4049.9267504882814,True,buy_after_every_green,2022-12-01,-0.3113933325192386,0.02,-0.33139333251923864,3.0174732614923405
2022-12-09,3964.75,3990.0,3930.0,3936.25,False,True,False,-0.007188347310675303,4039.269250488281,True,buy_after_every_green,2022-12-09,-0.7188347310675303,0.02,-0.7388347310675303,2.2786385304248102
2022-12-13,3989.25,4145.0,3985.0,4022.25,True,False,False,0.00827223162248547,4035.599250488281,True,buy_after_every_green,2022-12-13,0.8272231622485471,0.02,0.8072231622485471,3.0858616926733573
2022-12-14,4021.75,4073.0,3965.25,3998.0,False,True,False,-0.005905389444893383,4034.070500488281,True,buy_after_every_green,2022-12-14,-0.5905389444893383,0.02,-0.6105389444893383,2.475322748184019
2022-12-21,3857.25,3918.75,3855.5,3905.75,True,False,False,0.012573724803940589,4023.7378503417967,True,buy_after_every_green,2022-12-21,1.257372480394059,0.02,1.237372480394059,3.712695228578078
2022-12-22,3915.0,3919.75,3788.5,3849.25,False,True,False,-0.01679438058748406,4021.607850341797,True,buy_after_every_green,2022-12-22,-1.679438058748406,0.02,-1.699438058748406,2.013257169829672
2022-12-27,3878.0,3900.5,3837.25,3855.0,False,True,False,-0.005930892212480665,4017.937850341797,True,buy_after_every_green,2022-12-27,-0.5930892212480665,0.02,-0.6130892212480665,1.4001679485816054
2022-12-30,3869.75,3871.0,3821.5,3861.0,False,True,False,-0.00226112797984368,4011.679100341797,True,buy_after_every_green,2022-12-30,-0.226112797984368,0.02,-0.246112797984368,1.1540551505972374
2023-01-05,3871.0,3885.5,3822.5,3829.0,False,True,False,-0.010849909584086825,4003.0673498535157,True,buy_after_every_green,2023-01-05,-1.0849909584086825,0.02,-1.1049909584086826,0.049064192188554845
2023-01-09,3918.5,3973.25,3909.75,3913.75,False,True,False,-0.001212198545361698,3997.4510998535156,True,buy_after_every_green,2023-01-09,-0.12121985453616979,0.02,-0.14121985453616978,-0.09215566234761494
2023-01-11,3941.0,3992.5,3934.5,3990.0,True,False,False,0.01243339253996445,3991.8598498535157,True,buy_after_every_green,2023-01-11,1.243339253996445,0.02,1.223339253996445,1.13118359164883
2023-01-12,3991.75,4021.5,3954.0,4003.5,True,False,False,0.002943571115425536,3989.0373498535155,True,buy_after_every_green,2023-01-12,0.2943571115425536,0.02,0.2743571115425536,1.4055407031913836
2023-01-13,4003.0,4024.25,3961.75,4018.25,True,False,False,0.0038096427679239486,3986.001099853516,True,buy_after_every_green,2023-01-13,0.38096427679239486,0.02,0.36096427679239484,1.7665049799837784
2023-01-17,4020.0,4035.25,3996.75,4009.5,False,True,False,-0.0026119402985074203,3983.0685998535155,True,buy_after_every_green,2023-01-17,-0.261194029850742,0.02,-0.28119402985074204,1.4853109501330364
2023-01-23,3987.0,4056.75,3980.25,4036.5,True,False,False,0.01241534988713311,3971.6598498535154,True,buy_after_every_green,2023-01-23,1.241534988713311,0.02,1.221534988713311,2.7068459388463473
2023-01-24,4036.5,4047.5,4005.25,4032.75,False,True,False,-0.00092902266815309,3969.4448498535157,True,buy_after_every_green,2023-01-24,-0.092902266815309,0.02,-0.112902266815309,2.5939436720310383
2023-01-27,4065.0,4109.25,4057.25,4084.25,True,False,False,0.004735547355473546,3963.4598498535156,True,buy_after_every_green,2023-01-27,0.4735547355473546,0.02,0.4535547355473546,3.047498407578393
2023-01-30,4077.0,4086.0,4029.5,4032.5,False,True,False,-0.010914888398332101,3961.657349853516,True,buy_after_every_green,2023-01-30,-1.09148883983321,0.02,-1.1114888398332101,1.9360095677451827
2023-02-01,4085.75,4163.25,4048.5,4132.25,True,False,False,0.011381019396683678,3958.6198498535155,True,buy_after_every_green,2023-02-01,1.1381019396683678,0.02,1.1181019396683678,3.0541115074135505
2023-02-02,4145.5,4208.5,4136.75,4191.5,True,False,False,0.011096369557351382,3957.6435998535158,True,buy_after_every_green,2023-02-02,1.1096369557351382,0.02,1.0896369557351382,4.143748463148689
2023-02-03,4176.0,4194.0,4132.5,4147.75,False,True,False,-0.006764846743295028,3956.0860998535154,True,buy_after_every_green,2023-02-03,-0.6764846743295028,0.02,-0.6964846743295028,3.447263788819186
2023-02-08,4167.25,4179.25,4121.25,4130.5,False,True,False,-0.008818765372847759,3952.668599853516,True,buy_after_every_green,2023-02-08,-0.8818765372847759,0.02,-0.9018765372847759,2.54538725153441
2023-02-13,4105.0,4150.75,4078.75,4147.25,True,False,False,0.010292326431181387,3951.1448498535156,True,buy_after_every_green,2023-02-13,1.0292326431181387,0.02,1.0092326431181387,3.5546198946525487
2023-02-14,4149.75,4186.5,4103.75,4145.5,False,True,False,-0.0010241580818121099,3950.4548498535155,True,buy_after_every_green,2023-02-14,-0.10241580818121099,0.02,-0.12241580818121099,3.4322040864713377
2023-02-16,4159.0,4168.5,4095.0,4099.75,False,True,False,-0.014246213031978816,3950.3523498535155,True,buy_after_every_green,2023-02-16,-1.4246213031978816,0.02,-1.4446213031978816,1.987582783273456
2023-02-24,4015.25,4023.25,3947.5,3975.75,False,True,False,-0.009837494552020432,3947.2123498535157,True,buy_after_every_green,2023-02-24,-0.9837494552020432,0.02,-1.0037494552020432,0.9838333280714129
2023-02-28,3991.5,4003.75,3965.0,3975.5,False,True,False,-0.0040085181009645865,3947.3948498535156,True,buy_after_every_green,2023-02-28,-0.40085181009645865,0.02,-0.42085181009645867,0.5629815179749542
2023-03-03,3983.0,4053.0,3974.0,4049.75,True,False,False,0.016758724579462703,3947.5910998535155,True,buy_after_every_green,2023-03-03,1.6758724579462703,0.02,1.6558724579462702,2.2188539759212245
2023-03-06,4049.25,4082.5,4041.75,4052.5,True,False,False,0.000802617768722591,3947.4298498535154,True,buy_after_every_green,2023-03-06,0.0802617768722591,0.02,0.0602617768722591,2.2791157527934836
2023-03-07,4053.75,4064.5,3982.5,3989.75,False,True,False,-0.015787850755473287,3947.7648498535154,True,buy_after_every_green,2023-03-07,-1.5787850755473287,0.02,-1.5987850755473287,0.6803306772461548
2023-03-09,3997.0,4019.75,3909.5,3920.0,False,True,False,-0.019264448336252182,3948.353599853516,True,buy_after_every_green,2023-03-09,-1.9264448336252182,0.02,-1.9464448336252183,-1.2661141563790634
2023-03-15,3920.5,3931.0,3834.0,3892.75,False,True,False,-0.007078178803723967,3946.293599853516,True,buy_after_every_green,2023-03-15,-0.7078178803723967,0.02,-0.7278178803723967,-1.9939320367514601
2023-03-17,3962.25,3974.0,3923.0,3957.050048828125,False,True,False,-0.0013123733161398698,3944.4463500976562,True,buy_after_every_green,2023-03-17,-0.13123733161398698,0.02,-0.15123733161398697,-2.145169368365447
2023-03-21,3986.5,4043.25,3981.75,4035.75,True,False,False,0.012354195409506996,3943.168850097656,True,buy_after_every_green,2023-03-21,1.2354195409506996,0.02,1.2154195409506996,-0.9297498274147475
2023-03-22,4038.75,4073.75,3966.25,3970.5,False,True,False,-0.016898792943361163,3942.486350097656,True,buy_after_every_green,2023-03-22,-1.6898792943361163,0.02,-1.7098792943361163,-2.639629121750864
2023-03-24,3988.75,4010.75,3937.0,4001.25,True,False,False,0.003133813851457168,3940.986350097656,True,buy_after_every_green,2023-03-24,0.3133813851457168,0.02,0.29338138514571677,-2.346247736605147
2023-03-27,4008.0,4034.25,3997.5,4007.25,False,True,False,-0.00018712574850299202,3940.452600097656,True,buy_after_every_green,2023-03-27,-0.018712574850299202,0.02,-0.038712574850299206,-2.3849603114554463
2023-03-30,4058.0,4087.75,4052.5,4080.0,True,False,False,0.005421389847215297,3942.818850097656,True,buy_after_every_green,2023-03-30,0.5421389847215297,0.02,0.5221389847215296,-1.8628213267339166
2023-03-31,4081.0,4142.5,4078.0,4137.75,True,False,False,0.013905905415339426,3944.8238500976563,True,buy_after_every_green,2023-03-31,1.3905905415339426,0.02,1.3705905415339426,-0.4922307851999741
2023-04-03,4127.0,4157.75,4122.75,4153.75,True,False,False,0.006481705839592955,3946.646350097656,True,buy_after_every_green,2023-04-03,0.6481705839592955,0.02,0.6281705839592955,0.13593979875932138
2023-04-04,4152.5,4171.75,4115.25,4129.0,False,True,False,-0.005659241420830852,3948.950100097656,True,buy_after_every_green,2023-04-04,-0.5659241420830852,0.02,-0.5859241420830852,-0.4499843433237638
2023-04-10,4139.0,4143.0,4098.75,4136.25,False,True,False,-0.0006644116936458389,3954.906300048828,True,buy_after_every_green,2023-04-10,-0.06644116936458389,0.02,-0.08644116936458389,-0.5364255126883477
2023-04-14,4168.75,4189.0,4138.0,4163.75,False,True,False,-0.0011994002998501063,3960.640050048828,True,buy_after_every_green,2023-04-14,-0.11994002998501063,0.02,-0.13994002998501062,-0.6763655426733584
2023-04-18,4177.0,4198.25,4164.5,4180.0,True,False,False,0.0007182188173329163,3964.370050048828,True,buy_after_every_green,2023-04-18,0.07182188173329163,0.02,0.05182188173329162,-0.6245436609400667
2023-04-19,4176.0,4187.5,4150.5,4178.5,True,False,False,0.000598659003831381,3966.126300048828,True,buy_after_every_green,2023-04-19,0.059865900383138104,0.02,0.0398659003831381,-0.5846777605569287
2023-04-20,4172.25,4173.5,4137.0,4152.5,False,True,False,-0.004733656899754357,3967.718800048828,True,buy_after_every_green,2023-04-20,-0.4733656899754357,0.02,-0.49336568997543573,-1.0780434505323644
2023-04-24,4150.0,4164.25,4133.5,4159.5,True,False,False,0.0022891566265059726,3970.533800048828,True,buy_after_every_green,2023-04-24,0.22891566265059726,0.02,0.20891566265059727,-0.8691277878817671
2023-04-25,4157.25,4158.5,4091.5,4093.25,False,True,False,-0.015394792230440824,3971.4938000488282,True,buy_after_every_green,2023-04-25,-1.5394792230440824,0.02,-1.5594792230440824,-2.4286070109258495
2023-04-28,4151.0,4193.75,4131.5,4188.5,True,False,False,0.009033967718621971,3976.160050048828,True,buy_after_every_green,2023-04-28,0.9033967718621971,0.02,0.8833967718621971,-1.5452102390636524
2023-05-01,4190.0,4206.25,4178.5,4185.75,False,True,False,-0.0010143198090691863,3978.122550048828,True,buy_after_every_green,2023-05-01,-0.10143198090691863,0.02,-0.12143198090691863,-1.666642219970571
2023-05-08,4151.0,4161.0,4137.5,4152.75,True,False,False,0.00042158516020229797,3983.2375500488283,True,buy_after_every_green,2023-05-08,0.0421585160202298,0.02,0.022158516020229797,-1.6444837039503413
2023-05-09,4150.5,4153.0,4131.0,4134.0,False,True,False,-0.003975424647632786,3984.082550048828,True,buy_after_every_green,2023-05-09,-0.3975424647632786,0.02,-0.4175424647632786,-2.06202616871362
2023-05-11,4152.75,4168.5,4121.5,4143.75,False,True,False,-0.002167238576846642,3986.095050048828,True,buy_after_every_green,2023-05-11,-0.21672385768466418,0.02,-0.23672385768466417,-2.298750026398284
2023-05-16,4148.25,4151.5,4120.0,4123.0,False,True,False,-0.006086904116193614,3986.992550048828,True,buy_after_every_green,2023-05-16,-0.6086904116193614,0.02,-0.6286904116193615,-2.9274404380176455
2023-05-18,4171.25,4215.75,4161.25,4212.0,True,False,False,0.009769253820797186,3987.838800048828,True,buy_after_every_green,2023-05-18,0.9769253820797186,0.02,0.9569253820797186,-1.970515055937927
2023-05-19,4215.5,4227.25,4191.5,4204.75,False,True,False,-0.0025501126793974205,3988.0813000488283,True,buy_after_every_green,2023-05-19,-0.25501126793974205,0.02,-0.27501126793974207,-2.245526323877669
2023-05-23,4207.5,4222.75,4153.0,4158.75,False,True,False,-0.01158645276292336,3988.4050500488283,True,buy_after_every_green,2023-05-23,-1.158645276292336,0.02,-1.178645276292336,-3.424171600170005
2023-05-26,4157.0,4221.25,4146.0,4213.25,True,False,False,0.013531392831368727,3988.5188000488283,True,buy_after_every_green,2023-05-26,1.3531392831368727,0.02,1.3331392831368727,-2.0910323170331324
2023-05-30,4239.75,4243.25,4200.0,4215.0,False,True,False,-0.0058376083495489395,3988.545050048828,True,buy_after_every_green,2023-05-30,-0.583760834954894,0.02,-0.603760834954894,-2.6947931519880264
2023-06-02,4231.75,4297.75,4229.0,4288.0,True,False,False,0.013292373131683188,3987.642550048828,True,buy_after_every_green,2023-06-02,1.3292373131683188,0.02,1.3092373131683188,-1.3855558388197076
2023-06-05,4288.0,4305.75,4273.0,4281.0,False,True,False,-0.0016324626865671377,3987.6638000488283,True,buy_after_every_green,2023-06-05,-0.16324626865671377,0.02,-0.18324626865671376,-1.5688021074764213
2023-06-07,4292.25,4304.75,4269.25,4274.25,False,True,False,-0.0041936047527521,3987.8938000488283,True,buy_after_every_green,2023-06-07,-0.41936047527521003,0.02,-0.43936047527521005,-2.0081625827516314
2023-06-09,4297.75,4325.5,4284.0,4304.75,True,False,False,0.0016287592344832458,3989.5500500488283,True,buy_after_every_green,2023-06-09,0.16287592344832458,0.02,0.1428759234483246,-1.8652866593033068
2023-06-12,4306.5,4346.5,4305.25,4342.75,True,False,False,0.008417508417508435,3990.5500500488283,True,buy_after_every_green,2023-06-12,0.8417508417508435,0.02,0.8217508417508435,-1.0435358175524634
2023-06-13,4345.0,4377.75,4335.75,4371.75,True,False,False,0.006156501726122032,3991.403800048828,True,buy_after_every_green,2023-06-13,0.6156501726122032,0.02,0.5956501726122032,-0.4478856449402602
2023-06-14,4372.0,4394.75,4339.75,4374.25,True,False,False,0.0005146386093322075,3992.977550048828,True,buy_after_every_green,2023-06-14,0.05146386093322075,0.02,0.03146386093322075,-0.41642178400703944
2023-06-15,4378.75,4441.0,4350.0,4426.5,True,False,False,0.01090493862403652,3994.9538000488283,True,buy_after_every_green,2023-06-15,1.090493862403652,0.02,1.070493862403652,0.6540720783966125
2023-06-16,4424.75,4453.35009765625,4415.25,4453.35009765625,True,False,False,0.006463664084129128,3997.2830505371094,True,buy_after_every_green,2023-06-16,0.6463664084129128,0.02,0.6263664084129128,1.2804384868095253
2023-06-20,4458.0,4462.0,4410.5,4434.75,False,True,False,-0.005215343203230138,3999.6743005371095,True,buy_after_every_green,2023-06-20,-0.5215343203230138,0.02,-0.5415343203230139,0.7389041664865115
2023-06-23,4425.75,4426.25,4381.5,4389.0,False,True,False,-0.008303677342823224,4006.7655505371094,True,buy_after_every_green,2023-06-23,-0.8303677342823224,0.02,-0.8503677342823224,-0.1114635677958109
2023-06-28,4414.0,4430.25,4399.25,4417.5,True,False,False,0.0007929315813322013,4012.534300537109,True,buy_after_every_green,2023-06-28,0.07929315813322013,0.02,0.05929315813322013,-0.052170409662590775
2023-06-29,4423.75,4438.0,4409.75,4435.75,True,False,False,0.0027126306866347427,4014.159300537109,True,buy_after_every_green,2023-06-29,0.27126306866347427,0.02,0.25126306866347425,0.19909265900088347
2023-06-30,4435.25,4498.0,4433.0,4488.25,True,False,False,0.011949720985288348,4016.9443005371095,True,buy_after_every_green,2023-06-30,1.1949720985288348,0.02,1.1749720985288348,1.3740647575297182
2023-07-03,4485.5,4494.0,4479.5,4492.25,True,False,False,0.0015048489577527135,4019.6680505371096,True,buy_after_every_green,2023-07-03,0.15048489577527135,0.02,0.13048489577527136,1.5045496533049896
2023-07-05,4492.0,4493.75,4466.25,4483.75,False,True,False,-0.0018365983971504463,4022.576800537109,True,buy_after_every_green,2023-07-05,-0.18365983971504463,0.02,-0.20365983971504462,1.300889813589945
2023-07-11,4445.75,4478.5,4439.0,4473.5,True,False,False,0.006241916437046635,4034.2331005859373,True,buy_after_every_green,2023-07-11,0.6241916437046635,0.02,0.6041916437046635,1.9050814572946084
2023-07-12,4471.0,4523.75,4470.0,4507.5,True,False,False,0.008163721762469267,4037.9106005859376,True,buy_after_every_green,2023-07-12,0.8163721762469267,0.02,0.7963721762469267,2.701453633541535
2023-07-13,4510.5,4551.5,4509.25,4543.5,True,False,False,0.0073162620552045254,4042.0831005859377,True,buy_after_every_green,2023-07-13,0.7316262055204525,0.02,0.7116262055204525,3.4130798390619876
2023-07-14,4539.5,4560.5,4531.0,4536.75,False,True,False,-0.0006057935896023325,4046.4168505859375,True,buy_after_every_green,2023-07-14,-0.060579358960233254,0.02,-0.08057935896023326,3.3325004801017544
2023-07-18,4550.25,4594.5,4544.75,4587.75,True,False,False,0.00824130542277901,4055.1593505859373,True,buy_after_every_green,2023-07-18,0.8241305422779011,0.02,0.804130542277901,4.136631022379655
2023-07-19,4582.75,4609.25,4582.25,4597.0,True,False,False,0.003109486661938776,4059.8731005859377,True,buy_after_every_green,2023-07-19,0.3109486661938776,0.02,0.2909486661938776,4.427579688573532
2023-07-20,4593.25,4594.25,4557.25,4565.5,False,True,False,-0.006041473901921335,4064.6931005859374,True,buy_after_every_green,2023-07-20,-0.6041473901921335,0.02,-0.6241473901921335,3.8034322983813986
2023-07-25,4584.5,4608.75,4579.25,4596.0,True,False,False,0.002508452393936045,4076.9768505859374,True,buy_after_every_green,2023-07-25,0.2508452393936045,0.02,0.2308452393936045,4.0342775377750035
2023-07-26,4604.75,4610.75,4573.75,4595.25,False,True,False,-0.0020630870296975967,4081.1693505859375,True,buy_after_every_green,2023-07-26,-0.20630870296975967,0.02,-0.22630870296975966,3.807968834805244
2023-07-31,4608.75,4619.25,4595.25,4614.5,True,False,False,0.0012476267968537513,4095.7068505859374,True,buy_after_every_green,2023-07-31,0.12476267968537513,0.02,0.10476267968537513,3.912731514490619
2023-08-01,4617.75,4621.75,4591.0,4601.25,False,True,False,-0.003573168751015099,4100.770600585937,True,buy_after_every_green,2023-08-01,-0.3573168751015099,0.02,-0.3773168751015099,3.535414639389109
2023-08-08,4539.5,4541.0,4482.0,4518.5,False,True,False,-0.004626060138781751,4121.7943505859375,True,buy_after_every_green,2023-08-08,-0.4626060138781751,0.02,-0.48260601387817514,3.052808625510934
2023-08-15,4505.75,4517.75,4447.0,4454.0,False,True,False,-0.011485324307828892,4139.056850585937,True,buy_after_every_green,2023-08-15,-1.1485324307828892,0.02,-1.1685324307828893,1.8842761947280446
2023-08-21,4382.5,4421.0,4372.25,4412.5,True,False,False,0.0068454078722191,4149.656850585938,True,buy_after_every_green,2023-08-21,0.68454078722191,0.02,0.66454078722191,2.5488169819499547
2023-08-22,4410.25,4440.0,4394.25,4399.25,False,True,False,-0.0024941896717872725,4152.809350585938,True,buy_after_every_green,2023-08-22,-0.24941896717872725,0.02,-0.26941896717872726,2.2793980147712274
2023-08-24,4470.5,4485.5,4378.5,4386.0,False,True,False,-0.018901688849122023,4159.438100585938,True,buy_after_every_green,2023-08-24,-1.8901688849122023,0.02,-1.9101688849122023,0.3692291298590251
2023-08-28,4418.0,4449.5,4414.5,4442.25,True,False,False,0.005488909008601217,4165.4681005859375,True,buy_after_every_green,2023-08-28,0.5488909008601217,0.02,0.5288909008601217,0.8981200307191468
2023-08-29,4444.0,4509.5,4433.5,4506.75,True,False,False,0.014120162016201698,4169.224350585938,True,buy_after_every_green,2023-08-29,1.4120162016201698,0.02,1.3920162016201698,2.2901362323393166
2023-08-30,4508.75,4530.75,4496.25,4524.25,True,False,False,0.003437759911283589,4172.040600585938,True,buy_after_every_green,2023-08-30,0.3437759911283589,0.02,0.32377599112835886,2.6139122234676755
2023-08-31,4527.0,4541.25,4512.75,4516.0,False,True,False,-0.002429865252926877,4174.619350585937,True,buy_after_every_green,2023-08-31,-0.24298652529268772,0.02,-0.26298652529268773,2.3509256981749878
2023-09-05,4521.25,4531.25,4499.25,4502.5,False,True,False,-0.004147083218136616,4179.911850585938,True,buy_after_every_green,2023-09-05,-0.4147083218136616,0.02,-0.4347083218136616,1.9162173763613262
2023-09-11,4463.5,4493.5,4459.25,4490.25,True,False,False,0.005993054777640783,4190.031850585938,True,buy_after_every_green,2023-09-11,0.5993054777640783,0.02,0.5793054777640783,2.4955228541254044
2023-09-12,4487.75,4491.0,4458.75,4465.0,False,True,False,-0.005069355467661962,4192.305600585937,True,buy_after_every_green,2023-09-12,-0.5069355467661962,0.02,-0.5269355467661962,1.9685873073592082
2023-09-14,4471.75,4513.0,4470.25,4506.0,True,False,False,0.007659193827919797,4196.851850585937,True,buy_after_every_green,2023-09-14,0.7659193827919797,0.02,0.7459193827919797,2.714506690151188
2023-09-15,4508.0,4517.75,4480.0,4491.72021484375,False,True,False,-0.0036113099281832595,4199.459201660156,True,buy_after_every_green,2023-09-15,-0.36113099281832595,0.02,-0.38113099281832596,2.333375697332862
2023-09-19,4503.25,4509.5,4462.25,4490.0,False,True,False,-0.0029423194359629035,4204.200451660156,True,buy_after_every_green,2023-09-19,-0.29423194359629035,0.02,-0.31423194359629036,2.0191437537365715
2023-09-26,4382.0,4382.0,4305.5,4314.75,False,True,False,-0.015346873573710673,4213.356701660156,True,buy_after_every_green,2023-09-26,-1.5346873573710673,0.02,-1.5546873573710673,0.4644563963655042
2023-09-29,4342.0,4371.25,4311.0,4325.5,False,True,False,-0.0038000921234454532,4218.770451660156,True,buy_after_every_green,2023-09-29,-0.3800092123445453,0.02,-0.40000921234454534,0.06444718402095884
2023-10-05,4291.5,4302.0,4258.0,4290.75,False,True,False,-0.0001747640685074714,4225.7143518066405,True,buy_after_every_green,2023-10-05,-0.01747640685074714,0.02,-0.03747640685074714,0.026970777170211693
2023-10-09,4315.0,4375.75,4299.5,4368.75,True,False,False,0.012456546929316303,4230.791851806641,True,buy_after_every_green,2023-10-09,1.2456546929316303,0.02,1.2256546929316303,1.252625470101842
2023-10-10,4368.75,4419.0,4366.25,4391.5,True,False,False,0.005207439198855468,4233.220601806641,True,buy_after_every_green,2023-10-10,0.5207439198855468,0.02,0.5007439198855468,1.7533693899873888
2023-10-11,4392.0,4419.75,4377.25,4409.75,True,False,False,0.004041438979963674,4236.023101806641,True,buy_after_every_green,2023-10-11,0.4041438979963674,0.02,0.3841438979963674,2.137513287983756
2023-10-12,4417.75,4430.5,4355.5,4380.5,False,True,False,-0.008431894063720247,4238.576851806641,True,buy_after_every_green,2023-10-12,-0.8431894063720247,0.02,-0.8631894063720247,1.2743238816117315
2023-10-17,4406.25,4423.25,4365.75,4401.75,False,True,False,-0.0010212765957446912,4246.7056018066405,True,buy_after_every_green,2023-10-17,-0.10212765957446912,0.02,-0.12212765957446912,1.1521962220372624
2023-10-25,4269.5,4273.5,4203.75,4209.75,False,True,False,-0.013994612952336394,4258.5893518066405,True,buy_after_every_green,2023-10-25,-1.3994612952336394,0.02,-1.4194612952336394,-0.26726507319637705
2023-10-31,4184.25,4215.0,4166.75,4212.25,True,False,False,0.006691760769552468,4262.288101806641,True,buy_after_every_green,2023-10-31,0.6691760769552468,0.02,0.6491760769552468,0.38191100375886977
2023-11-01,4205.0,4264.75,4191.25,4256.0,True,False,False,0.012128418549345987,4263.520601806641,True,buy_after_every_green,2023-11-01,1.2128418549345987,0.02,1.1928418549345987,1.5747528586934685
2023-11-02,4258.5,4339.75,4257.75,4335.75,True,False,False,0.018140190207819762,4265.470601806641,True,buy_after_every_green,2023-11-02,1.8140190207819762,0.02,1.7940190207819762,3.3687718794754447
2023-11-03,4327.5,4391.75,4325.5,4376.0,True,False,False,0.01120739456961295,4267.773101806641,True,buy_after_every_green,2023-11-03,1.120739456961295,0.02,1.100739456961295,4.46951133643674
2023-11-06,4379.25,4389.5,4364.25,4384.25,True,False,False,0.0011417480162128069,4269.751851806641,True,buy_after_every_green,2023-11-06,0.11417480162128069,0.02,0.09417480162128068,4.563686138058021
2023-11-07,4380.0,4403.25,4366.0,4396.0,True,False,False,0.0036529680365295913,4271.5493518066405,True,buy_after_every_green,2023-11-07,0.36529680365295913,0.02,0.3452968036529591,4.908982941710979
2023-11-08,4397.5,4407.75,4375.0,4399.5,True,False,False,0.0004548038658329645,4273.38310180664,True,buy_after_every_green,2023-11-08,0.04548038658329645,0.02,0.02548038658329645,4.934463328294276
2023-11-09,4393.25,4413.0,4357.75,4362.25,False,True,False,-0.0070562795197177675,4275.03435180664,True,buy_after_every_green,2023-11-09,-0.7056279519717767,0.02,-0.7256279519717768,4.208835376322499
2023-11-13,4425.75,4436.75,4407.25,4425.25,False,True,False,-0.00011297520194319954,4278.514351806641,True,buy_after_every_green,2023-11-13,-0.011297520194319954,0.02,-0.03129752019431996,4.177537856128179
2023-11-15,4515.5,4541.25,4510.75,4519.25,True,False,False,0.0008304728158565755,4283.05310180664,True,buy_after_every_green,2023-11-15,0.08304728158565755,0.02,0.06304728158565755,4.240585137713837
2023-11-16,4514.25,4529.5,4501.75,4523.25,True,False,False,0.0019936866589134183,4285.00810180664,True,buy_after_every_green,2023-11-16,0.19936866589134183,0.02,0.17936866589134184,4.419953803605179
2023-11-17,4527.75,4539.5,4512.75,4527.5,False,True,False,-5.5215062669145e-05,4286.688101806641,True,buy_after_every_green,2023-11-17,-0.0055215062669145,0.02,-0.0255215062669145,4.394432297338265
2023-11-21,4561.75,4567.0,4536.75,4551.25,False,True,False,-0.0023017482325862204,4290.899351806641,True,buy_after_every_green,2023-11-21,-0.23017482325862204,0.02,-0.25017482325862206,4.144257474079643
2023-11-23,4564.0,4572.75,4562.0,4569.5,True,False,False,0.00120508326029789,4295.051851806641,True,buy_after_every_green,2023-11-23,0.120508326029789,0.02,0.100508326029789,4.244765800109432
2023-11-24,4564.0,4574.0,4562.0,4568.25,True,False,False,0.0009312007011392787,4297.434351806641,True,buy_after_every_green,2023-11-24,0.09312007011392787,0.02,0.07312007011392786,4.3178858702233605
2023-11-27,4568.5,4570.0,4552.0,4561.0,False,True,False,-0.001641676699135397,4299.74060180664,True,buy_after_every_green,2023-11-27,-0.1641676699135397,0.02,-0.1841676699135397,4.133718200309821
2023-11-29,4564.0,4597.0,4555.5,4559.25,False,True,False,-0.0010407537248028342,4303.88810180664,True,buy_after_every_green,2023-11-29,-0.10407537248028342,0.02,-0.12407537248028343,4.009642827829538
2023-12-01,4571.75,4607.75,4562.5,4600.75,True,False,False,0.006343303986438453,4308.48560180664,True,buy_after_every_green,2023-12-01,0.6343303986438453,0.02,0.6143303986438453,4.6239732264733835
2023-12-04,4603.25,4604.5,4553.5,4576.5,False,True,False,-0.005811111714549511,4310.930601806641,True,buy_after_every_green,2023-12-04,-0.5811111714549511,0.02,-0.6011111714549511,4.022862055018432
2023-12-06,4573.25,4598.5,4552.0,4556.0,False,True,False,-0.003771934619799966,4316.56185180664,True,buy_after_every_green,2023-12-06,-0.3771934619799966,0.02,-0.3971934619799966,3.625668593038436
2023-12-08,4586.5,4613.75,4561.75,4607.5,True,False,False,0.004578654747628974,4322.574351806641,True,buy_after_every_green,2023-12-08,0.4578654747628974,0.02,0.4378654747628974,4.063534067801333
2023-12-11,4607.75,4627.25,4599.5,4626.0,True,False,False,0.003960718354945492,4325.764351806641,True,buy_after_every_green,2023-12-11,0.39607183549454916,0.02,0.37607183549454914,4.439605903295883
2023-12-12,4625.0,4649.75,4610.5,4645.75,True,False,False,0.0044864864864864185,4329.11560180664,True,buy_after_every_green,2023-12-12,0.44864864864864185,0.02,0.42864864864864183,4.868254551944524
2023-12-13,4649.0,4711.75,4645.0,4708.25,True,False,False,0.012744676274467626,4332.87435180664,True,buy_after_every_green,2023-12-13,1.2744676274467626,0.02,1.2544676274467625,6.122722179391287
2023-12-14,4708.0,4739.25,4694.25,4721.75,True,False,False,0.0029205607476634476,4336.559351806641,True,buy_after_every_green,2023-12-14,0.29205607476634476,0.02,0.27205607476634475,6.394778254157632
2023-12-15,4716.0,4736.5,4694.27001953125,4694.27001953125,False,True,False,-0.004607714263941909,4339.781951904297,True,buy_after_every_green,2023-12-15,-0.4607714263941909,0.02,-0.4807714263941909,5.914006827763441
2023-12-19,4790.5,4821.5,4787.75,4820.25,True,False,False,0.006210207702745052,4347.636951904296,True,buy_after_every_green,2023-12-19,0.6210207702745052,0.02,0.6010207702745052,6.515027598037946
2023-12-20,4818.5,4830.75,4743.25,4749.75,False,True,False,-0.014267925703019602,4351.410701904297,True,buy_after_every_green,2023-12-20,-1.4267925703019602,0.02,-1.4467925703019602,5.0682350277359856
2023-12-22,4795.75,4821.75,4784.75,4805.25,True,False,False,0.0019809206067873397,4360.506951904297,True,buy_after_every_green,2023-12-22,0.19809206067873397,0.02,0.17809206067873398,5.24632708841472
2023-12-26,4800.25,4834.5,4800.25,4825.0,True,False,False,0.005155981459298964,4365.348201904297,True,buy_after_every_green,2023-12-26,0.5155981459298964,0.02,0.49559814592989637,5.741925234344617
2023-12-27,4827.75,4836.5,4816.5,4833.5,True,False,False,0.001191031018590527,4369.913201904297,True,buy_after_every_green,2023-12-27,0.1191031018590527,0.02,0.0991031018590527,5.84102833620367
2023-12-28,4834.5,4841.5,4828.0,4832.25,False,True,False,-0.00046540490226498754,4374.610701904297,True,buy_after_every_green,2023-12-28,-0.046540490226498754,0.02,-0.06654049022649876,5.774487845977172
2024-01-08,4735.75,4803.25,4715.25,4801.25,True,False,False,0.013830966583962434,4398.282951660156,True,buy_after_every_green,2024-01-08,1.3830966583962434,0.02,1.3630966583962434,7.1375845043734145
2024-01-09,4797.75,4804.0,4767.5,4792.75,False,True,False,-0.001042155176905868,4402.240451660156,True,buy_after_every_green,2024-01-09,-0.10421551769058679,0.02,-0.1242155176905868,7.013368986682828
2024-01-11,4820.5,4838.0,4772.75,4815.5,False,True,False,-0.001037236801161745,4410.375451660157,True,buy_after_every_green,2024-01-11,-0.1037236801161745,0.02,-0.1237236801161745,6.889645306566654
2024-01-16,4812.0,4823.0,4779.5,4798.5,False,True,False,-0.002805486284289227,4417.762951660156,True,buy_after_every_green,2024-01-16,-0.2805486284289227,0.02,-0.3005486284289227,6.5890966781377305
2024-01-19,4811.25,4874.25,4808.5,4869.5,True,False,False,0.012107040789815615,4427.920451660157,True,buy_after_every_green,2024-01-19,1.2107040789815615,0.02,1.1907040789815615,7.7798007571192915
2024-01-22,4872.5,4898.25,4872.5,4881.0,True,False,False,0.0017444843509490937,4431.739201660156,True,buy_after_every_green,2024-01-22,0.17444843509490937,0.02,0.15444843509490938,7.934249192214201
2024-01-23,4881.75,4902.0,4874.25,4895.0,True,False,False,0.0027141906078762545,4435.554201660157,True,buy_after_every_green,2024-01-23,0.27141906078762545,0.02,0.25141906078762544,8.185668253001827
2024-01-24,4900.25,4933.25,4889.0,4898.0,False,True,False,-0.0004591602469261602,4439.362951660156,True,buy_after_every_green,2024-01-24,-0.04591602469261602,0.02,-0.06591602469261602,8.119752228309212
2024-01-26,4919.25,4934.25,4898.5,4916.25,False,True,False,-0.0006098490623570596,4447.282951660156,True,buy_after_every_green,2024-01-26,-0.06098490623570596,0.02,-0.08098490623570596,8.038767322073506
2024-01-30,4950.25,4957.25,4933.0,4951.0,True,False,False,0.00015150749962122845,4455.127951660156,True,buy_after_every_green,2024-01-30,0.015150749962122845,0.02,-0.004849250037877156,8.033918072035629
2024-01-31,4930.25,4938.0,4866.0,4870.5,False,True,False,-0.012119060899548728,4458.596701660156,True,buy_after_every_green,2024-01-31,-1.2119060899548728,0.02,-1.2319060899548728,6.8020119820807565
2024-02-02,4952.75,4997.75,4925.75,4980.25,True,False,False,0.005552470849528035,4466.3479516601565,True,buy_after_every_green,2024-02-02,0.5552470849528035,0.02,0.5352470849528035,7.3372590670335605
2024-02-05,4976.0,4980.75,4937.75,4962.0,False,True,False,-0.002813504823151125,4470.395451660156,True,buy_after_every_green,2024-02-05,-0.2813504823151125,0.02,-0.3013504823151125,7.035908584718448
2024-02-07,4971.5,5020.0,4970.0,5015.25,True,False,False,0.008800160917228128,4478.764201660157,True,buy_after_every_green,2024-02-07,0.8800160917228128,0.02,0.8600160917228128,7.895924676441261
2024-02-08,5015.75,5020.0,5003.75,5017.75,True,False,False,0.00039874395653693995,4483.386701660156,True,buy_after_every_green,2024-02-08,0.039874395653693995,0.02,0.019874395653693994,7.915799072094956
2024-02-09,5014.5,5048.5,5013.0,5044.0,True,False,False,0.005882939475521098,4488.226701660156,True,buy_after_every_green,2024-02-09,0.5882939475521098,0.02,0.5682939475521098,8.484093019647066
2024-02-12,5042.5,5066.5,5031.5,5041.25,False,True,False,-0.00024789291026272586,4492.664201660156,True,buy_after_every_green,2024-02-12,-0.024789291026272586,0.02,-0.04478929102627259,8.439303728620793
2024-02-15,5017.5,5051.75,5011.0,5046.5,True,False,False,0.0057797708021922745,4505.287951660156,True,buy_after_every_green,2024-02-15,0.5779770802192274,0.02,0.5579770802192274,8.99728080884002
2024-02-16,5049.5,5059.25,5012.75,5019.75,False,True,False,-0.005891672442816076,4509.849201660156,True,buy_after_every_green,2024-02-16,-0.5891672442816076,0.02,-0.6091672442816076,8.388113564558413
2024-02-22,5016.0,5107.75,5015.25,5097.75,True,False,False,0.016297846889952172,4523.382951660156,True,buy_after_every_green,2024-02-22,1.6297846889952172,0.02,1.6097846889952172,9.99789825355363
2024-02-23,5094.25,5123.5,5092.0,5101.5,True,False,False,0.0014231731854541518,4528.220451660156,True,buy_after_every_green,2024-02-23,0.14231731854541518,0.02,0.12231731854541518,10.120215572099045
2024-02-26,5095.0,5108.0,5076.25,5080.25,False,True,False,-0.0028949950932286583,4532.8617016601565,True,buy_after_every_green,2024-02-26,-0.28949950932286583,0.02,-0.30949950932286585,9.81071606277618
2024-02-28,5090.75,5091.25,5063.25,5081.0,False,True,False,-0.0019152384226293062,4542.3079516601565,True,buy_after_every_green,2024-02-28,-0.19152384226293062,0.02,-0.2115238422629306,9.599192220513249
2024-03-01,5101.5,5149.25,5089.25,5146.0,True,False,False,0.008722924630010676,4552.1917016601565,True,buy_after_every_green,2024-03-01,0.8722924630010676,0.02,0.8522924630010675,10.451484683514316
2024-03-04,5142.0,5157.75,5132.0,5138.25,False,True,False,-0.0007292882147024171,4557.025451660156,True,buy_after_every_green,2024-03-04,-0.07292882147024171,0.02,-0.09292882147024172,10.358555862044074
2024-03-07,5114.25,5170.5,5086.5,5161.75,True,False,False,0.009287774355966283,4570.712951660156,True,buy_after_every_green,2024-03-07,0.9287774355966283,0.02,0.9087774355966283,11.267333297640702
2024-03-08,5159.25,5193.0,5121.75,5129.0,False,True,False,-0.0058632553181179325,4575.564201660156,True,buy_after_every_green,2024-03-08,-0.5863255318117933,0.02,-0.6063255318117933,10.66100776582891
2024-03-13,5176.0,5183.75,5153.0,5168.0,False,True,False,-0.0015455950540957941,4590.4104516601565,True,buy_after_every_green,2024-03-13,-0.1545595054095794,0.02,-0.1745595054095794,10.48644826041933
2024-03-19,5215.25,5244.75,5186.0,5241.75,True,False,False,0.005081252097214994,4609.362551269532,True,buy_after_every_green,2024-03-19,0.5081252097214994,0.02,0.4881252097214994,10.974573470140829
2024-03-20,5239.75,5297.75,5233.0,5286.75,True,False,False,0.008969893601793899,4614.391301269531,True,buy_after_every_green,2024-03-20,0.8969893601793899,0.02,0.8769893601793899,11.85156283032022
2024-03-21,5294.75,5322.75,5293.5,5302.5,True,False,False,0.001463714056376686,4619.455051269531,True,buy_after_every_green,2024-03-21,0.1463714056376686,0.02,0.1263714056376686,11.977934235957887
2024-03-22,5306.75,5311.75,5287.75,5293.25,False,True,False,-0.002543929900598263,4624.550051269532,True,buy_after_every_green,2024-03-22,-0.2543929900598263,0.02,-0.2743929900598263,11.70354124589806
2024-03-28,5308.0,5321.0,5301.0,5308.5,True,False,False,9.419743782967949e-05,4643.7638012695315,True,buy_after_every_green,2024-03-28,0.009419743782967949,0.02,-0.010580256217032052,11.692960989681028
2024-04-01,5314.25,5333.5,5282.25,5295.25,False,True,False,-0.003575292844710032,4648.368801269531,True,buy_after_every_green,2024-04-01,-0.3575292844710032,0.02,-0.3775292844710032,11.315431705210024
2024-04-04,5270.75,5308.5,5192.5,5197.25,False,True,False,-0.013944884504102806,4660.41705078125,True,buy_after_every_green,2024-04-04,-1.3944884504102806,0.02,-1.4144884504102806,9.900943254799744
2024-04-08,5263.25,5269.25,5236.5,5253.25,False,True,False,-0.0018999667505819051,4668.78330078125,True,buy_after_every_green,2024-04-08,-0.1899966750581905,0.02,-0.2099966750581905,9.690946579741553
2024-04-10,5264.25,5285.0,5176.5,5207.75,False,True,False,-0.010732772949612945,4677.32705078125,True,buy_after_every_green,2024-04-10,-1.0732772949612945,0.02,-1.0932772949612946,8.597669284780258
2024-04-12,5244.0,5248.75,5150.0,5167.5,False,True,False,-0.01458810068649885,4685.19955078125,True,buy_after_every_green,2024-04-12,-1.458810068649885,0.02,-1.478810068649885,7.118859216130373
2024-04-23,5051.0,5113.5,5037.75,5106.5,True,False,False,0.010987923183527926,4706.40080078125,True,buy_after_every_green,2024-04-23,1.0987923183527926,0.02,1.0787923183527925,8.197651534483166
2024-04-24,5115.25,5128.75,5072.25,5107.5,False,True,False,-0.0015150774644445697,4709.57080078125,True,buy_after_every_green,2024-04-24,-0.15150774644445697,0.02,-0.17150774644445696,8.02614378803871
2024-04-26,5132.0,5146.5,5104.5,5131.5,False,True,False,-9.74279033515435e-05,4715.38455078125,True,buy_after_every_green,2024-04-26,-0.00974279033515435,0.02,-0.02974279033515435,7.996400997703555
2024-04-30,5148.5,5148.5,5051.0,5067.0,False,True,False,-0.015829853355346257,4721.00205078125,True,buy_after_every_green,2024-04-30,-1.5829853355346257,0.02,-1.6029853355346257,6.393415662168929
2024-05-03,5110.25,5166.75,5099.25,5154.75,True,False,False,0.008707988845946923,4728.71455078125,True,buy_after_every_green,2024-05-03,0.8707988845946923,0.02,0.8507988845946923,7.2442145467636205
2024-05-06,5166.75,5207.75,5155.75,5206.5,True,False,False,0.007693424299608065,4731.92330078125,True,buy_after_every_green,2024-05-06,0.7693424299608065,0.02,0.7493424299608065,7.993556976724427
2024-05-07,5204.75,5226.75,5202.25,5213.75,True,False,False,0.0017291896825015751,4735.07455078125,True,buy_after_every_green,2024-05-07,0.1729189682501575,0.02,0.15291896825015752,8.146475944974584
2024-05-08,5211.75,5218.0,5188.75,5212.75,True,False,False,0.00019187413057042413,4738.15830078125,True,buy_after_every_green,2024-05-08,0.019187413057042413,0.02,-0.0008125869429575876,8.145663358031626
2024-05-09,5209.25,5244.75,5195.0,5239.0,True,False,False,0.0057109948649036735,4741.37705078125,True,buy_after_every_green,2024-05-09,0.5710994864903673,0.02,0.5510994864903673,8.696762844521993
2024-05-10,5240.75,5264.0,5232.75,5246.25,True,False,False,0.001049468110480456,4744.78705078125,True,buy_after_every_green,2024-05-10,0.1049468110480456,0.02,0.08494681104804559,8.781709655570038
2024-05-13,5240.5,5264.0,5233.25,5245.5,True,False,False,0.000954107432496798,4747.98205078125,True,buy_after_every_green,2024-05-13,0.0954107432496798,0.02,0.07541074324967979,8.857120398819719
2024-05-14,5241.75,5274.25,5216.75,5269.5,True,False,False,0.0052940334811846235,4751.25705078125,True,buy_after_every_green,2024-05-14,0.5294033481184623,0.02,0.5094033481184623,9.366523746938181
2024-05-15,5268.5,5337.25,5266.25,5333.0,True,False,False,0.012242573787605515,4754.91580078125,True,buy_after_every_green,2024-05-15,1.2242573787605515,0.02,1.2042573787605515,10.570781125698733
2024-05-16,5331.5,5349.0,5315.5,5320.25,False,True,False,-0.002110100346994326,4758.83080078125,True,buy_after_every_green,2024-05-16,-0.21101003469943258,0.02,-0.23101003469943257,10.339771090999301
2024-05-20,5329.25,5348.25,5323.75,5331.75,True,False,False,0.0004691091617019527,4767.02705078125,True,buy_after_every_green,2024-05-20,0.04691091617019527,0.02,0.02691091617019527,10.366682007169496
2024-05-21,5331.75,5347.5,5322.5,5345.25,True,False,False,0.002532001688001051,4771.06455078125,True,buy_after_every_green,2024-05-21,0.2532001688001051,0.02,0.2332001688001051,10.5998821759696
2024-05-22,5343.5,5349.25,5306.75,5328.0,False,True,False,-0.0029007205015438853,4775.11205078125,True,buy_after_every_green,2024-05-22,-0.2900720501543885,0.02,-0.31007205015438855,10.289810125815212
2024-05-28,5321.75,5339.0,5296.75,5324.75,True,False,False,0.0005637243387983659,4787.50830078125,True,buy_after_every_green,2024-05-28,0.05637243387983659,0.02,0.03637243387983659,10.326182559695049
2024-05-29,5323.75,5324.0,5268.25,5284.0,False,True,False,-0.00746654144165293,4791.39830078125,True,buy_after_every_green,2024-05-29,-0.746654144165293,0.02,-0.766654144165293,9.559528415529755
2024-06-03,5299.5,5313.25,5246.75,5297.25,False,True,False,-0.0004245683555051949,4804.33455078125,True,buy_after_every_green,2024-06-03,-0.04245683555051949,0.02,-0.06245683555051949,9.497071579979236
2024-06-05,5305.0,5368.25,5302.5,5366.0,True,False,False,0.011498586239396813,4813.70830078125,True,buy_after_every_green,2024-06-05,1.1498586239396813,0.02,1.1298586239396813,10.626930203918917
2024-06-06,5367.75,5373.25,5345.25,5364.0,False,True,False,-0.0006986167388570719,4818.53205078125,True,buy_after_every_green,2024-06-06,-0.06986167388570719,0.02,-0.08986167388570719,10.53706853003321
2024-06-11,5369.75,5386.25,5334.5,5384.0,True,False,False,0.002653754830299393,4832.85080078125,True,buy_after_every_green,2024-06-11,0.2653754830299393,0.02,0.2453754830299393,10.782444013063149
2024-06-12,5384.5,5454.5,5380.0,5427.5,True,False,False,0.007985885411830207,4837.77705078125,True,buy_after_every_green,2024-06-12,0.7985885411830207,0.02,0.7785885411830207,11.56103255424617
2024-06-13,5436.25,5452.75,5408.5,5438.5,True,False,False,0.00041388825017252273,4842.43580078125,True,buy_after_every_green,2024-06-13,0.04138882501725227,0.02,0.021388825017252273,11.582421379263423
2024-06-14,5436.0,5443.0,5397.75,5437.5,True,False,False,0.00027593818984539276,4847.00205078125,True,buy_after_every_green,2024-06-14,0.027593818984539276,0.02,0.007593818984539275,11.590015198247961
2024-06-17,5435.5,5494.0,5424.75,5478.5,True,False,False,0.007910955753840598,4851.81455078125,True,buy_after_every_green,2024-06-17,0.7910955753840598,0.02,0.7710955753840598,12.36111077363202
2024-06-18,5480.25,5494.0,5473.5,5491.0,True,False,False,0.0019615893435518394,4856.66205078125,True,buy_after_every_green,2024-06-18,0.19615893435518394,0.02,0.17615893435518395,12.537269707987205
2024-06-20,5492.75,5518.5,5458.5,5476.75,False,True,False,-0.0029129306813526767,4861.53330078125,True,buy_after_every_green,2024-06-20,-0.2912930681352677,0.02,-0.3112930681352677,12.225976639851938
2024-06-26,5535.0,5551.75,5516.25,5543.5,True,False,False,0.0015356820234868618,4882.481501464844,True,buy_after_every_green,2024-06-26,0.15356820234868618,0.02,0.1335682023486862,12.359544842200624
2024-06-27,5533.0,5555.0,5515.75,5546.0,True,False,False,0.002349539128863265,4887.886501464844,True,buy_after_every_green,2024-06-27,0.2349539128863265,0.02,0.2149539128863265,12.57449875508695
2024-06-28,5548.25,5585.0,5510.75,5521.5,False,True,False,-0.0048213400621818225,4893.150251464844,True,buy_after_every_green,2024-06-28,-0.48213400621818225,0.02,-0.5021340062181823,12.072364748868768
2024-07-03,5563.75,5595.75,5559.75,5590.25,True,False,False,0.00476297461244668,4909.117900390625,True,buy_after_every_green,2024-07-03,0.476297461244668,0.02,0.45629746124466797,12.528662210113437
2024-07-05,5591.0,5626.0,5585.0,5621.5,True,False,False,0.005455195850474048,4914.775400390625,True,buy_after_every_green,2024-07-05,0.5455195850474048,0.02,0.5255195850474048,13.054181795160842
2024-07-08,5612.0,5637.5,5610.75,5625.25,True,False,False,0.002361012116892436,4920.666650390625,True,buy_after_every_green,2024-07-08,0.23610121168924358,0.02,0.2161012116892436,13.270283006850086
2024-07-09,5627.75,5645.75,5626.25,5631.25,True,False,False,0.0006219181733375656,4926.962900390625,True,buy_after_every_green,2024-07-09,0.06219181733375656,0.02,0.04219181733375656,13.312474824183843
2024-07-10,5631.75,5690.5,5630.75,5688.0,True,False,False,0.009988014382740662,4933.597900390625,True,buy_after_every_green,2024-07-10,0.9988014382740662,0.02,0.9788014382740662,14.29127626245791
2024-07-11,5684.25,5707.75,5630.0,5639.75,False,True,False,-0.007828649338083249,4939.902900390625,True,buy_after_every_green,2024-07-11,-0.7828649338083249,0.02,-0.8028649338083249,13.488411328649585
2024-07-15,5681.0,5718.75,5665.5,5683.0,True,False,False,0.0003520506953000879,4953.500400390625,True,buy_after_every_green,2024-07-15,0.03520506953000879,0.02,0.015205069530008792,13.503616398179593
2024-07-16,5688.75,5721.25,5673.0,5717.25,True,False,False,0.0050098879367173055,4960.399150390625,True,buy_after_every_green,2024-07-16,0.5009887936717305,0.02,0.48098879367173053,13.984605191851324
2024-07-17,5715.0,5717.75,5631.75,5639.0,False,True,False,-0.013298337707786545,4966.966650390625,True,buy_after_every_green,2024-07-17,-1.3298337707786545,0.02,-1.3498337707786545,12.63477142107267
2024-07-23,5607.75,5629.75,5587.75,5599.25,False,True,False,-0.00151575944006066,4992.870400390625,True,buy_after_every_green,2024-07-23,-0.151575944006066,0.02,-0.171575944006066,12.463195477066606
2024-07-29,5496.5,5534.5,5481.0,5503.0,True,False,False,0.0011825707268262597,5014.889150390625,True,buy_after_every_green,2024-07-29,0.11825707268262597,0.02,0.09825707268262597,12.561452549749232
2024-07-30,5504.5,5527.5,5433.0,5472.5,False,True,False,-0.0058134253792351265,5020.349150390625,True,buy_after_every_green,2024-07-30,-0.5813425379235126,0.02,-0.6013425379235127,11.96011001182572
2024-08-01,5574.75,5600.75,5444.75,5480.25,False,True,False,-0.016951432799677146,5031.749150390625,True,buy_after_every_green,2024-08-01,-1.6951432799677146,0.02,-1.7151432799677147,10.244966731858005
2024-08-07,5241.5,5359.25,5196.75,5227.5,False,True,False,-0.0026709911284937826,5050.707900390625,True,buy_after_every_green,2024-08-07,-0.26709911284937826,0.02,-0.2870991128493783,9.957867619008628
2024-08-09,5348.25,5385.25,5319.5,5370.25,True,False,False,0.004113495068480244,5061.735400390625,True,buy_after_every_green,2024-08-09,0.4113495068480244,0.02,0.3913495068480244,10.349217125856653
2024-08-12,5364.25,5396.75,5347.75,5369.75,True,False,False,0.0010253064268070933,5067.535400390625,True,buy_after_every_green,2024-08-12,0.10253064268070933,0.02,0.08253064268070932,10.431747768537361
2024-08-13,5372.5,5461.25,5367.5,5459.0,True,False,False,0.01610051186598427,5074.047900390625,True,buy_after_every_green,2024-08-13,1.6100511865984268,0.02,1.5900511865984268,12.021798955135788
2024-08-14,5457.5,5487.75,5438.75,5477.0,True,False,False,0.0035730645900138303,5080.744150390625,True,buy_after_every_green,2024-08-14,0.357306459001383,0.02,0.337306459001383,12.35910541413717
2024-08-15,5481.25,5571.75,5471.75,5567.5,True,False,False,0.01573546180159635,5087.652900390625,True,buy_after_every_green,2024-08-15,1.573546180159635,0.02,1.553546180159635,13.912651594296806
2024-08-16,5568.5,5586.25,5536.5,5578.25,True,False,False,0.0017509203555714503,5094.482900390625,True,buy_after_every_green,2024-08-16,0.17509203555714503,0.02,0.15509203555714504,14.06774362985395
2024-08-19,5584.0,5631.75,5565.25,5630.0,True,False,False,0.008237822349570267,5101.352900390625,True,buy_after_every_green,2024-08-19,0.8237822349570267,0.02,0.8037822349570267,14.871525864810977
2024-08-20,5629.5,5643.75,5607.75,5619.75,False,True,False,-0.0017319477751132073,5107.772900390625,True,buy_after_every_green,2024-08-20,-0.17319477751132073,0.02,-0.19319477751132072,14.678331087299656
2024-08-22,5642.0,5665.25,5582.75,5594.0,False,True,False,-0.008507621410847266,5120.149150390625,True,buy_after_every_green,2024-08-22,-0.8507621410847266,0.02,-0.8707621410847266,13.807568946214928
2024-08-26,5650.5,5669.0,5619.75,5637.0,False,True,False,-0.002389169100079691,5132.619150390625,True,buy_after_every_green,2024-08-26,-0.2389169100079691,0.02,-0.2589169100079691,13.54865203620696
2024-08-28,5643.75,5650.5,5576.0,5610.25,False,True,False,-0.005935769656699841,5144.930400390625,True,buy_after_every_green,2024-08-28,-0.5935769656699841,0.02,-0.6135769656699841,12.935075070536975
2024-08-30,5618.5,5665.0,5594.25,5661.0,True,False,False,0.0075642965204236745,5156.604150390625,True,buy_after_every_green,2024-08-30,0.7564296520423675,0.02,0.7364296520423674,13.671504722579343
2024-09-03,5656.25,5669.75,5516.75,5541.75,False,True,False,-0.02024309392265189,5161.716650390625,True,buy_after_every_green,2024-09-03,-2.024309392265189,0.02,-2.044309392265189,11.627195330314153
2024-09-10,5488.25,5506.0,5448.25,5504.0,True,False,False,0.002869767229991327,5185.285400390625,True,buy_after_every_green,2024-09-10,0.2869767229991327,0.02,0.26697672299913267,11.894172053313286
2024-09-11,5499.25,5567.5,5412.0,5561.25,True,False,False,0.011274264672455292,5190.244150390625,True,buy_after_every_green,2024-09-11,1.1274264672455292,0.02,1.1074264672455292,13.001598520558815
2024-09-12,5558.0,5607.0,5540.25,5602.25,True,False,False,0.007961496941345736,5195.414150390625,True,buy_after_every_green,2024-09-12,0.7961496941345736,0.02,0.7761496941345736,13.77774821469339
2024-09-13,5598.5,5641.5,5597.25,5629.75,True,False,False,0.005581852281861144,5200.757900390625,True,buy_after_every_green,2024-09-13,0.5581852281861144,0.02,0.5381852281861144,14.315933442879503
2024-09-16,5622.75,5641.5,5609.25,5638.0,True,False,False,0.0027121959895068937,5206.132900390625,True,buy_after_every_green,2024-09-16,0.27121959895068937,0.02,0.25121959895068935,14.567153041830192
2024-09-17,5633.25,5675.5,5617.0,5639.0,True,False,False,0.001020725158656255,5211.531650390625,True,buy_after_every_green,2024-09-17,0.10207251586562549,0.02,0.08207251586562549,14.649225557695818
2024-09-18,5639.5,5696.25,5613.75,5620.75,False,True,False,-0.003324762833584516,5216.751650390625,True,buy_after_every_green,2024-09-18,-0.3324762833584516,0.02,-0.3524762833584516,14.296749274337365
2024-09-20,5714.75,5717.25,5699.25,5699.990234375,False,True,False,-0.002582749136007645,5227.9541015625,True,buy_after_every_green,2024-09-20,-0.2582749136007645,0.02,-0.2782749136007645,14.018474360736601
2024-09-24,5774.0,5794.25,5754.75,5792.0,True,False,False,0.0031174229303776446,5240.1428515625,True,buy_after_every_green,2024-09-24,0.31174229303776446,0.02,0.29174229303776444,14.310216653774365
2024-09-25,5792.25,5798.75,5768.0,5779.0,False,True,False,-0.002287539384522419,5246.0903515625,True,buy_after_every_green,2024-09-25,-0.2287539384522419,0.02,-0.2487539384522419,14.061462715322124
2024-09-27,5804.25,5821.5,5782.0,5791.25,False,True,False,-0.002239738122927215,5257.9016015625,True,buy_after_every_green,2024-09-27,-0.2239738122927215,0.02,-0.2439738122927215,13.817488903029403
2024-10-01,5807.0,5822.5,5733.0,5759.75,False,True,False,-0.00813673153091099,5269.0016015625,True,buy_after_every_green,2024-10-01,-0.813673153091099,0.02,-0.833673153091099,12.983815749938305
2024-10-07,5802.0,5808.0,5734.25,5744.75,False,True,False,-0.009867287142364733,5289.127751464844,True,buy_after_every_green,2024-10-07,-0.9867287142364733,0.02,-1.0067287142364734,11.977087035701832
2024-10-09,5799.25,5846.5,5780.75,5841.25,True,False,False,0.00724231581670054,5299.604001464843,True,buy_after_every_green,2024-10-09,0.724231581670054,0.02,0.704231581670054,12.681318617371886
2024-10-10,5836.0,5844.0,5811.5,5829.0,False,True,False,-0.0011994516792322996,5304.722751464844,True,buy_after_every_green,2024-10-10,-0.11994516792322996,0.02,-0.13994516792322995,12.541373449448656
2024-10-14,5854.5,5918.5,5850.0,5908.25,True,False,False,0.00918097190195577,5315.270251464844,True,buy_after_every_green,2024-10-14,0.918097190195577,0.02,0.898097190195577,13.439470639644233
2024-10-15,5914.25,5915.5,5850.0,5862.75,False,True,False,-0.008707782051823987,5320.422751464844,True,buy_after_every_green,2024-10-15,-0.8707782051823987,0.02,-0.8907782051823987,12.548692434461834
2024-10-17,5882.75,5927.25,5871.25,5887.0,True,False,False,0.0007224512345416212,5331.2565014648435,True,buy_after_every_green,2024-10-17,0.07224512345416212,0.02,0.052245123454162115,12.600937557915996
2024-10-18,5888.25,5915.5,5876.25,5906.0,True,False,False,0.0030144779858192194,5337.054001464844,True,buy_after_every_green,2024-10-18,0.30144779858192194,0.02,0.2814477985819219,12.882385356497918
2024-10-21,5911.5,5915.5,5865.0,5896.25,False,True,False,-0.0025797174997885808,5342.887751464844,True,buy_after_every_green,2024-10-21,-0.2579717499788581,0.02,-0.2779717499788581,12.60441360651906
2024-10-25,5853.25,5900.75,5835.0,5846.0,False,True,False,-0.0012386281125870147,5364.269001464843,True,buy_after_every_green,2024-10-25,-0.12386281125870147,0.02,-0.14386281125870146,12.460550795260358
2024-10-29,5867.0,5883.75,5837.5,5871.0,True,False,False,0.0006817794443496616,5374.771501464844,True,buy_after_every_green,2024-10-29,0.06817794443496616,0.02,0.04817794443496616,12.508728739695325
2024-10-30,5883.0,5893.0,5840.25,5852.0,False,True,False,-0.005269420363759991,5380.039001464844,True,buy_after_every_green,2024-10-30,-0.5269420363759991,0.02,-0.5469420363759991,11.961786703319326
2024-11-04,5741.75,5776.5,5724.25,5743.25,True,False,False,0.0002612443941307774,5393.979001464843,True,buy_after_every_green,2024-11-04,0.026124439413077738,0.02,0.0061244394130777376,11.967911142732405
2024-11-05,5752.25,5823.25,5735.0,5812.25,True,False,False,0.010430701030031742,5398.635251464843,True,buy_after_every_green,2024-11-05,1.0430701030031742,0.02,1.0230701030031741,12.990981245735579
2024-11-06,5820.25,5967.0,5814.75,5958.25,True,False,False,0.0237103217215755,5403.951501464844,True,buy_after_every_green,2024-11-06,2.37103217215755,0.02,2.35103217215755,15.34201341789313
2024-11-07,5963.5,6013.0,5951.0,6003.75,True,False,False,0.0067493921354908615,5409.480251464844,True,buy_after_every_green,2024-11-07,0.6749392135490861,0.02,0.6549392135490861,15.996952631442216
2024-11-08,6007.75,6040.5,5990.25,6025.25,True,False,False,0.0029129041654529786,5414.990251464844,True,buy_after_every_green,2024-11-08,0.29129041654529786,0.02,0.27129041654529784,16.268243047987514
2024-11-11,6030.0,6053.25,6013.5,6031.75,True,False,False,0.00029021558872299735,5420.567751464844,True,buy_after_every_green,2024-11-11,0.029021558872299735,0.02,0.009021558872299735,16.277264606859813
2024-11-12,6029.25,6036.5,5986.75,6013.0,False,True,False,-0.002695194261309486,5425.860251464844,True,buy_after_every_green,2024-11-12,-0.2695194261309486,0.02,-0.2895194261309486,15.987745180728865
2024-11-14,6017.75,6025.25,5964.25,5978.25,False,True,False,-0.006563915084541572,5436.724001464844,True,buy_after_every_green,2024-11-14,-0.6563915084541572,0.02,-0.6763915084541572,15.311353672274707
2024-11-19,5919.0,5947.5,5855.0,5938.75,True,False,False,0.0033367122824801143,5451.146501464844,True,buy_after_every_green,2024-11-19,0.33367122824801143,0.02,0.3136712282480114,15.62502490052272
2024-11-20,5937.75,5957.75,5880.0,5937.75,False,False,True,0.0,5455.961501464843,True,buy_after_every_green,2024-11-20,0.0,0.02,-0.02,15.60502490052272
2024-11-22,5967.0,5993.5,5940.75,5987.0,True,False,False,0.0033517680576504727,5465.584001464844,True,buy_after_every_green,2024-11-22,0.33517680576504727,0.02,0.31517680576504725,15.920201706287767
2024-11-25,6006.0,6040.0,5982.5,6006.5,True,False,False,8.32500832501637e-05,5470.396501464844,True,buy_after_every_green,2024-11-25,0.00832500832501637,0.02,-0.01167499167498363,15.908526714612783
2024-11-26,6013.25,6044.0,5976.25,6038.25,True,False,False,0.004157485552737761,5475.3815014648435,True,buy_after_every_green,2024-11-26,0.4157485552737761,0.02,0.39574855527377606,16.30427526988656
2024-11-27,6041.75,6047.0,6000.25,6015.0,False,True,False,-0.004427525137584265,5480.6002514648435,True,buy_after_every_green,2024-11-27,-0.4427525137584265,0.02,-0.4627525137584265,15.841522756128134
2024-12-02,6051.5,6068.5,6036.0,6061.75,True,False,False,0.001693794926877601,5490.844001464844,True,buy_after_every_green,2024-12-02,0.1693794926877601,0.02,0.1493794926877601,15.990902248815894
2024-12-03,6064.0,6070.75,6047.5,6063.25,False,True,False,-0.0001236807387863248,5496.061501464844,True,buy_after_every_green,2024-12-03,-0.01236807387863248,0.02,-0.03236807387863248,15.958534174937261
2024-12-05,6095.25,6107.25,6081.5,6088.75,False,True,False,-0.0010664041671794022,5507.059001464844,True,buy_after_every_green,2024-12-05,-0.10664041671794022,0.02,-0.1266404167179402,15.831893758219321
2024-12-09,6096.25,6105.75,6060.0,6065.75,False,True,False,-0.00500307566126712,5516.886501464844,True,buy_after_every_green,2024-12-09,-0.500307566126712,0.02,-0.520307566126712,15.311586192092609
2024-12-12,6087.5,6088.25,6055.5,6060.75,False,True,False,-0.0043942505133470755,5531.629001464844,True,buy_after_every_green,2024-12-12,-0.43942505133470755,0.02,-0.45942505133470757,14.8521611407579
2024-12-17,6077.0,6079.25,6040.75,6053.75,False,True,False,-0.003825900937962756,5545.637751464844,True,buy_after_every_green,2024-12-17,-0.3825900937962756,0.02,-0.40259009379627564,14.449571046961625
2024-12-24,6037.75,6099.5,6030.0,6098.0,True,False,False,0.009978882861993332,5566.157800292969,True,buy_after_every_green,2024-12-24,0.9978882861993332,0.02,0.9778882861993332,15.427459333160957
2024-12-26,6099.25,6107.5,6063.25,6095.25,False,True,False,-0.0006558183383202909,5570.747800292968,True,buy_after_every_green,2024-12-26,-0.06558183383202909,0.02,-0.0855818338320291,15.341877499328929
2025-01-06,5994.5,6068.25,5980.75,6020.5,True,False,False,0.0043373092001000035,5594.1544506835935,True,buy_after_every_green,2025-01-06,0.43373092001000035,0.02,0.41373092001000034,15.755608419338929
2025-01-07,6028.0,6045.5,5935.0,5954.25,False,True,False,-0.012234571997345678,5597.4132006835935,True,buy_after_every_green,2025-01-07,-1.2234571997345678,0.02,-1.2434571997345678,14.51215121960436
2025-01-09,5955.0,5957.0,5929.25,5944.75,False,True,False,-0.0017212426532325908,5604.075700683594,True,buy_after_every_green,2025-01-09,-0.17212426532325908,0.02,-0.19212426532325907,14.320026954281103
2025-01-14,5887.25,5918.5,5842.5,5882.25,False,True,False,-0.0008492929636078062,5612.780700683594,True,buy_after_every_green,2025-01-14,-0.08492929636078062,0.02,-0.10492929636078062,14.215097657920323
2025-01-16,5988.5,6017.5,5961.75,5975.5,False,True,False,-0.002170827419220145,5619.824450683594,True,buy_after_every_green,2025-01-16,-0.2170827419220145,0.02,-0.23708274192201448,13.978014915998308
2025-01-21,6032.25,6093.25,5994.5,6084.25,True,False,False,0.008620332380123497,5628.094450683594,True,buy_after_every_green,2025-01-21,0.8620332380123497,0.02,0.8420332380123496,14.820048154010658
2025-01-22,6094.0,6135.75,6087.0,6120.5,True,False,False,0.004348539547095465,5632.431950683594,True,buy_after_every_green,2025-01-22,0.43485395470954646,0.02,0.41485395470954645,15.234902108720204
2025-01-23,6120.0,6154.0,6101.5,6152.0,True,False,False,0.005228758169934622,5636.925700683594,True,buy_after_every_green,2025-01-23,0.5228758169934622,0.02,0.5028758169934622,15.737777925713667
2025-01-24,6148.0,6162.25,6122.0,6133.25,False,True,False,-0.002399154196486619,5641.290700683594,True,buy_after_every_green,2025-01-24,-0.23991541964866192,0.02,-0.25991541964866194,15.477862506065005
2025-01-29,6090.75,6111.5,6042.25,6067.5,False,True,False,-0.0038172638837581374,5654.254450683594,True,buy_after_every_green,2025-01-29,-0.38172638837581374,0.02,-0.40172638837581376,15.076136117689192
2025-01-31,6106.0,6147.75,6057.75,6067.25,False,True,False,-0.006346216835899088,5664.104450683593,True,buy_after_every_green,2025-01-31,-0.6346216835899088,0.02,-0.6546216835899088,14.421514434099283
2025-02-04,6069.0,6069.0,5987.0,6063.0,False,True,False,-0.000988630746416197,5673.974450683594,True,buy_after_every_green,2025-02-04,-0.0988630746416197,0.02,-0.1188630746416197,14.302651359457663
2025-02-06,6090.25,6108.5,6070.0,6106.0,True,False,False,0.0025861007347809384,5684.680700683593,True,buy_after_every_green,2025-02-06,0.25861007347809384,0.02,0.23861007347809385,14.541261432935757
2025-02-07,6089.75,6123.25,6041.25,6049.5,False,True,False,-0.006609466726877122,5689.3957006835935,True,buy_after_every_green,2025-02-07,-0.6609466726877122,0.02,-0.6809466726877123,13.860314760248045
2025-02-11,6085.5,6098.75,6057.75,6092.25,True,False,False,0.0011091939857037492,5699.351950683594,True,buy_after_every_green,2025-02-11,0.11091939857037492,0.02,0.09091939857037491,13.95123415881842
2025-02-12,6090.75,6098.0,6020.75,6072.75,False,True,False,-0.002955301071296601,5704.058200683594,True,buy_after_every_green,2025-02-12,-0.2955301071296601,0.02,-0.3155301071296601,13.635704051688759
2025-02-14,6131.75,6146.75,6121.25,6132.0,True,False,False,4.077139478941838e-05,5714.324450683594,True,buy_after_every_green,2025-02-14,0.004077139478941838,0.02,-0.015922860521058162,13.6197811911677
2025-02-18,6138.25,6157.75,6118.25,6146.75,True,False,False,0.001384759499857502,5719.825700683594,True,buy_after_every_green,2025-02-18,0.1384759499857502,0.02,0.11847594998575019,13.73825714115345
2025-02-19,6143.75,6166.5,6129.25,6163.0,True,False,False,0.0031332655137334964,5725.183200683594,True,buy_after_every_green,2025-02-19,0.31332655137334964,0.02,0.2933265513733496,14.0315836925268
2025-02-20,6153.75,6159.5,6102.75,6136.5,False,True,False,-0.0028031687995124788,5730.0919506835935,True,buy_after_every_green,2025-02-20,-0.2803168799512479,0.02,-0.3003168799512479,13.731266812575551
2025-03-03,5967.5,6000.5,5821.75,5860.75,False,True,False,-0.017888563049853423,5755.2794506835935,True,buy_after_every_green,2025-03-03,-1.7888563049853423,0.02,-1.8088563049853423,11.92241050759021
2025-03-06,5844.75,5853.5,5720.0,5746.25,False,True,False,-0.016852731083450978,5762.311950683594,True,buy_after_every_green,2025-03-06,-1.6852731083450978,0.02,-1.7052731083450978,10.21713739924511
2025-03-10,5753.0,5757.75,5571.5,5620.75,False,True,False,-0.022988006257604776,5765.910700683594,True,buy_after_every_green,2025-03-10,-2.2988006257604776,0.02,-2.3188006257604776,7.898336773484633
2025-03-13,5596.5,5623.0,5509.25,5527.5,False,True,False,-0.01232913428035376,5769.783200683593,True,buy_after_every_green,2025-03-13,-1.232913428035376,0.02,-1.252913428035376,6.645423345449258
2025-03-17,5626.75,5707.5,5599.0,5680.25,True,False,False,0.009508153019060828,5773.340700683594,True,buy_after_every_green,2025-03-17,0.9508153019060828,0.02,0.9308153019060827,7.576238647355341
2025-03-18,5680.0,5686.25,5600.0,5618.0,False,True,False,-0.01091549295774652,5775.165700683594,True,buy_after_every_green,2025-03-18,-1.091549295774652,0.02,-1.111549295774652,6.464689351580689
2025-03-20,5680.0,5714.25,5631.5,5662.5,False,True,False,-0.0030809859154929953,5778.906950683594,True,buy_after_every_green,2025-03-20,-0.3080985915492995,0.02,-0.32809859154929955,6.136590760031389
2025-03-25,5813.0,5837.25,5802.25,5826.5,True,False,False,0.002322380870462659,5785.035949707031,True,buy_after_every_green,2025-03-25,0.23223808704626592,0.02,0.21223808704626593,6.348828847077655
2025-03-26,5831.0,5836.5,5743.0,5759.5,False,True,False,-0.012262047676213306,5787.054699707031,True,buy_after_every_green,2025-03-26,-1.2262047676213306,0.02,-1.2462047676213306,5.102624079456325
2025-03-28,5741.75,5747.75,5602.25,5623.0,False,True,False,-0.020681847868681102,5790.089699707031,True,buy_after_every_green,2025-03-28,-2.0681847868681102,0.02,-2.0881847868681103,3.0144392925882144
2025-04-01,5644.25,5694.75,5600.25,5674.5,True,False,False,0.005359436594764677,5792.398449707031,True,buy_after_every_green,2025-04-01,0.5359436594764677,0.02,0.5159436594764677,3.530382952064682
2025-04-02,5672.0,5773.25,5566.25,5712.25,True,False,False,0.007096262341325765,5793.772199707031,True,buy_after_every_green,2025-04-02,0.7096262341325765,0.02,0.6896262341325765,4.220009186197259
2025-04-03,5550.5,5564.75,5415.25,5432.75,False,True,False,-0.021214305017565938,5793.543449707031,True,buy_after_every_green,2025-04-03,-2.1214305017565938,0.02,-2.1414305017565938,2.078578684440665
2025-04-08,5126.5,5305.25,4940.5,5020.25,False,True,False,-0.020725641275724183,5787.483999023438,True,buy_after_every_green,2025-04-08,-2.0725641275724183,0.02,-2.0925641275724183,-0.013985443131753428
2025-04-10,5502.5,5528.75,5146.75,5302.0,False,True,False,-0.036437982735120444,5786.178999023437,True,buy_after_every_green,2025-04-10,-3.6437982735120444,0.02,-3.6637982735120445,-3.677783716643798
2025-04-14,5452.5,5497.75,5391.0,5440.75,False,True,False,-0.0021549747822100507,5784.891499023437,True,buy_after_every_green,2025-04-14,-0.21549747822100507,0.02,-0.23549747822100506,-3.913281194864803
2025-04-21,5283.75,5306.75,5127.25,5184.75,False,True,False,-0.01873669268985101,5779.977749023437,True,buy_after_every_green,2025-04-21,-1.8736692689851009,0.02,-1.893669268985101,-5.806950463849904
2025-04-23,5379.75,5499.75,5377.75,5401.75,True,False,False,0.0040894093591710146,5777.3264990234375,True,buy_after_every_green,2025-04-23,0.40894093591710146,0.02,0.38894093591710144,-5.418009527932803
2025-04-24,5409.0,5541.5,5355.25,5511.25,True,False,False,0.01890367905342938,5776.726499023437,True,buy_after_every_green,2025-04-24,1.8903679053429379,0.02,1.8703679053429378,-3.547641622589865
2025-04-25,5529.0,5562.25,5480.25,5549.75,True,False,False,0.0037529390486525926,5776.035249023437,True,buy_after_every_green,2025-04-25,0.37529390486525926,0.02,0.35529390486525925,-3.192347717724606
2025-04-28,5544.0,5578.75,5492.0,5553.0,True,False,False,0.0016233766233766378,5775.601499023437,True,buy_after_every_green,2025-04-28,0.16233766233766378,0.02,0.1423376623376638,-3.050010055386942
2025-04-29,5543.0,5597.25,5521.5,5583.75,True,False,False,0.007351614649107052,5775.196499023437,True,buy_after_every_green,2025-04-29,0.7351614649107052,0.02,0.7151614649107052,-2.334848590476237
2025-04-30,5579.5,5626.25,5455.5,5587.0,True,False,False,0.0013442064701139067,5774.716499023438,True,buy_after_every_green,2025-04-30,0.13442064701139067,0.02,0.11442064701139067,-2.220427943464846
2025-05-01,5617.5,5682.5,5601.75,5623.25,True,False,False,0.0010235870048953544,5774.2464990234375,True,buy_after_every_green,2025-05-01,0.10235870048953544,0.02,0.08235870048953543,-2.1380692429753108
2025-05-02,5608.5,5724.75,5601.0,5709.0,True,False,False,0.017919229740572362,5774.596499023438,True,buy_after_every_green,2025-05-02,1.7919229740572362,0.02,1.7719229740572362,-0.36614626891807456
2025-05-05,5705.0,5706.25,5655.25,5671.75,False,True,False,-0.005828220858895672,5774.9827490234375,True,buy_after_every_green,2025-05-05,-0.5828220858895672,0.02,-0.6028220858895672,-0.9689683548076418
2025-05-08,5643.25,5741.0,5636.5,5684.5,True,False,False,0.007309617684844616,5775.975249023438,True,buy_after_every_green,2025-05-08,0.7309617684844616,0.02,0.7109617684844616,-0.2580065863231802
2025-05-09,5688.5,5715.25,5662.5,5678.0,False,True,False,-0.001845829304737645,5777.0052490234375,True,buy_after_every_green,2025-05-09,-0.1845829304737645,0.02,-0.2045829304737645,-0.4625895167969447
2025-05-13,5868.0,5927.0,5835.75,5904.5,True,False,False,0.006220177232447277,5781.151499023437,True,buy_after_every_green,2025-05-13,0.6220177232447277,0.02,0.6020177232447277,0.13942820644778298
2025-05-14,5902.0,5925.0,5890.0,5908.5,True,False,False,0.0011013215859030367,5783.178999023437,True,buy_after_every_green,2025-05-14,0.11013215859030367,0.02,0.09013215859030367,0.22956036503808663
2025-05-15,5904.0,5944.5,5867.0,5933.25,True,False,False,0.004954268292682862,5785.4827490234375,True,buy_after_every_green,2025-05-15,0.4954268292682862,0.02,0.47542682926828617,0.7049871943063728
2025-05-16,5935.0,5977.5,5923.0,5975.5,True,False,False,0.0068239258635214295,5787.570249023437,True,buy_after_every_green,2025-05-16,0.682392586352143,0.02,0.6623925863521429,1.3673797806585157
2025-05-19,5930.25,5987.5,5892.75,5982.5,True,False,False,0.008810758399730112,5790.081499023438,True,buy_after_every_green,2025-05-19,0.8810758399730112,0.02,0.8610758399730112,2.228455620631527
2025-05-20,5980.0,5993.5,5926.75,5959.75,False,True,False,-0.0033862876254180385,5793.000249023437,True,buy_after_every_green,2025-05-20,-0.33862876254180385,0.02,-0.35862876254180387,1.869826858089723
2025-05-28,5940.75,5952.5,5890.0,5902.75,False,True,False,-0.006396498758574287,5807.711499023438,True,buy_after_every_green,2025-05-28,-0.6396498758574287,0.02,-0.6596498758574287,1.2101769822322943
2025-06-02,5898.75,5955.5,5867.5,5947.25,True,False,False,0.008222080949353616,5815.112749023438,True,buy_after_every_green,2025-06-02,0.8222080949353616,0.02,0.8022080949353616,2.012385077167656
2025-06-03,5949.0,5991.25,5909.25,5981.5,True,False,False,0.005463103042528061,5817.182749023437,True,buy_after_every_green,2025-06-03,0.5463103042528061,0.02,0.5263103042528061,2.538695381420462
2025-06-04,5980.0,5999.0,5974.0,5981.0,True,False,False,0.0001672240802674807,5819.196499023437,True,buy_after_every_green,2025-06-04,0.01672240802674807,0.02,-0.0032775919732519303,2.53541778944721
2025-06-05,5974.25,6016.5,5928.75,5946.0,False,True,False,-0.004728627024312648,5820.776499023437,True,buy_after_every_green,2025-06-05,-0.4728627024312648,0.02,-0.49286270243126484,2.0425550870159452
2025-06-09,6010.0,6027.75,5992.25,6010.25,True,False,False,4.1597337770316045e-05,5824.555249023438,True,buy_after_every_green,2025-06-09,0.0041597337770316045,0.02,-0.015840266222968396,2.026714820792977
2025-06-10,6012.25,6049.5,5991.25,6045.0,True,False,False,0.005447211942284591,5826.810249023438,True,buy_after_every_green,2025-06-10,0.5447211942284591,0.02,0.5247211942284591,2.551436015021436
2025-06-11,6038.75,6074.75,6006.25,6029.0,False,True,False,-0.0016145725522666021,5828.6927490234375,True,buy_after_every_green,2025-06-11,-0.1614572552266602,0.02,-0.1814572552266602,2.3699787597947757
2025-06-13,6045.0,6045.0,5927.5,5979.25,False,True,False,-0.010876757650951197,5832.427749023437,True,buy_after_every_green,2025-06-13,-1.0876757650951197,0.02,-1.1076757650951197,1.262302994699656
2025-06-17,6038.5,6040.5,5976.75,5985.0,False,True,False,-0.008859816179514812,5836.430249023438,True,buy_after_every_green,2025-06-17,-0.8859816179514812,0.02,-0.9059816179514812,0.35632137674817477
2025-06-20,5984.0,6019.25,5918.25,6010.2099609375,True,False,False,0.004380006841159689,5840.375048828125,True,buy_after_every_green,2025-06-20,0.43800068411596893,0.02,0.4180006841159689,0.7743220608641437
2025-06-23,5964.0,6081.5,5959.0,6077.0,True,False,False,0.018947015425888614,5843.110048828125,True,buy_after_every_green,2025-06-23,1.8947015425888614,0.02,1.8747015425888613,2.649023603453005
2025-06-24,6078.0,6155.25,6075.25,6146.25,True,False,False,0.011229022704837055,5846.280048828125,True,buy_after_every_green,2025-06-24,1.1229022704837055,0.02,1.1029022704837055,3.7519258739367105
2025-06-25,6144.75,6160.25,6130.75,6147.0,True,False,False,0.00036616623947272053,5849.917548828125,True,buy_after_every_green,2025-06-25,0.03661662394727205,0.02,0.016616623947272053,3.7685424978839825
2025-06-26,6144.75,6200.0,6141.25,6195.0,True,False,False,0.008177712681557425,5853.495048828125,True,buy_after_every_green,2025-06-26,0.8177712681557425,0.02,0.7977712681557425,4.566313766039725
2025-06-27,6197.5,6239.0,6183.25,6223.75,True,False,False,0.004235578862444633,5857.093798828125,True,buy_after_every_green,2025-06-27,0.42355788624446333,0.02,0.4035578862444633,4.969871652284189
2025-06-30,6223.25,6265.5,6223.25,6253.75,True,False,False,0.004900976178042082,5860.556298828125,True,buy_after_every_green,2025-06-30,0.49009761780420824,0.02,0.4700976178042082,5.4399692700883975
2025-07-01,6245.75,6261.5,6227.25,6248.75,True,False,False,0.0004803266221029556,5863.788798828125,True,buy_after_every_green,2025-07-01,0.04803266221029556,0.02,0.028032662210295562,5.4680019322986935
2025-07-02,6247.75,6279.5,6235.5,6275.0,True,False,False,0.00436157016525951,5867.015048828125,True,buy_after_every_green,2025-07-02,0.43615701652595096,0.02,0.41615701652595094,5.884158948824645
2025-07-03,6276.5,6333.25,6270.5,6324.25,True,False,False,0.007607743168963621,5870.446298828125,True,buy_after_every_green,2025-07-03,0.7607743168963621,0.02,0.7407743168963621,6.6249332657210065
2025-07-04,6320.75,6322.75,6276.5,6283.5,False,True,False,-0.005893287980065609,5873.668798828125,True,buy_after_every_green,2025-07-04,-0.5893287980065609,0.02,-0.6093287980065609,6.015604467714446
2025-07-09,6272.0,6315.25,6260.0,6307.25,True,False,False,0.005620216836734748,5882.75259765625,True,buy_after_every_green,2025-07-09,0.5620216836734748,0.02,0.5420216836734748,6.55762615138792
2025-07-10,6306.0,6335.5,6287.5,6324.25,True,False,False,0.0028940691405010543,5885.49009765625,True,buy_after_every_green,2025-07-10,0.28940691405010543,0.02,0.2694069140501054,6.827033065438025
2025-07-11,6323.0,6330.25,6276.75,6300.0,False,True,False,-0.0036375138383678562,5888.03009765625,True,buy_after_every_green,2025-07-11,-0.3637513838367856,0.02,-0.38375138383678564,6.443281681601239
2025-07-15,6309.5,6343.0,6272.5,6284.0,False,True,False,-0.004041524684998854,5893.08759765625,True,buy_after_every_green,2025-07-15,-0.4041524684998854,0.02,-0.4241524684998854,6.019129213101354
2025-07-17,6299.25,6345.5,6288.25,6340.5,True,False,False,0.006548398618883233,5898.27884765625,True,buy_after_every_green,2025-07-17,0.6548398618883233,0.02,0.6348398618883233,6.653969074989677
2025-07-18,6342.5,6357.0,6323.25,6334.75,False,True,False,-0.001221915648403571,5901.15384765625,True,buy_after_every_green,2025-07-18,-0.12219156484035709,0.02,-0.14219156484035708,6.51177751014932
2025-07-22,6347.0,6353.75,6318.75,6346.75,False,True,False,-3.938868756891978e-05,5907.06259765625,True,buy_after_every_green,2025-07-22,-0.003938868756891978,0.02,-0.023938868756891978,6.487838641392428
2025-07-24,6404.0,6418.25,6391.5,6401.5,False,True,False,-0.0003903810118676132,5913.32759765625,True,buy_after_every_green,2025-07-24,-0.03903810118676132,0.02,-0.059038101186761324,6.428800540205667
2025-07-28,6450.0,6457.75,6408.75,6422.75,False,True,False,-0.004224806201550413,5919.35759765625,True,buy_after_every_green,2025-07-28,-0.4224806201550413,0.02,-0.4424806201550413,5.986319920050626
2025-08-05,6370.0,6377.5,6315.5,6325.25,False,True,False,-0.007025117739403508,5933.80009765625,True,buy_after_every_green,2025-08-05,-0.7025117739403508,0.02,-0.7225117739403508,5.263808146110275
2025-08-07,6371.0,6426.75,6334.5,6366.5,False,True,False,-0.0007063255375922006,5938.47634765625,True,buy_after_every_green,2025-08-07,-0.07063255375922006,0.02,-0.09063255375922007,5.173175592351055
2025-08-11,6422.75,6431.5,6387.5,6399.75,False,True,False,-0.0035810205908684,5943.89134765625,True,buy_after_every_green,2025-08-11,-0.35810205908684,0.02,-0.37810205908684,4.795073533264215
2025-08-13,6468.0,6502.5,6461.0,6488.75,True,False,False,0.003208101422387033,5950.20259765625,True,buy_after_every_green,2025-08-13,0.3208101422387033,0.02,0.3008101422387033,5.095883675502918
2025-08-14,6485.0,6496.0,6453.25,6490.5,True,False,False,0.0008481110254432433,5953.34759765625,True,buy_after_every_green,2025-08-14,0.08481110254432433,0.02,0.06481110254432433,5.160694778047243
2025-08-15,6489.25,6508.75,6461.5,6471.5,False,True,False,-0.0027352929845513296,5956.35009765625,True,buy_after_every_green,2025-08-15,-0.27352929845513296,0.02,-0.293529298455133,4.86716547959211
2025-08-19,6468.5,6477.5,6419.25,6432.5,False,True,False,-0.005565432480482357,5962.90634765625,True,buy_after_every_green,2025-08-19,-0.5565432480482357,0.02,-0.5765432480482358,4.290622231543875
2025-08-25,6493.0,6494.0,6453.0,6455.5,False,True,False,-0.005775450485137834,5975.24759765625,True,buy_after_every_green,2025-08-25,-0.5775450485137834,0.02,-0.5975450485137834,3.6930771830300912
2025-08-27,6486.75,6505.5,6459.25,6496.0,True,False,False,0.0014259837360774963,5979.99509765625,True,buy_after_every_green,2025-08-27,0.14259837360774963,0.02,0.12259837360774963,3.815675556637841
2025-08-28,6485.0,6523.0,6471.0,6517.5,True,False,False,0.005011565150347064,5982.42384765625,True,buy_after_every_green,2025-08-28,0.5011565150347064,0.02,0.48115651503470636,4.296832071672547
2025-08-29,6516.0,6518.0,6455.5,6472.75,False,True,False,-0.006637507673419307,5984.72259765625,True,buy_after_every_green,2025-08-29,-0.6637507673419307,0.02,-0.6837507673419307,3.6130813043306165
2025-09-04,6460.0,6516.75,6454.5,6510.75,True,False,False,0.007856037151702688,5992.23634765625,True,buy_after_every_green,2025-09-04,0.7856037151702688,0.02,0.7656037151702688,4.378685019500885
2025-09-05,6515.75,6541.75,6452.0,6489.75,False,True,False,-0.003990331120745871,5995.08509765625,True,buy_after_every_green,2025-09-05,-0.39903311207458714,0.02,-0.41903311207458716,3.959651907426298
2025-09-09,6507.75,6536.25,6489.25,6521.75,True,False,False,0.00215128116476504,6000.84134765625,True,buy_after_every_green,2025-09-09,0.21512811647650398,0.02,0.195128116476504,4.154780023902802
2025-09-10,6532.25,6565.25,6522.5,6539.75,True,False,False,0.0011481495656167073,6003.68759765625,True,buy_after_every_green,2025-09-10,0.11481495656167073,0.02,0.09481495656167073,4.249594980464473
2025-09-11,6535.75,6600.0,6535.5,6592.5,True,False,False,0.008683012661133027,6006.71509765625,True,buy_after_every_green,2025-09-11,0.8683012661133027,0.02,0.8483012661133027,5.0978962465777755
2025-09-12,6596.25,6606.0,6576.0,6588.25,False,True,False,-0.0012128103088876463,6009.62384765625,True,buy_after_every_green,2025-09-12,-0.12128103088876463,0.02,-0.14128103088876462,4.956615215689011
2025-09-16,6616.25,6639.0,6604.25,6610.75,False,True,False,-0.0008312866049499101,6015.51884765625,True,buy_after_every_green,2025-09-16,-0.08312866049499101,0.02,-0.10312866049499102,4.85348655519402
2025-09-19,6640.0,6660.75,6622.75,6658.77001953125,True,False,False,0.0028268101703690096,6024.111447753906,True,buy_after_every_green,2025-09-19,0.28268101703690096,0.02,0.26268101703690094,5.116167572230921
2025-09-22,6716.0,6756.75,6695.25,6752.5,True,False,False,0.005434782608695565,6027.381447753906,True,buy_after_every_green,2025-09-22,0.5434782608695565,0.02,0.5234782608695565,5.639645833100477
2025-09-23,6749.5,6756.5,6701.75,6715.0,False,True,False,-0.005111489739980768,6030.512697753907,True,buy_after_every_green,2025-09-23,-0.5111489739980768,0.02,-0.5311489739980768,5.1084968591024005
2025-09-29,6697.0,6736.0,6696.25,6713.5,True,False,False,0.0024637897566073264,6042.803947753906,True,buy_after_every_green,2025-09-29,0.24637897566073264,0.02,0.22637897566073265,5.3348758347631335
2025-09-30,6708.0,6743.5,6693.0,6738.75,True,False,False,0.00458407871198574,6046.193947753906,True,buy_after_every_green,2025-09-30,0.45840787119857396,0.02,0.43840787119857394,5.773283705961708
2025-10-01,6725.5,6769.5,6680.0,6761.5,True,False,False,0.005352761876440404,6049.723947753906,True,buy_after_every_green,2025-10-01,0.5352761876440404,0.02,0.5152761876440404,6.288559893605749
2025-10-02,6757.0,6782.25,6741.5,6766.75,True,False,False,0.001442948053870019,6053.155197753907,True,buy_after_every_green,2025-10-02,0.1442948053870019,0.02,0.1242948053870019,6.412854698992751
2025-10-03,6764.75,6800.0,6754.0,6764.0,False,True,False,-0.00011086884215971704,6056.706447753906,True,buy_after_every_green,2025-10-03,-0.011086884215971704,0.02,-0.031086884215971704,6.381767814776779
2025-10-07,6789.5,6802.75,6747.25,6761.5,False,True,False,-0.004124015023197591,6065.752697753906,True,buy_after_every_green,2025-10-07,-0.41240150231975914,0.02,-0.43240150231975916,5.94936631245702
2025-10-09,6802.75,6812.25,6760.75,6779.25,False,True,False,-0.0034544853184373947,6074.273898925781,True,buy_after_every_green,2025-10-09,-0.34544853184373947,0.02,-0.3654485318437395,5.58391778061328
2025-10-14,6691.0,6722.5,6593.25,6686.5,False,True,False,-0.0006725452099836104,6083.055148925781,True,buy_after_every_green,2025-10-14,-0.06725452099836104,0.02,-0.08725452099836105,5.49666325961492
2025-10-16,6715.25,6750.5,6632.0,6668.75,False,True,False,-0.00692453743345367,6090.501398925781,True,buy_after_every_green,2025-10-16,-0.692453743345367,0.02,-0.712453743345367,4.784209516269552
2025-10-20,6721.0,6783.0,6694.0,6773.75,True,False,False,0.007848534444279132,6098.352648925781,True,buy_after_every_green,2025-10-20,0.7848534444279132,0.02,0.7648534444279131,5.549062960697466
2025-10-21,6779.5,6789.75,6759.25,6773.25,False,True,False,-0.0009218968950512885,6102.116398925781,True,buy_after_every_green,2025-10-21,-0.09218968950512885,0.02,-0.11218968950512885,5.436873271192337
2025-10-24,6778.25,6841.25,6776.5,6827.0,True,False,False,0.007192121860362111,6114.5201489257815,True,buy_after_every_green,2025-10-24,0.7192121860362111,0.02,0.699212186036211,6.136085457228548
2025-10-27,6881.0,6916.25,6865.75,6908.25,True,False,False,0.003960180206365349,6119.730148925782,True,buy_after_every_green,2025-10-27,0.3960180206365349,0.02,0.3760180206365349,6.512103477865082
2025-10-28,6914.0,6944.75,6901.5,6925.75,True,False,False,0.0016994503905121139,6124.986398925781,True,buy_after_every_green,2025-10-28,0.1699450390512114,0.02,0.1499450390512114,6.662048516916294
2025-10-29,6929.25,6952.0,6882.25,6922.75,False,True,False,-0.000938052458779759,6130.188898925781,True,buy_after_every_green,2025-10-29,-0.0938052458779759,0.02,-0.1138052458779759,6.548243271038318
2025-11-04,6884.0,6884.0,6786.25,6801.75,False,True,False,-0.011947995351539786,6146.847648925781,True,buy_after_every_green,2025-11-04,-1.1947995351539786,0.02,-1.2147995351539786,5.333443735884339
2025-11-06,6828.5,6843.5,6733.5,6747.5,False,True,False,-0.01186204876620045,6153.348898925781,True,buy_after_every_green,2025-11-06,-1.186204876620045,0.02,-1.206204876620045,4.127238859264294
2025-11-11,6857.25,6880.0,6830.5,6871.5,True,False,False,0.0020780925298042874,6164.373898925781,True,buy_after_every_green,2025-11-11,0.20780925298042874,0.02,0.18780925298042875,4.315048112244723
2025-11-12,6874.0,6900.5,6852.0,6875.75,True,False,False,0.0002545824847250966,6168.415148925781,True,buy_after_every_green,2025-11-12,0.02545824847250966,0.02,0.005458248472509659,4.320506360717233
2025-11-13,6873.25,6892.5,6746.0,6760.0,False,True,False,-0.016476921398174027,6171.718898925781,True,buy_after_every_green,2025-11-13,-1.6476921398174027,0.02,-1.6676921398174027,2.65281422089983
2025-11-20,6697.5,6791.25,6550.5,6557.5,False,True,False,-0.020903322135125024,6186.523898925781,True,buy_after_every_green,2025-11-20,-2.0903322135125024,0.02,-2.1103322135125024,0.5424820073873278
2025-11-24,6654.75,6731.75,6625.0,6721.25,True,False,False,0.009992862241256173,6192.540148925781,True,buy_after_every_green,2025-11-24,0.9992862241256173,0.02,0.9792862241256173,1.521768231512945
2025-11-25,6726.25,6792.5,6674.5,6781.5,True,False,False,0.008214086601003423,6195.986398925781,True,buy_after_every_green,2025-11-25,0.8214086601003423,0.02,0.8014086601003423,2.3231768916132873
2025-11-26,6781.0,6846.75,6778.25,6828.0,True,False,False,0.0069311311016073684,6199.762648925781,True,buy_after_every_green,2025-11-26,0.6931131101607368,0.02,0.6731131101607368,2.996290001774024
2025-11-28,6830.25,6863.75,6824.25,6859.5,True,False,False,0.0042824201163940145,6203.383898925781,True,buy_after_every_green,2025-11-28,0.42824201163940145,0.02,0.40824201163940144,3.4045320134134256
2025-12-01,6854.75,6864.5,6802.0,6826.75,False,True,False,-0.004084758743936656,6206.857648925781,True,buy_after_every_green,2025-12-01,-0.4084758743936656,0.02,-0.42847587439366563,2.97605613901976
2025-12-03,6843.0,6873.25,6817.5,6862.0,True,False,False,0.0027765599883091685,6213.820148925781,True,buy_after_every_green,2025-12-03,0.27765599883091685,0.02,0.25765599883091683,3.233712137850677
2025-12-04,6866.0,6880.75,6836.25,6866.75,True,False,False,0.00010923390620454221,6217.471398925782,True,buy_after_every_green,2025-12-04,0.01092339062045422,0.02,-0.00907660937954578,3.224635528471131
2025-12-05,6865.5,6905.0,6856.75,6878.25,True,False,False,0.0018571116451824299,6221.717648925781,True,buy_after_every_green,2025-12-05,0.185711164518243,0.02,0.165711164518243,3.390346692989374
2025-12-08,6883.0,6893.75,6835.25,6855.75,False,True,False,-0.003959029492953681,6225.992648925781,True,buy_after_every_green,2025-12-08,-0.39590294929536807,0.02,-0.4159029492953681,2.974443743694006
2025-12-11,6887.0,6928.75,6817.5,6907.25,True,False,False,0.0029403223464499195,6240.143898925781,True,buy_after_every_green,2025-12-11,0.29403223464499195,0.02,0.27403223464499193,3.248475978338998
2025-12-12,6914.0,6915.5,6805.0,6830.75,False,True,False,-0.012040786809372261,6244.481398925781,True,buy_after_every_green,2025-12-12,-1.2040786809372261,0.02,-1.2240786809372262,2.0243972974017717
2025-12-19,6772.25,6802.75,6768.0,6796.5400390625,True,False,False,0.003586701474768361,6268.989099121094,True,buy_after_every_green,2025-12-19,0.3586701474768361,0.02,0.3386701474768361,2.3630674448786078
2025-12-22,6906.25,6936.25,6900.5,6930.25,True,False,False,0.003475113122171969,6275.536599121094,True,buy_after_every_green,2025-12-22,0.3475113122171969,0.02,0.32751131221719687,2.6905787570958046
2025-12-23,6930.75,6963.75,6913.25,6961.0,True,False,False,0.004364607005013843,6282.456599121094,True,buy_after_every_green,2025-12-23,0.4364607005013843,0.02,0.4164607005013843,3.107039457597189
2025-12-24,6959.5,6988.0,6952.5,6982.5,True,False,False,0.0033048351174653767,6289.345349121094,True,buy_after_every_green,2025-12-24,0.3304835117465377,0.02,0.31048351174653765,3.4175229693437266
2025-12-26,6979.5,6994.0,6969.0,6979.25,False,True,False,-3.581918475537016e-05,6296.604099121094,True,buy_after_every_green,2025-12-26,-0.003581918475537016,0.02,-0.023581918475537016,3.3939410508681895
2026-01-06,6945.5,6991.5,6931.0,6987.75,True,False,False,0.006083075372543378,6335.2376000976565,True,buy_after_every_green,2026-01-06,0.6083075372543378,0.02,0.5883075372543378,3.9822485881225274
2026-01-07,6988.5,7006.75,6958.0,6963.25,False,True,False,-0.0036130786291764805,6340.976350097656,True,buy_after_every_green,2026-01-07,-0.36130786291764805,0.02,-0.38130786291764807,3.6009407252048793
2026-01-12,7007.0,7025.25,6950.0,7016.5,True,False,False,0.0013557870700728891,6359.267600097656,True,buy_after_every_green,2026-01-12,0.1355787070072889,0.02,0.11557870700728891,3.716519432212168
2026-01-13,7014.0,7036.25,6976.75,7001.75,False,True,False,-0.0017465069860279625,6366.161350097656,True,buy_after_every_green,2026-01-13,-0.17465069860279625,0.02,-0.19465069860279624,3.521868733609372
2026-01-16,6986.75,7007.0,6960.5,6976.75,False,True,False,-0.0014312806383511845,6385.585100097656,True,buy_after_every_green,2026-01-16,-0.14312806383511845,0.02,-0.16312806383511844,3.3587406697742535
2026-01-22,6920.0,6969.0,6911.25,6945.0,True,False,False,0.0036127167630057855,6410.806350097656,True,buy_after_every_green,2026-01-22,0.36127167630057855,0.02,0.34127167630057853,3.700012346074832
2026-01-23,6938.0,6964.0,6924.75,6945.75,True,False,False,0.001117036609973976,6420.433850097656,True,buy_after_every_green,2026-01-23,0.11170366099739759,0.02,0.09170366099739759,3.7917160070722296
2026-01-26,6904.0,6995.5,6879.0,6981.25,True,False,False,0.01118916570104278,6427.8851000976565,True,buy_after_every_green,2026-01-26,1.118916570104278,0.02,1.098916570104278,4.890632577176508
2026-01-27,6977.0,7018.5,6972.0,7008.5,True,False,False,0.004514834456069927,6436.417600097656,True,buy_after_every_green,2026-01-27,0.4514834456069927,0.02,0.4314834456069927,5.322116022783501
2026-01-28,7010.25,7043.0,6977.25,7007.25,False,True,False,-0.0004279447951214266,6444.497600097657,True,buy_after_every_green,2026-01-28,-0.04279447951214266,0.02,-0.06279447951214266,5.2593215432713585
2026-02-03,7004.25,7027.25,6886.25,6941.75,False,True,False,-0.008923153799478833,6476.573850097656,True,buy_after_every_green,2026-02-03,-0.8923153799478833,0.02,-0.9123153799478834,4.347006163323475
2026-02-09,6960.25,7000.5,6921.0,6983.25,True,False,False,0.00330447900578279,6507.826350097656,True,buy_after_every_green,2026-02-09,0.330447900578279,0.02,0.310447900578279,4.6574540639017545
2026-02-10,6985.0,7006.5,6957.0,6961.5,False,True,False,-0.003364352183249819,6514.8851000976565,True,buy_after_every_green,2026-02-10,-0.3364352183249819,0.02,-0.35643521832498193,4.301018845576772
2026-02-18,6862.75,6925.75,6848.75,6894.25,True,False,False,0.0045899967214309,6546.6888500976565,True,buy_after_every_green,2026-02-18,0.45899967214309,0.02,0.43899967214309,4.740018517719863
2026-02-19,6891.75,6912.5,6847.75,6877.0,False,True,False,-0.002140240142199046,6552.715100097656,True,buy_after_every_green,2026-02-19,-0.21402401421990458,0.02,-0.23402401421990457,4.5059945034999584
2026-02-23,6918.0,6930.25,6832.75,6851.5,False,True,False,-0.009612604799074886,6565.200100097656,True,buy_after_every_green,2026-02-23,-0.9612604799074886,0.02,-0.9812604799074887,3.52473402359247
2026-02-25,6900.25,6983.75,6892.25,6959.75,True,False,False,0.008622875982754241,6577.705100097656,True,buy_after_every_green,2026-02-25,0.8622875982754241,0.02,0.8422875982754241,4.367021621867893
2026-02-26,6965.0,6970.75,6870.75,6920.0,False,True,False,-0.006460875807609456,6582.980100097656,True,buy_after_every_green,2026-02-26,-0.6460875807609456,0.02,-0.6660875807609457,3.700934041106948
2026-03-03,6883.5,6886.0,6718.75,6824.75,False,True,False,-0.008534902302607672,6597.258850097656,True,buy_after_every_green,2026-03-03,-0.8534902302607672,0.02,-0.8734902302607672,2.8274438108461806
2026-03-05,6883.25,6900.75,6777.0,6835.25,False,True,False,-0.006973450041768081,6606.025100097656,True,buy_after_every_green,2026-03-05,-0.6973450041768081,0.02,-0.7173450041768081,2.1100988066693724
2026-03-10,6800.75,6852.0,6762.5,6787.25,False,True,False,-0.001985075175532147,6619.296350097657,True,buy_after_every_green,2026-03-10,-0.19850751755321472,0.02,-0.2185075175532147,1.8915912891161577
2026-03-17,6700.0,6757.5,6665.25,6721.75,True,False,False,0.003246268656716511,6639.430100097657,True,buy_after_every_green,2026-03-17,0.3246268656716511,0.02,0.3046268656716511,2.196218154787809
2026-03-18,6722.5,6762.25,6604.0,6626.0,False,True,False,-0.014354778728151718,6642.823850097656,True,buy_after_every_green,2026-03-18,-1.4354778728151718,0.02,-1.4554778728151718,0.740740281972637
2026-03-24,6635.0,6680.5,6573.5,6606.0,False,True,False,-0.004370761115297661,6655.470749511719,True,buy_after_every_green,2026-03-24,-0.4370761115297661,0.02,-0.4570761115297661,0.28366417044287084
2026-03-31,6385.25,6583.25,6353.25,6570.75,True,False,False,0.029051329235347145,6667.590749511719,True,buy_after_every_green,2026-03-31,2.9051329235347145,0.02,2.8851329235347145,3.1687970939775854
2026-04-01,6562.0,6653.75,6561.0,6617.75,True,False,False,0.00849588540079238,6670.500749511719,True,buy_after_every_green,2026-04-01,0.849588540079238,0.02,0.829588540079238,3.9983856340568233
2026-04-02,6618.5,6644.5,6503.75,6622.25,True,False,False,0.0005665936390419901,6673.686999511719,True,buy_after_every_green,2026-04-02,0.05665936390419901,0.02,0.03665936390419901,4.035044997961022
2026-04-06,6590.0,6661.0,6567.0,6651.0,True,False,False,0.009256449165402136,6677.034499511718,True,buy_after_every_green,2026-04-06,0.9256449165402136,0.02,0.9056449165402136,4.940689914501236
2026-04-07,6650.5,6673.5,6572.75,6656.75,True,False,False,0.0009397789639877807,6680.267199707031,True,buy_after_every_green,2026-04-07,0.09397789639877807,0.02,0.07397789639877807,5.014667810900015
2026-04-08,6689.0,6847.25,6652.25,6823.75,True,False,False,0.020145014202421985,6684.000949707031,True,buy_after_every_green,2026-04-08,2.0145014202421985,0.02,1.9945014202421985,7.009169231142213
2026-04-09,6814.25,6876.0,6792.5,6863.25,True,False,False,0.007190813369042814,6687.585949707031,True,buy_after_every_green,2026-04-09,0.7190813369042814,0.02,0.6990813369042814,7.708250568046495
2026-04-10,6858.0,6888.0,6846.25,6855.25,False,True,False,-0.000400991542723772,6691.127199707032,True,buy_after_every_green,2026-04-10,-0.0400991542723772,0.02,-0.060099154272377206,7.648151413774118
2026-04-14,6925.25,7008.0,6920.25,7004.75,True,False,False,0.011479729973647101,6698.6709497070315,True,buy_after_every_green,2026-04-14,1.1479729973647101,0.02,1.1279729973647101,8.776124411138827
2026-04-15,7004.0,7064.5,6991.75,7060.5,True,False,False,0.008066818960593913,6702.704699707031,True,buy_after_every_green,2026-04-15,0.8066818960593913,0.02,0.7866818960593913,9.562806307198219
2026-04-16,7057.25,7089.0,7046.5,7077.0,True,False,False,0.002798540507988223,6706.845949707032,True,buy_after_every_green,2026-04-16,0.2798540507988223,0.02,0.2598540507988223,9.82266035799704
2026-04-17,7077.25,7185.75,7075.25,7161.5,True,False,False,0.0119043413755342,6711.2784497070315,True,buy_after_every_green,2026-04-17,1.19043413755342,0.02,1.17043413755342,10.99309449555046
2026-04-20,7102.5,7160.5,7085.0,7148.0,True,False,False,0.0064061950017599845,6715.397199707031,True,buy_after_every_green,2026-04-20,0.6406195001759984,0.02,0.6206195001759984,11.613713995726458
2026-04-21,7150.75,7183.0,7085.0,7100.0,False,True,False,-0.007097157640806873,6719.479699707032,True,buy_after_every_green,2026-04-21,-0.7097157640806873,0.02,-0.7297157640806873,10.883998231645771
2026-04-23,7163.0,7181.5,7079.25,7143.5,False,True,False,-0.0027223230490017736,6728.313449707031,True,buy_after_every_green,2026-04-23,-0.27223230490017736,0.02,-0.2922323049001774,10.591765926745595
2026-04-27,7185.0,7208.5,7171.5,7187.5,True,False,False,0.0003479471120388933,6737.067199707031,True,buy_after_every_green,2026-04-27,0.03479471120388933,0.02,0.014794711203889328,10.606560637949483
