Date,Open,High,Low,Close,green,red,flat,intraday_return,sma_200,signal,strategy,trade_date,gross_profit,cost,net_profit,cumulative_net_profit
2014-05-06,1877.5,1881.5,1861.75,1864.25,False,True,False,-0.0070572569906790505,,True,buy_after_first_green_after_red,2014-05-06,-0.705725699067905,0.02,-0.7257256990679051,-0.7257256990679051
2014-05-08,1874.75,1884.75,1865.0,1872.25,False,True,False,-0.001333511134817944,,True,buy_after_first_green_after_red,2014-05-08,-0.1333511134817944,0.02,-0.1533511134817944,-0.8790768125496995
2014-05-12,1874.0,1894.0,1874.0,1892.75,True,False,False,0.010005336179295554,,True,buy_after_first_green_after_red,2014-05-12,1.0005336179295554,0.02,0.9805336179295554,0.10145680537985591
2014-05-19,1876.25,1883.0,1865.75,1882.25,True,False,False,0.0031978680879414245,,True,buy_after_first_green_after_red,2014-05-19,0.31978680879414245,0.02,0.29978680879414243,0.40124361417399834
2014-05-22,1883.75,1894.0,1882.75,1890.25,True,False,False,0.003450564034505721,,True,buy_after_first_green_after_red,2014-05-22,0.3450564034505721,0.02,0.3250564034505721,0.7263000176245704
2014-05-30,1917.0,1922.25,1914.25,1921.5,True,False,False,0.0023474178403755097,,True,buy_after_first_green_after_red,2014-05-30,0.23474178403755097,0.02,0.21474178403755098,0.9410418016621214
2014-06-16,1934.25,1940.75,1926.5,1936.5,True,False,False,0.0011632415664986073,,True,buy_after_first_green_after_red,2014-06-16,0.11632415664986073,0.02,0.09632415664986073,1.037365958311982
2014-06-26,1948.75,1952.5,1936.25,1948.75,False,False,True,0.0,,True,buy_after_first_green_after_red,2014-06-26,0.0,0.02,-0.02,1.017365958311982
2014-07-10,1967.5,1968.25,1945.25,1957.75,False,True,False,-0.004955527318932673,,True,buy_after_first_green_after_red,2014-07-10,-0.4955527318932673,0.02,-0.5155527318932673,0.5018132264187147
2014-07-14,1962.75,1974.0,1962.5,1971.0,True,False,False,0.004203286205578971,,True,buy_after_first_green_after_red,2014-07-14,0.4203286205578971,0.02,0.4003286205578971,0.9021418469766118
2014-07-17,1971.25,1976.0,1948.5,1953.5,False,True,False,-0.009004438807863058,,True,buy_after_first_green_after_red,2014-07-17,-0.9004438807863058,0.02,-0.9204438807863058,-0.018302033809693974
2014-07-21,1970.25,1971.5,1959.0,1966.25,False,True,False,-0.002030199213297834,,True,buy_after_first_green_after_red,2014-07-21,-0.20301992132978341,0.02,-0.2230199213297834,-0.24132195513947738
2014-07-23,1973.0,1983.5,1972.75,1980.75,True,False,False,0.003928028383172855,,True,buy_after_first_green_after_red,2014-07-23,0.39280283831728546,0.02,0.37280283831728545,0.13148088317780807
2014-07-29,1972.5,1979.5,1962.0,1963.0,False,True,False,-0.004816223067173664,,True,buy_after_first_green_after_red,2014-07-29,-0.4816223067173664,0.02,-0.5016223067173664,-0.37014142353955837
2014-07-31,1965.0,1965.5,1923.5,1924.75,False,True,False,-0.02048346055979644,,True,buy_after_first_green_after_red,2014-07-31,-2.048346055979644,0.02,-2.068346055979644,-2.4384874795192024
2014-08-05,1931.0,1933.25,1907.5,1913.0,False,True,False,-0.009321595028482621,,True,buy_after_first_green_after_red,2014-08-05,-0.9321595028482621,0.02,-0.9521595028482621,-3.3906469823674645
2014-08-11,1923.5,1941.0,1923.25,1932.5,True,False,False,0.0046789706264622755,,True,buy_after_first_green_after_red,2014-08-11,0.46789706264622755,0.02,0.44789706264622753,-2.942749919721237
2014-08-14,1946.0,1955.0,1942.0,1953.5,True,False,False,0.003854059609455396,,True,buy_after_first_green_after_red,2014-08-14,0.3854059609455396,0.02,0.36540596094553957,-2.5773439587756974
2014-08-19,1968.5,1979.75,1968.25,1977.25,True,False,False,0.004445008890017865,,True,buy_after_first_green_after_red,2014-08-19,0.4445008890017865,0.02,0.4245008890017865,-2.152843069773911
2014-08-26,1994.5,2002.75,1992.25,1998.5,True,False,False,0.002005515166708438,,True,buy_after_first_green_after_red,2014-08-26,0.2005515166708438,0.02,0.18055151667084382,-1.9722915531030671
2014-09-08,2006.5,2006.75,1994.0,2000.5,False,True,False,-0.0029902815848492637,,True,buy_after_first_green_after_red,2014-09-08,-0.29902815848492637,0.02,-0.3190281584849264,-2.2913197115879935
2014-09-11,1994.5,1999.5,1985.0,1997.0,True,False,False,0.0012534469791927183,,True,buy_after_first_green_after_red,2014-09-11,0.12534469791927183,0.02,0.10534469791927183,-2.1859750136687217
2014-09-16,1984.75,2002.5,1978.5,1999.5,True,False,False,0.007431666456732655,,True,buy_after_first_green_after_red,2014-09-16,0.7431666456732655,0.02,0.7231666456732655,-1.4628083679954562
2014-09-25,1990.75,1991.5,1957.75,1961.5,False,True,False,-0.01469295491648881,,True,buy_after_first_green_after_red,2014-09-25,-1.469295491648881,0.02,-1.489295491648881,-2.952103859644337
2014-09-29,1974.75,1977.0,1955.5,1969.5,False,True,False,-0.002658564375237371,,True,buy_after_first_green_after_red,2014-09-29,-0.2658564375237371,0.02,-0.28585643752373713,-3.2379602971680743
2014-10-06,1961.0,1971.0,1950.5,1956.0,False,True,False,-0.0025497195308515908,,True,buy_after_first_green_after_red,2014-10-06,-0.2549719530851591,0.02,-0.2749719530851591,-3.5129322502532334
2014-10-09,1961.5,1968.5,1915.25,1925.0,False,True,False,-0.018608208004078475,,True,buy_after_first_green_after_red,2014-10-09,-1.8608208004078475,0.02,-1.8808208004078475,-5.393753050661081
2014-10-15,1878.25,1883.25,1813.0,1846.75,False,True,False,-0.016770930387328575,,True,buy_after_first_green_after_red,2014-10-15,-1.6770930387328575,0.02,-1.6970930387328576,-7.0908460893939385
2014-10-17,1853.0,1891.75,1851.0,1881.0,True,False,False,0.015110631408526753,,True,buy_after_first_green_after_red,2014-10-17,1.5110631408526753,0.02,1.4910631408526753,-5.599782948541263
2014-10-24,1946.0,1961.25,1931.75,1959.75,True,False,False,0.007065775950668041,,True,buy_after_first_green_after_red,2014-10-24,0.7065775950668041,0.02,0.686577595066804,-4.913205353474458
2014-10-29,1976.0,1985.75,1962.0,1972.25,False,True,False,-0.001897773279352255,,True,buy_after_first_green_after_red,2014-10-29,-0.1897773279352255,0.02,-0.2097773279352255,-5.122982681409684
2014-10-31,1987.75,2016.75,1986.75,2011.5,True,False,False,0.011948182618538583,,True,buy_after_first_green_after_red,2014-10-31,1.1948182618538583,0.02,1.1748182618538583,-3.9481644195558254
2014-11-06,2018.5,2029.25,2010.75,2028.0,True,False,False,0.004706465196928411,,True,buy_after_first_green_after_red,2014-11-06,0.4706465196928411,0.02,0.4506465196928411,-3.4975178998629843
2014-11-11,2033.75,2039.0,2031.0,2036.5,True,False,False,0.0013521819299324722,,True,buy_after_first_green_after_red,2014-11-11,0.13521819299324722,0.02,0.11521819299324722,-3.382299706869737
2014-11-17,2038.5,2040.5,2025.25,2039.75,True,False,False,0.0006131959774344775,,True,buy_after_first_green_after_red,2014-11-17,0.06131959774344775,0.02,0.04131959774344775,-3.3409801091262894
2014-11-21,2052.25,2072.25,2049.75,2061.75,True,False,False,0.00462906565964194,,True,buy_after_first_green_after_red,2014-11-21,0.462906565964194,0.02,0.442906565964194,-2.8980735431620954
2014-12-03,2066.5,2076.0,2063.25,2072.5,True,False,False,0.00290345995644814,,True,buy_after_first_green_after_red,2014-12-03,0.290345995644814,0.02,0.270345995644814,-2.6277275475172814
2014-12-08,2075.75,2077.5,2053.75,2059.5,False,True,False,-0.007828495724437001,,True,buy_after_first_green_after_red,2014-12-08,-0.7828495724437001,0.02,-0.8028495724437001,-3.4305771199609816
2014-12-12,2029.5,2032.25,1996.5,1997.25,False,True,False,-0.015890613451589042,,True,buy_after_first_green_after_red,2014-12-12,-1.5890613451589042,0.02,-1.6090613451589042,-5.039638465119886
2014-12-18,2013.75,2068.0,2010.75,2065.0,True,False,False,0.025450031036623244,,True,buy_after_first_green_after_red,2014-12-18,2.5450031036623244,0.02,2.5250031036623244,-2.5146353614575614
2014-12-23,2073.0,2084.5,2071.5,2079.0,True,False,False,0.0028943560057888007,,True,buy_after_first_green_after_red,2014-12-23,0.28943560057888007,0.02,0.26943560057888005,-2.2451997608786813
2015-01-08,2020.5,2058.5,2020.25,2055.0,True,False,False,0.017074981440237558,,True,buy_after_first_green_after_red,2015-01-08,1.7074981440237558,0.02,1.6874981440237558,-0.5577016168549256
2015-01-20,2013.5,2026.5,1997.5,2016.75,True,False,False,0.0016141047926496732,,True,buy_after_first_green_after_red,2015-01-20,0.16141047926496732,0.02,0.14141047926496733,-0.4162911375899583
2015-01-27,2054.0,2054.75,2013.25,2030.0,False,True,False,-0.011684518013631906,,True,buy_after_first_green_after_red,2015-01-27,-1.1684518013631906,0.02,-1.1884518013631906,-1.604742938953149
2015-01-30,2019.25,2020.5,1986.25,1988.5,False,True,False,-0.015228426395939132,,True,buy_after_first_green_after_red,2015-01-30,-1.5228426395939132,0.02,-1.5428426395939132,-3.147585578547062
2015-02-03,2015.0,2044.0,2007.0,2042.0,True,False,False,0.013399503722084427,,True,buy_after_first_green_after_red,2015-02-03,1.3399503722084427,0.02,1.3199503722084427,-1.8276352063386194
2015-02-06,2056.25,2068.0,2044.5,2053.0,False,True,False,-0.0015805471124620274,,True,buy_after_first_green_after_red,2015-02-06,-0.15805471124620274,0.02,-0.17805471124620273,-2.005689917584822
2015-02-11,2062.75,2079.5,2053.25,2065.75,True,False,False,0.0014543691673736259,1977.6025,True,buy_after_first_green_after_red,2015-02-11,0.1454369167373626,0.02,0.1254369167373626,-1.8802530008474596
2015-02-25,2113.75,2117.75,2107.25,2110.25,False,True,False,-0.0016558249556475335,1987.8025,True,buy_after_first_green_after_red,2015-02-25,-0.16558249556475335,0.02,-0.18558249556475334,-2.065835496412213
2015-03-03,2114.0,2114.5,2095.5,2104.75,False,True,False,-0.004375591296121084,1992.2625,True,buy_after_first_green_after_red,2015-03-03,-0.4375591296121084,0.02,-0.45755912961210843,-2.5233946260243214
2015-03-06,2099.5,2103.5,2065.5,2070.75,False,True,False,-0.013693736603953344,1995.4725,True,buy_after_first_green_after_red,2015-03-06,-1.3693736603953344,0.02,-1.3893736603953344,-3.912768286419656
2015-03-10,2077.5,2078.0,2041.25,2042.0,False,True,False,-0.01708784596871238,1997.195,True,buy_after_first_green_after_red,2015-03-10,-1.7087845968712378,0.02,-1.7287845968712379,-5.641552883290894
2015-03-13,2064.25,2068.75,2040.0,2049.75,False,True,False,-0.007024342981712506,1999.385,True,buy_after_first_green_after_red,2015-03-13,-0.7024342981712506,0.02,-0.7224342981712506,-6.363987181462145
2015-03-17,2074.5,2078.75,2064.25,2074.5,False,False,True,0.0,2000.9425,True,buy_after_first_green_after_red,2015-03-17,0.0,0.02,-0.02,-6.383987181462144
2015-03-23,2097.75,2107.0,2093.25,2094.75,False,True,False,-0.0014301036825169477,2004.3375,True,buy_after_first_green_after_red,2015-03-23,-0.14301036825169477,0.02,-0.16301036825169476,-6.546997549713839
2015-03-30,2052.75,2081.75,2047.25,2075.5,True,False,False,0.011082693947144007,2007.29125,True,buy_after_first_green_after_red,2015-03-30,1.1082693947144007,0.02,1.0882693947144007,-5.458728154999438
2015-04-06,2039.5,2080.0,2038.75,2073.25,True,False,False,0.016548173571953928,2009.67,True,buy_after_first_green_after_red,2015-04-06,1.6548173571953928,0.02,1.6348173571953928,-3.823910797804045
2015-04-09,2077.75,2087.0,2066.75,2085.75,True,False,False,0.0038503188545302436,2011.42,True,buy_after_first_green_after_red,2015-04-09,0.38503188545302436,0.02,0.36503188545302434,-3.458878912351021
2015-04-15,2091.75,2105.5,2087.25,2099.75,True,False,False,0.0038245488227559576,2014.31625,True,buy_after_first_green_after_red,2015-04-15,0.38245488227559576,0.02,0.36245488227559575,-3.096424030075425
2015-04-21,2089.5,2105.25,2087.25,2091.0,True,False,False,0.00071787508973431,2016.79,True,buy_after_first_green_after_red,2015-04-21,0.071787508973431,0.02,0.051787508973431,-3.044636521101994
2015-04-29,2110.75,2112.5,2090.5,2099.0,False,True,False,-0.0055667416794977775,2021.01375,True,buy_after_first_green_after_red,2015-04-29,-0.5566741679497778,0.02,-0.5766741679497778,-3.621310689051772
2015-05-04,2101.75,2115.0,2098.0,2109.25,True,False,False,0.0035684548590459997,2022.98125,True,buy_after_first_green_after_red,2015-05-04,0.35684548590459997,0.02,0.33684548590459995,-3.284465203147172
2015-05-08,2085.25,2113.5,2084.0,2108.5,True,False,False,0.011149742237141824,2025.26875,True,buy_after_first_green_after_red,2015-05-08,1.1149742237141824,0.02,1.0949742237141824,-2.1894909794329895
2015-05-15,2117.25,2122.75,2113.25,2119.0,True,False,False,0.0008265438658636715,2028.62125,True,buy_after_first_green_after_red,2015-05-15,0.08265438658636715,0.02,0.06265438658636714,-2.1268365928466224
2015-05-22,2129.25,2131.0,2122.75,2124.5,False,True,False,-0.0022308324527415824,2033.73375,True,buy_after_first_green_after_red,2015-05-22,-0.22308324527415824,0.02,-0.24308324527415823,-2.3699198381207807
2015-05-28,2120.0,2122.75,2110.5,2121.75,True,False,False,0.0008254716981133114,2036.665,True,buy_after_first_green_after_red,2015-05-28,0.08254716981133114,0.02,0.06254716981133114,-2.3073726683094495
2015-06-02,2111.0,2116.0,2094.0,2106.75,False,True,False,-0.002013263855992431,2039.13125,True,buy_after_first_green_after_red,2015-06-02,-0.2013263855992431,0.02,-0.2213263855992431,-2.5286990539086927
2015-06-04,2116.25,2116.5,2091.25,2099.0,False,True,False,-0.008151210868281189,2040.60625,True,buy_after_first_green_after_red,2015-06-04,-0.8151210868281189,0.02,-0.8351210868281189,-3.3638201407368116
2015-06-17,2097.75,2107.0,2087.0,2097.5,False,True,False,-0.00011917530687644007,2045.1675,True,buy_after_first_green_after_red,2015-06-17,-0.011917530687644007,0.02,-0.03191753068764401,-3.3957376714244556
2015-06-19,2123.25,2126.5,2118.25,2118.5,False,True,False,-0.0022371364653244186,2046.3825,True,buy_after_first_green_after_red,2015-06-19,-0.22371364653244186,0.02,-0.24371364653244185,-3.6394513179568975
2015-06-23,2114.75,2120.5,2111.25,2116.5,True,False,False,0.0008275209835677533,2047.51,True,buy_after_first_green_after_red,2015-06-23,0.08275209835677533,0.02,0.06275209835677532,-3.576699219600122
2015-06-29,2064.0,2083.25,2047.25,2050.5,False,True,False,-0.006540697674418561,2049.2975,True,buy_after_first_green_after_red,2015-06-29,-0.6540697674418561,0.02,-0.6740697674418561,-4.250768987041978
2015-07-08,2073.0,2073.25,2036.25,2039.25,False,True,False,-0.01628075253256156,2051.14875,True,buy_after_first_green_after_red,2015-07-08,-1.628075253256156,0.02,-1.648075253256156,-5.898844240298134
2015-07-10,2044.75,2074.75,2044.75,2069.0,True,False,False,0.011859640542853711,2051.9075,True,buy_after_first_green_after_red,2015-07-10,1.185964054285371,0.02,1.165964054285371,-4.732880186012762
2015-07-23,2109.25,2113.75,2091.5,2098.5,False,True,False,-0.0050965983169373175,2058.51,True,buy_after_first_green_after_red,2015-07-23,-0.5096598316937317,0.02,-0.5296598316937318,-5.262540017706494
2015-07-29,2088.0,2104.25,2084.5,2101.5,True,False,False,0.006465517241379226,2061.61875,True,buy_after_first_green_after_red,2015-07-29,0.6465517241379226,0.02,0.6265517241379226,-4.6359882935685715
2015-08-06,2094.0,2099.25,2070.0,2079.5,False,True,False,-0.00692454632282713,2068.27375,True,buy_after_first_green_after_red,2015-08-06,-0.692454632282713,0.02,-0.712454632282713,-5.348442925851284
2015-08-11,2100.75,2101.75,2070.75,2079.75,False,True,False,-0.009996429846483412,2070.49375,True,buy_after_first_green_after_red,2015-08-11,-0.9996429846483412,0.02,-1.0196429846483412,-6.368085910499625
2015-08-13,2082.75,2093.0,2073.25,2080.5,False,True,False,-0.0010803024846957054,2071.73375,True,buy_after_first_green_after_red,2015-08-13,-0.10803024846957054,0.02,-0.12803024846957053,-6.496116158969195
2015-08-17,2089.5,2100.5,2074.75,2099.25,True,False,False,0.004666188083273459,2072.91625,True,buy_after_first_green_after_red,2015-08-17,0.4666188083273459,0.02,0.4466188083273459,-6.049497350641849
2015-09-03,1947.5,1973.5,1942.0,1946.0,False,True,False,-0.0007702182284980985,2069.39375,True,buy_after_first_green_after_red,2015-09-03,-0.07702182284980985,0.02,-0.09702182284980986,-6.146519173491658
2015-09-09,1966.5,1992.0,1935.5,1942.75,False,True,False,-0.012077294685990392,2067.80625,True,buy_after_first_green_after_red,2015-09-09,-1.2077294685990392,0.02,-1.2277294685990392,-7.374248642090697
2015-09-11,1949.5,1962.5,1937.25,1960.25,True,False,False,0.0055142344190817205,2066.70875,True,buy_after_first_green_after_red,2015-09-11,0.551423441908172,0.02,0.531423441908172,-6.842825200182524
2015-09-16,1979.75,1999.0,1972.75,1998.25,True,False,False,0.00934461421896704,2065.33875,True,buy_after_first_green_after_red,2015-09-16,0.934461421896704,0.02,0.914461421896704,-5.928363778285821
2015-09-22,1964.25,1965.0,1917.75,1932.0,False,True,False,-0.016418480336006125,2063.24625,True,buy_after_first_green_after_red,2015-09-22,-1.6418480336006125,0.02,-1.6618480336006125,-7.590211811886434
2015-09-28,1915.5,1929.75,1868.75,1872.0,False,True,False,-0.022709475332811313,2060.34125,True,buy_after_first_green_after_red,2015-09-28,-2.2709475332811313,0.02,-2.2909475332811313,-9.881159345167564
2015-10-01,1902.5,1929.5,1890.25,1916.75,True,False,False,0.007490144546649091,2058.75,True,buy_after_first_green_after_red,2015-10-01,0.7490144546649091,0.02,0.7290144546649091,-9.152144890502655
2015-10-08,1987.75,2008.75,1971.0,2006.5,True,False,False,0.009432775751477829,2057.20875,True,buy_after_first_green_after_red,2015-10-08,0.9432775751477829,0.02,0.9232775751477829,-8.228867315354872
2015-10-16,2018.25,2026.5,2012.25,2025.5,True,False,False,0.003592220983525296,2055.12875,True,buy_after_first_green_after_red,2015-10-16,0.3592220983525296,0.02,0.3392220983525296,-7.889645217002343
2015-10-23,2054.25,2074.5,2053.25,2066.0,True,False,False,0.005719849093342999,2055.35,True,buy_after_first_green_after_red,2015-10-23,0.5719849093342999,0.02,0.5519849093342999,-7.337660307668044
2015-10-29,2081.0,2086.5,2073.25,2083.0,True,False,False,0.0009610764055743015,2056.395,True,buy_after_first_green_after_red,2015-10-29,0.09610764055743015,0.02,0.07610764055743015,-7.261552667110613
2015-11-03,2093.25,2110.25,2089.0,2103.0,True,False,False,0.0046578287352203596,2057.6625,True,buy_after_first_green_after_red,2015-11-03,0.46578287352203596,0.02,0.44578287352203594,-6.8157697935885775
2015-11-11,2076.5,2087.25,2067.75,2069.0,False,True,False,-0.003611846857693224,2059.165,True,buy_after_first_green_after_red,2015-11-11,-0.3611846857693224,0.02,-0.3811846857693224,-7.1969544793579
2015-11-17,2047.75,2063.5,2041.5,2049.0,True,False,False,0.0006104260774020265,2059.615,True,buy_after_first_green_after_red,2015-11-17,0.06104260774020265,0.02,0.041042607740202644,-7.155911871617697
2015-11-25,2084.0,2092.5,2082.25,2088.0,True,False,False,0.0019193857965451588,2060.59625,True,buy_after_first_green_after_red,2015-11-25,0.19193857965451588,0.02,0.1719385796545159,-6.9839732919631805
2015-12-02,2099.5,2105.0,2075.0,2081.5,False,True,False,-0.008573469873779493,2060.5075,True,buy_after_first_green_after_red,2015-12-02,-0.8573469873779493,0.02,-0.8773469873779494,-7.86132027934113
2015-12-07,2092.25,2095.5,2064.5,2081.0,False,True,False,-0.005376986497789504,2060.06625,True,buy_after_first_green_after_red,2015-12-07,-0.5376986497789504,0.02,-0.5576986497789505,-8.41901892912008
2015-12-11,2050.75,2056.25,2005.0,2009.75,False,True,False,-0.019992685602828186,2058.68125,True,buy_after_first_green_after_red,2015-12-11,-1.9992685602828186,0.02,-2.0192685602828186,-10.4382874894029
2015-12-15,2021.75,2054.0,2019.0,2045.5,True,False,False,0.011747248670705979,2057.9075,True,buy_after_first_green_after_red,2015-12-15,1.1747248670705979,0.02,1.1547248670705978,-9.283562622332301
2015-12-22,2017.0,2036.5,2007.25,2036.0,True,False,False,0.009419930589985137,2056.9225,True,buy_after_first_green_after_red,2015-12-22,0.9419930589985137,0.02,0.9219930589985137,-8.361569563333788
2015-12-30,2072.0,2075.0,2053.5,2054.5,False,True,False,-0.008445945945945943,2056.8025,True,buy_after_first_green_after_red,2015-12-30,-0.8445945945945943,0.02,-0.8645945945945943,-9.226164157928382
2016-01-06,2010.75,2013.25,1970.5,1986.0,False,True,False,-0.012308839985080144,2055.07875,True,buy_after_first_green_after_red,2016-01-06,-1.2308839985080144,0.02,-1.2508839985080145,-10.477048156436396
2016-01-12,1913.5,1940.25,1899.0,1925.0,True,False,False,0.006009929448654194,2052.29875,True,buy_after_first_green_after_red,2016-01-12,0.6009929448654194,0.02,0.5809929448654194,-9.896055211570976
2016-01-15,1913.5,1921.0,1849.25,1875.0,False,True,False,-0.02012019858897307,2049.7075,True,buy_after_first_green_after_red,2016-01-15,-2.012019858897307,0.02,-2.032019858897307,-11.928075070468283
2016-01-20,1871.75,1878.5,1804.25,1855.0,False,True,False,-0.00894884466408441,2047.68375,True,buy_after_first_green_after_red,2016-01-20,-0.894884466408441,0.02,-0.914884466408441,-12.842959536876725
2016-01-22,1858.5,1902.25,1855.75,1899.25,True,False,False,0.02192628463814894,2045.76625,True,buy_after_first_green_after_red,2016-01-22,2.192628463814894,0.02,2.172628463814894,-10.670331073061831
2016-01-27,1885.25,1910.0,1864.5,1875.0,False,True,False,-0.005436944702294166,2042.63375,True,buy_after_first_green_after_red,2016-01-27,-0.5436944702294166,0.02,-0.5636944702294167,-11.234025543291247
2016-01-29,1878.75,1933.0,1876.5,1930.0,True,False,False,0.02727877578176985,2040.73375,True,buy_after_first_green_after_red,2016-01-29,2.727877578176985,0.02,2.707877578176985,-8.526147965114262
2016-02-04,1907.75,1922.25,1890.25,1907.75,False,False,True,0.0,2037.1675,True,buy_after_first_green_after_red,2016-02-04,0.0,0.02,-0.02,-8.546147965114262
2016-02-16,1865.25,1892.75,1865.0,1888.75,True,False,False,0.012598847339498676,2028.5675,True,buy_after_first_green_after_red,2016-02-16,1.2598847339498676,0.02,1.2398847339498675,-7.306263231164394
2016-02-23,1934.0,1938.0,1913.75,1916.0,False,True,False,-0.009307135470527417,2024.33125,True,buy_after_first_green_after_red,2016-02-23,-0.9307135470527417,0.02,-0.9507135470527417,-8.256976778217135
2016-02-25,1933.0,1951.5,1920.25,1950.5,True,False,False,0.009053285049146487,2022.70375,True,buy_after_first_green_after_red,2016-02-25,0.9053285049146487,0.02,0.8853285049146487,-7.371648273302487
2016-03-02,1976.25,1984.75,1966.25,1983.5,True,False,False,0.003668564199873492,2019.7425,True,buy_after_first_green_after_red,2016-03-02,0.3668564199873492,0.02,0.3468564199873492,-7.024791853315138
2016-03-10,1990.0,2010.25,1967.25,1988.75,False,True,False,-0.0006281407035175768,2015.80625,True,buy_after_first_green_after_red,2016-03-10,-0.06281407035175768,0.02,-0.08281407035175768,-7.107605923666895
2016-03-14,2019.25,2024.5,2012.0,2018.75,False,True,False,-0.00024761668936490455,2014.78625,True,buy_after_first_green_after_red,2016-03-14,-0.024761668936490455,0.02,-0.04476166893649046,-7.152367592603386
2016-03-17,2026.75,2046.75,2015.75,2039.75,True,False,False,0.006414209942025462,2013.58875,True,buy_after_first_green_after_red,2016-03-17,0.6414209942025462,0.02,0.6214209942025462,-6.53094659840084
2016-03-28,2030.25,2039.75,2022.0,2028.0,False,True,False,-0.0011082379017361976,2011.81875,True,buy_after_first_green_after_red,2016-03-28,-0.11082379017361976,0.02,-0.13082379017361975,-6.6617703885744595
2016-03-30,2048.5,2064.5,2046.75,2055.25,True,False,False,0.003295093971198426,2011.32125,True,buy_after_first_green_after_red,2016-03-30,0.3295093971198426,0.02,0.3095093971198426,-6.352260991454617
2016-04-04,2064.0,2071.5,2054.25,2057.5,False,True,False,-0.0031492248062015005,2010.79625,True,buy_after_first_green_after_red,2016-04-04,-0.31492248062015005,0.02,-0.33492248062015006,-6.687183472074768
2016-04-07,2059.75,2062.0,2026.0,2035.0,False,True,False,-0.012016021361815787,2009.695,True,buy_after_first_green_after_red,2016-04-07,-1.2016021361815787,0.02,-1.2216021361815788,-7.908785608256347
2016-04-11,2041.0,2056.5,2032.5,2034.5,False,True,False,-0.0031847133757961776,2008.99125,True,buy_after_first_green_after_red,2016-04-11,-0.31847133757961776,0.02,-0.3384713375796178,-8.247256945835964
2016-04-13,2055.25,2077.0,2054.0,2076.0,True,False,False,0.010096095365527358,2008.70125,True,buy_after_first_green_after_red,2016-04-13,1.0096095365527358,0.02,0.9896095365527358,-7.257647409283228
2016-04-19,2085.25,2098.5,2084.75,2093.75,True,False,False,0.004076249850137881,2009.1375,True,buy_after_first_green_after_red,2016-04-19,0.4076249850137881,0.02,0.38762498501378806,-6.87002242426944
2016-04-25,2091.5,2091.5,2071.0,2083.25,False,True,False,-0.003944537413339666,2009.79375,True,buy_after_first_green_after_red,2016-04-25,-0.3944537413339666,0.02,-0.4144537413339666,-7.284476165603406
2016-04-27,2082.25,2094.0,2076.25,2090.75,True,False,False,0.004082122703805924,2009.8725,True,buy_after_first_green_after_red,2016-04-27,0.4082122703805924,0.02,0.38821227038059236,-6.896263895222814
2016-05-03,2075.5,2076.25,2048.0,2057.0,False,True,False,-0.008913514815707013,2008.97625,True,buy_after_first_green_after_red,2016-05-03,-0.8913514815707013,0.02,-0.9113514815707013,-7.807615376793516
2016-05-09,2053.0,2059.75,2048.25,2054.25,True,False,False,0.0006088650754991765,2007.75125,True,buy_after_first_green_after_red,2016-05-09,0.060886507549917646,0.02,0.04088650754991764,-7.766728869243598
2016-05-17,2062.0,2069.5,2036.75,2043.5,False,True,False,-0.008971871968962208,2006.80625,True,buy_after_first_green_after_red,2016-05-17,-0.8971871968962208,0.02,-0.9171871968962209,-8.683916066139819
2016-05-23,2053.25,2056.0,2043.5,2045.25,False,True,False,-0.0038962620236210332,2005.9475,True,buy_after_first_green_after_red,2016-05-23,-0.3896262023621033,0.02,-0.40962620236210334,-9.093542268501922
2016-05-25,2075.0,2092.5,2073.5,2087.25,True,False,False,0.005903614457831274,2005.8925,True,buy_after_first_green_after_red,2016-05-25,0.5903614457831274,0.02,0.5703614457831274,-8.523180822718794
2016-06-02,2096.75,2104.75,2086.75,2103.75,True,False,False,0.003338500059616001,2006.145,True,buy_after_first_green_after_red,2016-06-02,0.3338500059616001,0.02,0.31385000596160006,-8.209330816757195
2016-06-07,2108.25,2118.0,2106.5,2110.25,True,False,False,0.0009486540969998458,2006.765,True,buy_after_first_green_after_red,2016-06-07,0.09486540969998458,0.02,0.07486540969998458,-8.13446540705721
2016-06-17,2077.75,2083.0,2073.75,2078.5,True,False,False,0.0003609673926121548,2012.7325,True,buy_after_first_green_after_red,2016-06-17,0.03609673926121548,0.02,0.016096739261215482,-8.118368667795995
2016-06-24,2115.75,2119.5,1999.0,2018.5,False,True,False,-0.04596478790027181,2015.895,True,buy_after_first_green_after_red,2016-06-24,-4.596478790027181,0.02,-4.61647879002718,-12.734847457823175
2016-06-29,2028.25,2074.75,2022.75,2066.75,True,False,False,0.018981880931837836,2016.9775,True,buy_after_first_green_after_red,2016-06-29,1.8981880931837836,0.02,1.8781880931837835,-10.856659364639391
2016-07-07,2092.0,2102.0,2081.75,2092.0,False,False,True,0.0,2019.81,True,buy_after_first_green_after_red,2016-07-07,0.0,0.02,-0.02,-10.87665936463939
2016-07-19,2160.0,2160.75,2151.25,2158.75,False,True,False,-0.0005787037037037202,2029.31375,True,buy_after_first_green_after_red,2016-07-19,-0.057870370370372015,0.02,-0.07787037037037202,-10.954529735009762
2016-07-21,2168.25,2170.25,2153.5,2158.0,False,True,False,-0.004727314654675463,2031.3525,True,buy_after_first_green_after_red,2016-07-21,-0.4727314654675463,0.02,-0.4927314654675463,-11.447261200477309
2016-07-25,2167.75,2172.5,2155.75,2162.25,False,True,False,-0.002537192941990507,2033.2225,True,buy_after_first_green_after_red,2016-07-25,-0.2537192941990507,0.02,-0.2737192941990507,-11.72098049467636
2016-07-27,2166.0,2169.25,2152.0,2160.5,False,True,False,-0.0025392428439520165,2034.77125,True,buy_after_first_green_after_red,2016-07-27,-0.25392428439520165,0.02,-0.27392428439520167,-11.994904779071561
2016-07-29,2165.5,2171.75,2157.5,2168.25,True,False,False,0.0012699145693835234,2036.41125,True,buy_after_first_green_after_red,2016-07-29,0.12699145693835234,0.02,0.10699145693835234,-11.887913322133208
2016-08-04,2156.75,2164.25,2154.0,2159.25,True,False,False,0.00115915150110113,2039.29875,True,buy_after_first_green_after_red,2016-08-04,0.115915150110113,0.02,0.09591515011011299,-11.791998172023096
2016-08-10,2178.0,2181.5,2167.75,2172.75,False,True,False,-0.002410468319559267,2042.07125,True,buy_after_first_green_after_red,2016-08-10,-0.2410468319559267,0.02,-0.2610468319559267,-12.053045003979022
2016-08-12,2181.75,2184.0,2175.5,2180.25,False,True,False,-0.0006875214850463607,2043.2675,True,buy_after_first_green_after_red,2016-08-12,-0.06875214850463607,0.02,-0.08875214850463607,-12.141797152483658
2016-08-16,2186.0,2186.25,2175.25,2176.75,False,True,False,-0.004231473010063991,2044.24375,True,buy_after_first_green_after_red,2016-08-16,-0.4231473010063991,0.02,-0.4431473010063991,-12.584944453490056
2016-08-18,2180.75,2184.5,2176.25,2183.5,True,False,False,0.0012610340479193294,2045.21375,True,buy_after_first_green_after_red,2016-08-18,0.12610340479193294,0.02,0.10610340479193293,-12.478841048698124
2016-08-24,2185.75,2187.75,2168.75,2175.0,False,True,False,-0.004918220290518138,2046.90375,True,buy_after_first_green_after_red,2016-08-24,-0.4918220290518138,0.02,-0.5118220290518138,-12.990663077749938
2016-08-30,2180.0,2181.5,2168.5,2175.25,False,True,False,-0.0021788990825688526,2049.08375,True,buy_after_first_green_after_red,2016-08-30,-0.21788990825688526,0.02,-0.23788990825688525,-13.228552986006823
2016-09-06,2179.25,2186.25,2173.0,2184.5,True,False,False,0.002409085694619728,2051.60375,True,buy_after_first_green_after_red,2016-09-06,0.2409085694619728,0.02,0.22090856946197282,-13.007644416544851
2016-09-13,2156.25,2157.5,2119.0,2128.75,False,True,False,-0.012753623188405783,2053.33875,True,buy_after_first_green_after_red,2016-09-13,-1.2753623188405783,0.02,-1.2953623188405783,-14.303006735385429
2016-09-16,2143.75,2144.25,2135.5,2141.75,False,True,False,-0.0009329446064140212,2054.025,True,buy_after_first_green_after_red,2016-09-16,-0.09329446064140212,0.02,-0.11329446064140213,-14.416301196026831
2016-09-20,2133.75,2143.5,2129.0,2131.0,False,True,False,-0.0012888107791446668,2054.68125,True,buy_after_first_green_after_red,2016-09-20,-0.12888107791446668,0.02,-0.14888107791446667,-14.565182273941298
2016-09-22,2156.25,2172.75,2152.75,2168.25,True,False,False,0.0055652173913043335,2055.45625,True,buy_after_first_green_after_red,2016-09-22,0.5565217391304333,0.02,0.5365217391304333,-14.028660534810864
2016-09-28,2152.0,2165.25,2144.0,2163.25,True,False,False,0.005227695167286273,2057.72625,True,buy_after_first_green_after_red,2016-09-28,0.5227695167286273,0.02,0.5027695167286272,-13.525891018082238
2016-10-03,2158.75,2164.0,2146.75,2153.25,False,True,False,-0.002547770700636942,2059.3575,True,buy_after_first_green_after_red,2016-10-03,-0.2547770700636942,0.02,-0.27477707006369423,-13.800668088145931
2016-10-06,2153.25,2157.25,2143.25,2156.5,True,False,False,0.001509346336932449,2061.22125,True,buy_after_first_green_after_red,2016-10-06,0.1509346336932449,0.02,0.1309346336932449,-13.669733454452686
2016-10-17,2126.25,2130.0,2116.75,2123.0,False,True,False,-0.0015285126396237247,2063.58375,True,buy_after_first_green_after_red,2016-10-17,-0.15285126396237247,0.02,-0.17285126396237246,-13.842584718415058
2016-10-19,2131.5,2142.5,2126.5,2138.0,True,False,False,0.003049495660333079,2064.71125,True,buy_after_first_green_after_red,2016-10-19,0.3049495660333079,0.02,0.2849495660333079,-13.55763515238175
2016-10-25,2144.75,2149.75,2135.25,2138.0,False,True,False,-0.003147219955705771,2068.27,True,buy_after_first_green_after_red,2016-10-25,-0.3147219955705771,0.02,-0.33472199557057714,-13.892357147952326
2016-11-08,2129.0,2143.25,2119.0,2135.5,True,False,False,0.0030530765617660105,2079.5525,True,buy_after_first_green_after_red,2016-11-08,0.30530765617660105,0.02,0.28530765617660103,-13.607049491775726
2016-11-16,2179.0,2185.0,2168.75,2172.75,False,True,False,-0.0028682882055989234,2086.1875,True,buy_after_first_green_after_red,2016-11-16,-0.28682882055989234,0.02,-0.30682882055989236,-13.91387831233562
2016-11-18,2184.0,2187.5,2176.5,2180.75,False,True,False,-0.0014880952380952328,2088.9825,True,buy_after_first_green_after_red,2016-11-18,-0.14880952380952328,0.02,-0.16880952380952327,-14.082687836145142
2016-11-22,2193.25,2203.0,2191.75,2200.25,True,False,False,0.0031916106235039265,2092.03375,True,buy_after_first_green_after_red,2016-11-22,0.31916106235039265,0.02,0.29916106235039264,-13.78352677379475
2016-11-28,2208.0,2209.5,2198.25,2200.75,False,True,False,-0.0032835144927536586,2097.3625,True,buy_after_first_green_after_red,2016-11-28,-0.32835144927536586,0.02,-0.3483514492753659,-14.131878223070116
2016-11-30,2203.25,2213.75,2197.25,2198.75,False,True,False,-0.002042437308521494,2100.96125,True,buy_after_first_green_after_red,2016-11-30,-0.20424373085214942,0.02,-0.2242437308521494,-14.356121953922266
2016-12-05,2184.0,2208.75,2179.0,2204.25,True,False,False,0.0092719780219781,2105.2625,True,buy_after_first_green_after_red,2016-12-05,0.92719780219781,0.02,0.90719780219781,-13.448924151724455
2016-12-14,2273.25,2277.0,2248.0,2257.0,False,True,False,-0.007148355878147994,2116.3675,True,buy_after_first_green_after_red,2016-12-14,-0.7148355878147994,0.02,-0.7348355878147994,-14.183759739539255
2016-12-16,2264.25,2269.5,2261.75,2267.5,True,False,False,0.0014353538699347634,2119.215,True,buy_after_first_green_after_red,2016-12-16,0.14353538699347634,0.02,0.12353538699347634,-14.060224352545779
2016-12-23,2257.5,2261.0,2254.25,2260.0,True,False,False,0.001107419712070845,2125.97125,True,buy_after_first_green_after_red,2016-12-23,0.11074197120708451,0.02,0.0907419712070845,-13.969482381338695
2017-01-04,2252.75,2267.25,2251.0,2264.25,True,False,False,0.005104871823327084,2132.9425,True,buy_after_first_green_after_red,2017-01-04,0.5104871823327084,0.02,0.4904871823327084,-13.478995199005986
2017-01-09,2271.25,2275.25,2263.5,2265.0,False,True,False,-0.0027517886626307053,2136.28,True,buy_after_first_green_after_red,2017-01-09,-0.27517886626307053,0.02,-0.29517886626307055,-13.774174065269056
2017-01-12,2270.5,2270.5,2248.5,2263.5,False,True,False,-0.0030830213609337465,2139.8425,True,buy_after_first_green_after_red,2017-01-12,-0.30830213609337465,0.02,-0.32830213609337466,-14.102476201362432
2017-01-17,2270.25,2270.5,2257.25,2262.75,False,True,False,-0.0033036009250082543,2142.005,True,buy_after_first_green_after_red,2017-01-17,-0.33036009250082543,0.02,-0.35036009250082545,-14.452836293863257
2017-01-19,2265.5,2269.5,2253.0,2261.5,False,True,False,-0.001765614654601677,2144.0625,True,buy_after_first_green_after_red,2017-01-19,-0.1765614654601677,0.02,-0.1965614654601677,-14.649397759323424
2017-01-23,2266.0,2267.5,2251.75,2262.0,False,True,False,-0.001765225066195919,2146.22125,True,buy_after_first_green_after_red,2017-01-23,-0.1765225066195919,0.02,-0.1965225066195919,-14.845920265943017
2017-01-25,2275.75,2295.25,2274.75,2294.0,True,False,False,0.00801933428540047,2148.5875,True,buy_after_first_green_after_red,2017-01-25,0.801933428540047,0.02,0.781933428540047,-14.06398683740297
2017-02-03,2274.0,2294.0,2270.5,2291.0,True,False,False,0.007475813544415066,2156.23375,True,buy_after_first_green_after_red,2017-02-03,0.7475813544415066,0.02,0.7275813544415066,-13.336405482961464
2017-02-08,2285.75,2292.0,2281.0,2290.25,True,False,False,0.0019687192387618513,2159.1875,True,buy_after_first_green_after_red,2017-02-08,0.19687192387618513,0.02,0.17687192387618514,-13.159533559085279
2017-02-21,2346.5,2365.0,2346.0,2360.0,True,False,False,0.005753249520562553,2169.5525,True,buy_after_first_green_after_red,2017-02-21,0.5753249520562553,0.02,0.5553249520562553,-12.604208607029024
2017-03-02,2392.25,2394.25,2378.0,2382.0,False,True,False,-0.0042846692444351575,2180.5675,True,buy_after_first_green_after_red,2017-03-02,-0.42846692444351575,0.02,-0.44846692444351577,-13.05267553147254
2017-03-06,2380.25,2380.75,2367.0,2375.5,False,True,False,-0.0019955886986661175,2183.82,True,buy_after_first_green_after_red,2017-03-06,-0.19955886986661175,0.02,-0.21955886986661174,-13.272234401339151
2017-03-10,2367.5,2379.75,2362.25,2371.75,True,False,False,0.0017951425554383338,2190.29375,True,buy_after_first_green_after_red,2017-03-10,0.17951425554383338,0.02,0.1595142555438334,-13.112720145795318
2017-03-16,2382.5,2392.0,2376.75,2382.75,True,False,False,0.00010493179433357369,2196.3475,True,buy_after_first_green_after_red,2017-03-16,0.01049317943335737,0.02,-0.009506820566642631,-13.12222696636196
2017-03-23,2342.25,2356.0,2338.25,2340.0,False,True,False,-0.0009606147934678733,2202.78625,True,buy_after_first_green_after_red,2017-03-23,-0.09606147934678733,0.02,-0.11606147934678733,-13.238288445708747
2017-03-27,2337.0,2341.5,2317.75,2338.5,True,False,False,0.0006418485237484894,2205.11,True,buy_after_first_green_after_red,2017-03-27,0.06418485237484894,0.02,0.04418485237484894,-13.194103593333898
2017-04-05,2358.75,2375.0,2343.75,2346.5,False,True,False,-0.005193428722840454,2214.4025,True,buy_after_first_green_after_red,2017-04-05,-0.5193428722840454,0.02,-0.5393428722840454,-13.733446465617943
2017-04-07,2355.25,2360.75,2336.75,2352.25,False,True,False,-0.001273750132682272,2217.16875,True,buy_after_first_green_after_red,2017-04-07,-0.1273750132682272,0.02,-0.1473750132682272,-13.88082147888617
2017-04-11,2354.25,2355.75,2333.25,2351.0,False,True,False,-0.0013804821068280626,2219.9,True,buy_after_first_green_after_red,2017-04-11,-0.13804821068280626,0.02,-0.15804821068280625,-14.038869689568976
2017-04-18,2345.0,2347.0,2330.25,2337.25,False,True,False,-0.0033049040511726746,2225.96375,True,buy_after_first_green_after_red,2017-04-18,-0.33049040511726746,0.02,-0.3504904051172675,-14.389360094686243
2017-04-21,2352.75,2356.0,2340.5,2347.5,False,True,False,-0.002231431303793441,2229.86375,True,buy_after_first_green_after_red,2017-04-21,-0.22314313037934408,0.02,-0.24314313037934407,-14.632503225065587
2017-04-25,2370.0,2389.25,2368.25,2385.0,True,False,False,0.006329113924050667,2232.755,True,buy_after_first_green_after_red,2017-04-25,0.6329113924050667,0.02,0.6129113924050666,-14.01959183266052
2017-04-28,2386.25,2388.75,2378.25,2380.5,False,True,False,-0.002409638554216831,2236.785,True,buy_after_first_green_after_red,2017-04-28,-0.24096385542168308,0.02,-0.2609638554216831,-14.280555688082202
2017-05-02,2386.25,2388.75,2381.75,2385.75,False,True,False,-0.00020953378732324612,2239.19,True,buy_after_first_green_after_red,2017-05-02,-0.020953378732324612,0.02,-0.040953378732324616,-14.321509066814526
2017-05-05,2386.0,2399.25,2379.0,2397.75,True,False,False,0.004924559932942163,2242.6725,True,buy_after_first_green_after_red,2017-05-05,0.4924559932942163,0.02,0.4724559932942163,-13.84905307352031
2017-05-11,2395.0,2395.25,2379.0,2391.0,False,True,False,-0.001670146137787043,2247.28625,True,buy_after_first_green_after_red,2017-05-11,-0.1670146137787043,0.02,-0.1870146137787043,-14.036067687299013
2017-05-16,2399.75,2404.5,2393.75,2397.0,False,True,False,-0.0011459527034065609,2250.7775,True,buy_after_first_green_after_red,2017-05-16,-0.11459527034065609,0.02,-0.13459527034065608,-14.170662957639669
2017-05-19,2364.0,2388.0,2361.0,2381.5,True,False,False,0.007402707275803833,2253.8025,True,buy_after_first_green_after_red,2017-05-19,0.7402707275803833,0.02,0.7202707275803832,-13.450392230059286
2017-06-01,2413.75,2430.5,2410.5,2429.5,True,False,False,0.0065251165199378125,2263.3925,True,buy_after_first_green_after_red,2017-06-01,0.6525116519937812,0.02,0.6325116519937812,-12.817880578065505
2017-06-08,2431.5,2439.0,2427.25,2432.5,True,False,False,0.00041126876413732916,2269.69875,True,buy_after_first_green_after_red,2017-06-08,0.041126876413732916,0.02,0.021126876413732915,-12.796753701651772
2017-06-14,2440.25,2445.5,2427.75,2437.25,False,True,False,-0.0012293822354266792,2274.7625,True,buy_after_first_green_after_red,2017-06-14,-0.12293822354266792,0.02,-0.1429382235426679,-12.93969192519444
2017-06-29,2442.0,2445.0,2402.25,2420.0,False,True,False,-0.009009009009009028,2289.20125,True,buy_after_first_green_after_red,2017-06-29,-0.9009009009009028,0.02,-0.9209009009009028,-13.860592826095342
2017-07-03,2422.0,2436.5,2421.5,2425.0,True,False,False,0.0012386457473163581,2291.995,True,buy_after_first_green_after_red,2017-07-03,0.12386457473163581,0.02,0.10386457473163581,-13.756728251363706
2017-07-10,2423.0,2430.0,2419.25,2424.5,True,False,False,0.0006190672719768031,2297.7125,True,buy_after_first_green_after_red,2017-07-10,0.06190672719768031,0.02,0.04190672719768031,-13.714821524166025
2017-07-20,2471.0,2476.25,2465.5,2471.25,True,False,False,0.00010117361392159019,2309.74875,True,buy_after_first_green_after_red,2017-07-20,0.010117361392159019,0.02,-0.009882638607840982,-13.724704162773866
2017-07-26,2475.25,2479.75,2471.5,2473.25,False,True,False,-0.0008079991920008078,2316.11625,True,buy_after_first_green_after_red,2017-07-26,-0.08079991920008078,0.02,-0.10079991920008079,-13.825504081973946
2017-08-02,2474.0,2476.0,2463.25,2473.5,False,True,False,-0.00020210185933711156,2324.42,True,buy_after_first_green_after_red,2017-08-02,-0.020210185933711156,0.02,-0.04021018593371116,-13.865714267907657
2017-08-07,2472.25,2478.25,2472.0,2477.5,True,False,False,0.0021235716452623343,2329.61625,True,buy_after_first_green_after_red,2017-08-07,0.21235716452623343,0.02,0.19235716452623344,-13.673357103381424
2017-08-10,2474.0,2474.25,2432.75,2437.5,False,True,False,-0.0147534357316087,2334.48375,True,buy_after_first_green_after_red,2017-08-10,-1.47534357316087,0.02,-1.49534357316087,-15.168700676542294
2017-08-14,2441.5,2466.5,2441.5,2463.5,True,False,False,0.009010853983207001,2337.59,True,buy_after_first_green_after_red,2017-08-14,0.9010853983207001,0.02,0.8810853983207001,-14.287615278221594
2017-08-17,2466.75,2468.5,2423.75,2429.5,False,True,False,-0.015100841187797753,2342.4875,True,buy_after_first_green_after_red,2017-08-17,-1.5100841187797753,0.02,-1.5300841187797753,-15.81769939700137
2017-08-23,2453.0,2454.75,2438.75,2441.5,False,True,False,-0.004688136975132484,2349.235,True,buy_after_first_green_after_red,2017-08-23,-0.4688136975132484,0.02,-0.48881369751324844,-16.306513094514617
2017-08-25,2442.5,2453.5,2437.5,2442.5,False,False,True,0.0,2352.60625,True,buy_after_first_green_after_red,2017-08-25,0.0,0.02,-0.02,-16.326513094514617
2017-09-07,2464.0,2468.75,2457.5,2466.5,True,False,False,0.0010146103896104819,2364.31625,True,buy_after_first_green_after_red,2017-09-07,0.10146103896104819,0.02,0.08146103896104818,-16.24505205555357
2017-09-12,2488.25,2497.0,2486.75,2496.0,True,False,False,0.0031146388023710614,2368.57625,True,buy_after_first_green_after_red,2017-09-12,0.31146388023710614,0.02,0.2914638802371061,-15.953588175316462
2017-09-15,2496.0,2496.5,2489.5,2496.0,False,False,True,0.0,2372.9425,True,buy_after_first_green_after_red,2017-09-15,0.0,0.02,-0.02,-15.973588175316461
2017-09-28,2503.25,2508.25,2499.0,2507.75,True,False,False,0.001797663038050512,2385.545,True,buy_after_first_green_after_red,2017-09-28,0.1797663038050512,0.02,0.15976630380505122,-15.81382187151141
2017-10-10,2543.25,2553.25,2542.75,2548.5,True,False,False,0.0020642878207017823,2396.5025,True,buy_after_first_green_after_red,2017-10-10,0.20642878207017823,0.02,0.18642878207017824,-15.627393089441231
2017-10-16,2552.25,2557.75,2550.75,2556.25,True,False,False,0.0015672445881085295,2402.50375,True,buy_after_first_green_after_red,2017-10-16,0.15672445881085295,0.02,0.13672445881085296,-15.490668630630378
2017-10-25,2564.75,2566.25,2541.5,2558.5,False,True,False,-0.002436884686616625,2413.12,True,buy_after_first_green_after_red,2017-10-25,-0.2436884686616625,0.02,-0.2636884686616625,-15.75435709929204
2017-10-27,2561.5,2580.75,2557.5,2578.5,True,False,False,0.006636736287331635,2416.15,True,buy_after_first_green_after_red,2017-10-27,0.6636736287331635,0.02,0.6436736287331635,-15.110683470558877
2017-11-01,2572.75,2585.5,2571.0,2574.75,True,False,False,0.000777378291711095,2420.72,True,buy_after_first_green_after_red,2017-11-01,0.0777378291711095,0.02,0.05773782917110949,-15.052945641387767
2017-11-09,2591.25,2594.5,2563.25,2584.0,False,True,False,-0.0027978774722624555,2430.01,True,buy_after_first_green_after_red,2017-11-09,-0.27978774722624555,0.02,-0.29978774722624557,-15.352733388614013
2017-11-14,2580.25,2582.25,2564.25,2578.0,False,True,False,-0.0008720085263056454,2434.51,True,buy_after_first_green_after_red,2017-11-14,-0.08720085263056454,0.02,-0.10720085263056454,-15.459934241244577
2017-11-17,2584.25,2586.0,2574.75,2576.25,False,True,False,-0.0030956757279675395,2438.93625,True,buy_after_first_green_after_red,2017-11-17,-0.30956757279675395,0.02,-0.32956757279675397,-15.78950181404133
2017-11-21,2582.0,2600.5,2579.25,2596.25,True,False,False,0.0055189775367932015,2441.9525,True,buy_after_first_green_after_red,2017-11-21,0.5518977536793201,0.02,0.5318977536793201,-15.25760406036201
2017-11-27,2601.0,2605.5,2596.5,2601.75,True,False,False,0.00028835063437138153,2446.4025,True,buy_after_first_green_after_red,2017-11-27,0.028835063437138153,0.02,0.008835063437138153,-15.248768996924872
2017-12-01,2640.75,2650.75,2605.0,2644.0,True,False,False,0.0012307109722615728,2452.32125,True,buy_after_first_green_after_red,2017-12-01,0.12307109722615728,0.02,0.10307109722615727,-15.145697899698714
2017-12-07,2630.5,2641.25,2626.25,2639.5,True,False,False,0.003421402775137805,2457.83875,True,buy_after_first_green_after_red,2017-12-07,0.3421402775137805,0.02,0.3221402775137805,-14.823557622184934
2017-12-18,2683.0,2698.0,2682.5,2694.5,True,False,False,0.004286246738725241,2467.99,True,buy_after_first_green_after_red,2017-12-18,0.4286246738725241,0.02,0.4086246738725241,-14.41493294831241
2017-12-22,2686.75,2691.5,2682.25,2686.0,False,True,False,-0.00027914766911696365,2474.34375,True,buy_after_first_green_after_red,2017-12-22,-0.027914766911696365,0.02,-0.04791476691169637,-14.462847715224106
2017-12-27,2687.5,2691.0,2681.5,2685.5,False,True,False,-0.0007441860465116079,2477.49875,True,buy_after_first_green_after_red,2017-12-27,-0.07441860465116079,0.02,-0.0944186046511608,-14.557266319875266
2017-12-29,2684.75,2698.25,2667.75,2676.0,False,True,False,-0.0032591488965453275,2480.475,True,buy_after_first_green_after_red,2017-12-29,-0.32591488965453275,0.02,-0.34591488965453276,-14.903181209529798
2018-01-03,2693.75,2714.25,2692.25,2711.0,True,False,False,0.006403712296983777,2483.72125,True,buy_after_first_green_after_red,2018-01-03,0.6403712296983777,0.02,0.6203712296983777,-14.28280997983142
2018-01-18,2803.25,2808.0,2793.75,2796.25,False,True,False,-0.0024971015785248962,2504.5225,True,buy_after_first_green_after_red,2018-01-18,-0.24971015785248962,0.02,-0.26971015785248964,-14.55252013768391
2018-01-22,2804.0,2838.25,2802.0,2835.25,True,False,False,0.011144793152639165,2509.23875,True,buy_after_first_green_after_red,2018-01-22,1.1144793152639165,0.02,1.0944793152639165,-13.458040822419994
2018-02-01,2828.75,2837.25,2809.5,2822.5,False,True,False,-0.002209456473707516,2529.05125,True,buy_after_first_green_after_red,2018-02-01,-0.22094564737075162,0.02,-0.2409456473707516,-13.698986469790745
2018-02-07,2685.5,2726.75,2660.5,2668.25,False,True,False,-0.006423384844535418,2535.67,True,buy_after_first_green_after_red,2018-02-07,-0.6423384844535418,0.02,-0.6623384844535418,-14.361324954244287
2018-02-12,2628.25,2671.5,2620.0,2655.25,True,False,False,0.010272995339103863,2539.2425,True,buy_after_first_green_after_red,2018-02-12,1.0272995339103863,0.02,1.0072995339103863,-13.354025420333901
2018-02-23,2712.75,2750.25,2710.0,2748.75,True,False,False,0.013270666298037082,2552.20625,True,buy_after_first_green_after_red,2018-02-23,1.3270666298037082,0.02,1.3070666298037081,-12.046958790530192
2018-03-05,2683.25,2727.75,2663.75,2718.5,True,False,False,0.01313705394577469,2562.23375,True,buy_after_first_green_after_red,2018-03-05,1.313705394577469,0.02,1.293705394577469,-10.753253395952724
2018-03-16,2753.75,2757.0,2747.0,2752.75,False,True,False,-0.00036314117113023237,2578.185,True,buy_after_first_green_after_red,2018-03-16,-0.036314117113023237,0.02,-0.05631411711302324,-10.809567513065748
2018-03-21,2723.25,2744.0,2712.5,2718.25,False,True,False,-0.0018360414945377546,2582.49875,True,buy_after_first_green_after_red,2018-03-21,-0.18360414945377546,0.02,-0.20360414945377545,-11.013171662519524
2018-03-27,2659.5,2679.75,2596.0,2615.75,False,True,False,-0.016450460612897122,2586.45125,True,buy_after_first_green_after_red,2018-03-27,-1.6450460612897122,0.02,-1.6650460612897122,-12.678217723809237
2018-04-02,2635.0,2641.5,2552.0,2575.0,False,True,False,-0.022770398481973486,2589.05,True,buy_after_first_green_after_red,2018-04-02,-2.2770398481973486,0.02,-2.2970398481973486,-14.975257572006585
2018-04-04,2612.0,2649.75,2559.5,2647.0,True,False,False,0.013399693721286354,2591.01125,True,buy_after_first_green_after_red,2018-04-04,1.3399693721286354,0.02,1.3199693721286354,-13.65528819987795
2018-04-10,2617.75,2666.25,2612.25,2655.0,True,False,False,0.014229777480660788,2594.9675,True,buy_after_first_green_after_red,2018-04-10,1.4229777480660788,0.02,1.4029777480660788,-12.252310451811871
2018-04-13,2661.75,2680.5,2644.75,2657.25,False,True,False,-0.0016906170752324368,2598.32125,True,buy_after_first_green_after_red,2018-04-13,-0.16906170752324368,0.02,-0.18906170752324367,-12.441372159335115
2018-04-17,2679.25,2713.75,2678.75,2706.5,True,False,False,0.010170756741625375,2600.97,True,buy_after_first_green_after_red,2018-04-17,1.0170756741625375,0.02,0.9970756741625375,-11.444296485172577
2018-04-26,2648.25,2677.5,2639.5,2674.5,True,False,False,0.009912206173888327,2609.69875,True,buy_after_first_green_after_red,2018-04-26,0.9912206173888327,0.02,0.9712206173888327,-10.473075867783745
2018-05-02,2655.5,2658.5,2624.25,2627.5,False,True,False,-0.010544153643381682,2613.69,True,buy_after_first_green_after_red,2018-05-02,-1.0544153643381682,0.02,-1.0744153643381682,-11.547491232121914
2018-05-04,2631.75,2669.5,2612.25,2663.0,True,False,False,0.0118742281751687,2615.5175,True,buy_after_first_green_after_red,2018-05-04,1.18742281751687,0.02,1.16742281751687,-10.380068414605043
2018-05-17,2721.75,2732.0,2711.0,2718.75,False,True,False,-0.0011022320198401658,2626.15375,True,buy_after_first_green_after_red,2018-05-17,-0.11022320198401658,0.02,-0.13022320198401657,-10.51029161658906
2018-05-22,2731.25,2741.75,2721.5,2726.0,False,True,False,-0.0019221967963386488,2629.9275,True,buy_after_first_green_after_red,2018-05-22,-0.19221967963386488,0.02,-0.21221967963386487,-10.722511296222924
2018-05-24,2729.75,2733.25,2705.75,2727.5,False,True,False,-0.0008242513050645828,2632.4675,True,buy_after_first_green_after_red,2018-05-24,-0.08242513050645828,0.02,-0.10242513050645828,-10.824936426729382
2018-05-31,2720.25,2728.25,2699.75,2705.5,False,True,False,-0.005422295744876404,2637.6,True,buy_after_first_green_after_red,2018-05-31,-0.5422295744876404,0.02,-0.5622295744876404,-11.387166001217022
2018-06-04,2731.0,2749.25,2729.0,2745.5,True,False,False,0.005309410472354559,2640.34,True,buy_after_first_green_after_red,2018-06-04,0.5309410472354559,0.02,0.5109410472354559,-10.876224953981566
2018-06-11,2771.0,2790.5,2770.5,2783.0,True,False,False,0.004330566582461115,2648.73625,True,buy_after_first_green_after_red,2018-06-11,0.4330566582461115,0.02,0.4130566582461115,-10.463168295735455
2018-06-15,2782.5,2784.0,2766.25,2776.5,False,True,False,-0.0021563342318059453,2655.45625,True,buy_after_first_green_after_red,2018-06-15,-0.21563342318059453,0.02,-0.23563342318059452,-10.69880171891605
2018-06-21,2771.75,2785.25,2747.0,2752.5,False,True,False,-0.006945070803643927,2661.51,True,buy_after_first_green_after_red,2018-06-21,-0.6945070803643927,0.02,-0.7145070803643927,-11.413308799280443
2018-06-25,2757.0,2758.0,2700.5,2722.25,False,True,False,-0.012604280014508529,2664.25875,True,buy_after_first_green_after_red,2018-06-25,-1.2604280014508529,0.02,-1.280428001450853,-12.693736800731296
2018-06-27,2726.5,2748.0,2701.0,2705.0,False,True,False,-0.007885567577480268,2666.67625,True,buy_after_first_green_after_red,2018-06-27,-0.7885567577480268,0.02,-0.8085567577480268,-13.502293558479323
2018-06-29,2720.0,2745.5,2716.75,2721.5,True,False,False,0.0005514705882352366,2668.91875,True,buy_after_first_green_after_red,2018-06-29,0.055147058823523665,0.02,0.03514705882352366,-13.467146499655799
2018-07-06,2737.0,2766.25,2731.25,2763.0,True,False,False,0.009499451954694926,2673.62875,True,buy_after_first_green_after_red,2018-07-06,0.9499451954694926,0.02,0.9299451954694926,-12.537201304186306
2018-07-13,2798.5,2807.25,2793.25,2803.25,True,False,False,0.0016973378595677158,2680.9375,True,buy_after_first_green_after_red,2018-07-13,0.16973378595677158,0.02,0.1497337859567716,-12.387467518229535
2018-07-18,2813.0,2818.25,2806.75,2816.0,True,False,False,0.0010664770707429216,2685.415,True,buy_after_first_green_after_red,2018-07-18,0.10664770707429216,0.02,0.08664770707429216,-12.300819811155243
2018-07-24,2810.5,2831.25,2810.25,2821.0,True,False,False,0.0037359900373599153,2690.88375,True,buy_after_first_green_after_red,2018-07-24,0.37359900373599153,0.02,0.3535990037359915,-11.947220807419251
2018-08-01,2824.25,2825.75,2805.5,2810.75,False,True,False,-0.0047800300964857545,2699.0825,True,buy_after_first_green_after_red,2018-08-01,-0.47800300964857545,0.02,-0.49800300964857547,-12.445223817067827
2018-08-03,2830.75,2841.5,2824.75,2839.5,True,False,False,0.003091053607701122,2701.85625,True,buy_after_first_green_after_red,2018-08-03,0.3091053607701122,0.02,0.2891053607701122,-12.156118456297715
2018-08-10,2852.5,2852.75,2826.0,2836.75,False,True,False,-0.005521472392638005,2709.0075,True,buy_after_first_green_after_red,2018-08-10,-0.5521472392638005,0.02,-0.5721472392638005,-12.728265695561516
2018-08-15,2841.75,2843.0,2803.0,2821.25,False,True,False,-0.00721386469605001,2712.95375,True,buy_after_first_green_after_red,2018-08-15,-0.721386469605001,0.02,-0.741386469605001,-13.469652165166517
2018-08-17,2843.5,2857.0,2835.0,2852.25,True,False,False,0.0030771935994373667,2715.73375,True,buy_after_first_green_after_red,2018-08-17,0.30771935994373667,0.02,0.28771935994373665,-13.18193280522278
2018-08-27,2877.75,2899.5,2876.75,2898.5,True,False,False,0.007210494309790594,2724.30375,True,buy_after_first_green_after_red,2018-08-27,0.7210494309790594,0.02,0.7010494309790594,-12.48088337424372
2018-09-04,2906.5,2912.5,2885.5,2898.25,False,True,False,-0.002838465508343324,2732.4425,True,buy_after_first_green_after_red,2018-09-04,-0.2838465508343324,0.02,-0.30384655083433243,-12.784729925078054
2018-09-11,2879.75,2893.0,2867.25,2889.75,True,False,False,0.003472523656567361,2739.8325,True,buy_after_first_green_after_red,2018-09-11,0.3472523656567361,0.02,0.3272523656567361,-12.457477559421317
2018-09-14,2904.75,2912.25,2896.75,2906.25,True,False,False,0.0005163955589981839,2744.18875,True,buy_after_first_green_after_red,2018-09-14,0.05163955589981839,0.02,0.031639555899818386,-12.425838003521498
2018-09-19,2907.75,2913.75,2900.75,2910.0,True,False,False,0.0007737941707506302,2748.14125,True,buy_after_first_green_after_red,2018-09-19,0.07737941707506302,0.02,0.05737941707506301,-12.368458586446435
2018-09-28,2922.25,2925.5,2908.0,2919.0,False,True,False,-0.0011121567285482525,2757.94875,True,buy_after_first_green_after_red,2018-09-28,-0.11121567285482525,0.02,-0.13121567285482524,-12.49967425930126
2018-10-02,2929.25,2936.0,2917.5,2928.5,False,True,False,-0.00025603823504305456,2760.6425,True,buy_after_first_green_after_red,2018-10-02,-0.025603823504305456,0.02,-0.04560382350430546,-12.545278082805565
2018-10-04,2926.0,2926.25,2887.75,2907.75,False,True,False,-0.006237183868762819,2763.0325,True,buy_after_first_green_after_red,2018-10-04,-0.6237183868762819,0.02,-0.6437183868762819,-13.188996469681847
2018-10-15,2770.0,2778.75,2745.25,2749.0,False,True,False,-0.007581227436823101,2767.645,True,buy_after_first_green_after_red,2018-10-15,-0.7581227436823101,0.02,-0.7781227436823102,-13.967119213364157
2018-10-17,2816.25,2824.25,2783.25,2816.25,False,False,True,0.0,2768.97,True,buy_after_first_green_after_red,2018-10-17,0.0,0.02,-0.02,-13.987119213364156
2018-10-26,2678.0,2692.75,2627.25,2669.5,False,True,False,-0.0031740104555638693,2768.31125,True,buy_after_first_green_after_red,2018-10-26,-0.31740104555638693,0.02,-0.33740104555638695,-14.324520258920543
2018-10-31,2690.75,2737.25,2682.0,2711.0,True,False,False,0.007525782774319367,2766.635,True,buy_after_first_green_after_red,2018-10-31,0.7525782774319367,0.02,0.7325782774319367,-13.591941981488606
2018-11-16,2731.75,2748.75,2708.75,2743.0,True,False,False,0.004118239223940723,2762.0075,True,buy_after_first_green_after_red,2018-11-16,0.4118239223940723,0.02,0.39182392239407227,-13.200118059094534
2018-11-23,2635.5,2647.5,2626.0,2629.5,False,True,False,-0.0022766078542970636,2762.2625,True,buy_after_first_green_after_red,2018-11-23,-0.22766078542970636,0.02,-0.24766078542970635,-13.44777884452424
2018-11-27,2661.0,2686.75,2655.25,2683.5,True,False,False,0.008455467869222133,2762.65875,True,buy_after_first_green_after_red,2018-11-27,0.8455467869222133,0.02,0.8255467869222133,-12.622232057602027
2018-12-11,2644.0,2678.0,2621.25,2641.25,False,True,False,-0.0010400907715581997,2761.97125,True,buy_after_first_green_after_red,2018-12-11,-0.10400907715581997,0.02,-0.12400907715581998,-12.746241134757847
2018-12-13,2653.0,2671.0,2637.25,2645.5,False,True,False,-0.0028269883151149644,2761.15125,True,buy_after_first_green_after_red,2018-12-13,-0.28269883151149644,0.02,-0.30269883151149646,-13.048939966269344
2018-12-27,2470.25,2498.75,2397.0,2495.0,True,False,False,0.010019228822993664,2750.375,True,buy_after_first_green_after_red,2018-12-27,1.0019228822993664,0.02,0.9819228822993664,-12.067017083969978
2019-01-02,2508.0,2521.25,2452.25,2511.0,True,False,False,0.0011961722488038617,2746.61625,True,buy_after_first_green_after_red,2019-01-02,0.11961722488038617,0.02,0.09961722488038617,-11.967399859089591
2019-01-07,2537.25,2567.5,2523.25,2550.5,True,False,False,0.005222189378263797,2743.44125,True,buy_after_first_green_after_red,2019-01-07,0.5222189378263797,0.02,0.5022189378263797,-11.465180921263212
2019-01-16,2605.75,2626.25,2602.5,2613.25,True,False,False,0.0028782500239854514,2742.44875,True,buy_after_first_green_after_red,2019-01-16,0.28782500239854514,0.02,0.2678250023985451,-11.197355918864666
2019-01-24,2635.0,2647.5,2626.0,2634.0,False,True,False,-0.0003795066413662118,2742.77,True,buy_after_first_green_after_red,2019-01-24,-0.03795066413662118,0.02,-0.057950664136621186,-11.255306583001287
2019-01-28,2660.0,2663.5,2622.25,2642.0,False,True,False,-0.006766917293233088,2742.8175,True,buy_after_first_green_after_red,2019-01-28,-0.6766917293233088,0.02,-0.6966917293233088,-11.951998312324596
2019-02-05,2719.5,2737.75,2716.25,2731.0,True,False,False,0.004228718514432739,2743.175,True,buy_after_first_green_after_red,2019-02-05,0.4228718514432739,0.02,0.40287185144327387,-11.549126460881322
2019-02-11,2710.75,2721.5,2700.5,2708.25,False,True,False,-0.000922253988748456,2744.3025,True,buy_after_first_green_after_red,2019-02-11,-0.0922253988748456,0.02,-0.1122253988748456,-11.661351859756167
2019-02-13,2743.5,2762.0,2742.75,2749.5,True,False,False,0.002186987424822373,2745.04375,True,buy_after_first_green_after_red,2019-02-13,0.2186987424822373,0.02,0.19869874248223732,-11.462653117273929
2019-02-19,2777.0,2787.5,2766.0,2778.75,True,False,False,0.0006301764494058837,2746.90625,True,buy_after_first_green_after_red,2019-02-19,0.06301764494058837,0.02,0.043017644940588365,-11.41963547233334
2019-02-25,2799.5,2814.0,2794.5,2797.0,False,True,False,-0.0008930166101089876,2749.47875,True,buy_after_first_green_after_red,2019-02-25,-0.08930166101089876,0.02,-0.10930166101089876,-11.528937133344238
2019-02-28,2795.25,2795.75,2781.75,2784.75,False,True,False,-0.003756372417493936,2750.61375,True,buy_after_first_green_after_red,2019-02-28,-0.3756372417493936,0.02,-0.39563724174939363,-11.92457437509363
2019-03-04,2814.0,2819.75,2767.5,2791.5,False,True,False,-0.007995735607675858,2751.39625,True,buy_after_first_green_after_red,2019-03-04,-0.7995735607675858,0.02,-0.8195735607675858,-12.744147935861216
2019-03-06,2786.5,2792.75,2768.5,2771.5,False,True,False,-0.005383097075183918,2752.0025,True,buy_after_first_green_after_red,2019-03-06,-0.5383097075183918,0.02,-0.5583097075183918,-13.302457643379608
2019-03-12,2784.75,2798.25,2780.5,2792.0,True,False,False,0.0026034653020916565,2752.85375,True,buy_after_first_green_after_red,2019-03-12,0.26034653020916565,0.02,0.24034653020916566,-13.062111113170442
2019-03-18,2827.0,2842.0,2824.0,2840.5,True,False,False,0.004775380261761608,2754.911949462891,True,buy_after_first_green_after_red,2019-03-18,0.4775380261761608,0.02,0.4575380261761608,-12.60457308699428
2019-03-22,2859.5,2864.75,2805.25,2810.75,False,True,False,-0.017048435041091103,2756.914449462891,True,buy_after_first_green_after_red,2019-03-22,-1.7048435041091103,0.02,-1.7248435041091104,-14.32941659110339
2019-03-27,2823.5,2831.75,2791.75,2810.5,False,True,False,-0.004604214627235703,2757.5006994628907,True,buy_after_first_green_after_red,2019-03-27,-0.4604214627235703,0.02,-0.48042146272357034,-14.809838053826962
2019-03-29,2820.5,2840.75,2820.25,2837.75,True,False,False,0.006115936890622287,2757.9594494628905,True,buy_after_first_green_after_red,2019-03-29,0.6115936890622287,0.02,0.5915936890622286,-14.218244364764733
2019-04-04,2880.75,2885.75,2871.0,2882.75,True,False,False,0.0006942636466198415,2759.8906994628906,True,buy_after_first_green_after_red,2019-04-04,0.06942636466198415,0.02,0.04942636466198415,-14.168818000102748
2019-04-11,2894.75,2900.0,2885.25,2891.75,False,True,False,-0.0010363589256412453,2763.3431994628904,True,buy_after_first_green_after_red,2019-04-11,-0.10363589256412453,0.02,-0.12363589256412454,-14.292453892666872
2019-04-15,2912.0,2914.5,2900.5,2909.5,False,True,False,-0.000858516483516536,2765.2856994628905,True,buy_after_first_green_after_red,2019-04-15,-0.0858516483516536,0.02,-0.1058516483516536,-14.398305541018525
2019-04-17,2910.25,2923.5,2898.5,2900.5,False,True,False,-0.0033502276436732092,2767.1406994628906,True,buy_after_first_green_after_red,2019-04-17,-0.3350227643673209,0.02,-0.35502276436732094,-14.753328305385846
2019-04-22,2908.75,2915.75,2899.0,2912.5,True,False,False,0.0012892135797164528,2769.0506994628904,True,buy_after_first_green_after_red,2019-04-22,0.12892135797164528,0.02,0.10892135797164527,-14.6444069474142
2019-04-29,2939.25,2951.5,2937.75,2943.0,True,False,False,0.001275835672365444,2773.1494494628905,True,buy_after_first_green_after_red,2019-04-29,0.1275835672365444,0.02,0.1075835672365444,-14.536823380177657
2019-05-03,2918.5,2949.5,2916.5,2947.5,True,False,False,0.00993661127291423,2775.7844494628907,True,buy_after_first_green_after_red,2019-05-03,0.9936611272914231,0.02,0.9736611272914231,-13.563162252886233
2019-05-13,2858.5,2869.25,2802.0,2807.0,False,True,False,-0.01801644218995979,2777.6894494628905,True,buy_after_first_green_after_red,2019-05-13,-1.8016442189959792,0.02,-1.8216442189959792,-15.384806471882213
2019-05-15,2840.75,2860.0,2815.0,2855.0,True,False,False,0.005016280911731119,2777.860699462891,True,buy_after_first_green_after_red,2019-05-15,0.5016280911731119,0.02,0.4816280911731119,-14.9031783807091
2019-05-22,2864.75,2869.5,2848.25,2857.5,False,True,False,-0.002530761846583518,2778.9056994628904,True,buy_after_first_green_after_red,2019-05-22,-0.2530761846583518,0.02,-0.2730761846583518,-15.176254565367453
2019-05-28,2831.0,2841.25,2800.5,2805.0,False,True,False,-0.009184033910279,2778.3619494628906,True,buy_after_first_green_after_red,2019-05-28,-0.9184033910278999,0.02,-0.9384033910278999,-16.11465795639535
2019-05-31,2788.75,2791.0,2750.0,2752.5,False,True,False,-0.012998655311519447,2777.3969494628905,True,buy_after_first_green_after_red,2019-05-31,-1.2998655311519447,0.02,-1.3198655311519447,-17.434523487547295
2019-06-04,2754.0,2806.25,2744.0,2805.0,True,False,False,0.0185185185185186,2776.8581994628908,True,buy_after_first_green_after_red,2019-06-04,1.85185185185186,0.02,1.83185185185186,-15.602671635695435
2019-06-14,2893.75,2898.75,2880.5,2890.5,False,True,False,-0.0011231101511879338,2777.2531994628907,True,buy_after_first_green_after_red,2019-06-14,-0.11231101511879338,0.02,-0.13231101511879337,-15.734982650814228
2019-06-18,2893.5,2931.75,2884.5,2921.75,True,False,False,0.009763262484879798,2777.2519494628905,True,buy_after_first_green_after_red,2019-06-18,0.9763262484879798,0.02,0.9563262484879798,-14.778656402326249
2019-06-28,2932.75,2955.25,2930.0,2944.25,True,False,False,0.003921234336373702,2779.2101989746093,True,buy_after_first_green_after_red,2019-06-28,0.39212343363737023,0.02,0.3721234336373702,-14.406532968688879
2019-07-03,2979.0,3001.5,2973.75,3000.25,True,False,False,0.007133266196710286,2780.4476989746095,True,buy_after_first_green_after_red,2019-07-03,0.7133266196710286,0.02,0.6933266196710286,-13.71320634901785
2019-07-10,2982.25,3007.5,2971.25,2997.5,True,False,False,0.005113588733338892,2781.9826989746093,True,buy_after_first_green_after_red,2019-07-10,0.5113588733338892,0.02,0.49135887333388917,-13.221847475683962
2019-07-19,3003.75,3009.75,2969.5,2977.0,False,True,False,-0.008905534748231414,2784.6476989746093,True,buy_after_first_green_after_red,2019-07-19,-0.8905534748231414,0.02,-0.9105534748231414,-14.132400950507103
2019-07-23,2988.75,3008.5,2987.5,3008.0,True,False,False,0.006440819740694215,2785.3326989746092,True,buy_after_first_green_after_red,2019-07-23,0.6440819740694215,0.02,0.6240819740694215,-13.508318976437682
2019-07-29,3022.0,3027.25,3015.5,3021.75,False,True,False,-8.272667107878107e-05,2787.7851989746096,True,buy_after_first_green_after_red,2019-07-29,-0.008272667107878107,0.02,-0.028272667107878107,-13.53659164354556
2019-08-07,2873.75,2891.5,2823.25,2880.5,True,False,False,0.0023488473249237973,2792.861448974609,True,buy_after_first_green_after_red,2019-08-07,0.23488473249237973,0.02,0.21488473249237974,-13.32170691105318
2019-08-14,2931.0,2936.5,2835.75,2840.75,False,True,False,-0.03079153872398499,2797.3114489746094,True,buy_after_first_green_after_red,2019-08-14,-3.079153872398499,0.02,-3.099153872398499,-16.42086078345168
2019-08-16,2851.0,2894.75,2849.5,2891.5,True,False,False,0.01420554191511747,2799.446448974609,True,buy_after_first_green_after_red,2019-08-16,1.420554191511747,0.02,1.400554191511747,-15.020306591939933
2019-08-22,2931.25,2939.75,2904.25,2922.25,False,True,False,-0.0030703624733475765,2803.5214489746095,True,buy_after_first_green_after_red,2019-08-22,-0.30703624733475765,0.02,-0.32703624733475767,-15.347342839274692
2019-08-27,2882.75,2899.5,2860.0,2865.5,False,True,False,-0.005983869568987998,2804.9676989746094,True,buy_after_first_green_after_red,2019-08-27,-0.5983869568987998,0.02,-0.6183869568987999,-15.965729796173491
2019-08-29,2883.25,2930.75,2875.25,2926.75,True,False,False,0.01508714124685695,2806.111448974609,True,buy_after_first_green_after_red,2019-08-29,1.508714124685695,0.02,1.488714124685695,-14.477015671487797
2019-09-12,3003.0,3021.75,3001.0,3011.75,True,False,False,0.002913752913752843,2818.3439489746092,True,buy_after_first_green_after_red,2019-09-12,0.2913752913752843,0.02,0.27137529137528427,-14.205640380112513
2019-09-17,3001.75,3006.5,2991.5,3005.5,True,False,False,0.0012492712584326604,2822.923948974609,True,buy_after_first_green_after_red,2019-09-17,0.12492712584326604,0.02,0.10492712584326604,-14.100713254269246
2019-09-23,2995.75,3008.25,2982.0,2997.0,True,False,False,0.0004172577818575274,2828.063249511719,True,buy_after_first_green_after_red,2019-09-23,0.04172577818575274,0.02,0.021725778185752737,-14.078987476083494
2019-09-26,2985.75,2995.0,2964.25,2980.5,False,True,False,-0.0017583521728209428,2832.898249511719,True,buy_after_first_green_after_red,2019-09-26,-0.17583521728209428,0.02,-0.19583521728209427,-14.274822693365588
2019-10-01,2984.0,2994.5,2937.0,2937.75,False,True,False,-0.015499329758713154,2837.6019995117185,True,buy_after_first_green_after_red,2019-10-01,-1.5499329758713154,0.02,-1.5699329758713154,-15.844755669236903
2019-10-04,2911.5,2953.25,2896.75,2951.0,True,False,False,0.013566889919285563,2842.866999511719,True,buy_after_first_green_after_red,2019-10-04,1.3566889919285563,0.02,1.3366889919285563,-14.508066677308348
2019-10-10,2920.5,2954.0,2881.75,2941.0,True,False,False,0.007019346002396842,2852.324499511719,True,buy_after_first_green_after_red,2019-10-10,0.7019346002396842,0.02,0.6819346002396842,-13.826132077068664
2019-10-16,2996.5,2997.75,2984.75,2991.5,False,True,False,-0.0016686133822793048,2862.165749511719,True,buy_after_first_green_after_red,2019-10-16,-0.16686133822793048,0.02,-0.18686133822793047,-14.012993415296593
2019-10-18,2997.75,3001.25,2975.0,2988.25,False,True,False,-0.003169043449253617,2867.3032495117186,True,buy_after_first_green_after_red,2019-10-18,-0.3169043449253617,0.02,-0.3369043449253617,-14.349897760221955
2019-10-22,3006.5,3014.25,2988.25,2994.5,False,True,False,-0.003991352070513932,2871.8994995117187,True,buy_after_first_green_after_red,2019-10-22,-0.39913520705139316,0.02,-0.4191352070513932,-14.769032967273349
2019-10-24,3006.0,3015.25,2998.75,3004.25,False,True,False,-0.0005821689953426912,2876.1744995117188,True,buy_after_first_green_after_red,2019-10-24,-0.05821689953426912,0.02,-0.07821689953426912,-14.847249866807617
2019-10-28,3023.0,3042.75,3022.75,3036.25,True,False,False,0.00438306318226922,2880.511999511719,True,buy_after_first_green_after_red,2019-10-28,0.438306318226922,0.02,0.418306318226922,-14.428943548580696
2019-10-31,3051.75,3052.0,3020.25,3035.75,False,True,False,-0.005242893421807171,2887.1119995117188,True,buy_after_first_green_after_red,2019-10-31,-0.5242893421807171,0.02,-0.5442893421807171,-14.973232890761413
2019-11-04,3064.75,3083.75,3064.75,3075.75,True,False,False,0.0035891997715964408,2891.273249511719,True,buy_after_first_green_after_red,2019-11-04,0.3589199771596441,0.02,0.33891997715964406,-14.634312913601768
2019-11-07,3077.25,3097.0,3070.25,3086.0,True,False,False,0.002843447883662309,2897.9194995117186,True,buy_after_first_green_after_red,2019-11-07,0.2843447883662309,0.02,0.2643447883662309,-14.369968125235538
2019-11-13,3091.25,3097.0,3075.75,3095.5,True,False,False,0.0013748483623130525,2906.605749511719,True,buy_after_first_green_after_red,2019-11-13,0.13748483623130525,0.02,0.11748483623130525,-14.252483289004232
2019-11-22,3104.0,3114.5,3097.75,3111.5,True,False,False,0.0024162371134019978,2920.5019995117186,True,buy_after_first_green_after_red,2019-11-22,0.24162371134019978,0.02,0.22162371134019979,-14.030859577664032
2019-12-05,3111.0,3124.75,3103.25,3117.75,True,False,False,0.002169720347155346,2935.2269995117185,True,buy_after_first_green_after_red,2019-12-05,0.2169720347155346,0.02,0.19697203471553462,-13.833887542948498
2019-12-11,3135.5,3144.5,3129.5,3143.0,True,False,False,0.002391963004305442,2942.150749511719,True,buy_after_first_green_after_red,2019-12-11,0.23919630043054418,0.02,0.2191963004305442,-13.614691242517953
2019-12-17,3192.5,3199.25,3187.75,3192.0,False,True,False,-0.0001566170712608006,2949.918249511719,True,buy_after_first_green_after_red,2019-12-17,-0.01566170712608006,0.02,-0.035661707126080064,-13.650352949644033
2019-12-19,3195.0,3209.0,3190.25,3207.0,True,False,False,0.00375586854460086,2954.3194995117187,True,buy_after_first_green_after_red,2019-12-19,0.375586854460086,0.02,0.355586854460086,-13.294766095183947
2019-12-27,3242.0,3254.0,3235.5,3237.5,False,True,False,-0.0013880320789636524,2965.425849609375,True,buy_after_first_green_after_red,2019-12-27,-0.13880320789636524,0.02,-0.15880320789636523,-13.453569303080313
2020-01-02,3237.0,3261.75,3234.25,3259.0,True,False,False,0.006796416434970753,2971.5489001464844,True,buy_after_first_green_after_red,2020-01-02,0.6796416434970753,0.02,0.6596416434970753,-12.793927659583238
2020-01-07,3243.5,3254.5,3226.0,3235.25,False,True,False,-0.0025435486357330284,2977.6189001464845,True,buy_after_first_green_after_red,2020-01-07,-0.25435486357330284,0.02,-0.27435486357330285,-13.06828252315654
2020-01-09,3261.25,3276.75,3257.75,3276.0,True,False,False,0.004522805672671604,2982.1501501464845,True,buy_after_first_green_after_red,2020-01-09,0.45228056726716037,0.02,0.43228056726716035,-12.63600195588938
2020-01-14,3289.25,3296.75,3275.25,3288.0,False,True,False,-0.00038002584175722554,2989.0164001464846,True,buy_after_first_green_after_red,2020-01-14,-0.038002584175722554,0.02,-0.05800258417572256,-12.694004540065103
2020-01-16,3294.25,3318.0,3294.0,3316.5,True,False,False,0.006754192911891943,2993.3801501464845,True,buy_after_first_green_after_red,2020-01-16,0.6754192911891943,0.02,0.6554192911891943,-12.03858524887591
2020-01-24,3326.5,3337.0,3280.5,3293.5,False,True,False,-0.00992033669021497,3004.1026501464844,True,buy_after_first_green_after_red,2020-01-24,-0.992033669021497,0.02,-1.012033669021497,-13.050618917897406
2020-01-29,3281.75,3292.75,3265.25,3272.5,False,True,False,-0.0028186181153347922,3009.5601501464844,True,buy_after_first_green_after_red,2020-01-29,-0.2818618115334792,0.02,-0.30186181153347924,-13.352480729430885
2020-01-31,3292.0,3297.5,3212.75,3224.0,False,True,False,-0.020656136087484844,3013.0239001464843,True,buy_after_first_green_after_red,2020-01-31,-2.0656136087484844,0.02,-2.0856136087484844,-15.43809433817937
2020-02-04,3244.25,3305.25,3236.0,3299.5,True,False,False,0.01703013023040767,3016.6964001464844,True,buy_after_first_green_after_red,2020-02-04,1.703013023040767,0.02,1.683013023040767,-13.755081315138604
2020-02-11,3351.0,3374.5,3349.25,3357.5,True,False,False,0.0019397194867203371,3027.0326501464842,True,buy_after_first_green_after_red,2020-02-11,0.1939719486720337,0.02,0.17397194867203372,-13.58110936646657
2020-02-18,3382.25,3392.5,3355.25,3369.25,False,True,False,-0.003843595239855113,3035.9139001464846,True,buy_after_first_green_after_red,2020-02-18,-0.3843595239855113,0.02,-0.40435952398551134,-13.985468890452083
2020-02-20,3391.75,3397.5,3339.25,3369.25,False,True,False,-0.0066337436426623375,3040.2964001464843,True,buy_after_first_green_after_red,2020-02-20,-0.6633743642662338,0.02,-0.6833743642662338,-14.668843254718317
2020-03-02,2900.0,3093.25,2889.25,3065.0,True,False,False,0.05689655172413799,3049.0076501464846,True,buy_after_first_green_after_red,2020-03-02,5.689655172413799,0.02,5.669655172413799,-8.999188082304517
2020-03-05,3109.25,3113.75,2996.5,3015.5,False,True,False,-0.03015196590817726,3051.7214001464845,True,buy_after_first_green_after_red,2020-03-05,-3.015196590817726,0.02,-3.035196590817726,-12.034384673122243
2020-03-11,2859.5,2869.5,2702.75,2740.25,False,True,False,-0.04170309494666902,3051.436400146484,True,buy_after_first_green_after_red,2020-03-11,-4.170309494666902,0.02,-4.190309494666901,-16.224694167789146
2020-03-16,2673.75,2675.0,2360.25,2416.25,False,True,False,-0.09630668536699394,3047.4651501464846,True,buy_after_first_green_after_red,2020-03-16,-9.630668536699394,0.02,-9.650668536699394,-25.875362704488538
2020-03-18,2478.5,2498.0,2274.75,2414.0,False,True,False,-0.026023804720597177,3044.5026501464845,True,buy_after_first_green_after_red,2020-03-18,-2.6023804720597177,0.02,-2.6223804720597177,-28.497743176548255
2020-03-23,2220.25,2386.0,2174.0,2220.5,True,False,False,0.00011259993244006061,3037.418800048828,True,buy_after_first_green_after_red,2020-03-23,0.011259993244006061,0.02,-0.00874000675599394,-28.506483183304248
2020-03-31,2613.25,2635.75,2555.75,2569.75,False,True,False,-0.016645938964890417,3026.9225500488283,True,buy_after_first_green_after_red,2020-03-31,-1.6645938964890417,0.02,-1.6845938964890417,-30.19107707979329
2020-04-03,2513.75,2529.5,2449.0,2482.75,False,True,False,-0.012332173048234751,3020.4450500488283,True,buy_after_first_green_after_red,2020-04-03,-1.2332173048234751,0.02,-1.2532173048234752,-31.444294384616764
2020-04-07,2645.5,2750.0,2623.5,2642.0,False,True,False,-0.0013230013230013382,3017.3293005371092,True,buy_after_first_green_after_red,2020-04-07,-0.13230013230013382,0.02,-0.1523001323001338,-31.5965945169169
2020-04-09,2737.75,2809.5,2701.0,2779.75,True,False,False,0.015341064742945942,3015.5330505371094,True,buy_after_first_green_after_red,2020-04-09,1.5341064742945942,0.02,1.5141064742945942,-30.082488042622305
2020-04-15,2843.75,2845.5,2751.25,2775.0,False,True,False,-0.0241758241758242,3013.4530505371094,True,buy_after_first_green_after_red,2020-04-15,-2.41758241758242,0.02,-2.43758241758242,-32.52007046020473
2020-04-17,2863.0,2885.0,2821.0,2870.0,True,False,False,0.0024449877750611915,3012.0043005371094,True,buy_after_first_green_after_red,2020-04-17,0.24449877750611915,0.02,0.22449877750611916,-32.29557168269861
2020-04-23,2790.5,2836.75,2772.75,2780.75,False,True,False,-0.0034939974914889316,3007.7868005371092,True,buy_after_first_green_after_red,2020-04-23,-0.34939974914889316,0.02,-0.3693997491488932,-32.6649714318475
2020-04-27,2829.0,2881.25,2812.75,2869.0,True,False,False,0.014139271827500854,3006.2718005371094,True,buy_after_first_green_after_red,2020-04-27,1.4139271827500854,0.02,1.3939271827500854,-31.27104424909741
2020-04-30,2956.5,2965.0,2878.0,2902.5,False,True,False,-0.0182648401826484,3004.6268005371094,True,buy_after_first_green_after_red,2020-04-30,-1.82648401826484,0.02,-1.84648401826484,-33.11752826736225
2020-05-05,2827.0,2889.75,2824.5,2858.25,True,False,False,0.011054120976299986,3002.3555505371096,True,buy_after_first_green_after_red,2020-05-05,1.1054120976299986,0.02,1.0854120976299986,-32.032116169732255
2020-05-08,2882.0,2933.0,2879.75,2928.5,True,False,False,0.01613462873004856,3000.4730505371094,True,buy_after_first_green_after_red,2020-05-08,1.6134628730048561,0.02,1.5934628730048561,-30.4386532967274
2020-05-15,2846.25,2863.5,2809.5,2846.5,True,False,False,8.783487044361493e-05,2996.6455505371096,True,buy_after_first_green_after_red,2020-05-15,0.008783487044361493,0.02,-0.011216512955638507,-30.449869809683037
2020-05-21,2972.25,2973.5,2933.0,2937.0,False,True,False,-0.011859702245773374,2997.554300537109,True,buy_after_first_green_after_red,2020-05-21,-1.1859702245773374,0.02,-1.2059702245773374,-31.655840034260375
2020-05-26,2948.5,3019.75,2947.5,2994.5,True,False,False,0.015601153128709466,2998.1893005371094,True,buy_after_first_green_after_red,2020-05-26,1.5601153128709466,0.02,1.5401153128709466,-30.11572472138943
2020-06-08,3192.5,3231.25,3183.25,3227.5,True,False,False,0.010963194988253822,3007.3143005371094,True,buy_after_first_green_after_red,2020-06-08,1.0963194988253822,0.02,1.0763194988253821,-29.03940522256405
2020-06-15,2992.75,3079.25,2935.0,3073.0,True,False,False,0.02681480243922807,3012.7805505371093,True,buy_after_first_green_after_red,2020-06-15,2.681480243922807,0.02,2.661480243922807,-26.377924978641243
2020-06-22,3040.25,3114.25,3027.25,3110.75,True,False,False,0.023188882493216045,3017.5793505859374,True,buy_after_first_green_after_red,2020-06-22,2.3188882493216045,0.02,2.2988882493216045,-24.07903672931964
2020-06-26,3071.25,3082.0,2992.5,3007.0,False,True,False,-0.02091982091982092,3019.1081005859373,True,buy_after_first_green_after_red,2020-06-26,-2.091982091982092,0.02,-2.111982091982092,-26.191018821301732
2020-06-30,3046.0,3101.25,3030.25,3090.25,True,False,False,0.014527248850952024,3019.7068505859374,True,buy_after_first_green_after_red,2020-06-30,1.4527248850952024,0.02,1.4327248850952023,-24.75829393620653
2020-07-09,3166.25,3170.75,3105.25,3141.0,False,True,False,-0.007974733517568056,3023.795050048828,True,buy_after_first_green_after_red,2020-07-09,-0.7974733517568056,0.02,-0.8174733517568056,-25.575767287963338
2020-07-13,3183.5,3226.25,3140.5,3148.25,False,True,False,-0.011072718705826934,3025.646300048828,True,buy_after_first_green_after_red,2020-07-13,-1.1072718705826934,0.02,-1.1272718705826934,-26.70303915854603
2020-07-15,3204.0,3233.25,3192.0,3219.5,True,False,False,0.004837702871410832,3027.940050048828,True,buy_after_first_green_after_red,2020-07-15,0.48377028714108317,0.02,0.46377028714108315,-26.239268871404946
2020-07-20,3214.5,3250.5,3190.25,3245.25,True,False,False,0.009566028931404569,3032.225050048828,True,buy_after_first_green_after_red,2020-07-20,0.9566028931404569,0.02,0.9366028931404569,-25.30266597826449
2020-07-28,3235.0,3246.75,3208.0,3213.0,False,True,False,-0.006800618238021583,3041.428800048828,True,buy_after_first_green_after_red,2020-07-28,-0.6800618238021583,0.02,-0.7000618238021583,-26.002727802066648
2020-07-30,3256.75,3269.0,3195.0,3248.75,False,True,False,-0.002456436631611214,3044.253800048828,True,buy_after_first_green_after_red,2020-07-30,-0.2456436631611214,0.02,-0.2656436631611214,-26.26837146522777
2020-08-04,3290.75,3300.5,3271.0,3300.0,True,False,False,0.0028109093671655483,3048.577550048828,True,buy_after_first_green_after_red,2020-08-04,0.28109093671655483,0.02,0.2610909367165548,-26.007280528511213
2020-08-13,3367.75,3382.0,3357.5,3367.75,False,False,True,0.0,3060.426300048828,True,buy_after_first_green_after_red,2020-08-13,0.0,0.02,-0.02,-26.027280528511213
2020-08-18,3379.25,3390.75,3365.25,3387.0,True,False,False,0.002293408300658495,3065.471300048828,True,buy_after_first_green_after_red,2020-08-18,0.2293408300658495,0.02,0.2093408300658495,-25.817939698445365
2020-08-21,3383.5,3396.25,3356.75,3392.5,True,False,False,0.002659967489286208,3070.146300048828,True,buy_after_first_green_after_red,2020-08-21,0.2659967489286208,0.02,0.2459967489286208,-25.571942949516743
2020-09-02,3529.0,3587.0,3526.25,3579.25,True,False,False,0.014239161235477527,3086.1638000488283,True,buy_after_first_green_after_red,2020-09-02,1.4239161235477527,0.02,1.4039161235477526,-24.16802682596899
2020-09-10,3396.0,3424.25,3327.25,3340.5,False,True,False,-0.016342756183745588,3093.116300048828,True,buy_after_first_green_after_red,2020-09-10,-1.6342756183745588,0.02,-1.6542756183745588,-25.82230244434355
2020-09-15,3379.5,3419.0,3376.0,3405.25,True,False,False,0.007619470335848533,3096.572550048828,True,buy_after_first_green_after_red,2020-09-15,0.7619470335848533,0.02,0.7419470335848533,-25.080355410758695
2020-09-23,3303.75,3319.75,3221.0,3231.25,False,True,False,-0.02194475974271659,3102.5043005371094,True,buy_after_first_green_after_red,2020-09-23,-2.194475974271659,0.02,-2.214475974271659,-27.294831385030356
2020-09-25,3243.5,3296.25,3206.5,3287.25,True,False,False,0.0134885154925235,3103.7780505371093,True,buy_after_first_green_after_red,2020-09-25,1.34885154925235,0.02,1.32885154925235,-25.965979835778008
2020-10-01,3344.75,3388.0,3343.25,3367.75,True,False,False,0.006876448165034743,3107.389300537109,True,buy_after_first_green_after_red,2020-10-01,0.6876448165034743,0.02,0.6676448165034743,-25.298335019274532
2020-10-06,3392.0,3421.75,3330.5,3353.25,False,True,False,-0.011423938679245293,3109.8480505371094,True,buy_after_first_green_after_red,2020-10-06,-1.1423938679245293,0.02,-1.1623938679245294,-26.46072888719906
2020-10-08,3406.25,3447.25,3405.5,3437.5,True,False,False,0.00917431192660545,3111.777950439453,True,buy_after_first_green_after_red,2020-10-08,0.917431192660545,0.02,0.8974311926605449,-25.563297694538516
2020-10-23,3455.75,3462.5,3431.5,3451.75,False,True,False,-0.0011574911379584885,3124.0092004394533,True,buy_after_first_green_after_red,2020-10-23,-0.11574911379584885,0.02,-0.13574911379584884,-25.699046808334366
2020-10-30,3268.0,3296.25,3225.0,3264.75,False,True,False,-0.000994492044063655,3124.780450439453,True,buy_after_first_green_after_red,2020-10-30,-0.09944920440636551,0.02,-0.11944920440636551,-25.81849601274073
2020-11-03,3304.0,3382.75,3301.25,3361.5,True,False,False,0.017403147699757815,3124.867950439453,True,buy_after_first_green_after_red,2020-11-03,1.7403147699757815,0.02,1.7203147699757815,-24.098181242764948
2020-11-10,3549.5,3562.75,3506.5,3541.0,False,True,False,-0.002394703479363325,3130.2104504394533,True,buy_after_first_green_after_red,2020-11-10,-0.23947034793633248,0.02,-0.2594703479363325,-24.35765159070128
2020-11-12,3574.5,3574.5,3513.0,3532.5,False,True,False,-0.011749895090222395,3132.901700439453,True,buy_after_first_green_after_red,2020-11-12,-1.1749895090222395,0.02,-1.1949895090222395,-25.55264109972352
2020-11-16,3587.0,3637.0,3586.5,3623.0,True,False,False,0.01003624198494557,3136.579200439453,True,buy_after_first_green_after_red,2020-11-16,1.003624198494557,0.02,0.9836241984945571,-24.569016901228963
2020-11-20,3560.0,3582.5,3542.75,3554.25,False,True,False,-0.001615168539325862,3141.5829504394533,True,buy_after_first_green_after_red,2020-11-20,-0.1615168539325862,0.02,-0.18151685393258618,-24.75053375516155
2020-11-24,3576.0,3640.0,3575.25,3632.75,True,False,False,0.015869686800894955,3144.0742004394533,True,buy_after_first_green_after_red,2020-11-24,1.5869686800894955,0.02,1.5669686800894955,-23.183565075072053
2020-11-30,3643.75,3652.0,3592.25,3623.25,False,True,False,-0.005626072041166386,3147.814200439453,True,buy_after_first_green_after_red,2020-11-30,-0.5626072041166386,0.02,-0.5826072041166386,-23.76617227918869
2020-12-02,3661.25,3672.75,3642.25,3667.25,True,False,False,0.0016387845681120616,3150.670450439453,True,buy_after_first_green_after_red,2020-12-02,0.16387845681120616,0.02,0.14387845681120617,-23.622293822377486
2020-12-07,3694.75,3705.0,3672.25,3690.75,False,True,False,-0.0010826172271466428,3156.262950439453,True,buy_after_first_green_after_red,2020-12-07,-0.10826172271466428,0.02,-0.12826172271466427,-23.75055554509215
2020-12-09,3707.75,3714.75,3659.5,3672.5,False,True,False,-0.009507113478524731,3161.921700439453,True,buy_after_first_green_after_red,2020-12-09,-0.9507113478524731,0.02,-0.9707113478524731,-24.721266892944623
2020-12-16,3697.75,3711.5,3687.0,3700.75,True,False,False,0.0008113041714556957,3178.3554504394533,True,buy_after_first_green_after_red,2020-12-16,0.08113041714556957,0.02,0.06113041714556956,-24.660136475799053
2020-12-24,3685.25,3696.0,3678.5,3695.0,True,False,False,0.002645682111118708,3205.2792004394532,True,buy_after_first_green_after_red,2020-12-24,0.2645682111118708,0.02,0.2445682111118708,-24.41556826468718
2021-01-04,3748.75,3773.25,3652.5,3692.25,False,True,False,-0.0150716905635212,3236.217950439453,True,buy_after_first_green_after_red,2021-01-04,-1.50716905635212,0.02,-1.52716905635212,-25.942737321039303
2021-01-06,3717.5,3774.75,3685.5,3740.5,True,False,False,0.006186953597848044,3250.2193005371096,True,buy_after_first_green_after_red,2021-01-06,0.6186953597848044,0.02,0.5986953597848044,-25.344041961254497
2021-01-13,3792.0,3813.5,3776.5,3803.75,True,False,False,0.003098628691983185,3281.994300537109,True,buy_after_first_green_after_red,2021-01-13,0.3098628691983185,0.02,0.2898628691983185,-25.054179092056177
2021-01-20,3796.75,3852.5,3788.5,3845.0,True,False,False,0.012708237308224124,3307.8543005371093,True,buy_after_first_green_after_red,2021-01-20,1.2708237308224124,0.02,1.2508237308224124,-23.803355361233766
2021-01-26,3845.0,3862.25,3821.5,3842.5,False,True,False,-0.0006501950585175997,3330.7043005371092,True,buy_after_first_green_after_red,2021-01-26,-0.06501950585175997,0.02,-0.08501950585175998,-23.888374867085528
2021-01-29,3770.25,3777.25,3685.5,3705.25,False,True,False,-0.017240236058616798,3344.9618005371094,True,buy_after_first_green_after_red,2021-01-29,-1.7240236058616798,0.02,-1.7440236058616798,-25.63239847294721
2021-02-02,3764.75,3835.75,3760.0,3818.25,True,False,False,0.014210770967527653,3354.5943005371096,True,buy_after_first_green_after_red,2021-02-02,1.4210770967527653,0.02,1.4010770967527653,-24.231321376194444
2021-02-05,3864.25,3888.25,3860.0,3880.25,True,False,False,0.004140518858769537,3370.8005505371093,True,buy_after_first_green_after_red,2021-02-05,0.41405188587695374,0.02,0.3940518858769537,-23.83726949031749
2021-02-12,3905.25,3936.25,3890.25,3931.0,True,False,False,0.006593687984123964,3397.1605505371094,True,buy_after_first_green_after_red,2021-02-12,0.6593687984123964,0.02,0.6393687984123964,-23.197900691905094
2021-03-02,3903.25,3906.5,3865.5,3867.5,False,True,False,-0.00915903413821817,3453.4643005371095,True,buy_after_first_green_after_red,2021-03-02,-0.915903413821817,0.02,-0.935903413821817,-24.13380410572691
2021-03-08,3854.75,3878.75,3796.25,3819.25,False,True,False,-0.009209416953109839,3471.2580505371093,True,buy_after_first_green_after_red,2021-03-08,-0.9209416953109839,0.02,-0.9409416953109839,-25.074745801037892
2021-03-10,3878.5,3916.25,3856.25,3896.5,True,False,False,0.0046409694469511376,3480.6568005371096,True,buy_after_first_green_after_red,2021-03-10,0.46409694469511376,0.02,0.44409694469511374,-24.630648856342777
2021-03-18,3972.0,3988.75,3911.0,3916.5,False,True,False,-0.013972809667673669,3507.9493005371096,True,buy_after_first_green_after_red,2021-03-18,-1.397280966767367,0.02,-1.417280966767367,-26.047929823110145
2021-03-23,3933.25,3938.75,3890.5,3899.75,False,True,False,-0.008517129600203344,3519.586151123047,True,buy_after_first_green_after_red,2021-03-23,-0.8517129600203344,0.02,-0.8717129600203344,-26.91964278313048
2021-03-26,3907.5,3968.0,3900.75,3964.75,True,False,False,0.014651311580294202,3530.221151123047,True,buy_after_first_green_after_red,2021-03-26,1.4651311580294202,0.02,1.4451311580294202,-25.474511625101062
2021-04-01,3967.5,4015.25,3964.5,4010.0,True,False,False,0.010712035286704502,3548.408651123047,True,buy_after_first_green_after_red,2021-04-01,1.0712035286704502,0.02,1.0512035286704502,-24.423308096430613
2021-04-08,4074.25,4098.5,4072.5,4089.0,True,False,False,0.0036202982143953566,3567.3673510742187,True,buy_after_first_green_after_red,2021-04-08,0.36202982143953566,0.02,0.34202982143953564,-24.081278274991078
2021-04-16,4162.75,4183.5,4154.25,4176.25,True,False,False,0.003243048465557674,3599.5973510742188,True,buy_after_first_green_after_red,2021-04-16,0.3243048465557674,0.02,0.3043048465557674,-23.776973428435312
2021-04-22,4157.5,4171.75,4115.25,4127.75,False,True,False,-0.007155742633794371,3619.767351074219,True,buy_after_first_green_after_red,2021-04-22,-0.7155742633794371,0.02,-0.7355742633794371,-24.51254769181475
2021-04-26,4170.75,4186.0,4163.75,4179.5,True,False,False,0.002097944014865405,3629.999851074219,True,buy_after_first_green_after_red,2021-04-26,0.2097944014865405,0.02,0.1897944014865405,-24.322753290328208
2021-04-30,4200.75,4201.5,4167.25,4174.5,False,True,False,-0.006248884127834309,3650.017351074219,True,buy_after_first_green_after_red,2021-04-30,-0.6248884127834309,0.02,-0.6448884127834309,-24.96764170311164
2021-05-04,4184.25,4185.5,4120.5,4158.25,False,True,False,-0.006213777857441594,3659.6948510742186,True,buy_after_first_green_after_red,2021-05-04,-0.6213777857441594,0.02,-0.6413777857441594,-25.609019488855797
2021-05-06,4158.75,4197.25,4140.5,4194.25,True,False,False,0.008536218815749841,3668.9836010742188,True,buy_after_first_green_after_red,2021-05-06,0.8536218815749841,0.02,0.8336218815749841,-24.775397607280812
2021-05-14,4112.5,4178.25,4105.25,4169.0,True,False,False,0.01373860182370823,3696.4586010742187,True,buy_after_first_green_after_red,2021-05-14,1.373860182370823,0.02,1.353860182370823,-23.42153742490999
2021-05-21,4152.5,4185.0,4147.0,4151.75,False,True,False,-0.00018061408789882272,3717.866101074219,True,buy_after_first_green_after_red,2021-05-21,-0.01806140878988227,0.02,-0.038061408789882276,-23.45959883369987
2021-05-25,4199.25,4212.75,4179.25,4185.5,False,True,False,-0.0032743942370661028,3726.3173510742185,True,buy_after_first_green_after_red,2021-05-25,-0.3274394237066103,0.02,-0.3474394237066103,-23.807038257406482
2021-05-27,4193.0,4211.5,4177.75,4199.0,True,False,False,0.0014309563558312366,3734.863601074219,True,buy_after_first_green_after_red,2021-05-27,0.14309563558312366,0.02,0.12309563558312366,-23.68394262182336
2021-06-03,4208.0,4213.25,4165.25,4191.25,False,True,False,-0.003980513307984768,3751.4611010742187,True,buy_after_first_green_after_red,2021-06-03,-0.39805133079847677,0.02,-0.4180513307984768,-24.101993952621836
2021-06-07,4232.25,4232.5,4214.0,4225.5,False,True,False,-0.0015948963317384823,3759.9311010742185,True,buy_after_first_green_after_red,2021-06-07,-0.15948963317384823,0.02,-0.17948963317384822,-24.281483585795684
2021-06-11,4239.5,4247.75,4230.75,4245.75,True,False,False,0.0014742304517041394,3776.352351074219,True,buy_after_first_green_after_red,2021-06-11,0.14742304517041394,0.02,0.12742304517041395,-24.15406054062527
2021-06-18,4225.75,4231.0,4183.75,4187.25,False,True,False,-0.009110808732177733,3794.5411010742187,True,buy_after_first_green_after_red,2021-06-18,-0.9110808732177733,0.02,-0.9310808732177733,-25.085141413843044
2021-06-22,4219.25,4245.5,4205.75,4236.25,True,False,False,0.004029152100491817,3801.5873510742185,True,buy_after_first_green_after_red,2021-06-22,0.40291521004918174,0.02,0.3829152100491817,-24.702226203793863
2021-06-25,4262.0,4276.75,4253.5,4271.25,True,False,False,0.0021703425621772965,3814.6148510742187,True,buy_after_first_green_after_red,2021-06-25,0.21703425621772965,0.02,0.19703425621772966,-24.505191947576133
2021-07-08,4352.25,4352.25,4279.25,4313.0,False,True,False,-0.009018323855477073,3852.9131005859376,True,buy_after_first_green_after_red,2021-07-08,-0.9018323855477073,0.02,-0.9218323855477073,-25.42702433312384
2021-07-12,4362.0,4379.25,4341.75,4376.5,True,False,False,0.003324163227877097,3863.9431005859374,True,buy_after_first_green_after_red,2021-07-12,0.3324163227877097,0.02,0.3124163227877097,-25.11460801033613
2021-07-15,4366.5,4370.25,4332.5,4352.0,False,True,False,-0.0033207374327264283,3879.9918505859373,True,buy_after_first_green_after_red,2021-07-15,-0.33207374327264283,0.02,-0.35207374327264285,-25.466681753608775
2021-07-21,4318.75,4355.25,4310.0,4350.5,True,False,False,0.0073516642547033495,3899.2068505859374,True,buy_after_first_green_after_red,2021-07-21,0.735166425470335,0.02,0.7151664254703349,-24.75151532813844
2021-07-29,4393.75,4422.5,4380.5,4411.75,True,False,False,0.004096728307254605,3928.1081005859373,True,buy_after_first_green_after_red,2021-07-29,0.40967283072546046,0.02,0.38967283072546044,-24.36184249741298
2021-08-04,4409.75,4415.0,4391.25,4394.75,False,True,False,-0.003401553376041755,3946.3856005859375,True,buy_after_first_green_after_red,2021-08-04,-0.3401553376041755,0.02,-0.3601553376041755,-24.721997835017156
2021-08-06,4420.25,4433.25,4416.0,4429.5,True,False,False,0.002092641818901564,3956.3656005859375,True,buy_after_first_green_after_red,2021-08-06,0.2092641818901564,0.02,0.1892641818901564,-24.532733653127
2021-08-11,4429.25,4443.25,4420.75,4440.5,True,False,False,0.0025399333973019633,3971.1793505859373,True,buy_after_first_green_after_red,2021-08-11,0.25399333973019633,0.02,0.23399333973019634,-24.298740313396802
2021-08-20,4403.75,4440.5,4371.75,4437.0,True,False,False,0.007550383196139654,4010.1718505859376,True,buy_after_first_green_after_red,2021-08-20,0.7550383196139654,0.02,0.7350383196139654,-23.563701993782836
2021-08-30,4508.75,4534.5,4500.75,4525.25,True,False,False,0.003659550873301942,4039.4456005859374,True,buy_after_first_green_after_red,2021-08-30,0.3659550873301942,0.02,0.3459550873301942,-23.217746906452643
2021-09-03,4536.75,4549.5,4519.25,4534.5,False,True,False,-0.0004959497437593274,4058.2818505859377,True,buy_after_first_green_after_red,2021-09-03,-0.04959497437593274,0.02,-0.06959497437593275,-23.287341880828574
2021-09-14,4475.5,4489.5,4435.0,4444.5,False,True,False,-0.0069266003798458264,4085.0843505859375,True,buy_after_first_green_after_red,2021-09-14,-0.6926600379845826,0.02,-0.7126600379845827,-24.000001918813158
2021-09-16,4486.0,4487.5,4443.0,4474.25,False,True,False,-0.0026192599197503164,4093.5656005859373,True,buy_after_first_green_after_red,2021-09-16,-0.26192599197503164,0.02,-0.28192599197503165,-24.28192791078819
2021-09-22,4336.5,4406.5,4321.25,4384.0,True,False,False,0.01095353395595522,4107.813500976563,True,buy_after_first_green_after_red,2021-09-22,1.095353395595522,0.02,1.075353395595522,-23.20657451519267
2021-09-30,4360.0,4389.0,4294.25,4297.75,False,True,False,-0.014277522935779774,4129.144750976562,True,buy_after_first_green_after_red,2021-09-30,-1.4277522935779774,0.02,-1.4477522935779774,-24.654326808770648
2021-10-04,4349.0,4362.0,4267.5,4291.25,False,True,False,-0.013278914693032884,4135.343500976563,True,buy_after_first_green_after_red,2021-10-04,-1.3278914693032884,0.02,-1.3478914693032884,-26.002218278073936
2021-10-06,4334.0,4357.5,4273.75,4354.0,True,False,False,0.00461467466543608,4141.546000976563,True,buy_after_first_green_after_red,2021-10-06,0.46146746654360804,0.02,0.441467466543608,-25.56075081153033
2021-10-14,4354.75,4437.25,4354.0,4429.0,True,False,False,0.017050347321889925,4161.851000976562,True,buy_after_first_green_after_red,2021-10-14,1.7050347321889925,0.02,1.6850347321889925,-23.875716079341338
2021-10-29,4577.0,4603.5,4559.25,4597.0,True,False,False,0.004369674459252737,4204.3072509765625,True,buy_after_first_green_after_red,2021-10-29,0.4369674459252737,0.02,0.4169674459252737,-23.458748633416064
2021-11-03,4621.25,4657.0,4613.0,4652.25,True,False,False,0.006708141736543105,4216.726000976562,True,buy_after_first_green_after_red,2021-11-03,0.6708141736543105,0.02,0.6508141736543105,-22.807934459761753
2021-11-15,4684.75,4697.5,4667.0,4679.0,False,True,False,-0.001227386733550384,4251.787250976562,True,buy_after_first_green_after_red,2021-11-15,-0.12273867335503841,0.02,-0.1427386733550384,-22.95067313311679
2021-11-17,4696.5,4701.0,4679.25,4686.25,False,True,False,-0.0021824763121472968,4260.489750976562,True,buy_after_first_green_after_red,2021-11-17,-0.21824763121472968,0.02,-0.23824763121472967,-23.18892076433152
2021-11-19,4705.25,4723.5,4684.25,4694.5,False,True,False,-0.002284682004144334,4268.746000976563,True,buy_after_first_green_after_red,2021-11-19,-0.2284682004144334,0.02,-0.24846820041443338,-23.437388964745953
2021-11-24,4686.25,4702.25,4656.25,4699.0,True,False,False,0.002720725526807133,4280.499750976563,True,buy_after_first_green_after_red,2021-11-24,0.2720725526807133,0.02,0.25207255268071327,-23.18531641206524
2021-11-30,4657.25,4667.5,4557.0,4566.25,False,True,False,-0.01953942777390094,4290.711000976563,True,buy_after_first_green_after_red,2021-11-30,-1.9539427773900941,0.02,-1.9739427773900942,-25.159259189455334
2021-12-03,4587.25,4606.5,4492.0,4537.5,False,True,False,-0.010845277671807763,4300.117250976563,True,buy_after_first_green_after_red,2021-12-03,-1.0845277671807763,0.02,-1.1045277671807763,-26.26378695663611
2021-12-07,4594.25,4697.25,4587.25,4685.0,True,False,False,0.019752952059639783,4307.734750976562,True,buy_after_first_green_after_red,2021-12-07,1.9752952059639783,0.02,1.9552952059639783,-24.308491750672133
2021-12-13,4711.25,4731.0,4664.75,4668.75,False,True,False,-0.00902096046696732,4324.171000976563,True,buy_after_first_green_after_red,2021-12-13,-0.902096046696732,0.02,-0.9220960466967321,-25.230587797368866
2021-12-16,4711.5,4752.5,4651.25,4668.75,False,True,False,-0.009073543457497557,4336.998500976562,True,buy_after_first_green_after_red,2021-12-16,-0.9073543457497557,0.02,-0.9273543457497557,-26.15794214311862
2021-12-22,4641.75,4690.5,4622.25,4686.0,True,False,False,0.009533042494748845,4352.46705078125,True,buy_after_first_green_after_red,2021-12-22,0.9533042494748845,0.02,0.9333042494748844,-25.224637893643738
2021-12-30,4784.75,4799.75,4767.25,4772.25,False,True,False,-0.002612466691049642,4372.71830078125,True,buy_after_first_green_after_red,2021-12-30,-0.2612466691049642,0.02,-0.2812466691049642,-25.5058845627487
2022-01-04,4785.25,4808.25,4764.5,4784.25,False,True,False,-0.00020897549762288747,4385.566450195312,True,buy_after_first_green_after_red,2022-01-04,-0.020897549762288747,0.02,-0.04089754976228875,-25.54678211251099
2022-01-12,4704.0,4739.5,4695.0,4716.25,True,False,False,0.0026041666666667407,4408.460200195313,True,buy_after_first_green_after_red,2022-01-12,0.26041666666667407,0.02,0.24041666666667408,-25.306365445844314
2022-01-25,4402.75,4406.75,4276.5,4349.0,False,True,False,-0.012208278916586268,4426.018950195313,True,buy_after_first_green_after_red,2022-01-25,-1.2208278916586268,0.02,-1.2408278916586268,-26.54719333750294
2022-01-27,4345.25,4422.0,4263.25,4317.75,False,True,False,-0.006328749784247134,4428.061450195312,True,buy_after_first_green_after_red,2022-01-27,-0.6328749784247134,0.02,-0.6528749784247134,-27.200068315927652
2022-01-31,4423.5,4507.75,4395.5,4504.25,True,False,False,0.018254775630157205,4431.005200195313,True,buy_after_first_green_after_red,2022-01-31,1.8254775630157205,0.02,1.8054775630157205,-25.39459075291193
2022-02-09,4519.0,4585.0,4517.25,4577.75,True,False,False,0.01300066386368659,4443.681450195312,True,buy_after_first_green_after_red,2022-02-09,1.300066386368659,0.02,1.280066386368659,-24.11452436654327
2022-02-16,4458.75,4484.5,4422.75,4470.0,True,False,False,0.002523128679562614,4450.367700195313,True,buy_after_first_green_after_red,2022-02-16,0.2523128679562614,0.02,0.2323128679562614,-23.88221149858701
2022-02-25,4266.75,4384.25,4227.5,4380.0,True,False,False,0.0265424503427667,4455.047700195312,True,buy_after_first_green_after_red,2022-02-25,2.65424503427667,0.02,2.63424503427667,-21.24796646431034
2022-03-03,4373.75,4418.75,4341.0,4359.25,False,True,False,-0.0033152329236925127,4459.327700195313,True,buy_after_first_green_after_red,2022-03-03,-0.33152329236925127,0.02,-0.3515232923692513,-21.599489756679592
2022-03-10,4279.0,4282.25,4207.0,4257.25,False,True,False,-0.005082963309184341,4461.478950195313,True,buy_after_first_green_after_red,2022-03-10,-0.5082963309184341,0.02,-0.5282963309184341,-22.127786087598025
2022-03-16,4257.5,4376.0,4246.25,4358.0,True,False,False,0.02360540223135632,4462.481450195312,True,buy_after_first_green_after_red,2022-03-16,2.360540223135632,0.02,2.340540223135632,-19.787245864462392
2022-03-23,4504.0,4514.0,4444.75,4447.5,False,True,False,-0.01254440497335707,4468.218200683594,True,buy_after_first_green_after_red,2022-03-23,-1.254440497335707,0.02,-1.274440497335707,-21.0616863617981
2022-03-25,4516.25,4539.0,4493.25,4536.5,True,False,False,0.004483808469416095,4471.180700683593,True,buy_after_first_green_after_red,2022-03-25,0.4483808469416095,0.02,0.4283808469416095,-20.633305514856488
2022-04-05,4576.25,4588.75,4507.75,4520.25,False,True,False,-0.012237093690248613,4483.001950683593,True,buy_after_first_green_after_red,2022-04-05,-1.2237093690248613,0.02,-1.2437093690248613,-21.87701488388135
2022-04-08,4494.75,4519.75,4468.75,4483.5,False,True,False,-0.0025029200734190127,4486.660700683594,True,buy_after_first_green_after_red,2022-04-08,-0.25029200734190127,0.02,-0.2702920073419013,-22.147306891223252
2022-04-14,4438.5,4455.75,4385.0,4387.5,False,True,False,-0.011490368367691794,4489.2082006835935,True,buy_after_first_green_after_red,2022-04-14,-1.1490368367691794,0.02,-1.1690368367691795,-23.316343727992432
2022-04-20,4441.0,4484.25,4432.75,4455.5,True,False,False,0.0032650303985588547,4490.778200683594,True,buy_after_first_green_after_red,2022-04-20,0.32650303985588547,0.02,0.30650303985588545,-23.009840688136546
2022-04-26,4294.0,4303.5,4136.75,4170.5,False,True,False,-0.028761061946902644,4489.386950683594,True,buy_after_first_green_after_red,2022-04-26,-2.8761061946902644,0.02,-2.8961061946902644,-25.90594688282681
2022-04-28,4213.0,4303.5,4182.5,4283.5,True,False,False,0.016733918822691596,4488.0607006835935,True,buy_after_first_green_after_red,2022-04-28,1.6733918822691596,0.02,1.6533918822691596,-24.252555000557653
2022-05-03,4145.5,4195.75,4129.0,4169.25,True,False,False,0.005729103847545547,4485.690700683594,True,buy_after_first_green_after_red,2022-05-03,0.5729103847545547,0.02,0.5529103847545547,-23.6996446158031
2022-05-11,3990.5,4050.5,3923.75,3930.25,False,True,False,-0.015098358601678963,4476.866950683594,True,buy_after_first_green_after_red,2022-05-11,-1.5098358601678963,0.02,-1.5298358601678963,-25.229480475970995
2022-05-16,4025.0,4043.5,3979.5,4004.75,False,True,False,-0.00503105590062114,4470.650700683594,True,buy_after_first_green_after_red,2022-05-16,-0.503105590062114,0.02,-0.523105590062114,-25.75258606603311
2022-05-18,4091.25,4095.0,3905.5,3922.75,False,True,False,-0.041185456767491635,4466.714450683594,True,buy_after_first_green_after_red,2022-05-18,-4.1185456767491635,0.02,-4.138545676749163,-29.891131742782274
2022-05-24,3951.75,3954.5,3872.0,3940.5,False,True,False,-0.002846840007591611,4456.9044506835935,True,buy_after_first_green_after_red,2022-05-24,-0.2846840007591611,0.02,-0.30468400075916113,-30.195815743541434
2022-05-26,3972.25,4073.5,3960.5,4055.75,True,False,False,0.021020832022153657,4452.714450683594,True,buy_after_first_green_after_red,2022-05-26,2.1020832022153657,0.02,2.0820832022153657,-28.11373254132607
2022-06-03,4177.75,4189.0,4096.75,4107.0,False,True,False,-0.016934953024953625,4444.910700683594,True,buy_after_first_green_after_red,2022-06-03,-1.6934953024953625,0.02,-1.7134953024953625,-29.827227843821433
2022-06-07,4122.0,4164.0,4076.0,4158.75,True,False,False,0.00891557496360984,4442.1144506835935,True,buy_after_first_green_after_red,2022-06-07,0.891557496360984,0.02,0.871557496360984,-28.955670347460448
2022-06-16,3794.25,3828.75,3639.0,3668.25,False,True,False,-0.03320814390195692,4419.640700683593,True,buy_after_first_green_after_red,2022-06-16,-3.320814390195692,0.02,-3.340814390195692,-32.29648473765614
2022-06-22,3766.25,3805.5,3693.25,3762.75,False,True,False,-0.0009293063391968559,4407.657000732422,True,buy_after_first_green_after_red,2022-06-22,-0.09293063391968559,0.02,-0.1129306339196856,-32.409415371575825
2022-06-24,3785.25,3919.75,3781.25,3916.25,True,False,False,0.03460801796446744,4401.078250732422,True,buy_after_first_green_after_red,2022-06-24,3.460801796446744,0.02,3.440801796446744,-28.96861357512908
2022-07-05,3828.5,3857.75,3744.0,3834.0,True,False,False,0.001436593966305244,4381.984500732422,True,buy_after_first_green_after_red,2022-07-05,0.1436593966305244,0.02,0.1236593966305244,-28.844954178498554
2022-07-18,3878.5,3909.5,3820.25,3833.75,False,True,False,-0.011537965708392384,4357.3928503417965,True,buy_after_first_green_after_red,2022-07-18,-1.1537965708392384,0.02,-1.1737965708392384,-30.01875074933779
2022-07-20,3947.0,3977.25,3922.25,3962.5,True,False,False,0.003927033189764284,4353.685350341797,True,buy_after_first_green_after_red,2022-07-20,0.3927033189764284,0.02,0.3727033189764284,-29.646047430361364
2022-07-26,3959.0,3964.5,3913.25,3923.25,False,True,False,-0.009030058095478632,4346.136600341797,True,buy_after_first_green_after_red,2022-07-26,-0.9030058095478632,0.02,-0.9230058095478633,-30.569053239909227
2022-07-28,4022.0,4111.0,3994.5,4073.5,True,False,False,0.012804574838388927,4342.960350341797,True,buy_after_first_green_after_red,2022-07-28,1.2804574838388927,0.02,1.2604574838388927,-29.308595756070336
2022-08-04,4150.25,4173.25,4136.0,4152.25,True,False,False,0.00048189868080239506,4335.917850341797,True,buy_after_first_green_after_red,2022-08-04,0.048189868080239506,0.02,0.028189868080239506,-29.280405887990096
2022-08-11,4210.75,4260.5,4202.75,4209.75,False,True,False,-0.00023748738348272624,4326.704100341797,True,buy_after_first_green_after_red,2022-08-11,-0.023748738348272624,0.02,-0.04374873834827263,-29.32415462633837
2022-08-15,4277.0,4304.75,4249.0,4298.25,True,False,False,0.004968435819499684,4324.051600341797,True,buy_after_first_green_after_red,2022-08-15,0.49684358194996836,0.02,0.47684358194996834,-28.8473110443884
2022-08-19,4287.0,4288.0,4220.75,4231.5,False,True,False,-0.012946116165150401,4317.495350341796,True,buy_after_first_green_after_red,2022-08-19,-1.29461161651504,0.02,-1.31461161651504,-30.161922660903443
2022-08-25,4148.75,4202.75,4143.0,4201.0,True,False,False,0.012594154865923413,4307.024100341797,True,buy_after_first_green_after_red,2022-08-25,1.2594154865923413,0.02,1.2394154865923412,-28.9225071743111
2022-08-30,4035.75,4072.75,3964.5,3987.5,False,True,False,-0.011955646410208742,4297.599100341797,True,buy_after_first_green_after_red,2022-08-30,-1.1955646410208742,0.02,-1.2155646410208742,-30.138071815331976
2022-09-02,3967.5,4019.25,3906.0,3924.5,False,True,False,-0.010838059231253916,4286.581600341797,True,buy_after_first_green_after_red,2022-09-02,-1.0838059231253916,0.02,-1.1038059231253916,-31.24187773845737
2022-09-08,3980.0,4011.5,3942.75,4005.5,True,False,False,0.006407035175879372,4275.650350341797,True,buy_after_first_green_after_red,2022-09-08,0.6407035175879372,0.02,0.6207035175879372,-30.62117422086943
2022-09-15,3955.0,3959.5,3888.0,3902.0,False,True,False,-0.013400758533501866,4258.874100341797,True,buy_after_first_green_after_red,2022-09-15,-1.3400758533501866,0.02,-1.3600758533501867,-31.981250074219616
2022-09-20,3923.0,3936.25,3843.25,3872.75,False,True,False,-0.012809074687738953,4248.927800292969,True,buy_after_first_green_after_red,2022-09-20,-1.2809074687738953,0.02,-1.3009074687738953,-33.28215754299351
2022-09-29,3730.25,3736.0,3622.0,3654.25,False,True,False,-0.020373969573084905,4216.1590502929685,True,buy_after_first_green_after_red,2022-09-29,-2.0373969573084905,0.02,-2.0573969573084905,-35.339554500302
2022-10-04,3696.5,3808.75,3686.25,3803.25,True,False,False,0.02887866901122682,4201.557800292969,True,buy_after_first_green_after_red,2022-10-04,2.887866901122682,0.02,2.867866901122682,-32.47168759917932
2022-10-14,3680.25,3733.75,3591.25,3597.5,False,True,False,-0.022484885537667254,4160.125500488281,True,buy_after_first_green_after_red,2022-10-14,-2.2484885537667254,0.02,-2.2684885537667254,-34.74017615294604
2022-10-18,3706.25,3777.25,3697.25,3732.75,True,False,False,0.007150084317032013,4149.581750488282,True,buy_after_first_green_after_red,2022-10-18,0.7150084317032013,0.02,0.6950084317032013,-34.04516772124284
2022-10-24,3771.0,3822.0,3736.5,3809.25,True,False,False,0.010143198090692085,4129.609250488281,True,buy_after_first_green_after_red,2022-10-24,1.0143198090692085,0.02,0.9943198090692085,-33.05084791217363
2022-10-31,3911.5,3914.75,3872.25,3883.0,False,True,False,-0.007286207337338646,4109.218000488281,True,buy_after_first_green_after_red,2022-10-31,-0.7286207337338646,0.02,-0.7486207337338646,-33.799468645907496
2022-11-07,3750.0,3821.75,3738.25,3815.25,True,False,False,0.017400000000000082,4090.9292504882815,True,buy_after_first_green_after_red,2022-11-07,1.7400000000000082,0.02,1.7200000000000082,-32.07946864590749
2022-11-11,3973.0,4009.75,3951.0,4000.25,True,False,False,0.006858796878932871,4081.6292504882813,True,buy_after_first_green_after_red,2022-11-11,0.6858796878932871,0.02,0.6658796878932871,-31.413588958014202
2022-11-16,3992.0,4015.75,3962.0,3968.5,False,True,False,-0.005886773547094215,4073.9867504882814,True,buy_after_first_green_after_red,2022-11-16,-0.5886773547094215,0.02,-0.6086773547094215,-32.02226631272362
2022-11-21,3972.5,3982.0,3937.5,3958.0,False,True,False,-0.003650094398993109,4065.729250488281,True,buy_after_first_green_after_red,2022-11-21,-0.3650094398993109,0.02,-0.3850094398993109,-32.40727575262294
2022-11-23,4010.0,4039.5,4002.0,4033.0,True,False,False,0.005735660847880242,4061.0042504882813,True,buy_after_first_green_after_red,2022-11-23,0.5735660847880242,0.02,0.5535660847880242,-31.853709667834913
2022-12-01,4094.5,4110.0,4054.5,4081.75,False,True,False,-0.003113933325192386,4049.9267504882814,True,buy_after_first_green_after_red,2022-12-01,-0.3113933325192386,0.02,-0.33139333251923864,-32.185103000354154
2022-12-09,3964.75,3990.0,3930.0,3936.25,False,True,False,-0.007188347310675303,4039.269250488281,True,buy_after_first_green_after_red,2022-12-09,-0.7188347310675303,0.02,-0.7388347310675303,-32.92393773142168
2022-12-13,3989.25,4145.0,3985.0,4022.25,True,False,False,0.00827223162248547,4035.599250488281,True,buy_after_first_green_after_red,2022-12-13,0.8272231622485471,0.02,0.8072231622485471,-32.11671456917313
2022-12-21,3857.25,3918.75,3855.5,3905.75,True,False,False,0.012573724803940589,4023.7378503417967,True,buy_after_first_green_after_red,2022-12-21,1.257372480394059,0.02,1.237372480394059,-30.879342088779076
2022-12-27,3878.0,3900.5,3837.25,3855.0,False,True,False,-0.005930892212480665,4017.937850341797,True,buy_after_first_green_after_red,2022-12-27,-0.5930892212480665,0.02,-0.6130892212480665,-31.492431310027143
2022-12-30,3869.75,3871.0,3821.5,3861.0,False,True,False,-0.00226112797984368,4011.679100341797,True,buy_after_first_green_after_red,2022-12-30,-0.226112797984368,0.02,-0.246112797984368,-31.73854410801151
2023-01-05,3871.0,3885.5,3822.5,3829.0,False,True,False,-0.010849909584086825,4003.0673498535157,True,buy_after_first_green_after_red,2023-01-05,-1.0849909584086825,0.02,-1.1049909584086826,-32.843535066420195
2023-01-09,3918.5,3973.25,3909.75,3913.75,False,True,False,-0.001212198545361698,3997.4510998535156,True,buy_after_first_green_after_red,2023-01-09,-0.12121985453616979,0.02,-0.14121985453616978,-32.98475492095636
2023-01-11,3941.0,3992.5,3934.5,3990.0,True,False,False,0.01243339253996445,3991.8598498535157,True,buy_after_first_green_after_red,2023-01-11,1.243339253996445,0.02,1.223339253996445,-31.761415666959916
2023-01-23,3987.0,4056.75,3980.25,4036.5,True,False,False,0.01241534988713311,3971.6598498535154,True,buy_after_first_green_after_red,2023-01-23,1.241534988713311,0.02,1.221534988713311,-30.539880678246604
2023-01-27,4065.0,4109.25,4057.25,4084.25,True,False,False,0.004735547355473546,3963.4598498535156,True,buy_after_first_green_after_red,2023-01-27,0.4735547355473546,0.02,0.4535547355473546,-30.08632594269925
2023-02-01,4085.75,4163.25,4048.5,4132.25,True,False,False,0.011381019396683678,3958.6198498535155,True,buy_after_first_green_after_red,2023-02-01,1.1381019396683678,0.02,1.1181019396683678,-28.968224003030883
2023-02-08,4167.25,4179.25,4121.25,4130.5,False,True,False,-0.008818765372847759,3952.668599853516,True,buy_after_first_green_after_red,2023-02-08,-0.8818765372847759,0.02,-0.9018765372847759,-29.870100540315658
2023-02-13,4105.0,4150.75,4078.75,4147.25,True,False,False,0.010292326431181387,3951.1448498535156,True,buy_after_first_green_after_red,2023-02-13,1.0292326431181387,0.02,1.0092326431181387,-28.86086789719752
2023-02-16,4159.0,4168.5,4095.0,4099.75,False,True,False,-0.014246213031978816,3950.3523498535155,True,buy_after_first_green_after_red,2023-02-16,-1.4246213031978816,0.02,-1.4446213031978816,-30.3054892003954
2023-02-24,4015.25,4023.25,3947.5,3975.75,False,True,False,-0.009837494552020432,3947.2123498535157,True,buy_after_first_green_after_red,2023-02-24,-0.9837494552020432,0.02,-1.0037494552020432,-31.309238655597444
2023-02-28,3991.5,4003.75,3965.0,3975.5,False,True,False,-0.0040085181009645865,3947.3948498535156,True,buy_after_first_green_after_red,2023-02-28,-0.40085181009645865,0.02,-0.42085181009645867,-31.730090465693902
2023-03-03,3983.0,4053.0,3974.0,4049.75,True,False,False,0.016758724579462703,3947.5910998535155,True,buy_after_first_green_after_red,2023-03-03,1.6758724579462703,0.02,1.6558724579462702,-30.074218007747632
2023-03-09,3997.0,4019.75,3909.5,3920.0,False,True,False,-0.019264448336252182,3948.353599853516,True,buy_after_first_green_after_red,2023-03-09,-1.9264448336252182,0.02,-1.9464448336252183,-32.020662841372854
2023-03-15,3920.5,3931.0,3834.0,3892.75,False,True,False,-0.007078178803723967,3946.293599853516,True,buy_after_first_green_after_red,2023-03-15,-0.7078178803723967,0.02,-0.7278178803723967,-32.74848072174525
2023-03-17,3962.25,3974.0,3923.0,3957.050048828125,False,True,False,-0.0013123733161398698,3944.4463500976562,True,buy_after_first_green_after_red,2023-03-17,-0.13123733161398698,0.02,-0.15123733161398697,-32.89971805335924
2023-03-21,3986.5,4043.25,3981.75,4035.75,True,False,False,0.012354195409506996,3943.168850097656,True,buy_after_first_green_after_red,2023-03-21,1.2354195409506996,0.02,1.2154195409506996,-31.68429851240854
2023-03-24,3988.75,4010.75,3937.0,4001.25,True,False,False,0.003133813851457168,3940.986350097656,True,buy_after_first_green_after_red,2023-03-24,0.3133813851457168,0.02,0.29338138514571677,-31.39091712726282
2023-03-30,4058.0,4087.75,4052.5,4080.0,True,False,False,0.005421389847215297,3942.818850097656,True,buy_after_first_green_after_red,2023-03-30,0.5421389847215297,0.02,0.5221389847215296,-30.86877814254129
2023-04-10,4139.0,4143.0,4098.75,4136.25,False,True,False,-0.0006644116936458389,3954.906300048828,True,buy_after_first_green_after_red,2023-04-10,-0.06644116936458389,0.02,-0.08644116936458389,-30.955219311905875
2023-04-14,4168.75,4189.0,4138.0,4163.75,False,True,False,-0.0011994002998501063,3960.640050048828,True,buy_after_first_green_after_red,2023-04-14,-0.11994002998501063,0.02,-0.13994002998501062,-31.095159341890884
2023-04-18,4177.0,4198.25,4164.5,4180.0,True,False,False,0.0007182188173329163,3964.370050048828,True,buy_after_first_green_after_red,2023-04-18,0.07182188173329163,0.02,0.05182188173329162,-31.04333746015759
2023-04-24,4150.0,4164.25,4133.5,4159.5,True,False,False,0.0022891566265059726,3970.533800048828,True,buy_after_first_green_after_red,2023-04-24,0.22891566265059726,0.02,0.20891566265059727,-30.834421797506995
2023-04-28,4151.0,4193.75,4131.5,4188.5,True,False,False,0.009033967718621971,3976.160050048828,True,buy_after_first_green_after_red,2023-04-28,0.9033967718621971,0.02,0.8833967718621971,-29.951025025644796
2023-05-08,4151.0,4161.0,4137.5,4152.75,True,False,False,0.00042158516020229797,3983.2375500488283,True,buy_after_first_green_after_red,2023-05-08,0.0421585160202298,0.02,0.022158516020229797,-29.928866509624566
2023-05-11,4152.75,4168.5,4121.5,4143.75,False,True,False,-0.002167238576846642,3986.095050048828,True,buy_after_first_green_after_red,2023-05-11,-0.21672385768466418,0.02,-0.23672385768466417,-30.16559036730923
2023-05-16,4148.25,4151.5,4120.0,4123.0,False,True,False,-0.006086904116193614,3986.992550048828,True,buy_after_first_green_after_red,2023-05-16,-0.6086904116193614,0.02,-0.6286904116193615,-30.794280778928588
2023-05-18,4171.25,4215.75,4161.25,4212.0,True,False,False,0.009769253820797186,3987.838800048828,True,buy_after_first_green_after_red,2023-05-18,0.9769253820797186,0.02,0.9569253820797186,-29.83735539684887
2023-05-23,4207.5,4222.75,4153.0,4158.75,False,True,False,-0.01158645276292336,3988.4050500488283,True,buy_after_first_green_after_red,2023-05-23,-1.158645276292336,0.02,-1.178645276292336,-31.016000673141207
2023-05-26,4157.0,4221.25,4146.0,4213.25,True,False,False,0.013531392831368727,3988.5188000488283,True,buy_after_first_green_after_red,2023-05-26,1.3531392831368727,0.02,1.3331392831368727,-29.682861390004334
2023-06-02,4231.75,4297.75,4229.0,4288.0,True,False,False,0.013292373131683188,3987.642550048828,True,buy_after_first_green_after_red,2023-06-02,1.3292373131683188,0.02,1.3092373131683188,-28.373624076836016
2023-06-07,4292.25,4304.75,4269.25,4274.25,False,True,False,-0.0041936047527521,3987.8938000488283,True,buy_after_first_green_after_red,2023-06-07,-0.41936047527521003,0.02,-0.43936047527521005,-28.812984552111224
2023-06-09,4297.75,4325.5,4284.0,4304.75,True,False,False,0.0016287592344832458,3989.5500500488283,True,buy_after_first_green_after_red,2023-06-09,0.16287592344832458,0.02,0.1428759234483246,-28.6701086286629
2023-06-23,4425.75,4426.25,4381.5,4389.0,False,True,False,-0.008303677342823224,4006.7655505371094,True,buy_after_first_green_after_red,2023-06-23,-0.8303677342823224,0.02,-0.8503677342823224,-29.52047636294522
2023-06-28,4414.0,4430.25,4399.25,4417.5,True,False,False,0.0007929315813322013,4012.534300537109,True,buy_after_first_green_after_red,2023-06-28,0.07929315813322013,0.02,0.05929315813322013,-29.461183204812002
2023-07-11,4445.75,4478.5,4439.0,4473.5,True,False,False,0.006241916437046635,4034.2331005859373,True,buy_after_first_green_after_red,2023-07-11,0.6241916437046635,0.02,0.6041916437046635,-28.85699156110734
2023-07-18,4550.25,4594.5,4544.75,4587.75,True,False,False,0.00824130542277901,4055.1593505859373,True,buy_after_first_green_after_red,2023-07-18,0.8241305422779011,0.02,0.804130542277901,-28.05286101882944
2023-07-25,4584.5,4608.75,4579.25,4596.0,True,False,False,0.002508452393936045,4076.9768505859374,True,buy_after_first_green_after_red,2023-07-25,0.2508452393936045,0.02,0.2308452393936045,-27.822015779435834
2023-07-31,4608.75,4619.25,4595.25,4614.5,True,False,False,0.0012476267968537513,4095.7068505859374,True,buy_after_first_green_after_red,2023-07-31,0.12476267968537513,0.02,0.10476267968537513,-27.717253099750458
2023-08-08,4539.5,4541.0,4482.0,4518.5,False,True,False,-0.004626060138781751,4121.7943505859375,True,buy_after_first_green_after_red,2023-08-08,-0.4626060138781751,0.02,-0.48260601387817514,-28.199859113628634
2023-08-15,4505.75,4517.75,4447.0,4454.0,False,True,False,-0.011485324307828892,4139.056850585937,True,buy_after_first_green_after_red,2023-08-15,-1.1485324307828892,0.02,-1.1685324307828893,-29.368391544411523
2023-08-21,4382.5,4421.0,4372.25,4412.5,True,False,False,0.0068454078722191,4149.656850585938,True,buy_after_first_green_after_red,2023-08-21,0.68454078722191,0.02,0.66454078722191,-28.703850757189613
2023-08-24,4470.5,4485.5,4378.5,4386.0,False,True,False,-0.018901688849122023,4159.438100585938,True,buy_after_first_green_after_red,2023-08-24,-1.8901688849122023,0.02,-1.9101688849122023,-30.614019642101816
2023-08-28,4418.0,4449.5,4414.5,4442.25,True,False,False,0.005488909008601217,4165.4681005859375,True,buy_after_first_green_after_red,2023-08-28,0.5488909008601217,0.02,0.5288909008601217,-30.085128741241693
2023-09-05,4521.25,4531.25,4499.25,4502.5,False,True,False,-0.004147083218136616,4179.911850585938,True,buy_after_first_green_after_red,2023-09-05,-0.4147083218136616,0.02,-0.4347083218136616,-30.519837063055355
2023-09-11,4463.5,4493.5,4459.25,4490.25,True,False,False,0.005993054777640783,4190.031850585938,True,buy_after_first_green_after_red,2023-09-11,0.5993054777640783,0.02,0.5793054777640783,-29.94053158529128
2023-09-14,4471.75,4513.0,4470.25,4506.0,True,False,False,0.007659193827919797,4196.851850585937,True,buy_after_first_green_after_red,2023-09-14,0.7659193827919797,0.02,0.7459193827919797,-29.1946122024993
2023-09-19,4503.25,4509.5,4462.25,4490.0,False,True,False,-0.0029423194359629035,4204.200451660156,True,buy_after_first_green_after_red,2023-09-19,-0.29423194359629035,0.02,-0.31423194359629036,-29.50884414609559
2023-09-26,4382.0,4382.0,4305.5,4314.75,False,True,False,-0.015346873573710673,4213.356701660156,True,buy_after_first_green_after_red,2023-09-26,-1.5346873573710673,0.02,-1.5546873573710673,-31.063531503466656
2023-09-29,4342.0,4371.25,4311.0,4325.5,False,True,False,-0.0038000921234454532,4218.770451660156,True,buy_after_first_green_after_red,2023-09-29,-0.3800092123445453,0.02,-0.40000921234454534,-31.463540715811202
2023-10-05,4291.5,4302.0,4258.0,4290.75,False,True,False,-0.0001747640685074714,4225.7143518066405,True,buy_after_first_green_after_red,2023-10-05,-0.01747640685074714,0.02,-0.03747640685074714,-31.50101712266195
2023-10-09,4315.0,4375.75,4299.5,4368.75,True,False,False,0.012456546929316303,4230.791851806641,True,buy_after_first_green_after_red,2023-10-09,1.2456546929316303,0.02,1.2256546929316303,-30.27536242973032
2023-10-17,4406.25,4423.25,4365.75,4401.75,False,True,False,-0.0010212765957446912,4246.7056018066405,True,buy_after_first_green_after_red,2023-10-17,-0.10212765957446912,0.02,-0.12212765957446912,-30.39749008930479
2023-10-25,4269.5,4273.5,4203.75,4209.75,False,True,False,-0.013994612952336394,4258.5893518066405,True,buy_after_first_green_after_red,2023-10-25,-1.3994612952336394,0.02,-1.4194612952336394,-31.816951384538427
2023-10-31,4184.25,4215.0,4166.75,4212.25,True,False,False,0.006691760769552468,4262.288101806641,True,buy_after_first_green_after_red,2023-10-31,0.6691760769552468,0.02,0.6491760769552468,-31.16777530758318
2023-11-13,4425.75,4436.75,4407.25,4425.25,False,True,False,-0.00011297520194319954,4278.514351806641,True,buy_after_first_green_after_red,2023-11-13,-0.011297520194319954,0.02,-0.03129752019431996,-31.1990728277775
2023-11-15,4515.5,4541.25,4510.75,4519.25,True,False,False,0.0008304728158565755,4283.05310180664,True,buy_after_first_green_after_red,2023-11-15,0.08304728158565755,0.02,0.06304728158565755,-31.136025546191842
2023-11-21,4561.75,4567.0,4536.75,4551.25,False,True,False,-0.0023017482325862204,4290.899351806641,True,buy_after_first_green_after_red,2023-11-21,-0.23017482325862204,0.02,-0.25017482325862206,-31.386200369450464
2023-11-23,4564.0,4572.75,4562.0,4569.5,True,False,False,0.00120508326029789,4295.051851806641,True,buy_after_first_green_after_red,2023-11-23,0.120508326029789,0.02,0.100508326029789,-31.285692043420674
2023-11-29,4564.0,4597.0,4555.5,4559.25,False,True,False,-0.0010407537248028342,4303.88810180664,True,buy_after_first_green_after_red,2023-11-29,-0.10407537248028342,0.02,-0.12407537248028343,-31.40976741590096
2023-12-01,4571.75,4607.75,4562.5,4600.75,True,False,False,0.006343303986438453,4308.48560180664,True,buy_after_first_green_after_red,2023-12-01,0.6343303986438453,0.02,0.6143303986438453,-30.795437017257115
2023-12-06,4573.25,4598.5,4552.0,4556.0,False,True,False,-0.003771934619799966,4316.56185180664,True,buy_after_first_green_after_red,2023-12-06,-0.3771934619799966,0.02,-0.3971934619799966,-31.19263047923711
2023-12-08,4586.5,4613.75,4561.75,4607.5,True,False,False,0.004578654747628974,4322.574351806641,True,buy_after_first_green_after_red,2023-12-08,0.4578654747628974,0.02,0.4378654747628974,-30.754765004474212
2023-12-19,4790.5,4821.5,4787.75,4820.25,True,False,False,0.006210207702745052,4347.636951904296,True,buy_after_first_green_after_red,2023-12-19,0.6210207702745052,0.02,0.6010207702745052,-30.153744234199706
2023-12-22,4795.75,4821.75,4784.75,4805.25,True,False,False,0.0019809206067873397,4360.506951904297,True,buy_after_first_green_after_red,2023-12-22,0.19809206067873397,0.02,0.17809206067873398,-29.975652173520974
2024-01-08,4735.75,4803.25,4715.25,4801.25,True,False,False,0.013830966583962434,4398.282951660156,True,buy_after_first_green_after_red,2024-01-08,1.3830966583962434,0.02,1.3630966583962434,-28.61255551512473
2024-01-11,4820.5,4838.0,4772.75,4815.5,False,True,False,-0.001037236801161745,4410.375451660157,True,buy_after_first_green_after_red,2024-01-11,-0.1037236801161745,0.02,-0.1237236801161745,-28.736279195240904
2024-01-16,4812.0,4823.0,4779.5,4798.5,False,True,False,-0.002805486284289227,4417.762951660156,True,buy_after_first_green_after_red,2024-01-16,-0.2805486284289227,0.02,-0.3005486284289227,-29.036827823669828
2024-01-19,4811.25,4874.25,4808.5,4869.5,True,False,False,0.012107040789815615,4427.920451660157,True,buy_after_first_green_after_red,2024-01-19,1.2107040789815615,0.02,1.1907040789815615,-27.846123744688267
2024-01-26,4919.25,4934.25,4898.5,4916.25,False,True,False,-0.0006098490623570596,4447.282951660156,True,buy_after_first_green_after_red,2024-01-26,-0.06098490623570596,0.02,-0.08098490623570596,-27.927108650923973
2024-01-30,4950.25,4957.25,4933.0,4951.0,True,False,False,0.00015150749962122845,4455.127951660156,True,buy_after_first_green_after_red,2024-01-30,0.015150749962122845,0.02,-0.004849250037877156,-27.93195790096185
2024-02-02,4952.75,4997.75,4925.75,4980.25,True,False,False,0.005552470849528035,4466.3479516601565,True,buy_after_first_green_after_red,2024-02-02,0.5552470849528035,0.02,0.5352470849528035,-27.396710816009048
2024-02-07,4971.5,5020.0,4970.0,5015.25,True,False,False,0.008800160917228128,4478.764201660157,True,buy_after_first_green_after_red,2024-02-07,0.8800160917228128,0.02,0.8600160917228128,-26.536694724286235
2024-02-15,5017.5,5051.75,5011.0,5046.5,True,False,False,0.0057797708021922745,4505.287951660156,True,buy_after_first_green_after_red,2024-02-15,0.5779770802192274,0.02,0.5579770802192274,-25.978717644067007
2024-02-22,5016.0,5107.75,5015.25,5097.75,True,False,False,0.016297846889952172,4523.382951660156,True,buy_after_first_green_after_red,2024-02-22,1.6297846889952172,0.02,1.6097846889952172,-24.36893295507179
2024-02-28,5090.75,5091.25,5063.25,5081.0,False,True,False,-0.0019152384226293062,4542.3079516601565,True,buy_after_first_green_after_red,2024-02-28,-0.19152384226293062,0.02,-0.2115238422629306,-24.580456797334723
2024-03-01,5101.5,5149.25,5089.25,5146.0,True,False,False,0.008722924630010676,4552.1917016601565,True,buy_after_first_green_after_red,2024-03-01,0.8722924630010676,0.02,0.8522924630010675,-23.728164334333655
2024-03-07,5114.25,5170.5,5086.5,5161.75,True,False,False,0.009287774355966283,4570.712951660156,True,buy_after_first_green_after_red,2024-03-07,0.9287774355966283,0.02,0.9087774355966283,-22.819386898737026
2024-03-13,5176.0,5183.75,5153.0,5168.0,False,True,False,-0.0015455950540957941,4590.4104516601565,True,buy_after_first_green_after_red,2024-03-13,-0.1545595054095794,0.02,-0.1745595054095794,-22.993946404146605
2024-03-19,5215.25,5244.75,5186.0,5241.75,True,False,False,0.005081252097214994,4609.362551269532,True,buy_after_first_green_after_red,2024-03-19,0.5081252097214994,0.02,0.4881252097214994,-22.505821194425106
2024-03-28,5308.0,5321.0,5301.0,5308.5,True,False,False,9.419743782967949e-05,4643.7638012695315,True,buy_after_first_green_after_red,2024-03-28,0.009419743782967949,0.02,-0.010580256217032052,-22.51640145064214
2024-04-04,5270.75,5308.5,5192.5,5197.25,False,True,False,-0.013944884504102806,4660.41705078125,True,buy_after_first_green_after_red,2024-04-04,-1.3944884504102806,0.02,-1.4144884504102806,-23.93088990105242
2024-04-08,5263.25,5269.25,5236.5,5253.25,False,True,False,-0.0018999667505819051,4668.78330078125,True,buy_after_first_green_after_red,2024-04-08,-0.1899966750581905,0.02,-0.2099966750581905,-24.14088657611061
2024-04-10,5264.25,5285.0,5176.5,5207.75,False,True,False,-0.010732772949612945,4677.32705078125,True,buy_after_first_green_after_red,2024-04-10,-1.0732772949612945,0.02,-1.0932772949612946,-25.234163871071903
2024-04-12,5244.0,5248.75,5150.0,5167.5,False,True,False,-0.01458810068649885,4685.19955078125,True,buy_after_first_green_after_red,2024-04-12,-1.458810068649885,0.02,-1.478810068649885,-26.71297393972179
2024-04-23,5051.0,5113.5,5037.75,5106.5,True,False,False,0.010987923183527926,4706.40080078125,True,buy_after_first_green_after_red,2024-04-23,1.0987923183527926,0.02,1.0787923183527925,-25.634181621368995
2024-04-26,5132.0,5146.5,5104.5,5131.5,False,True,False,-9.74279033515435e-05,4715.38455078125,True,buy_after_first_green_after_red,2024-04-26,-0.00974279033515435,0.02,-0.02974279033515435,-25.663924411704148
2024-04-30,5148.5,5148.5,5051.0,5067.0,False,True,False,-0.015829853355346257,4721.00205078125,True,buy_after_first_green_after_red,2024-04-30,-1.5829853355346257,0.02,-1.6029853355346257,-27.266909747238774
2024-05-03,5110.25,5166.75,5099.25,5154.75,True,False,False,0.008707988845946923,4728.71455078125,True,buy_after_first_green_after_red,2024-05-03,0.8707988845946923,0.02,0.8507988845946923,-26.416110862644082
2024-05-20,5329.25,5348.25,5323.75,5331.75,True,False,False,0.0004691091617019527,4767.02705078125,True,buy_after_first_green_after_red,2024-05-20,0.04691091617019527,0.02,0.02691091617019527,-26.389199946473887
2024-05-28,5321.75,5339.0,5296.75,5324.75,True,False,False,0.0005637243387983659,4787.50830078125,True,buy_after_first_green_after_red,2024-05-28,0.05637243387983659,0.02,0.03637243387983659,-26.35282751259405
2024-06-03,5299.5,5313.25,5246.75,5297.25,False,True,False,-0.0004245683555051949,4804.33455078125,True,buy_after_first_green_after_red,2024-06-03,-0.04245683555051949,0.02,-0.06245683555051949,-26.41528434814457
2024-06-05,5305.0,5368.25,5302.5,5366.0,True,False,False,0.011498586239396813,4813.70830078125,True,buy_after_first_green_after_red,2024-06-05,1.1498586239396813,0.02,1.1298586239396813,-25.285425724204888
2024-06-11,5369.75,5386.25,5334.5,5384.0,True,False,False,0.002653754830299393,4832.85080078125,True,buy_after_first_green_after_red,2024-06-11,0.2653754830299393,0.02,0.2453754830299393,-25.04005024117495
2024-06-26,5535.0,5551.75,5516.25,5543.5,True,False,False,0.0015356820234868618,4882.481501464844,True,buy_after_first_green_after_red,2024-06-26,0.15356820234868618,0.02,0.1335682023486862,-24.90648203882626
2024-07-03,5563.75,5595.75,5559.75,5590.25,True,False,False,0.00476297461244668,4909.117900390625,True,buy_after_first_green_after_red,2024-07-03,0.476297461244668,0.02,0.45629746124466797,-24.450184577581595
2024-07-15,5681.0,5718.75,5665.5,5683.0,True,False,False,0.0003520506953000879,4953.500400390625,True,buy_after_first_green_after_red,2024-07-15,0.03520506953000879,0.02,0.015205069530008792,-24.434979508051587
2024-07-23,5607.75,5629.75,5587.75,5599.25,False,True,False,-0.00151575944006066,4992.870400390625,True,buy_after_first_green_after_red,2024-07-23,-0.151575944006066,0.02,-0.171575944006066,-24.606555452057652
2024-07-29,5496.5,5534.5,5481.0,5503.0,True,False,False,0.0011825707268262597,5014.889150390625,True,buy_after_first_green_after_red,2024-07-29,0.11825707268262597,0.02,0.09825707268262597,-24.508298379375027
2024-08-01,5574.75,5600.75,5444.75,5480.25,False,True,False,-0.016951432799677146,5031.749150390625,True,buy_after_first_green_after_red,2024-08-01,-1.6951432799677146,0.02,-1.7151432799677147,-26.223441659342743
2024-08-07,5241.5,5359.25,5196.75,5227.5,False,True,False,-0.0026709911284937826,5050.707900390625,True,buy_after_first_green_after_red,2024-08-07,-0.26709911284937826,0.02,-0.2870991128493783,-26.510540772192122
2024-08-09,5348.25,5385.25,5319.5,5370.25,True,False,False,0.004113495068480244,5061.735400390625,True,buy_after_first_green_after_red,2024-08-09,0.4113495068480244,0.02,0.3913495068480244,-26.1191912653441
2024-08-22,5642.0,5665.25,5582.75,5594.0,False,True,False,-0.008507621410847266,5120.149150390625,True,buy_after_first_green_after_red,2024-08-22,-0.8507621410847266,0.02,-0.8707621410847266,-26.989953406428825
2024-08-26,5650.5,5669.0,5619.75,5637.0,False,True,False,-0.002389169100079691,5132.619150390625,True,buy_after_first_green_after_red,2024-08-26,-0.2389169100079691,0.02,-0.2589169100079691,-27.248870316436793
2024-08-28,5643.75,5650.5,5576.0,5610.25,False,True,False,-0.005935769656699841,5144.930400390625,True,buy_after_first_green_after_red,2024-08-28,-0.5935769656699841,0.02,-0.6135769656699841,-27.86244728210678
2024-08-30,5618.5,5665.0,5594.25,5661.0,True,False,False,0.0075642965204236745,5156.604150390625,True,buy_after_first_green_after_red,2024-08-30,0.7564296520423675,0.02,0.7364296520423674,-27.12601763006441
2024-09-10,5488.25,5506.0,5448.25,5504.0,True,False,False,0.002869767229991327,5185.285400390625,True,buy_after_first_green_after_red,2024-09-10,0.2869767229991327,0.02,0.26697672299913267,-26.85904090706528
2024-09-20,5714.75,5717.25,5699.25,5699.990234375,False,True,False,-0.002582749136007645,5227.9541015625,True,buy_after_first_green_after_red,2024-09-20,-0.2582749136007645,0.02,-0.2782749136007645,-27.137315820666043
2024-09-24,5774.0,5794.25,5754.75,5792.0,True,False,False,0.0031174229303776446,5240.1428515625,True,buy_after_first_green_after_red,2024-09-24,0.31174229303776446,0.02,0.29174229303776444,-26.84557352762828
2024-09-27,5804.25,5821.5,5782.0,5791.25,False,True,False,-0.002239738122927215,5257.9016015625,True,buy_after_first_green_after_red,2024-09-27,-0.2239738122927215,0.02,-0.2439738122927215,-27.089547339921
2024-10-01,5807.0,5822.5,5733.0,5759.75,False,True,False,-0.00813673153091099,5269.0016015625,True,buy_after_first_green_after_red,2024-10-01,-0.813673153091099,0.02,-0.833673153091099,-27.9232204930121
2024-10-07,5802.0,5808.0,5734.25,5744.75,False,True,False,-0.009867287142364733,5289.127751464844,True,buy_after_first_green_after_red,2024-10-07,-0.9867287142364733,0.02,-1.0067287142364734,-28.929949207248573
2024-10-09,5799.25,5846.5,5780.75,5841.25,True,False,False,0.00724231581670054,5299.604001464843,True,buy_after_first_green_after_red,2024-10-09,0.724231581670054,0.02,0.704231581670054,-28.22571762557852
2024-10-14,5854.5,5918.5,5850.0,5908.25,True,False,False,0.00918097190195577,5315.270251464844,True,buy_after_first_green_after_red,2024-10-14,0.918097190195577,0.02,0.898097190195577,-27.32762043538294
2024-10-17,5882.75,5927.25,5871.25,5887.0,True,False,False,0.0007224512345416212,5331.2565014648435,True,buy_after_first_green_after_red,2024-10-17,0.07224512345416212,0.02,0.052245123454162115,-27.275375311928777
2024-10-25,5853.25,5900.75,5835.0,5846.0,False,True,False,-0.0012386281125870147,5364.269001464843,True,buy_after_first_green_after_red,2024-10-25,-0.12386281125870147,0.02,-0.14386281125870146,-27.419238123187476
2024-10-29,5867.0,5883.75,5837.5,5871.0,True,False,False,0.0006817794443496616,5374.771501464844,True,buy_after_first_green_after_red,2024-10-29,0.06817794443496616,0.02,0.04817794443496616,-27.37106017875251
2024-11-04,5741.75,5776.5,5724.25,5743.25,True,False,False,0.0002612443941307774,5393.979001464843,True,buy_after_first_green_after_red,2024-11-04,0.026124439413077738,0.02,0.0061244394130777376,-27.364935739339433
2024-11-14,6017.75,6025.25,5964.25,5978.25,False,True,False,-0.006563915084541572,5436.724001464844,True,buy_after_first_green_after_red,2024-11-14,-0.6563915084541572,0.02,-0.6763915084541572,-28.04132724779359
2024-11-19,5919.0,5947.5,5855.0,5938.75,True,False,False,0.0033367122824801143,5451.146501464844,True,buy_after_first_green_after_red,2024-11-19,0.33367122824801143,0.02,0.3136712282480114,-27.727656019545577
2024-12-02,6051.5,6068.5,6036.0,6061.75,True,False,False,0.001693794926877601,5490.844001464844,True,buy_after_first_green_after_red,2024-12-02,0.1693794926877601,0.02,0.1493794926877601,-27.578276526857817
2024-12-05,6095.25,6107.25,6081.5,6088.75,False,True,False,-0.0010664041671794022,5507.059001464844,True,buy_after_first_green_after_red,2024-12-05,-0.10664041671794022,0.02,-0.1266404167179402,-27.704916943575757
2024-12-09,6096.25,6105.75,6060.0,6065.75,False,True,False,-0.00500307566126712,5516.886501464844,True,buy_after_first_green_after_red,2024-12-09,-0.500307566126712,0.02,-0.520307566126712,-28.225224509702468
2024-12-12,6087.5,6088.25,6055.5,6060.75,False,True,False,-0.0043942505133470755,5531.629001464844,True,buy_after_first_green_after_red,2024-12-12,-0.43942505133470755,0.02,-0.45942505133470757,-28.684649561037176
2024-12-17,6077.0,6079.25,6040.75,6053.75,False,True,False,-0.003825900937962756,5545.637751464844,True,buy_after_first_green_after_red,2024-12-17,-0.3825900937962756,0.02,-0.40259009379627564,-29.087239654833454
2024-12-24,6037.75,6099.5,6030.0,6098.0,True,False,False,0.009978882861993332,5566.157800292969,True,buy_after_first_green_after_red,2024-12-24,0.9978882861993332,0.02,0.9778882861993332,-28.10935136863412
2025-01-06,5994.5,6068.25,5980.75,6020.5,True,False,False,0.0043373092001000035,5594.1544506835935,True,buy_after_first_green_after_red,2025-01-06,0.43373092001000035,0.02,0.41373092001000034,-27.69562044862412
2025-01-09,5955.0,5957.0,5929.25,5944.75,False,True,False,-0.0017212426532325908,5604.075700683594,True,buy_after_first_green_after_red,2025-01-09,-0.17212426532325908,0.02,-0.19212426532325907,-27.887744713947377
2025-01-14,5887.25,5918.5,5842.5,5882.25,False,True,False,-0.0008492929636078062,5612.780700683594,True,buy_after_first_green_after_red,2025-01-14,-0.08492929636078062,0.02,-0.10492929636078062,-27.992674010308157
2025-01-16,5988.5,6017.5,5961.75,5975.5,False,True,False,-0.002170827419220145,5619.824450683594,True,buy_after_first_green_after_red,2025-01-16,-0.2170827419220145,0.02,-0.23708274192201448,-28.22975675223017
2025-01-21,6032.25,6093.25,5994.5,6084.25,True,False,False,0.008620332380123497,5628.094450683594,True,buy_after_first_green_after_red,2025-01-21,0.8620332380123497,0.02,0.8420332380123496,-27.38772351421782
2025-01-29,6090.75,6111.5,6042.25,6067.5,False,True,False,-0.0038172638837581374,5654.254450683594,True,buy_after_first_green_after_red,2025-01-29,-0.38172638837581374,0.02,-0.40172638837581376,-27.789449902593635
2025-01-31,6106.0,6147.75,6057.75,6067.25,False,True,False,-0.006346216835899088,5664.104450683593,True,buy_after_first_green_after_red,2025-01-31,-0.6346216835899088,0.02,-0.6546216835899088,-28.444071586183544
2025-02-04,6069.0,6069.0,5987.0,6063.0,False,True,False,-0.000988630746416197,5673.974450683594,True,buy_after_first_green_after_red,2025-02-04,-0.0988630746416197,0.02,-0.1188630746416197,-28.562934660825164
2025-02-06,6090.25,6108.5,6070.0,6106.0,True,False,False,0.0025861007347809384,5684.680700683593,True,buy_after_first_green_after_red,2025-02-06,0.25861007347809384,0.02,0.23861007347809385,-28.32432458734707
2025-02-11,6085.5,6098.75,6057.75,6092.25,True,False,False,0.0011091939857037492,5699.351950683594,True,buy_after_first_green_after_red,2025-02-11,0.11091939857037492,0.02,0.09091939857037491,-28.233405188776697
2025-02-14,6131.75,6146.75,6121.25,6132.0,True,False,False,4.077139478941838e-05,5714.324450683594,True,buy_after_first_green_after_red,2025-02-14,0.004077139478941838,0.02,-0.015922860521058162,-28.249328049297755
2025-03-03,5967.5,6000.5,5821.75,5860.75,False,True,False,-0.017888563049853423,5755.2794506835935,True,buy_after_first_green_after_red,2025-03-03,-1.7888563049853423,0.02,-1.8088563049853423,-30.0581843542831
2025-03-06,5844.75,5853.5,5720.0,5746.25,False,True,False,-0.016852731083450978,5762.311950683594,True,buy_after_first_green_after_red,2025-03-06,-1.6852731083450978,0.02,-1.7052731083450978,-31.763457462628196
2025-03-10,5753.0,5757.75,5571.5,5620.75,False,True,False,-0.022988006257604776,5765.910700683594,True,buy_after_first_green_after_red,2025-03-10,-2.2988006257604776,0.02,-2.3188006257604776,-34.08225808838867
2025-03-13,5596.5,5623.0,5509.25,5527.5,False,True,False,-0.01232913428035376,5769.783200683593,True,buy_after_first_green_after_red,2025-03-13,-1.232913428035376,0.02,-1.252913428035376,-35.33517151642405
2025-03-17,5626.75,5707.5,5599.0,5680.25,True,False,False,0.009508153019060828,5773.340700683594,True,buy_after_first_green_after_red,2025-03-17,0.9508153019060828,0.02,0.9308153019060827,-34.40435621451797
2025-03-20,5680.0,5714.25,5631.5,5662.5,False,True,False,-0.0030809859154929953,5778.906950683594,True,buy_after_first_green_after_red,2025-03-20,-0.3080985915492995,0.02,-0.32809859154929955,-34.73245480606727
2025-03-25,5813.0,5837.25,5802.25,5826.5,True,False,False,0.002322380870462659,5785.035949707031,True,buy_after_first_green_after_red,2025-03-25,0.23223808704626592,0.02,0.21223808704626593,-34.520216719021
2025-03-28,5741.75,5747.75,5602.25,5623.0,False,True,False,-0.020681847868681102,5790.089699707031,True,buy_after_first_green_after_red,2025-03-28,-2.0681847868681102,0.02,-2.0881847868681103,-36.60840150588911
2025-04-01,5644.25,5694.75,5600.25,5674.5,True,False,False,0.005359436594764677,5792.398449707031,True,buy_after_first_green_after_red,2025-04-01,0.5359436594764677,0.02,0.5159436594764677,-36.09245784641264
2025-04-08,5126.5,5305.25,4940.5,5020.25,False,True,False,-0.020725641275724183,5787.483999023438,True,buy_after_first_green_after_red,2025-04-08,-2.0725641275724183,0.02,-2.0925641275724183,-38.18502197398506
2025-04-10,5502.5,5528.75,5146.75,5302.0,False,True,False,-0.036437982735120444,5786.178999023437,True,buy_after_first_green_after_red,2025-04-10,-3.6437982735120444,0.02,-3.6637982735120445,-41.8488202474971
2025-04-14,5452.5,5497.75,5391.0,5440.75,False,True,False,-0.0021549747822100507,5784.891499023437,True,buy_after_first_green_after_red,2025-04-14,-0.21549747822100507,0.02,-0.23549747822100506,-42.08431772571811
2025-04-21,5283.75,5306.75,5127.25,5184.75,False,True,False,-0.01873669268985101,5779.977749023437,True,buy_after_first_green_after_red,2025-04-21,-1.8736692689851009,0.02,-1.893669268985101,-43.97798699470321
2025-04-23,5379.75,5499.75,5377.75,5401.75,True,False,False,0.0040894093591710146,5777.3264990234375,True,buy_after_first_green_after_red,2025-04-23,0.40894093591710146,0.02,0.38894093591710144,-43.58904605878611
2025-05-08,5643.25,5741.0,5636.5,5684.5,True,False,False,0.007309617684844616,5775.975249023438,True,buy_after_first_green_after_red,2025-05-08,0.7309617684844616,0.02,0.7109617684844616,-42.87808429030165
2025-05-13,5868.0,5927.0,5835.75,5904.5,True,False,False,0.006220177232447277,5781.151499023437,True,buy_after_first_green_after_red,2025-05-13,0.6220177232447277,0.02,0.6020177232447277,-42.27606656705692
2025-05-28,5940.75,5952.5,5890.0,5902.75,False,True,False,-0.006396498758574287,5807.711499023438,True,buy_after_first_green_after_red,2025-05-28,-0.6396498758574287,0.02,-0.6596498758574287,-42.93571644291435
2025-06-02,5898.75,5955.5,5867.5,5947.25,True,False,False,0.008222080949353616,5815.112749023438,True,buy_after_first_green_after_red,2025-06-02,0.8222080949353616,0.02,0.8022080949353616,-42.13350834797899
2025-06-09,6010.0,6027.75,5992.25,6010.25,True,False,False,4.1597337770316045e-05,5824.555249023438,True,buy_after_first_green_after_red,2025-06-09,0.0041597337770316045,0.02,-0.015840266222968396,-42.149348614201955
2025-06-13,6045.0,6045.0,5927.5,5979.25,False,True,False,-0.010876757650951197,5832.427749023437,True,buy_after_first_green_after_red,2025-06-13,-1.0876757650951197,0.02,-1.1076757650951197,-43.25702437929707
2025-06-17,6038.5,6040.5,5976.75,5985.0,False,True,False,-0.008859816179514812,5836.430249023438,True,buy_after_first_green_after_red,2025-06-17,-0.8859816179514812,0.02,-0.9059816179514812,-44.163005997248554
2025-06-20,5984.0,6019.25,5918.25,6010.2099609375,True,False,False,0.004380006841159689,5840.375048828125,True,buy_after_first_green_after_red,2025-06-20,0.43800068411596893,0.02,0.4180006841159689,-43.74500531313259
2025-07-09,6272.0,6315.25,6260.0,6307.25,True,False,False,0.005620216836734748,5882.75259765625,True,buy_after_first_green_after_red,2025-07-09,0.5620216836734748,0.02,0.5420216836734748,-43.20298362945911
2025-07-15,6309.5,6343.0,6272.5,6284.0,False,True,False,-0.004041524684998854,5893.08759765625,True,buy_after_first_green_after_red,2025-07-15,-0.4041524684998854,0.02,-0.4241524684998854,-43.627136097958996
2025-07-17,6299.25,6345.5,6288.25,6340.5,True,False,False,0.006548398618883233,5898.27884765625,True,buy_after_first_green_after_red,2025-07-17,0.6548398618883233,0.02,0.6348398618883233,-42.99229623607067
2025-07-22,6347.0,6353.75,6318.75,6346.75,False,True,False,-3.938868756891978e-05,5907.06259765625,True,buy_after_first_green_after_red,2025-07-22,-0.003938868756891978,0.02,-0.023938868756891978,-43.016235104827565
2025-07-24,6404.0,6418.25,6391.5,6401.5,False,True,False,-0.0003903810118676132,5913.32759765625,True,buy_after_first_green_after_red,2025-07-24,-0.03903810118676132,0.02,-0.059038101186761324,-43.07527320601432
2025-07-28,6450.0,6457.75,6408.75,6422.75,False,True,False,-0.004224806201550413,5919.35759765625,True,buy_after_first_green_after_red,2025-07-28,-0.4224806201550413,0.02,-0.4424806201550413,-43.51775382616936
2025-08-05,6370.0,6377.5,6315.5,6325.25,False,True,False,-0.007025117739403508,5933.80009765625,True,buy_after_first_green_after_red,2025-08-05,-0.7025117739403508,0.02,-0.7225117739403508,-44.24026560010971
2025-08-07,6371.0,6426.75,6334.5,6366.5,False,True,False,-0.0007063255375922006,5938.47634765625,True,buy_after_first_green_after_red,2025-08-07,-0.07063255375922006,0.02,-0.09063255375922007,-44.33089815386893
2025-08-11,6422.75,6431.5,6387.5,6399.75,False,True,False,-0.0035810205908684,5943.89134765625,True,buy_after_first_green_after_red,2025-08-11,-0.35810205908684,0.02,-0.37810205908684,-44.70900021295577
2025-08-13,6468.0,6502.5,6461.0,6488.75,True,False,False,0.003208101422387033,5950.20259765625,True,buy_after_first_green_after_red,2025-08-13,0.3208101422387033,0.02,0.3008101422387033,-44.40819007071707
2025-08-19,6468.5,6477.5,6419.25,6432.5,False,True,False,-0.005565432480482357,5962.90634765625,True,buy_after_first_green_after_red,2025-08-19,-0.5565432480482357,0.02,-0.5765432480482358,-44.98473331876531
2025-08-25,6493.0,6494.0,6453.0,6455.5,False,True,False,-0.005775450485137834,5975.24759765625,True,buy_after_first_green_after_red,2025-08-25,-0.5775450485137834,0.02,-0.5975450485137834,-45.58227836727909
2025-08-27,6486.75,6505.5,6459.25,6496.0,True,False,False,0.0014259837360774963,5979.99509765625,True,buy_after_first_green_after_red,2025-08-27,0.14259837360774963,0.02,0.12259837360774963,-45.45967999367134
2025-09-04,6460.0,6516.75,6454.5,6510.75,True,False,False,0.007856037151702688,5992.23634765625,True,buy_after_first_green_after_red,2025-09-04,0.7856037151702688,0.02,0.7656037151702688,-44.694076278501065
2025-09-09,6507.75,6536.25,6489.25,6521.75,True,False,False,0.00215128116476504,6000.84134765625,True,buy_after_first_green_after_red,2025-09-09,0.21512811647650398,0.02,0.195128116476504,-44.49894816202456
2025-09-16,6616.25,6639.0,6604.25,6610.75,False,True,False,-0.0008312866049499101,6015.51884765625,True,buy_after_first_green_after_red,2025-09-16,-0.08312866049499101,0.02,-0.10312866049499102,-44.60207682251955
2025-09-19,6640.0,6660.75,6622.75,6658.77001953125,True,False,False,0.0028268101703690096,6024.111447753906,True,buy_after_first_green_after_red,2025-09-19,0.28268101703690096,0.02,0.26268101703690094,-44.339395805482646
2025-09-29,6697.0,6736.0,6696.25,6713.5,True,False,False,0.0024637897566073264,6042.803947753906,True,buy_after_first_green_after_red,2025-09-29,0.24637897566073264,0.02,0.22637897566073265,-44.113016829821916
2025-10-07,6789.5,6802.75,6747.25,6761.5,False,True,False,-0.004124015023197591,6065.752697753906,True,buy_after_first_green_after_red,2025-10-07,-0.41240150231975914,0.02,-0.43240150231975916,-44.54541833214167
2025-10-09,6802.75,6812.25,6760.75,6779.25,False,True,False,-0.0034544853184373947,6074.273898925781,True,buy_after_first_green_after_red,2025-10-09,-0.34544853184373947,0.02,-0.3654485318437395,-44.91086686398541
2025-10-14,6691.0,6722.5,6593.25,6686.5,False,True,False,-0.0006725452099836104,6083.055148925781,True,buy_after_first_green_after_red,2025-10-14,-0.06725452099836104,0.02,-0.08725452099836105,-44.998121384983776
2025-10-16,6715.25,6750.5,6632.0,6668.75,False,True,False,-0.00692453743345367,6090.501398925781,True,buy_after_first_green_after_red,2025-10-16,-0.692453743345367,0.02,-0.712453743345367,-45.71057512832914
2025-10-20,6721.0,6783.0,6694.0,6773.75,True,False,False,0.007848534444279132,6098.352648925781,True,buy_after_first_green_after_red,2025-10-20,0.7848534444279132,0.02,0.7648534444279131,-44.945721683901226
2025-10-24,6778.25,6841.25,6776.5,6827.0,True,False,False,0.007192121860362111,6114.5201489257815,True,buy_after_first_green_after_red,2025-10-24,0.7192121860362111,0.02,0.699212186036211,-44.24650949786501
2025-11-04,6884.0,6884.0,6786.25,6801.75,False,True,False,-0.011947995351539786,6146.847648925781,True,buy_after_first_green_after_red,2025-11-04,-1.1947995351539786,0.02,-1.2147995351539786,-45.46130903301899
2025-11-06,6828.5,6843.5,6733.5,6747.5,False,True,False,-0.01186204876620045,6153.348898925781,True,buy_after_first_green_after_red,2025-11-06,-1.186204876620045,0.02,-1.206204876620045,-46.667513909639034
2025-11-11,6857.25,6880.0,6830.5,6871.5,True,False,False,0.0020780925298042874,6164.373898925781,True,buy_after_first_green_after_red,2025-11-11,0.20780925298042874,0.02,0.18780925298042875,-46.479704656658605
2025-11-20,6697.5,6791.25,6550.5,6557.5,False,True,False,-0.020903322135125024,6186.523898925781,True,buy_after_first_green_after_red,2025-11-20,-2.0903322135125024,0.02,-2.1103322135125024,-48.590036870171105
2025-11-24,6654.75,6731.75,6625.0,6721.25,True,False,False,0.009992862241256173,6192.540148925781,True,buy_after_first_green_after_red,2025-11-24,0.9992862241256173,0.02,0.9792862241256173,-47.61075064604549
2025-12-03,6843.0,6873.25,6817.5,6862.0,True,False,False,0.0027765599883091685,6213.820148925781,True,buy_after_first_green_after_red,2025-12-03,0.27765599883091685,0.02,0.25765599883091683,-47.35309464721457
2025-12-11,6887.0,6928.75,6817.5,6907.25,True,False,False,0.0029403223464499195,6240.143898925781,True,buy_after_first_green_after_red,2025-12-11,0.29403223464499195,0.02,0.27403223464499193,-47.07906241256958
2025-12-19,6772.25,6802.75,6768.0,6796.5400390625,True,False,False,0.003586701474768361,6268.989099121094,True,buy_after_first_green_after_red,2025-12-19,0.3586701474768361,0.02,0.3386701474768361,-46.740392265092744
2026-01-06,6945.5,6991.5,6931.0,6987.75,True,False,False,0.006083075372543378,6335.2376000976565,True,buy_after_first_green_after_red,2026-01-06,0.6083075372543378,0.02,0.5883075372543378,-46.15208472783841
2026-01-12,7007.0,7025.25,6950.0,7016.5,True,False,False,0.0013557870700728891,6359.267600097656,True,buy_after_first_green_after_red,2026-01-12,0.1355787070072889,0.02,0.11557870700728891,-46.03650602083112
2026-01-16,6986.75,7007.0,6960.5,6976.75,False,True,False,-0.0014312806383511845,6385.585100097656,True,buy_after_first_green_after_red,2026-01-16,-0.14312806383511845,0.02,-0.16312806383511844,-46.199634084666236
2026-01-22,6920.0,6969.0,6911.25,6945.0,True,False,False,0.0036127167630057855,6410.806350097656,True,buy_after_first_green_after_red,2026-01-22,0.36127167630057855,0.02,0.34127167630057853,-45.85836240836566
2026-02-03,7004.25,7027.25,6886.25,6941.75,False,True,False,-0.008923153799478833,6476.573850097656,True,buy_after_first_green_after_red,2026-02-03,-0.8923153799478833,0.02,-0.9123153799478834,-46.77067778831354
2026-02-09,6960.25,7000.5,6921.0,6983.25,True,False,False,0.00330447900578279,6507.826350097656,True,buy_after_first_green_after_red,2026-02-09,0.330447900578279,0.02,0.310447900578279,-46.46022988773526
2026-02-18,6862.75,6925.75,6848.75,6894.25,True,False,False,0.0045899967214309,6546.6888500976565,True,buy_after_first_green_after_red,2026-02-18,0.45899967214309,0.02,0.43899967214309,-46.02123021559217
2026-02-23,6918.0,6930.25,6832.75,6851.5,False,True,False,-0.009612604799074886,6565.200100097656,True,buy_after_first_green_after_red,2026-02-23,-0.9612604799074886,0.02,-0.9812604799074887,-47.00249069549966
2026-02-25,6900.25,6983.75,6892.25,6959.75,True,False,False,0.008622875982754241,6577.705100097656,True,buy_after_first_green_after_red,2026-02-25,0.8622875982754241,0.02,0.8422875982754241,-46.16020309722423
2026-03-03,6883.5,6886.0,6718.75,6824.75,False,True,False,-0.008534902302607672,6597.258850097656,True,buy_after_first_green_after_red,2026-03-03,-0.8534902302607672,0.02,-0.8734902302607672,-47.033693327485
2026-03-05,6883.25,6900.75,6777.0,6835.25,False,True,False,-0.006973450041768081,6606.025100097656,True,buy_after_first_green_after_red,2026-03-05,-0.6973450041768081,0.02,-0.7173450041768081,-47.7510383316618
2026-03-10,6800.75,6852.0,6762.5,6787.25,False,True,False,-0.001985075175532147,6619.296350097657,True,buy_after_first_green_after_red,2026-03-10,-0.19850751755321472,0.02,-0.2185075175532147,-47.96954584921502
2026-03-17,6700.0,6757.5,6665.25,6721.75,True,False,False,0.003246268656716511,6639.430100097657,True,buy_after_first_green_after_red,2026-03-17,0.3246268656716511,0.02,0.3046268656716511,-47.664918983543366
2026-03-24,6635.0,6680.5,6573.5,6606.0,False,True,False,-0.004370761115297661,6655.470749511719,True,buy_after_first_green_after_red,2026-03-24,-0.4370761115297661,0.02,-0.4570761115297661,-48.12199509507313
2026-03-31,6385.25,6583.25,6353.25,6570.75,True,False,False,0.029051329235347145,6667.590749511719,True,buy_after_first_green_after_red,2026-03-31,2.9051329235347145,0.02,2.8851329235347145,-45.23686217153842
2026-04-14,6925.25,7008.0,6920.25,7004.75,True,False,False,0.011479729973647101,6698.6709497070315,True,buy_after_first_green_after_red,2026-04-14,1.1479729973647101,0.02,1.1279729973647101,-44.10888917417371
2026-04-23,7163.0,7181.5,7079.25,7143.5,False,True,False,-0.0027223230490017736,6728.313449707031,True,buy_after_first_green_after_red,2026-04-23,-0.27223230490017736,0.02,-0.2922323049001774,-44.401121479073886
2026-04-27,7185.0,7208.5,7171.5,7187.5,True,False,False,0.0003479471120388933,6737.067199707031,True,buy_after_first_green_after_red,2026-04-27,0.03479471120388933,0.02,0.014794711203889328,-44.386326767869996
